Indicators,Window Size,Forecast Window,RMSE,MAPE,R2,Accuracy,Profit Index
"20MA, 50MA, RSI, MACD, Upper_BB, Lower_BB",60,1,0.2140336210202278,2.1226801116017104,0.7679320593768385,91.56118143459916,1.6756974536548337
"20MA, 50MA, RSI, MACD, Upper_BB, Lower_BB",60,30,1.5189727321571773,16.13529472264591,-14.316727645823466,26.923076923076923,1.0064684823436325
"20MA, 50MA, RSI, MACD, Upper_BB, Lower_BB",5,1,0.18661517754541332,1.741266114889246,0.9369354145876941,95.06172839506173,0.6864810119930345
"20MA, 50MA, RSI, MACD, Upper_BB, CCI",60,1,0.21524288781561496,2.1479359058407486,0.7653023339729736,91.9831223628692,1.5435304839064454
"20MA, 50MA, RSI, MACD, Upper_BB, CCI",60,30,1.5555596888224714,16.395835207919422,-15.063471054154206,26.495726495726498,0.9587343188783074
"20MA, 50MA, RSI, MACD, Upper_BB, CCI",5,1,0.18660788285313734,1.741791086823713,0.9369403448164015,95.47325102880659,0.7185089833328983
"20MA, 50MA, RSI, MACD, Upper_BB, ATR",60,1,0.22946802538258962,2.324034703202399,0.7332554791738648,92.40506329113924,1.2418046934954592
"20MA, 50MA, RSI, MACD, Upper_BB, ATR",60,30,1.9202976021516138,20.345836576970715,-23.47953217854342,20.51282051282051,1.1337050773794295
"20MA, 50MA, RSI, MACD, Upper_BB, ATR",5,1,0.1879936242836747,1.7501237601618158,0.9360003112916168,95.06172839506173,0.7182625919472868
"20MA, 50MA, RSI, MACD, Upper_BB, Williams_%R",60,1,0.2158621218883643,2.1420796666873514,0.7639499840984627,90.71729957805907,1.3971168485067695
"20MA, 50MA, RSI, MACD, Upper_BB, Williams_%R",60,30,1.4977045323706377,15.933626621708036,-13.890810016869006,26.495726495726498,0.9573440255732283
"20MA, 50MA, RSI, MACD, Upper_BB, Williams_%R",5,1,0.18672428534904204,1.7415303913847924,0.9368616494203327,95.06172839506173,0.6609512499627372
"20MA, 50MA, RSI, MACD, Upper_BB, OBV",60,1,0.21361224070560167,2.1209490600391687,0.768844930916245,91.9831223628692,1.6481921711153744
"20MA, 50MA, RSI, MACD, Upper_BB, OBV",60,30,1.4841574763326377,15.839905800122194,-13.62264723410663,24.358974358974358,1.0140842844562137
"20MA, 50MA, RSI, MACD, Upper_BB, OBV",5,1,0.18596315082710854,1.7368175655131946,0.9373753354951545,94.65020576131687,0.6933755068595602
"20MA, 50MA, RSI, MACD, Lower_BB, CCI",60,1,0.21524288781717274,2.1479359058557796,0.7653023339695765,91.9831223628692,1.5435304839064454
"20MA, 50MA, RSI, MACD, Lower_BB, CCI",60,30,1.5555596887699203,16.3958352070646,-15.06347105306887,26.495726495726498,0.9587343188783074
"20MA, 50MA, RSI, MACD, Lower_BB, CCI",5,1,0.1866078828531355,1.7417910868236968,0.9369403448164029,95.47325102880659,0.7185089833328983
"20MA, 50MA, RSI, MACD, Lower_BB, ATR",60,1,0.22946802538271757,2.32403470320403,0.7332554791735674,92.40506329113924,1.2418046934954592
"20MA, 50MA, RSI, MACD, Lower_BB, ATR",60,30,1.9202976021609874,20.34583657685454,-23.4795321787824,20.51282051282051,1.1337050773794295
"20MA, 50MA, RSI, MACD, Lower_BB, ATR",5,1,0.18799362428367364,1.7501237601618072,0.9360003112916174,95.06172839506173,0.7182625919472868
"20MA, 50MA, RSI, MACD, Lower_BB, Williams_%R",60,1,0.21586212189003084,2.1420796666999182,0.7639499840948178,90.71729957805907,1.3971168485067695
"20MA, 50MA, RSI, MACD, Lower_BB, Williams_%R",60,30,1.4977045323748555,15.93362662179863,-13.890810016952875,26.495726495726498,0.9573440255732283
"20MA, 50MA, RSI, MACD, Lower_BB, Williams_%R",5,1,0.1867242853490445,1.7415303913848126,0.936861649420331,95.06172839506173,0.6609512499627372
"20MA, 50MA, RSI, MACD, Lower_BB, OBV",60,1,0.21361224070452436,2.1209490600344947,0.7688449309185765,91.9831223628692,1.6481921711153744
"20MA, 50MA, RSI, MACD, Lower_BB, OBV",60,30,1.4841574764406225,15.839905801786841,-13.622647236234467,24.358974358974358,1.0140842844562137
"20MA, 50MA, RSI, MACD, Lower_BB, OBV",5,1,0.18596315082710788,1.7368175655131939,0.937375335495155,94.65020576131687,0.6933755068595602
"20MA, 50MA, RSI, MACD, CCI, ATR",60,1,0.2208025087607345,2.1850793107119277,0.753021494947687,93.24894514767934,0.9338930083669348
"20MA, 50MA, RSI, MACD, CCI, ATR",60,30,1.634948151795768,17.39469504410355,-16.744918293773274,24.786324786324787,0.980170540390576
"20MA, 50MA, RSI, MACD, CCI, ATR",5,1,0.18771448283318365,1.750808007849702,0.9361902294619765,95.06172839506173,0.7927783232400654
"20MA, 50MA, RSI, MACD, CCI, Williams_%R",60,1,0.20957748143879043,2.0296594215884194,0.7774946875756256,92.82700421940928,1.0147297742168362
"20MA, 50MA, RSI, MACD, CCI, Williams_%R",60,30,1.5059510112618852,16.042453966426713,-14.055241401160053,27.350427350427353,1.1001624452669714
"20MA, 50MA, RSI, MACD, CCI, Williams_%R",5,1,0.18572578747286622,1.7259986354436307,0.9375351017030719,94.23868312757202,0.9600970278434459
"20MA, 50MA, RSI, MACD, CCI, OBV",60,1,0.20643886624651367,2.0153527400909566,0.7841092271619761,92.82700421940928,0.9789857889047111
"20MA, 50MA, RSI, MACD, CCI, OBV",60,30,1.4961509901622831,15.783103159241513,-13.859934095225535,27.77777777777778,1.0704282554441544
"20MA, 50MA, RSI, MACD, CCI, OBV",5,1,0.18521921466748864,1.720618878920081,0.937875386868032,94.65020576131687,0.9406017278782236
"20MA, 50MA, RSI, MACD, ATR, Williams_%R",60,1,0.22180955210807404,2.2055361717496784,0.750763502114137,92.40506329113924,1.0816837801910932
"20MA, 50MA, RSI, MACD, ATR, Williams_%R",60,30,1.6221999748244413,17.040453399782983,-16.469272336084565,30.34188034188034,0.9720315831704022
"20MA, 50MA, RSI, MACD, ATR, Williams_%R",5,1,0.18775471864709525,1.7507160478483965,0.9361628718156814,94.65020576131687,0.7558923979254359
"20MA, 50MA, RSI, MACD, ATR, OBV",60,1,0.21982565468517734,2.1857706191827586,0.7552019799081403,92.82700421940928,1.0015585775011784
"20MA, 50MA, RSI, MACD, ATR, OBV",60,30,1.5736720652375231,16.669929114498885,-15.439723384512092,26.495726495726498,0.9493558237654619
"20MA, 50MA, RSI, MACD, ATR, OBV",5,1,0.18709666787482113,1.7449287691013182,0.9366095658424448,94.65020576131687,0.7761604722054801
"20MA, 50MA, RSI, MACD, Williams_%R, OBV",60,1,0.20823150425953116,2.01571431572684,0.7803435181590246,92.40506329113924,1.013585383620627
"20MA, 50MA, RSI, MACD, Williams_%R, OBV",60,30,1.4284562760992108,15.038704574758329,-12.545652738327954,31.62393162393162,1.1257842231718673
"20MA, 50MA, RSI, MACD, Williams_%R, OBV",5,1,0.18511852508384408,1.719369453975284,0.9379429133519988,94.65020576131687,0.9408876353795113
"20MA, 50MA, RSI, Upper_BB, Lower_BB, CCI",60,1,0.21404359757110025,2.1391421806395234,0.7679104245368216,92.40506329113924,1.489403323445788
"20MA, 50MA, RSI, Upper_BB, Lower_BB, CCI",60,30,1.578586316741485,17.024166204786464,-15.542559395520804,25.64102564102564,1.0118865899412506
"20MA, 50MA, RSI, Upper_BB, Lower_BB, CCI",5,1,0.18442406621115212,1.7363717109877534,0.9384076454306779,95.47325102880659,0.8307140447036918
"20MA, 50MA, RSI, Upper_BB, Lower_BB, ATR",60,1,0.22646932890333502,2.2892777580404307,0.7401815804069236,91.9831223628692,1.2349157771697428
"20MA, 50MA, RSI, Upper_BB, Lower_BB, ATR",60,30,1.9263795256553442,20.608619317078325,-23.6348397838153,18.37606837606838,0.9873213587948203
"20MA, 50MA, RSI, Upper_BB, Lower_BB, ATR",5,1,0.1861567513494873,1.7463911707960256,0.9372448743929712,95.06172839506173,0.86077060202675
"20MA, 50MA, RSI, Upper_BB, Lower_BB, Williams_%R",60,1,0.21440766145768217,2.13187316605731,0.7671202370010801,90.71729957805907,1.389175427506717
"20MA, 50MA, RSI, Upper_BB, Lower_BB, Williams_%R",60,30,1.5166864421447273,16.520263443517504,-14.270654235062333,23.931623931623932,0.9929137721069968
"20MA, 50MA, RSI, Upper_BB, Lower_BB, Williams_%R",5,1,0.18413544120628303,1.7360949357230062,0.9386002795414204,95.47325102880659,0.7678845336868254
"20MA, 50MA, RSI, Upper_BB, Lower_BB, OBV",60,1,0.21304373662292633,2.1199269088956463,0.7700736782053657,91.13924050632912,1.5823382419929188
"20MA, 50MA, RSI, Upper_BB, Lower_BB, OBV",60,30,1.5008480116539307,16.291935225246178,-13.953383207532127,21.367521367521366,0.9970642391625697
"20MA, 50MA, RSI, Upper_BB, Lower_BB, OBV",5,1,0.18340494001273003,1.7315906802018106,0.9390864825161727,95.47325102880659,0.8124910099442209
"20MA, 50MA, RSI, Upper_BB, CCI, ATR",60,1,0.22718599323580305,2.311873319428614,0.7385345828635597,91.13924050632912,1.3390593210793478
"20MA, 50MA, RSI, Upper_BB, CCI, ATR",60,30,1.9387220323798602,20.94864362381632,-23.95152684285362,17.52136752136752,1.1379299084489674
"20MA, 50MA, RSI, Upper_BB, CCI, ATR",5,1,0.18643761010461324,1.7476788057569956,0.9370553714908705,95.06172839506173,0.8950608366110255
"20MA, 50MA, RSI, Upper_BB, CCI, Williams_%R",60,1,0.21399818064317522,2.133852039458506,0.7680089061297221,91.56118143459916,1.4531098161251474
"20MA, 50MA, RSI, Upper_BB, CCI, Williams_%R",60,30,1.5544321903127865,16.82558364664631,-15.040193289868967,26.923076923076923,0.9985194646172592
"20MA, 50MA, RSI, Upper_BB, CCI, Williams_%R",5,1,0.1844180489467737,1.737218518721317,0.938411664552939,95.47325102880659,0.7768089429133964
"20MA, 50MA, RSI, Upper_BB, CCI, OBV",60,1,0.2129137419720368,2.132750176375868,0.7703541846735537,92.40506329113924,1.5162813052921453
"20MA, 50MA, RSI, Upper_BB, CCI, OBV",60,30,1.5493614094712245,16.656223458129002,-14.935713158812936,24.786324786324787,0.9467738522176065
"20MA, 50MA, RSI, Upper_BB, CCI, OBV",5,1,0.18384583937519022,1.7337559432233318,0.9387932623622876,95.47325102880659,0.788178735792926
"20MA, 50MA, RSI, Upper_BB, ATR, Williams_%R",60,1,0.22676912577747327,2.3040703250860632,0.739493237247416,91.9831223628692,1.1581708380145859
"20MA, 50MA, RSI, Upper_BB, ATR, Williams_%R",60,30,1.9427617333398828,20.79884010062671,-24.05561780580495,17.94871794871795,1.0954004814972313
"20MA, 50MA, RSI, Upper_BB, ATR, Williams_%R",5,1,0.18632340001671946,1.7472738913357995,0.9371324665535837,95.06172839506173,0.8669230156279136
"20MA, 50MA, RSI, Upper_BB, ATR, OBV",60,1,0.22675706277945037,2.3043198630968678,0.7395209518577777,91.56118143459916,1.2469414241564947
"20MA, 50MA, RSI, Upper_BB, ATR, OBV",60,30,1.8734328828780573,19.945488832211318,-22.299269895276666,17.94871794871795,1.0262588763645397
"20MA, 50MA, RSI, Upper_BB, ATR, OBV",5,1,0.18585456024403096,1.7441032714573221,0.9374484517366234,95.06172839506173,0.8686486194138076
"20MA, 50MA, RSI, Upper_BB, Williams_%R, OBV",60,1,0.214605798149974,2.137382037962956,0.766689624159838,90.71729957805907,1.4870905992350192
"20MA, 50MA, RSI, Upper_BB, Williams_%R, OBV",60,30,1.5151308360034506,16.50122341272003,-14.239345270338065,23.076923076923077,0.9741924255106688
"20MA, 50MA, RSI, Upper_BB, Williams_%R, OBV",5,1,0.18349095280390051,1.7322315974497269,0.93902933497996,95.47325102880659,0.7508122547812848
"20MA, 50MA, RSI, Lower_BB, CCI, ATR",60,1,0.2271859932357955,2.311873319428466,0.7385345828635771,91.13924050632912,1.3390593210793478
"20MA, 50MA, RSI, Lower_BB, CCI, ATR",60,30,1.9387220323799277,20.94864362381685,-23.951526842855362,17.52136752136752,1.1379299084489674
"20MA, 50MA, RSI, Lower_BB, CCI, ATR",5,1,0.18643761010461438,1.7476788057570087,0.9370553714908698,95.06172839506173,0.8950608366110255
"20MA, 50MA, RSI, Lower_BB, CCI, Williams_%R",60,1,0.2139981806432105,2.133852039459263,0.7680089061296456,91.56118143459916,1.4531098161251474
"20MA, 50MA, RSI, Lower_BB, CCI, Williams_%R",60,30,1.5544321903127567,16.82558364664599,-15.040193289868352,26.923076923076923,0.9985194646172592
"20MA, 50MA, RSI, Lower_BB, CCI, Williams_%R",5,1,0.18441804894677405,1.7372185187213243,0.9384116645529388,95.47325102880659,0.7768089429133964
"20MA, 50MA, RSI, Lower_BB, CCI, OBV",60,1,0.21291374197203716,2.1327501763758847,0.7703541846735529,92.40506329113924,1.5162813052921453
"20MA, 50MA, RSI, Lower_BB, CCI, OBV",60,30,1.5493614094712425,16.656223458130754,-14.93571315881331,24.786324786324787,0.9467738522176065
"20MA, 50MA, RSI, Lower_BB, CCI, OBV",5,1,0.18384583937519242,1.733755943223345,0.9387932623622861,95.47325102880659,0.788178735792926
"20MA, 50MA, RSI, Lower_BB, ATR, Williams_%R",60,1,0.22676912577747782,2.304070325086174,0.7394932372474056,91.9831223628692,1.1581708380145859
"20MA, 50MA, RSI, Lower_BB, ATR, Williams_%R",60,30,1.9427617333397786,20.798840100625192,-24.055617805802264,17.94871794871795,1.0954004814972313
"20MA, 50MA, RSI, Lower_BB, ATR, Williams_%R",5,1,0.18632340001671946,1.7472738913358068,0.9371324665535837,95.06172839506173,0.8669230156279136
"20MA, 50MA, RSI, Lower_BB, ATR, OBV",60,1,0.22675706277939287,2.3043198630959276,0.7395209518579098,91.56118143459916,1.2469414241564947
"20MA, 50MA, RSI, Lower_BB, ATR, OBV",60,30,1.8734328828779965,19.945488832212515,-22.299269895275152,17.94871794871795,1.0262588763645397
"20MA, 50MA, RSI, Lower_BB, ATR, OBV",5,1,0.18585456024403166,1.7441032714573277,0.9374484517366228,95.06172839506173,0.8686486194138076
"20MA, 50MA, RSI, Lower_BB, Williams_%R, OBV",60,1,0.21460579815000827,2.137382037963047,0.7666896241597634,90.71729957805907,1.4870905992350192
"20MA, 50MA, RSI, Lower_BB, Williams_%R, OBV",60,30,1.5151308360034534,16.501223412720062,-14.239345270338122,23.076923076923077,0.9741924255106688
"20MA, 50MA, RSI, Lower_BB, Williams_%R, OBV",5,1,0.1834909528039006,1.7322315974497273,0.9390293349799599,95.47325102880659,0.7508122547812848
"20MA, 50MA, RSI, CCI, ATR, Williams_%R",60,1,0.22093611460570503,2.1832838769247833,0.7527225150548661,92.40506329113924,1.1659591561546623
"20MA, 50MA, RSI, CCI, ATR, Williams_%R",60,30,1.6440842191314051,17.7595594233138,-16.94378909823329,22.22222222222222,1.016891002216105
"20MA, 50MA, RSI, CCI, ATR, Williams_%R",5,1,0.18518229406216155,1.7325908668895087,0.9379001515742412,95.06172839506173,0.8668163833775719
"20MA, 50MA, RSI, CCI, ATR, OBV",60,1,0.22008522164600797,2.1828749079258207,0.7546235306583123,92.82700421940928,1.0014592680595005
"20MA, 50MA, RSI, CCI, ATR, OBV",60,30,1.6019283308188663,17.273612557232717,-16.035394643427164,23.504273504273502,1.0569090836322925
"20MA, 50MA, RSI, CCI, ATR, OBV",5,1,0.18463704630603764,1.7266265377278667,0.9382653047877535,95.06172839506173,0.7781579441337894
"20MA, 50MA, RSI, CCI, Williams_%R, OBV",60,1,0.20842694536846332,2.0262689913435015,0.7799309960189239,92.82700421940928,1.059436804333156
"20MA, 50MA, RSI, CCI, Williams_%R, OBV",60,30,1.5037410226724968,16.165060783923778,-14.0110865805415,26.495726495726498,1.0704282554441544
"20MA, 50MA, RSI, CCI, Williams_%R, OBV",5,1,0.18296743682922148,1.714956190320039,0.939376748109606,95.06172839506173,0.8711923530026594
"20MA, 50MA, RSI, ATR, Williams_%R, OBV",60,1,0.220954481011223,2.2030243738432835,0.7526814010220293,92.82700421940928,1.057782851936698
"20MA, 50MA, RSI, ATR, Williams_%R, OBV",60,30,1.6068748419998615,17.240478757072573,-16.140762490911005,24.786324786324787,0.9934821837699186
"20MA, 50MA, RSI, ATR, Williams_%R, OBV",5,1,0.18409866576422962,1.7226594034226366,0.938624802537792,95.06172839506173,0.8879629145692175
"20MA, 50MA, MACD, Upper_BB, Lower_BB, CCI",60,1,0.2139260138744329,2.130928014028397,0.7681653488116607,92.40506329113924,1.5527693214985299
"20MA, 50MA, MACD, Upper_BB, Lower_BB, CCI",60,30,1.5249557667368618,16.024411660971328,-14.437626446956811,29.059829059829063,0.9322778123625036
"20MA, 50MA, MACD, Upper_BB, Lower_BB, CCI",5,1,0.186852297965439,1.7457191091411866,0.9367750481943566,95.06172839506173,0.7469774805338892
"20MA, 50MA, MACD, Upper_BB, Lower_BB, ATR",60,1,0.22402363847630596,2.2715558607795274,0.7457629482992028,92.82700421940928,1.2941139693556092
"20MA, 50MA, MACD, Upper_BB, Lower_BB, ATR",60,30,1.7821223196704048,18.873057857014423,-20.083419666324744,21.794871794871796,1.0804498441030583
"20MA, 50MA, MACD, Upper_BB, Lower_BB, ATR",5,1,0.1877919392655613,1.7491653084533245,0.9361375590786719,94.65020576131687,0.7873800588612461
"20MA, 50MA, MACD, Upper_BB, Lower_BB, Williams_%R",60,1,0.21455667800477643,2.1340344561977775,0.7667964146388939,91.13924050632912,1.3152479585762136
"20MA, 50MA, MACD, Upper_BB, Lower_BB, Williams_%R",60,30,1.498655370863521,15.974756388178108,-13.90972329313843,26.495726495726498,0.9381929712667457
"20MA, 50MA, MACD, Upper_BB, Lower_BB, Williams_%R",5,1,0.1868974029455067,1.744931728895705,0.9367445202916164,95.06172839506173,0.6887024270498097
"20MA, 50MA, MACD, Upper_BB, Lower_BB, OBV",60,1,0.21179298444660882,2.110208150237685,0.7727654886004909,91.9831223628692,1.5964966373554124
"20MA, 50MA, MACD, Upper_BB, Lower_BB, OBV",60,30,1.4132586760045296,15.059908450358972,-12.258956787335,26.06837606837607,1.0207294378256688
"20MA, 50MA, MACD, Upper_BB, Lower_BB, OBV",5,1,0.18600589617056126,1.7399123460545216,0.9373465424741986,94.65020576131687,0.7745173243803848
"20MA, 50MA, MACD, Upper_BB, CCI, ATR",60,1,0.22846784708892798,2.314429226213803,0.7355757209438407,91.56118143459916,1.2781098176132357
"20MA, 50MA, MACD, Upper_BB, CCI, ATR",60,30,1.900038320007447,20.189864738767156,-22.96573508939514,18.37606837606838,1.0950548487582166
"20MA, 50MA, MACD, Upper_BB, CCI, ATR",5,1,0.18849371770597087,1.7590039830696451,0.9356593593704494,94.65020576131687,0.7776664650291661
"20MA, 50MA, MACD, Upper_BB, CCI, Williams_%R",60,1,0.21406263715460785,2.1252581977686273,0.7678691330855687,92.40506329113924,1.5211650261063663
"20MA, 50MA, MACD, Upper_BB, CCI, Williams_%R",60,30,1.490840235013434,15.641174425699772,-13.754627332962482,29.48717948717949,1.0155161424678691
"20MA, 50MA, MACD, Upper_BB, CCI, Williams_%R",5,1,0.1866557256039872,1.744069915893958,0.936908006052682,95.47325102880659,0.7402515017331678
"20MA, 50MA, MACD, Upper_BB, CCI, OBV",60,1,0.21300513168438318,2.1293382586958116,0.7701569990055128,91.9831223628692,1.6135113987844296
"20MA, 50MA, MACD, Upper_BB, CCI, OBV",60,30,1.5008269176091493,15.786628591329322,-13.952962878336983,27.350427350427353,0.9416824025137203
"20MA, 50MA, MACD, Upper_BB, CCI, OBV",5,1,0.1862552240831461,1.742721850977997,0.9371784647336094,95.06172839506173,0.7368344237436361
"20MA, 50MA, MACD, Upper_BB, ATR, Williams_%R",60,1,0.22819167930682452,2.313151587688463,0.7362145971067893,91.9831223628692,1.2353639035614794
"20MA, 50MA, MACD, Upper_BB, ATR, Williams_%R",60,30,1.8763557845463954,19.951821409905506,-22.37202894730007,18.803418803418804,1.0160112226373499
"20MA, 50MA, MACD, Upper_BB, ATR, Williams_%R",5,1,0.18825384839677045,1.7537388109799454,0.9358230096532361,94.65020576131687,0.6811263891993988
"20MA, 50MA, MACD, Upper_BB, ATR, OBV",60,1,0.2254118727561175,2.294541879168305,0.7426022626900988,91.9831223628692,1.281768067204478
"20MA, 50MA, MACD, Upper_BB, ATR, OBV",60,30,1.7893191365880141,18.96025098669994,-20.254047558088516,17.94871794871795,1.006458584470436
"20MA, 50MA, MACD, Upper_BB, ATR, OBV",5,1,0.18746718758982178,1.747454302093195,0.9363582448255152,94.65020576131687,0.7947982507735073
"20MA, 50MA, MACD, Upper_BB, Williams_%R, OBV",60,1,0.2142499034918666,2.1361174781172934,0.7674628098510359,91.13924050632912,1.574340127737479
"20MA, 50MA, MACD, Upper_BB, Williams_%R, OBV",60,30,1.4686527853339715,15.641367760527247,-13.318723447512287,26.495726495726498,0.9323818713335535
"20MA, 50MA, MACD, Upper_BB, Williams_%R, OBV",5,1,0.18618401568172427,1.739729584762588,0.9372264909405776,94.65020576131687,0.7188700649585592
"20MA, 50MA, MACD, Lower_BB, CCI, ATR",60,1,0.22846784707365472,2.314429226110892,0.7355757209791947,91.56118143459916,1.2781098176132357
"20MA, 50MA, MACD, Lower_BB, CCI, ATR",60,30,1.900038319998288,20.18986473870851,-22.965735089164088,18.37606837606838,1.0950548487582166
"20MA, 50MA, MACD, Lower_BB, CCI, ATR",5,1,0.18849371770597248,1.7590039830696604,0.9356593593704483,94.65020576131687,0.7776664650291661
"20MA, 50MA, MACD, Lower_BB, CCI, Williams_%R",60,1,0.21406263715098928,2.1252581977521827,0.7678691330934168,92.40506329113924,1.5211650261063663
"20MA, 50MA, MACD, Lower_BB, CCI, Williams_%R",60,30,1.4908402349339354,15.641174424542193,-13.754627331388907,29.48717948717949,1.0155161424678691
"20MA, 50MA, MACD, Lower_BB, CCI, Williams_%R",5,1,0.1866557256039878,1.7440699158939608,0.9369080060526815,95.47325102880659,0.7402515017331678
"20MA, 50MA, MACD, Lower_BB, CCI, OBV",60,1,0.2130051316959707,2.1293382587657743,0.7701569989805057,91.9831223628692,1.6135113987844296
"20MA, 50MA, MACD, Lower_BB, CCI, OBV",60,30,1.5008269175941324,15.78662859111875,-13.952962878037752,27.350427350427353,0.9416824025137203
"20MA, 50MA, MACD, Lower_BB, CCI, OBV",5,1,0.18625522408314496,1.7427218509779903,0.9371784647336102,95.06172839506173,0.7368344237436361
"20MA, 50MA, MACD, Lower_BB, ATR, Williams_%R",60,1,0.22819167930516532,2.313151587684453,0.7362145971106253,91.9831223628692,1.2353639035614794
"20MA, 50MA, MACD, Lower_BB, ATR, Williams_%R",60,30,1.8763557845505634,19.951821410076793,-22.372028947403905,18.803418803418804,1.0160112226373499
"20MA, 50MA, MACD, Lower_BB, ATR, Williams_%R",5,1,0.18825384839677034,1.7537388109799454,0.9358230096532362,94.65020576131687,0.6811263891993988
"20MA, 50MA, MACD, Lower_BB, ATR, OBV",60,1,0.2254118727698811,2.294541879266277,0.7426022626586655,91.9831223628692,1.281768067204478
"20MA, 50MA, MACD, Lower_BB, ATR, OBV",60,30,1.7893191365785905,18.96025098662055,-20.25404755786465,17.94871794871795,1.006458584470436
"20MA, 50MA, MACD, Lower_BB, ATR, OBV",5,1,0.18746718758982295,1.7474543020932018,0.9363582448255144,94.65020576131687,0.7947982507735073
"20MA, 50MA, MACD, Lower_BB, Williams_%R, OBV",60,1,0.214249903487077,2.136117478094675,0.7674628098614326,91.13924050632912,1.574340127737479
"20MA, 50MA, MACD, Lower_BB, Williams_%R, OBV",60,30,1.4686527852231195,15.641367759063193,-13.318723445350768,26.495726495726498,0.9323818713335535
"20MA, 50MA, MACD, Lower_BB, Williams_%R, OBV",5,1,0.1861840156817239,1.7397295847625893,0.9372264909405779,94.65020576131687,0.7188700649585592
"20MA, 50MA, MACD, CCI, ATR, Williams_%R",60,1,0.21936170943325406,2.171009681536887,0.7562341890982371,92.82700421940928,0.9862403030388037
"20MA, 50MA, MACD, CCI, ATR, Williams_%R",60,30,1.5832470504178695,16.70927618096919,-15.640386522707804,28.63247863247863,1.0088228452779637
"20MA, 50MA, MACD, CCI, ATR, Williams_%R",5,1,0.18786109908439336,1.7574053818484856,0.9360905120312519,94.65020576131687,0.801135403197039
"20MA, 50MA, MACD, CCI, ATR, OBV",60,1,0.21806936659239812,2.1629473196817064,0.7590979616668249,92.82700421940928,0.9934666245275481
"20MA, 50MA, MACD, CCI, ATR, OBV",60,30,1.5630947238450925,16.63893159296611,-15.219468885835344,24.786324786324787,0.9962522658591604
"20MA, 50MA, MACD, CCI, ATR, OBV",5,1,0.18756166615224326,1.7575053740399642,0.9362940810989607,94.23868312757202,0.797416697875345
"20MA, 50MA, MACD, CCI, Williams_%R, OBV",60,1,0.2069923700133555,2.0066024897648136,0.7829499827333705,92.40506329113924,1.0505583893560941
"20MA, 50MA, MACD, CCI, Williams_%R, OBV",60,30,1.4473305220383008,15.240998369855735,-12.90597602486318,34.18803418803419,1.0423994525906994
"20MA, 50MA, MACD, CCI, Williams_%R, OBV",5,1,0.1852795853888909,1.7263916292257726,0.9378348822266281,94.23868312757202,0.9627714064135618
"20MA, 50MA, MACD, ATR, Williams_%R, OBV",60,1,0.21958745594380605,2.19396982689098,0.7557322090869183,92.40506329113924,0.9840742540888506
"20MA, 50MA, MACD, ATR, Williams_%R, OBV",60,30,1.5526820779229804,16.656431607513895,-15.004094786273193,23.931623931623932,1.0332450796689798
"20MA, 50MA, MACD, ATR, Williams_%R, OBV",5,1,0.18727085316482509,1.7502437865461276,0.9364914790679996,94.23868312757202,0.7754761557954373
"20MA, 50MA, Upper_BB, Lower_BB, CCI, ATR",60,1,0.22561520489482637,2.2798131920156934,0.7421376834546605,91.56118143459916,1.4546651222018294
"20MA, 50MA, Upper_BB, Lower_BB, CCI, ATR",60,30,1.9077532402575876,20.418422756910903,-23.160751268265855,19.230769230769234,1.1709195541647577
"20MA, 50MA, Upper_BB, Lower_BB, CCI, ATR",5,1,0.1861600269732385,1.7498845488067243,0.9372426658887187,95.47325102880659,0.9661378262913618
"20MA, 50MA, Upper_BB, Lower_BB, CCI, Williams_%R",60,1,0.21281915149395525,2.1192236842011507,0.7705581873087191,91.56118143459916,1.3459068634389055
"20MA, 50MA, Upper_BB, Lower_BB, CCI, Williams_%R",60,30,1.5184731324452025,16.357595500780057,-14.30665376612244,25.64102564102564,1.0424959685559345
"20MA, 50MA, Upper_BB, Lower_BB, CCI, Williams_%R",5,1,0.18400652183924077,1.7372288093749917,0.9386862254305314,95.47325102880659,0.7930146972919537
"20MA, 50MA, Upper_BB, Lower_BB, CCI, OBV",60,1,0.21235916245360087,2.1255847804849672,0.7715489502190457,91.56118143459916,1.534880337877206
"20MA, 50MA, Upper_BB, Lower_BB, CCI, OBV",60,30,1.5200142682335331,16.30966174910533,-14.337739733023707,23.504273504273502,0.9362958083706333
"20MA, 50MA, Upper_BB, Lower_BB, CCI, OBV",5,1,0.1831758756789281,1.7325113009249402,0.9392385438608892,95.47325102880659,0.8145615389410584
"20MA, 50MA, Upper_BB, Lower_BB, ATR, Williams_%R",60,1,0.22539079438116846,2.285460578776274,0.7426503992170697,91.9831223628692,1.3861482575024904
"20MA, 50MA, Upper_BB, Lower_BB, ATR, Williams_%R",60,30,1.8799289866595472,20.077832241894228,-22.461129854585028,18.803418803418804,0.9989830886039192
"20MA, 50MA, Upper_BB, Lower_BB, ATR, Williams_%R",5,1,0.1860322771350493,1.7464042645938123,0.9373287691037472,95.06172839506173,0.8612092858300809
"20MA, 50MA, Upper_BB, Lower_BB, ATR, OBV",60,1,0.22330763092243142,2.27152014610071,0.7473854980121047,92.40506329113924,1.2920687578901235
"20MA, 50MA, Upper_BB, Lower_BB, ATR, OBV",60,30,1.7916982096567393,19.075268050615698,-20.310603760500037,18.803418803418804,1.0389542265995064
"20MA, 50MA, Upper_BB, Lower_BB, ATR, OBV",5,1,0.18516382161983255,1.7382939378717737,0.9379125402171136,94.65020576131687,0.9474002448413348
"20MA, 50MA, Upper_BB, Lower_BB, Williams_%R, OBV",60,1,0.21348300583631755,2.131497147478771,0.769124542781225,90.71729957805907,1.5326434788191934
"20MA, 50MA, Upper_BB, Lower_BB, Williams_%R, OBV",60,30,1.48391776179178,16.120157540534073,-13.617924045163928,21.794871794871796,0.9808788937307538
"20MA, 50MA, Upper_BB, Lower_BB, Williams_%R, OBV",5,1,0.18327378915623196,1.7330804214539475,0.9391735685414104,95.47325102880659,0.9320556760105956
"20MA, 50MA, Upper_BB, CCI, ATR, Williams_%R",60,1,0.22424331376331155,2.2756851146743844,0.7452640993344094,91.9831223628692,1.3275396757897007
"20MA, 50MA, Upper_BB, CCI, ATR, Williams_%R",60,30,1.8801497288579714,20.018784458541,-22.46663981317454,20.94017094017094,0.9746114445433179
"20MA, 50MA, Upper_BB, CCI, ATR, Williams_%R",5,1,0.18626457622954665,1.7514716730215079,0.9371721558534389,95.06172839506173,0.9388970008332246
"20MA, 50MA, Upper_BB, CCI, ATR, OBV",60,1,0.22573417216164687,2.2943631289737993,0.7418656693136632,90.71729957805907,1.4772200681269467
"20MA, 50MA, Upper_BB, CCI, ATR, OBV",60,30,1.8563846840986216,19.80668674049851,-21.877153592810846,17.94871794871795,1.0474693510680362
"20MA, 50MA, Upper_BB, CCI, ATR, OBV",5,1,0.18581754231797132,1.7487307186232794,0.9374733668959355,95.47325102880659,0.8812375118207687
"20MA, 50MA, Upper_BB, CCI, Williams_%R, OBV",60,1,0.21203329025046655,2.115024195858121,0.7722495437439587,91.13924050632912,1.425796060153957
"20MA, 50MA, Upper_BB, CCI, Williams_%R, OBV",60,30,1.5147958244456412,16.250965597771767,-14.23260685243601,25.64102564102564,1.0452393922147711
"20MA, 50MA, Upper_BB, CCI, Williams_%R, OBV",5,1,0.1833522833884335,1.7336019260757465,0.9391214547449308,95.47325102880659,0.7652351554472082
"20MA, 50MA, Upper_BB, ATR, Williams_%R, OBV",60,1,0.22490625489006635,2.2944361513700984,0.7437556973346982,91.9831223628692,1.3572311956774263
"20MA, 50MA, Upper_BB, ATR, Williams_%R, OBV",60,30,1.8117261839971923,19.11466786972565,-20.78969527092432,21.367521367521366,1.353481178256217
"20MA, 50MA, Upper_BB, ATR, Williams_%R, OBV",5,1,0.18572540360750656,1.745400752958728,0.9375353599126204,95.06172839506173,0.7842387781947272
"20MA, 50MA, Lower_BB, CCI, ATR, Williams_%R",60,1,0.2242433137632819,2.2756851146739323,0.7452640993344768,91.9831223628692,1.3275396757897007
"20MA, 50MA, Lower_BB, CCI, ATR, Williams_%R",60,30,1.88014972885796,20.01878445854007,-22.466639813174258,20.94017094017094,0.9746114445433179
"20MA, 50MA, Lower_BB, CCI, ATR, Williams_%R",5,1,0.18626457622954753,1.7514716730215163,0.9371721558534383,95.06172839506173,0.9388970008332246
"20MA, 50MA, Lower_BB, CCI, ATR, OBV",60,1,0.22573417216158767,2.294363128972773,0.7418656693137986,90.71729957805907,1.4772200681269467
"20MA, 50MA, Lower_BB, CCI, ATR, OBV",60,30,1.856384684098515,19.806686740504073,-21.877153592808224,17.94871794871795,1.0474693510680362
"20MA, 50MA, Lower_BB, CCI, ATR, OBV",5,1,0.18581754231796843,1.7487307186232477,0.9374733668959374,95.47325102880659,0.8812375118207687
"20MA, 50MA, Lower_BB, CCI, Williams_%R, OBV",60,1,0.21203329025050152,2.115024195858401,0.7722495437438835,91.13924050632912,1.425796060153957
"20MA, 50MA, Lower_BB, CCI, Williams_%R, OBV",60,30,1.5147958244456263,16.250965597772332,-14.232606852435708,25.64102564102564,1.0452393922147711
"20MA, 50MA, Lower_BB, CCI, Williams_%R, OBV",5,1,0.18335228338843407,1.7336019260757487,0.9391214547449305,95.47325102880659,0.7652351554472082
"20MA, 50MA, Lower_BB, ATR, Williams_%R, OBV",60,1,0.22490625489015736,2.2944361513709195,0.7437556973344908,91.9831223628692,1.3572311956774263
"20MA, 50MA, Lower_BB, ATR, Williams_%R, OBV",60,30,1.8117261839970547,19.11466786972041,-20.78969527092101,21.367521367521366,1.353481178256217
"20MA, 50MA, Lower_BB, ATR, Williams_%R, OBV",5,1,0.1857254036075084,1.7454007529587472,0.9375353599126192,95.06172839506173,0.7842387781947272
"20MA, 50MA, CCI, ATR, Williams_%R, OBV",60,1,0.21848082310810135,2.1695669371704884,0.7581880289597708,93.24894514767934,1.0118842723807702
"20MA, 50MA, CCI, ATR, Williams_%R, OBV",60,30,1.5772285168869364,16.944046586536327,-15.514113912964007,24.358974358974358,0.984623880287045
"20MA, 50MA, CCI, ATR, Williams_%R, OBV",5,1,0.18407206818816443,1.7286260570594674,0.9386425355675652,95.06172839506173,0.7436147700593787
"20MA, RSI, MACD, Upper_BB, Lower_BB, CCI",60,1,0.21190502518607185,2.073386893517639,0.7725250060657715,92.82700421940928,1.175352297575243
"20MA, RSI, MACD, Upper_BB, Lower_BB, CCI",60,30,1.5529157148418045,17.47917944277981,-15.008911520836168,20.94017094017094,1.0470899344644
"20MA, RSI, MACD, Upper_BB, Lower_BB, CCI",5,1,0.18458227021632195,1.728992352299985,0.938301928896137,95.47325102880659,0.6610668801652674
"20MA, RSI, MACD, Upper_BB, Lower_BB, ATR",60,1,0.2304782865721381,2.3004109590948514,0.7309015577551261,90.71729957805907,1.272596492936365
"20MA, RSI, MACD, Upper_BB, Lower_BB, ATR",60,30,1.9686473245169285,21.19826772176362,-24.727754119310383,16.666666666666664,1.0306687357189552
"20MA, RSI, MACD, Upper_BB, Lower_BB, ATR",5,1,0.18640541095110297,1.743917237699064,0.9370771116186949,95.06172839506173,0.7358787791685818
"20MA, RSI, MACD, Upper_BB, Lower_BB, Williams_%R",60,1,0.2142581255068581,2.0754783857604835,0.7674449618994788,91.9831223628692,1.2636968341586485
"20MA, RSI, MACD, Upper_BB, Lower_BB, Williams_%R",60,30,1.4890117862536065,16.80116037056722,-13.71845774790277,20.94017094017094,1.076633001127494
"20MA, RSI, MACD, Upper_BB, Lower_BB, Williams_%R",5,1,0.1846142374520487,1.7316573111004354,0.9382805564471981,95.47325102880659,0.5991922694073742
"20MA, RSI, MACD, Upper_BB, Lower_BB, OBV",60,1,0.21084911014349383,2.048442830072349,0.7747863571407583,92.82700421940928,1.4363864933753345
"20MA, RSI, MACD, Upper_BB, Lower_BB, OBV",60,30,1.4639575668145124,16.555836720016693,-13.227317131140772,17.52136752136752,1.1337222794288127
"20MA, RSI, MACD, Upper_BB, Lower_BB, OBV",5,1,0.18386048886375686,1.7260896286105922,0.9387835076337574,95.47325102880659,0.6710843614403867
"20MA, RSI, MACD, Upper_BB, CCI, ATR",60,1,0.23121206612191558,2.3096390132891744,0.7291853591123961,91.13924050632912,1.376975069341635
"20MA, RSI, MACD, Upper_BB, CCI, ATR",60,30,1.975807610631079,21.482796224584412,-24.915246407670345,14.957264957264957,0.9896270217862677
"20MA, RSI, MACD, Upper_BB, CCI, ATR",5,1,0.18655664094209828,1.7441197549352738,0.9369749720094213,95.06172839506173,0.7333462148216964
"20MA, RSI, MACD, Upper_BB, CCI, Williams_%R",60,1,0.21340878245009343,2.0827276103595747,0.76928505559764,91.9831223628692,1.1826517217509573
"20MA, RSI, MACD, Upper_BB, CCI, Williams_%R",60,30,1.5272055175137156,17.117247580633194,-14.483209973831467,22.22222222222222,1.059524088912373
"20MA, RSI, MACD, Upper_BB, CCI, Williams_%R",5,1,0.1844666714237984,1.7284171133417823,0.9383791843026829,95.47325102880659,0.6532377954695678
"20MA, RSI, MACD, Upper_BB, CCI, OBV",60,1,0.2106035079592898,2.069014675238549,0.7753107202515861,92.82700421940928,1.4101445243784247
"20MA, RSI, MACD, Upper_BB, CCI, OBV",60,30,1.5174230349446591,17.02601388457648,-14.285490505838485,18.803418803418804,1.0277733793103319
"20MA, RSI, MACD, Upper_BB, CCI, OBV",5,1,0.18401686847709733,1.7254614134073607,0.9386793299221485,95.47325102880659,0.7327740188133779
"20MA, RSI, MACD, Upper_BB, ATR, Williams_%R",60,1,0.23284299878229048,2.316414512971206,0.7253513186014118,89.87341772151899,1.1241263457977608
"20MA, RSI, MACD, Upper_BB, ATR, Williams_%R",60,30,1.9702974885734335,21.23585165791601,-24.77090334969127,13.675213675213676,1.0022820175387932
"20MA, RSI, MACD, Upper_BB, ATR, Williams_%R",5,1,0.1866198553739426,1.7455613349651067,0.9369322529047258,95.06172839506173,0.8196871689201279
"20MA, RSI, MACD, Upper_BB, ATR, OBV",60,1,0.23036241137825936,2.313494367914997,0.7311720734392406,90.29535864978902,1.2567185015902569
"20MA, RSI, MACD, Upper_BB, ATR, OBV",60,30,1.910799933727408,20.246041148017074,-23.237982620507882,15.81196581196581,1.3448496912995072
"20MA, RSI, MACD, Upper_BB, ATR, OBV",5,1,0.1860532562770325,1.7414060801110798,0.9373146332472513,95.06172839506173,0.9003406954026681
"20MA, RSI, MACD, Upper_BB, Williams_%R, OBV",60,1,0.21407637401877416,2.079623026197907,0.7678393394462442,92.40506329113924,1.26250651680826
"20MA, RSI, MACD, Upper_BB, Williams_%R, OBV",60,30,1.4851365699393677,16.730737742506488,-13.641946618527836,18.803418803418804,1.0711469277122794
"20MA, RSI, MACD, Upper_BB, Williams_%R, OBV",5,1,0.18395680902870115,1.7272041653816894,0.9387193510858636,95.47325102880659,0.6162239549554636
"20MA, RSI, MACD, Lower_BB, CCI, ATR",60,1,0.23121206612190814,2.3096390132892552,0.7291853591124136,91.13924050632912,1.376975069341635
"20MA, RSI, MACD, Lower_BB, CCI, ATR",60,30,1.9758076106312397,21.48279622458503,-24.915246407674566,14.957264957264957,0.9896270217862677
"20MA, RSI, MACD, Lower_BB, CCI, ATR",5,1,0.18655664094209756,1.74411975493527,0.9369749720094217,95.06172839506173,0.7333462148216964
"20MA, RSI, MACD, Lower_BB, CCI, Williams_%R",60,1,0.21340878245013634,2.0827276103605072,0.7692850555975472,91.9831223628692,1.1826517217509573
"20MA, RSI, MACD, Lower_BB, CCI, Williams_%R",60,30,1.527205517513854,17.11724758063427,-14.483209973834274,22.22222222222222,1.059524088912373
"20MA, RSI, MACD, Lower_BB, CCI, Williams_%R",5,1,0.18446667142379908,1.728417113341791,0.9383791843026824,95.47325102880659,0.6532377954695678
"20MA, RSI, MACD, Lower_BB, CCI, OBV",60,1,0.21060350795929889,2.069014675238603,0.7753107202515668,92.82700421940928,1.4101445243784247
"20MA, RSI, MACD, Lower_BB, CCI, OBV",60,30,1.5174230349445872,17.026013884575306,-14.285490505837034,18.803418803418804,1.0277733793103319
"20MA, RSI, MACD, Lower_BB, CCI, OBV",5,1,0.18401686847709867,1.7254614134073643,0.9386793299221476,95.47325102880659,0.7327740188133779
"20MA, RSI, MACD, Lower_BB, ATR, Williams_%R",60,1,0.23284299878224474,2.316414512970117,0.7253513186015196,89.87341772151899,1.1241263457977608
"20MA, RSI, MACD, Lower_BB, ATR, Williams_%R",60,30,1.97029748857344,21.235851657916037,-24.770903349691437,13.675213675213676,1.0022820175387932
"20MA, RSI, MACD, Lower_BB, ATR, Williams_%R",5,1,0.18661985537394338,1.7455613349651167,0.9369322529047253,95.06172839506173,0.8196871689201279
"20MA, RSI, MACD, Lower_BB, ATR, OBV",60,1,0.23036241137826205,2.313494367915086,0.7311720734392344,90.29535864978902,1.2567185015902569
"20MA, RSI, MACD, Lower_BB, ATR, OBV",60,30,1.9107999337273647,20.246041148017223,-23.237982620506784,15.81196581196581,1.3448496912995072
"20MA, RSI, MACD, Lower_BB, ATR, OBV",5,1,0.18605325627703337,1.7414060801110909,0.9373146332472507,95.06172839506173,0.9003406954026681
"20MA, RSI, MACD, Lower_BB, Williams_%R, OBV",60,1,0.2140763740187563,2.079623026197552,0.767839339446283,92.40506329113924,1.26250651680826
"20MA, RSI, MACD, Lower_BB, Williams_%R, OBV",60,30,1.4851365699393975,16.73073774250776,-13.641946618528424,18.803418803418804,1.0711469277122794
"20MA, RSI, MACD, Lower_BB, Williams_%R, OBV",5,1,0.18395680902870057,1.7272041653816836,0.938719351085864,95.47325102880659,0.6162239549554636
"20MA, RSI, MACD, CCI, ATR, Williams_%R",60,1,0.21817197476084446,2.161616556592539,0.7588712050827526,93.24894514767934,1.132232811081321
"20MA, RSI, MACD, CCI, ATR, Williams_%R",60,30,1.642983199214919,18.160869854314598,-16.919763742803482,19.65811965811966,0.9334770013180689
"20MA, RSI, MACD, CCI, ATR, Williams_%R",5,1,0.18501345263681648,1.7191214603858178,0.9380133400091482,94.65020576131687,0.9147817471059508
"20MA, RSI, MACD, CCI, ATR, OBV",60,1,0.21599846447297483,2.153780747507462,0.7636517026501958,93.24894514767934,0.9148657920017121
"20MA, RSI, MACD, CCI, ATR, OBV",60,30,1.6090158440872513,17.774479202126052,-16.1864696683658,16.666666666666664,0.9381355632479501
"20MA, RSI, MACD, CCI, ATR, OBV",5,1,0.1846480165234073,1.7151412036061762,0.9382579686311318,95.06172839506173,0.8430045471707944
"20MA, RSI, MACD, CCI, Williams_%R, OBV",60,1,0.20623558911241097,2.008362643836843,0.7845341863919675,92.82700421940928,1.0192437766666116
"20MA, RSI, MACD, CCI, Williams_%R, OBV",60,30,1.4825117377435897,16.56509402577122,-13.590235966845743,20.51282051282051,1.001626787838006
"20MA, RSI, MACD, CCI, Williams_%R, OBV",5,1,0.1828000918842409,1.6994287859619632,0.939487591389051,94.65020576131687,0.9128876705307306
"20MA, RSI, MACD, ATR, Williams_%R, OBV",60,1,0.2174946511367711,2.163176663006571,0.760366069024129,94.09282700421942,1.0202658941222127
"20MA, RSI, MACD, ATR, Williams_%R, OBV",60,30,1.6092072441986534,17.656378629834375,-16.190558736688672,19.230769230769234,0.9325236978485998
"20MA, RSI, MACD, ATR, Williams_%R, OBV",5,1,0.1844887966551853,1.7170149861500588,0.9383644016152984,94.65020576131687,0.8396220973581898
"20MA, RSI, Upper_BB, Lower_BB, CCI, ATR",60,1,0.22519608968237606,2.240522867164762,0.743094832043214,92.82700421940928,1.303144393328849
"20MA, RSI, Upper_BB, Lower_BB, CCI, ATR",60,30,1.4975292181656275,16.062881472376585,-13.88732412539558,17.52136752136752,1.3689565199501577
"20MA, RSI, Upper_BB, Lower_BB, CCI, ATR",5,1,0.18473693898670437,1.7345210889880371,0.9381984870768216,95.47325102880659,0.8851310638056055
"20MA, RSI, Upper_BB, Lower_BB, CCI, Williams_%R",60,1,0.2108346505561488,2.068440248411243,0.7748172454350097,93.24894514767934,1.0740794401643654
"20MA, RSI, Upper_BB, Lower_BB, CCI, Williams_%R",60,30,1.2740120205257823,14.155435505806558,-9.774895973893495,18.37606837606838,1.079517195824067
"20MA, RSI, Upper_BB, Lower_BB, CCI, Williams_%R",5,1,0.18236948235648773,1.7244873708578172,0.939772345393627,95.47325102880659,0.8231872060012009
"20MA, RSI, Upper_BB, Lower_BB, CCI, OBV",60,1,0.20864376481897115,2.0473476781724007,0.7794728972956311,93.24894514767934,1.203048663025105
"20MA, RSI, Upper_BB, Lower_BB, CCI, OBV",60,30,1.256988798858599,13.909041858149774,-9.488873555285599,17.52136752136752,1.2271331581843015
"20MA, RSI, Upper_BB, Lower_BB, CCI, OBV",5,1,0.18185024049646628,1.7196166766454115,0.9401148171624903,95.47325102880659,0.7988490321397208
"20MA, RSI, Upper_BB, Lower_BB, ATR, Williams_%R",60,1,0.2260601211882538,2.2485543747935757,0.7411196645857451,91.56118143459916,1.1254920722291695
"20MA, RSI, Upper_BB, Lower_BB, ATR, Williams_%R",60,30,1.459960132393188,15.83717938794048,-13.149725920772388,18.803418803418804,1.3296901425627667
"20MA, RSI, Upper_BB, Lower_BB, ATR, Williams_%R",5,1,0.18487006538108702,1.7379711779732372,0.9381093833266446,95.47325102880659,0.7744201040145317
"20MA, RSI, Upper_BB, Lower_BB, ATR, OBV",60,1,0.22490621957644277,2.2383434676556346,0.7437557778030173,91.9831223628692,1.2627219827616254
"20MA, RSI, Upper_BB, Lower_BB, ATR, OBV",60,30,1.4410336845492977,15.734141261516307,-12.785238998855194,17.52136752136752,1.3096053720313634
"20MA, RSI, Upper_BB, Lower_BB, ATR, OBV",5,1,0.18434323217843832,1.7334361657831618,0.9384616261003217,95.47325102880659,0.8376173150864459
"20MA, RSI, Upper_BB, Lower_BB, Williams_%R, OBV",60,1,0.21227330795546592,2.079304561281546,0.771733633424878,92.82700421940928,1.0824322295851276
"20MA, RSI, Upper_BB, Lower_BB, Williams_%R, OBV",60,30,1.2460341604351513,14.034136902143835,-9.306849445653018,16.23931623931624,1.3352499090539482
"20MA, RSI, Upper_BB, Lower_BB, Williams_%R, OBV",5,1,0.1817400340475772,1.7198350625649463,0.9401873794369197,95.06172839506173,0.8184712373521749
"20MA, RSI, Upper_BB, CCI, ATR, Williams_%R",60,1,0.22467551952716652,2.246952340444429,0.7442811988925799,91.13924050632912,1.255890071211077
"20MA, RSI, Upper_BB, CCI, ATR, Williams_%R",60,30,1.4433817316108435,15.507064899878772,-12.830199447870779,21.367521367521366,1.3159722548761283
"20MA, RSI, Upper_BB, CCI, ATR, Williams_%R",5,1,0.18477617217419806,1.7352869716822352,0.9381722343108638,95.47325102880659,0.7793832343738075
"20MA, RSI, Upper_BB, CCI, ATR, OBV",60,1,0.22477828635075636,2.245564434064186,0.744047213284426,92.82700421940928,1.2615599049621042
"20MA, RSI, Upper_BB, CCI, ATR, OBV",60,30,1.4295277303518552,15.39104372172217,-12.565980963452766,20.085470085470085,1.4039065998224853
"20MA, RSI, Upper_BB, CCI, ATR, OBV",5,1,0.184424088178399,1.732457848173676,0.9384076307578147,95.47325102880659,0.8943832414660812
"20MA, RSI, Upper_BB, CCI, Williams_%R, OBV",60,1,0.2102255409068828,2.075096905128358,0.776116489715116,93.24894514767934,1.224056474352781
"20MA, RSI, Upper_BB, CCI, Williams_%R, OBV",60,30,1.269738949039085,14.015800630540888,-9.702738589010853,18.803418803418804,1.1344278083103345
"20MA, RSI, Upper_BB, CCI, Williams_%R, OBV",5,1,0.1818005108746102,1.720499867836922,0.9401475656514776,95.47325102880659,0.7898612566690445
"20MA, RSI, Upper_BB, ATR, Williams_%R, OBV",60,1,0.22651787602373435,2.259194080213265,0.7400701764645066,90.71729957805907,1.3513958472923455
"20MA, RSI, Upper_BB, ATR, Williams_%R, OBV",60,30,1.4143954937154593,15.310098089414772,-12.280296234228,19.65811965811966,1.38046595395001
"20MA, RSI, Upper_BB, ATR, Williams_%R, OBV",5,1,0.18451000251914856,1.7352067222208858,0.9383502315273987,95.47325102880659,0.7825922240470647
"20MA, RSI, Lower_BB, CCI, ATR, Williams_%R",60,1,0.22467551952714843,2.24695234044346,0.7442811988926211,91.13924050632912,1.255890071211077
"20MA, RSI, Lower_BB, CCI, ATR, Williams_%R",60,30,1.4433817316103437,15.507064899873283,-12.830199447861203,21.367521367521366,1.3159722548761283
"20MA, RSI, Lower_BB, CCI, ATR, Williams_%R",5,1,0.18477617217420006,1.7352869716822594,0.9381722343108625,95.47325102880659,0.7793832343738075
"20MA, RSI, Lower_BB, CCI, ATR, OBV",60,1,0.22477828635070768,2.2455644340631933,0.7440472132845369,92.82700421940928,1.2615599049621042
"20MA, RSI, Lower_BB, CCI, ATR, OBV",60,30,1.429527730352056,15.391043721724431,-12.565980963456576,20.085470085470085,1.4039065998224853
"20MA, RSI, Lower_BB, CCI, ATR, OBV",5,1,0.18442408817840103,1.7324578481736999,0.9384076307578134,95.47325102880659,0.8943832414660812
"20MA, RSI, Lower_BB, CCI, Williams_%R, OBV",60,1,0.21022554090690082,2.075096905129041,0.7761164897150776,93.24894514767934,1.224056474352781
"20MA, RSI, Lower_BB, CCI, Williams_%R, OBV",60,30,1.2697389490391626,14.015800630541403,-9.70273858901216,18.803418803418804,1.1344278083103345
"20MA, RSI, Lower_BB, CCI, Williams_%R, OBV",5,1,0.18180051087460883,1.72049986783692,0.9401475656514785,95.47325102880659,0.7898612566690445
"20MA, RSI, Lower_BB, ATR, Williams_%R, OBV",60,1,0.2265178760236645,2.2591940802118473,0.7400701764646669,90.71729957805907,1.3513958472923455
"20MA, RSI, Lower_BB, ATR, Williams_%R, OBV",60,30,1.4143954937151768,15.310098089412069,-12.280296234222696,19.65811965811966,1.38046595395001
"20MA, RSI, Lower_BB, ATR, Williams_%R, OBV",5,1,0.18451000251914895,1.735206722220892,0.9383502315273985,95.47325102880659,0.7825922240470647
"20MA, RSI, CCI, ATR, Williams_%R, OBV",60,1,0.21426678744880906,2.124311419813835,0.7674261582349371,93.24894514767934,0.9671071194422235
"20MA, RSI, CCI, ATR, Williams_%R, OBV",60,30,1.2463445883134383,13.540964272369294,-9.311985632221692,25.64102564102564,1.1632324781668204
"20MA, RSI, CCI, ATR, Williams_%R, OBV",5,1,0.1823217039043927,1.7049698709370689,0.9398038989970947,95.06172839506173,0.772299169484526
"20MA, MACD, Upper_BB, Lower_BB, CCI, ATR",60,1,0.22877482131032645,2.2756668475969812,0.7348646714894411,92.40506329113924,1.386471671861246
"20MA, MACD, Upper_BB, Lower_BB, CCI, ATR",60,30,1.951165841261073,21.048653217522894,-24.2728606724658,15.384615384615385,0.9204938344707226
"20MA, MACD, Upper_BB, Lower_BB, CCI, ATR",5,1,0.18680119661186334,1.7490060175400894,0.9368096256531628,95.47325102880659,0.7893443575917525
"20MA, MACD, Upper_BB, Lower_BB, CCI, Williams_%R",60,1,0.21105056046712972,2.0524596771296153,0.7743558024687358,92.40506329113924,1.2009310011538878
"20MA, MACD, Upper_BB, Lower_BB, CCI, Williams_%R",60,30,1.4896939516079086,16.69714682448021,-13.731946857876414,23.504273504273502,1.069962582298274
"20MA, MACD, Upper_BB, Lower_BB, CCI, Williams_%R",5,1,0.18449806603006313,1.7325536228451042,0.9383582078752961,95.47325102880659,0.6427765368295393
"20MA, MACD, Upper_BB, Lower_BB, CCI, OBV",60,1,0.2095363808746668,2.044292803618823,0.7775819507402473,93.24894514767934,1.2693986442038785
"20MA, MACD, Upper_BB, Lower_BB, CCI, OBV",60,30,1.4876873031651106,16.708407950369203,-13.692285116634459,19.65811965811966,1.0790963270118388
"20MA, MACD, Upper_BB, Lower_BB, CCI, OBV",5,1,0.18401790683756075,1.7300944430958543,0.9386786378862545,95.47325102880659,0.7372341872333266
"20MA, MACD, Upper_BB, Lower_BB, ATR, Williams_%R",60,1,0.2293738725755068,2.2722698315230216,0.7334743296473827,92.40506329113924,1.096987019031872
"20MA, MACD, Upper_BB, Lower_BB, ATR, Williams_%R",60,30,1.9340501137981931,20.781427193381248,-23.83141571463111,15.81196581196581,0.9504438824405904
"20MA, MACD, Upper_BB, Lower_BB, ATR, Williams_%R",5,1,0.18660459400528645,1.7475971892793412,0.9369425675712034,95.06172839506173,0.8356903366659136
"20MA, MACD, Upper_BB, Lower_BB, ATR, OBV",60,1,0.22598682888088148,2.2562290620053447,0.7412875036649171,91.56118143459916,1.5000674190852357
"20MA, MACD, Upper_BB, Lower_BB, ATR, OBV",60,30,1.8322386011151914,19.418206896387762,-21.28589559690336,19.65811965811966,1.3720927345188532
"20MA, MACD, Upper_BB, Lower_BB, ATR, OBV",5,1,0.18573987046709325,1.74027299138034,0.9375256283158139,95.06172839506173,0.8360599169528298
"20MA, MACD, Upper_BB, Lower_BB, Williams_%R, OBV",60,1,0.211681454570845,2.0576241447330763,0.7730047483095267,93.24894514767934,1.3036490996273427
"20MA, MACD, Upper_BB, Lower_BB, Williams_%R, OBV",60,30,1.4581585373947803,16.50065243167728,-13.114825862564953,21.367521367521366,1.059656117492659
"20MA, MACD, Upper_BB, Lower_BB, Williams_%R, OBV",5,1,0.18401730555688264,1.7313314711735739,0.9386790386221457,95.47325102880659,0.6627398869127019
"20MA, MACD, Upper_BB, CCI, ATR, Williams_%R",60,1,0.2279907932604985,2.2704402730114706,0.7366788338562484,91.13924050632912,1.1402389734138012
"20MA, MACD, Upper_BB, CCI, ATR, Williams_%R",60,30,1.9129421410556195,20.473379359301873,-23.29235973086848,18.803418803418804,1.0039111457314467
"20MA, MACD, Upper_BB, CCI, ATR, Williams_%R",5,1,0.18658334360444453,1.7492066548059597,0.9369569286261756,95.06172839506173,0.7733986749689371
"20MA, MACD, Upper_BB, CCI, ATR, OBV",60,1,0.22808424742828565,2.284598441709258,0.7364629172077322,92.82700421940928,1.5210246649701897
"20MA, MACD, Upper_BB, CCI, ATR, OBV",60,30,1.8940668526254576,20.16509567931247,-22.81533210136387,15.81196581196581,1.3206373931732736
"20MA, MACD, Upper_BB, CCI, ATR, OBV",5,1,0.18646341332260968,1.7470037136168424,0.9370379470413278,95.06172839506173,0.7619919816141345
"20MA, MACD, Upper_BB, CCI, Williams_%R, OBV",60,1,0.20969055197929323,2.0493136608982687,0.7772545321680653,91.9831223628692,1.2451744622207133
"20MA, MACD, Upper_BB, CCI, Williams_%R, OBV",60,30,1.4825564854141338,16.584457659028786,-13.591116754375083,22.22222222222222,1.069962582298274
"20MA, MACD, Upper_BB, CCI, Williams_%R, OBV",5,1,0.18385307688752855,1.7283402184556782,0.9387884431807396,95.47325102880659,0.6225579010424663
"20MA, MACD, Upper_BB, ATR, Williams_%R, OBV",60,1,0.22863544711904665,2.2742277017830785,0.7351876245619835,90.71729957805907,1.4087895294742425
"20MA, MACD, Upper_BB, ATR, Williams_%R, OBV",60,30,1.859303944036369,19.522592143223697,-21.949161156174615,17.94871794871795,1.153143899945672
"20MA, MACD, Upper_BB, ATR, Williams_%R, OBV",5,1,0.18624333297401108,1.7448999873012707,0.9371864859194806,95.06172839506173,0.7785423556918082
"20MA, MACD, Lower_BB, CCI, ATR, Williams_%R",60,1,0.22799079326045,2.2704402730103315,0.7366788338563606,91.13924050632912,1.1402389734138012
"20MA, MACD, Lower_BB, CCI, ATR, Williams_%R",60,30,1.912942141055607,20.47337935930139,-23.292359730868156,18.803418803418804,1.0039111457314467
"20MA, MACD, Lower_BB, CCI, ATR, Williams_%R",5,1,0.18658334360444198,1.749206654805939,0.9369569286261773,95.06172839506173,0.7733986749689371
"20MA, MACD, Lower_BB, CCI, ATR, OBV",60,1,0.2280842474283766,2.2845984417082654,0.7364629172075219,92.82700421940928,1.5210246649701897
"20MA, MACD, Lower_BB, CCI, ATR, OBV",60,30,1.8940668526255442,20.165095679313318,-22.815332101366046,15.81196581196581,1.3206373931732736
"20MA, MACD, Lower_BB, CCI, ATR, OBV",5,1,0.1864634133226103,1.747003713616849,0.9370379470413274,95.06172839506173,0.7619919816141345
"20MA, MACD, Lower_BB, CCI, Williams_%R, OBV",60,1,0.20969055197930694,2.0493136608981306,0.7772545321680361,91.9831223628692,1.2451744622207133
"20MA, MACD, Lower_BB, CCI, Williams_%R, OBV",60,30,1.4825564854145525,16.584457659033134,-13.591116754383327,22.22222222222222,1.069962582298274
"20MA, MACD, Lower_BB, CCI, Williams_%R, OBV",5,1,0.18385307688752975,1.7283402184556804,0.9387884431807387,95.47325102880659,0.6225579010424663
"20MA, MACD, Lower_BB, ATR, Williams_%R, OBV",60,1,0.22863544711904432,2.274227701781673,0.735187624561989,90.71729957805907,1.4087895294742425
"20MA, MACD, Lower_BB, ATR, Williams_%R, OBV",60,30,1.8593039440363965,19.52259214322355,-21.94916115617529,17.94871794871795,1.153143899945672
"20MA, MACD, Lower_BB, ATR, Williams_%R, OBV",5,1,0.18624333297400936,1.7448999873012583,0.9371864859194817,95.06172839506173,0.7785423556918082
"20MA, MACD, CCI, ATR, Williams_%R, OBV",60,1,0.21290236371996005,2.109819545528806,0.770378728868133,93.67088607594937,1.0102280496776965
"20MA, MACD, CCI, ATR, Williams_%R, OBV",60,30,1.5853651175234686,17.355269664126403,-15.684939305528491,19.230769230769234,0.9984538317046148
"20MA, MACD, CCI, ATR, Williams_%R, OBV",5,1,0.18447758837522818,1.7206763767201478,0.9383718905042664,94.65020576131687,0.8602412269265728
"20MA, Upper_BB, Lower_BB, CCI, ATR, Williams_%R",60,1,0.22262303790660432,2.2199011096496437,0.7489320016877867,92.82700421940928,1.3202165474886487
"20MA, Upper_BB, Lower_BB, CCI, ATR, Williams_%R",60,30,1.4085196865728895,15.31123036248302,-12.170185059334885,19.65811965811966,1.3083564240853789
"20MA, Upper_BB, Lower_BB, CCI, ATR, Williams_%R",5,1,0.18469679405045186,1.7367904875721214,0.938225344166009,95.47325102880659,0.760072183697711
"20MA, Upper_BB, Lower_BB, CCI, ATR, OBV",60,1,0.2227328527028723,2.210065288463517,0.7486842485225521,94.51476793248945,1.32103006735998
"20MA, Upper_BB, Lower_BB, CCI, ATR, OBV",60,30,1.4090267712199327,15.32823920155512,-12.179669627934622,19.65811965811966,1.3969315678241934
"20MA, Upper_BB, Lower_BB, CCI, ATR, OBV",5,1,0.184375096304812,1.7354602485109278,0.9384403501796426,95.47325102880659,0.8882962497489146
"20MA, Upper_BB, Lower_BB, CCI, Williams_%R, OBV",60,1,0.20820291480736933,2.048412249043637,0.7804038301411209,93.67088607594937,1.4779282793514217
"20MA, Upper_BB, Lower_BB, CCI, Williams_%R, OBV",60,30,1.2243585206552514,13.797693814667145,-8.95137862924514,17.094017094017094,1.2583111961301645
"20MA, Upper_BB, Lower_BB, CCI, Williams_%R, OBV",5,1,0.18155309239192002,1.7211313256781453,0.9403103652130257,95.06172839506173,0.8959358675314807
"20MA, Upper_BB, Lower_BB, ATR, Williams_%R, OBV",60,1,0.22387169779590596,2.228871279332598,0.7461076963010396,91.9831223628692,1.3505491836238486
"20MA, Upper_BB, Lower_BB, ATR, Williams_%R, OBV",60,30,1.3945651376588608,15.090829544624823,-11.910517272095873,20.085470085470085,1.3085690539832655
"20MA, Upper_BB, Lower_BB, ATR, Williams_%R, OBV",5,1,0.18435953650296907,1.7352484851087522,0.938450740037646,95.47325102880659,0.8158856427988174
"20MA, Upper_BB, CCI, ATR, Williams_%R, OBV",60,1,0.2219811455083157,2.2262031020437405,0.7503777308046158,91.9831223628692,1.3108902875695239
"20MA, Upper_BB, CCI, ATR, Williams_%R, OBV",60,30,1.3609104082535655,14.778838901590174,-11.294902972970839,20.085470085470085,1.379952278511344
"20MA, Upper_BB, CCI, ATR, Williams_%R, OBV",5,1,0.1842827782976574,1.7334500247346476,0.9385019815119621,95.47325102880659,0.762610678143571
"20MA, Lower_BB, CCI, ATR, Williams_%R, OBV",60,1,0.22198114550830308,2.22620310204314,0.7503777308046442,91.9831223628692,1.3108902875695239
"20MA, Lower_BB, CCI, ATR, Williams_%R, OBV",60,30,1.3609104082531327,14.778838901585765,-11.29490297296302,20.085470085470085,1.379952278511344
"20MA, Lower_BB, CCI, ATR, Williams_%R, OBV",5,1,0.18428277829765788,1.7334500247346518,0.9385019815119618,95.47325102880659,0.762610678143571
"50MA, RSI, MACD, Upper_BB, Lower_BB, CCI",60,1,0.2152428878120985,2.147935905809871,0.7653023339806422,91.9831223628692,1.5435304839064454
"50MA, RSI, MACD, Upper_BB, Lower_BB, CCI",60,30,1.5555596887382737,16.395835206568968,-15.063471052415274,26.495726495726498,0.9587343188783074
"50MA, RSI, MACD, Upper_BB, Lower_BB, CCI",5,1,0.18660788285313717,1.7417910868237123,0.9369403448164016,95.47325102880659,0.7185089833328983
"50MA, RSI, MACD, Upper_BB, Lower_BB, ATR",60,1,0.22946802538389952,2.324034703210943,0.7332554791708195,92.40506329113924,1.2418046934954592
"50MA, RSI, MACD, Upper_BB, Lower_BB, ATR",60,30,1.92029760215748,20.34583657688862,-23.47953217869298,20.51282051282051,1.1337050773794295
"50MA, RSI, MACD, Upper_BB, Lower_BB, ATR",5,1,0.18799362428367516,1.7501237601618198,0.9360003112916164,95.06172839506173,0.7182625919472868
"50MA, RSI, MACD, Upper_BB, Lower_BB, Williams_%R",60,1,0.21586212188892534,2.1420796666921857,0.7639499840972357,90.71729957805907,1.3971168485067695
"50MA, RSI, MACD, Upper_BB, Lower_BB, Williams_%R",60,30,1.4977045323250988,15.933626621050893,-13.890810015963474,26.495726495726498,0.9573440255732283
"50MA, RSI, MACD, Upper_BB, Lower_BB, Williams_%R",5,1,0.1867242853490426,1.7415303913847955,0.9368616494203322,95.06172839506173,0.6609512499627372
"50MA, RSI, MACD, Upper_BB, Lower_BB, OBV",60,1,0.2136122406995776,2.1209490600172276,0.7688449309292825,91.9831223628692,1.6481921711153744
"50MA, RSI, MACD, Upper_BB, Lower_BB, OBV",60,30,1.4841574762721987,15.839905799179668,-13.622647232915682,24.358974358974358,1.0140842844562137
"50MA, RSI, MACD, Upper_BB, Lower_BB, OBV",5,1,0.1859631508271091,1.7368175655132008,0.9373753354951542,94.65020576131687,0.6933755068595602
"50MA, RSI, MACD, Upper_BB, CCI, ATR",60,1,0.23088346684771865,2.351182830070791,0.7299545772579921,90.29535864978902,1.1660019283734107
"50MA, RSI, MACD, Upper_BB, CCI, ATR",60,30,1.931567511603776,20.674377666568397,-23.767707994671866,19.230769230769234,1.1498471325270758
"50MA, RSI, MACD, Upper_BB, CCI, ATR",5,1,0.1851528866017674,1.7419239156949502,0.9379198732635052,95.47325102880659,0.9032351346124924
"50MA, RSI, MACD, Upper_BB, CCI, Williams_%R",60,1,0.21579076547771034,2.1506912158859923,0.7641060179385676,91.13924050632912,1.4520672620884447
"50MA, RSI, MACD, Upper_BB, CCI, Williams_%R",60,30,1.5272690732862069,16.076389293514776,-14.48449869081837,29.48717948717949,1.0443348154898313
"50MA, RSI, MACD, Upper_BB, CCI, Williams_%R",5,1,0.18337443264851438,1.728938913899465,0.9391067453979552,95.47325102880659,0.8053755184130756
"50MA, RSI, MACD, Upper_BB, CCI, OBV",60,1,0.21387722100959478,2.1378357203512834,0.768271091788614,91.9831223628692,1.6227513378166336
"50MA, RSI, MACD, Upper_BB, CCI, OBV",60,30,1.5287023340777226,16.110767840827776,-14.513575084579843,24.786324786324787,0.9522207274909863
"50MA, RSI, MACD, Upper_BB, CCI, OBV",5,1,0.18290348941116055,1.725809162039856,0.9394191165555268,95.47325102880659,0.7516242626134448
"50MA, RSI, MACD, Upper_BB, ATR, Williams_%R",60,1,0.23111369584107658,2.343633409415389,0.7294157488636275,92.40506329113924,1.1432435150328288
"50MA, RSI, MACD, Upper_BB, ATR, Williams_%R",60,30,1.936803237936866,20.488741897582095,-23.902161170124877,21.367521367521366,1.096841839578002
"50MA, RSI, MACD, Upper_BB, ATR, Williams_%R",5,1,0.18512091105694684,1.7409045595813313,0.9379413136472289,95.88477366255144,0.932436615163301
"50MA, RSI, MACD, Upper_BB, ATR, OBV",60,1,0.22950374345375854,2.3346193112048668,0.7331724319495132,91.9831223628692,1.284170085124098
"50MA, RSI, MACD, Upper_BB, ATR, OBV",60,30,1.8775401425022251,19.868367348318184,-22.401543162831633,15.81196581196581,0.9886535941619335
"50MA, RSI, MACD, Upper_BB, ATR, OBV",5,1,0.18462641302354116,1.7371411205037723,0.9382724152086017,95.88477366255144,0.8523600841786864
"50MA, RSI, MACD, Upper_BB, Williams_%R, OBV",60,1,0.21579752686959017,2.145943985586089,0.7640912351313517,90.71729957805907,1.5154547430570535
"50MA, RSI, MACD, Upper_BB, Williams_%R, OBV",60,30,1.496120730540285,15.960257333950533,-13.859333017601077,26.06837606837607,0.9478301020468185
"50MA, RSI, MACD, Upper_BB, Williams_%R, OBV",5,1,0.18260828699592,1.724554110153185,0.9396145113101101,95.47325102880659,0.7566156854649233
"50MA, RSI, MACD, Lower_BB, CCI, ATR",60,1,0.2308834668536251,2.3511828301228794,0.7299545772441753,90.29535864978902,1.1660019283734107
"50MA, RSI, MACD, Lower_BB, CCI, ATR",60,30,1.9315675116127664,20.674377666592367,-23.767707994902427,19.230769230769234,1.1498471325270758
"50MA, RSI, MACD, Lower_BB, CCI, ATR",5,1,0.18668401300438772,1.749578174951154,0.9368888816060672,95.47325102880659,0.9280771773174697
"50MA, RSI, MACD, Lower_BB, CCI, Williams_%R",60,1,0.2157907654772245,2.150691215890444,0.7641060179396297,91.13924050632912,1.4520672620884447
"50MA, RSI, MACD, Lower_BB, CCI, Williams_%R",60,30,1.5272690733044825,16.07638929382837,-14.484498691188952,29.48717948717949,1.0443348154898313
"50MA, RSI, MACD, Lower_BB, CCI, Williams_%R",5,1,0.18393965153517788,1.7310554600083978,0.9387307817397195,95.47325102880659,0.8468222804764335
"50MA, RSI, MACD, Lower_BB, CCI, OBV",60,1,0.21387722101206638,2.1378357203650884,0.7682710917832581,91.9831223628692,1.6227513378166336
"50MA, RSI, MACD, Lower_BB, CCI, OBV",60,30,1.52870233410516,16.11076784131023,-14.51357508513672,24.786324786324787,0.9522207274909863
"50MA, RSI, MACD, Lower_BB, CCI, OBV",5,1,0.18343976236862367,1.7263162538217887,0.9390633495127573,95.47325102880659,0.8130854357469793
"50MA, RSI, MACD, Lower_BB, ATR, Williams_%R",60,1,0.2311136958426879,2.3436334094261344,0.7294157488598545,92.40506329113924,1.1432435150328288
"50MA, RSI, MACD, Lower_BB, ATR, Williams_%R",60,30,1.93680323792201,20.488741897322893,-23.902161169742858,21.367521367521366,1.096841839578002
"50MA, RSI, MACD, Lower_BB, ATR, Williams_%R",5,1,0.1867189353193485,1.7501854766455822,0.9368652674522406,95.06172839506173,1.0045530019203939
"50MA, RSI, MACD, Lower_BB, ATR, OBV",60,1,0.22950374343852048,2.3346193110696976,0.7331724319849455,91.9831223628692,1.284170085124098
"50MA, RSI, MACD, Lower_BB, ATR, OBV",60,30,1.8775401425372127,19.868367348420637,-22.4015431637038,15.81196581196581,0.9886535941619335
"50MA, RSI, MACD, Lower_BB, ATR, OBV",5,1,0.18638772233308204,1.7478119195583781,0.937089052968709,95.06172839506173,0.9160753525656042
"50MA, RSI, MACD, Lower_BB, Williams_%R, OBV",60,1,0.2157975268679391,2.14594398558471,0.7640912351349616,90.71729957805907,1.5154547430570535
"50MA, RSI, MACD, Lower_BB, Williams_%R, OBV",60,30,1.4961207305859625,15.960257334555978,-13.859333018508408,26.06837606837607,0.9478301020468185
"50MA, RSI, MACD, Lower_BB, Williams_%R, OBV",5,1,0.18320868734685836,1.7270455776357705,0.9392167739277539,95.47325102880659,0.8597213707439474
"50MA, RSI, MACD, CCI, ATR, Williams_%R",60,1,0.22141306708011965,2.192544162703984,0.751653727261992,91.9831223628692,1.0431410848764904
"50MA, RSI, MACD, CCI, ATR, Williams_%R",60,30,1.6184700889995856,17.027350037854944,-16.389031325485114,28.63247863247863,0.9881231639680045
"50MA, RSI, MACD, CCI, ATR, Williams_%R",5,1,0.18356389118753952,1.725544439685787,0.9389808531822658,95.47325102880659,0.7275173820686889
"50MA, RSI, MACD, CCI, ATR, OBV",60,1,0.220231862620152,2.1814504593366686,0.7542964370755268,93.24894514767934,1.0021288576865137
"50MA, RSI, MACD, CCI, ATR, OBV",60,30,1.585990518514235,16.851503407111228,-15.698105781355398,25.213675213675213,0.9439039857788807
"50MA, RSI, MACD, CCI, ATR, OBV",5,1,0.18317403084050987,1.7209934786884613,0.9392397677611843,95.47325102880659,0.8130703240883452
"50MA, RSI, MACD, CCI, Williams_%R, OBV",60,1,0.20865889945593885,2.027992396999913,0.7794409028701521,92.82700421940928,0.9626806116084612
"50MA, RSI, MACD, CCI, Williams_%R, OBV",60,30,1.4942813653999654,15.821719490426709,-13.822818667562471,27.350427350427353,1.1156576909749565
"50MA, RSI, MACD, CCI, Williams_%R, OBV",5,1,0.18172730172832596,1.7081646278589955,0.940195759832663,95.47325102880659,0.9774040394686883
"50MA, RSI, MACD, ATR, Williams_%R, OBV",60,1,0.22131828691422142,2.211410845754321,0.751866300650068,92.82700421940928,1.0491973834200075
"50MA, RSI, MACD, ATR, Williams_%R, OBV",60,30,1.589290422064898,16.73717561796563,-15.767664157979539,28.63247863247863,0.9997432019621824
"50MA, RSI, MACD, ATR, Williams_%R, OBV",5,1,0.1827585862709593,1.7202458298662664,0.939515067518509,95.06172839506173,0.745398221099281
"50MA, RSI, Upper_BB, Lower_BB, CCI, ATR",60,1,0.2271859932358032,2.3118733194288095,0.7385345828635594,91.13924050632912,1.3390593210793478
"50MA, RSI, Upper_BB, Lower_BB, CCI, ATR",60,30,1.9387220323798322,20.948643623815308,-23.951526842852907,17.52136752136752,1.1379299084489674
"50MA, RSI, Upper_BB, Lower_BB, CCI, ATR",5,1,0.1864376101046156,1.7476788057570274,0.9370553714908689,95.06172839506173,0.8950608366110255
"50MA, RSI, Upper_BB, Lower_BB, CCI, Williams_%R",60,1,0.21399818064318904,2.133852039459001,0.768008906129692,91.56118143459916,1.4531098161251474
"50MA, RSI, Upper_BB, Lower_BB, CCI, Williams_%R",60,30,1.5544321903127247,16.825583646646354,-15.040193289867695,26.923076923076923,0.9985194646172592
"50MA, RSI, Upper_BB, Lower_BB, CCI, Williams_%R",5,1,0.1844180489467736,1.7372185187213218,0.9384116645529391,95.47325102880659,0.7768089429133964
"50MA, RSI, Upper_BB, Lower_BB, CCI, OBV",60,1,0.212913741972013,2.1327501763755983,0.7703541846736051,92.40506329113924,1.5162813052921453
"50MA, RSI, Upper_BB, Lower_BB, CCI, OBV",60,30,1.5493614094714236,16.656223458132047,-14.935713158817036,24.786324786324787,0.9467738522176065
"50MA, RSI, Upper_BB, Lower_BB, CCI, OBV",5,1,0.18384583937519033,1.7337559432233276,0.9387932623622874,95.47325102880659,0.788178735792926
"50MA, RSI, Upper_BB, Lower_BB, ATR, Williams_%R",60,1,0.22676912577753036,2.3040703250876375,0.7394932372472849,91.9831223628692,1.1581708380145859
"50MA, RSI, Upper_BB, Lower_BB, ATR, Williams_%R",60,30,1.9427617333397584,20.79884010062443,-24.05561780580174,17.94871794871795,1.0954004814972313
"50MA, RSI, Upper_BB, Lower_BB, ATR, Williams_%R",5,1,0.1863234000167189,1.7472738913358032,0.9371324665535841,95.06172839506173,0.8669230156279136
"50MA, RSI, Upper_BB, Lower_BB, ATR, OBV",60,1,0.2267570627794539,2.304319863096696,0.7395209518577696,91.56118143459916,1.2469414241564947
"50MA, RSI, Upper_BB, Lower_BB, ATR, OBV",60,30,1.8734328828780404,19.945488832215922,-22.299269895276247,17.94871794871795,1.0262588763645397
"50MA, RSI, Upper_BB, Lower_BB, ATR, OBV",5,1,0.18585456024403038,1.7441032714573184,0.9374484517366237,95.06172839506173,0.8686486194138076
"50MA, RSI, Upper_BB, Lower_BB, Williams_%R, OBV",60,1,0.21460579814998315,2.137382037963622,0.766689624159818,90.71729957805907,1.4870905992350192
"50MA, RSI, Upper_BB, Lower_BB, Williams_%R, OBV",60,30,1.5151308360032953,16.50122341271828,-14.239345270334942,23.076923076923077,0.9741924255106688
"50MA, RSI, Upper_BB, Lower_BB, Williams_%R, OBV",5,1,0.18349095280390149,1.7322315974497353,0.9390293349799593,95.47325102880659,0.7508122547812848
"50MA, RSI, Upper_BB, CCI, ATR, Williams_%R",60,1,0.22601861563951545,2.299819090469392,0.7412147188032916,92.82700421940928,1.439074736645154
"50MA, RSI, Upper_BB, CCI, ATR, Williams_%R",60,30,1.932460279289342,20.77210227785103,-23.790608482729695,19.230769230769234,1.137881520415056
"50MA, RSI, Upper_BB, CCI, ATR, Williams_%R",5,1,0.18498858966962112,1.7400377587388351,0.9380299990003403,95.06172839506173,0.7870865312868393
"50MA, RSI, Upper_BB, CCI, ATR, OBV",60,1,0.22697510807712704,2.3230931809812896,0.7390197675684365,90.29535864978902,1.3093294130665851
"50MA, RSI, Upper_BB, CCI, ATR, OBV",60,30,1.8763158389650887,20.159926071269,-22.37103382755515,16.23931623931624,1.030155428258758
"50MA, RSI, Upper_BB, CCI, ATR, OBV",5,1,0.1843537282528578,1.7341474756374688,0.93845461819737,95.47325102880659,0.8102710819738381
"50MA, RSI, Upper_BB, CCI, Williams_%R, OBV",60,1,0.21326153884261706,2.1307503021062524,0.7696033141144324,91.13924050632912,1.571036588362078
"50MA, RSI, Upper_BB, CCI, Williams_%R, OBV",60,30,1.554132196087595,16.75507131440923,-15.03400260358421,25.213675213675213,0.9823757059609405
"50MA, RSI, Upper_BB, CCI, Williams_%R, OBV",5,1,0.18329687570806333,1.7301339316487327,0.9391582432620517,95.47325102880659,0.7354363887308435
"50MA, RSI, Upper_BB, ATR, Williams_%R, OBV",60,1,0.22687562724305424,2.318644138603108,0.7392484872889796,91.9831223628692,1.341802514717082
"50MA, RSI, Upper_BB, ATR, Williams_%R, OBV",60,30,1.8874921791623482,20.026580023261374,-22.650283781760972,19.230769230769234,1.37298114491294
"50MA, RSI, Upper_BB, ATR, Williams_%R, OBV",5,1,0.1842343696821917,1.7308928313994516,0.9385342866784344,95.47325102880659,0.7382017846900045
"50MA, RSI, Lower_BB, CCI, ATR, Williams_%R",60,1,0.22601861563947032,2.299819090468176,0.7412147188033951,92.82700421940928,1.439074736645154
"50MA, RSI, Lower_BB, CCI, ATR, Williams_%R",60,30,1.932460279289276,20.772102277850372,-23.790608482728004,19.230769230769234,1.137881520415056
"50MA, RSI, Lower_BB, CCI, ATR, Williams_%R",5,1,0.1873253971962805,1.7573984290974627,0.9364544790205889,95.47325102880659,0.8170039487400874
"50MA, RSI, Lower_BB, CCI, ATR, OBV",60,1,0.2269751080771383,2.3230931809815827,0.7390197675684107,90.29535864978902,1.3093294130665851
"50MA, RSI, Lower_BB, CCI, ATR, OBV",60,30,1.8763158389651207,20.159926071269165,-22.371033827555948,16.23931623931624,1.030155428258758
"50MA, RSI, Lower_BB, CCI, ATR, OBV",5,1,0.1871640537640274,1.7530186626152702,0.9365638954404217,95.47325102880659,0.8039226769138575
"50MA, RSI, Lower_BB, CCI, Williams_%R, OBV",60,1,0.21326153884259957,2.130750302105909,0.7696033141144701,91.13924050632912,1.571036588362078
"50MA, RSI, Lower_BB, CCI, Williams_%R, OBV",60,30,1.554132196087403,16.755071314407267,-15.034002603580255,25.213675213675213,0.9823757059609405
"50MA, RSI, Lower_BB, CCI, Williams_%R, OBV",5,1,0.1836076716066602,1.7226446846394017,0.9389517432916703,94.65020576131687,1.0483266074952045
"50MA, RSI, Lower_BB, ATR, Williams_%R, OBV",60,1,0.22687562724298588,2.3186441386006953,0.7392484872891367,91.9831223628692,1.341802514717082
"50MA, RSI, Lower_BB, ATR, Williams_%R, OBV",60,30,1.887492179162418,20.026580023262316,-22.650283781762717,19.230769230769234,1.37298114491294
"50MA, RSI, Lower_BB, ATR, Williams_%R, OBV",5,1,0.18677118920428087,1.7501213065160675,0.9368299255982734,94.65020576131687,0.8721833110448816
"50MA, RSI, CCI, ATR, Williams_%R, OBV",60,1,0.22040581730068992,2.1877993173913284,0.753908135725035,92.40506329113924,1.1231364045599506
"50MA, RSI, CCI, ATR, Williams_%R, OBV",60,30,1.6125689114908355,17.306907593927313,-16.26245662354424,25.213675213675213,0.9891117728994082
"50MA, RSI, CCI, ATR, Williams_%R, OBV",5,1,0.18262576862499016,1.7157054461980001,0.939602948995371,95.47325102880659,0.8850075109383108
"50MA, MACD, Upper_BB, Lower_BB, CCI, ATR",60,1,0.2284678470942539,2.3144292262501214,0.7355757209315125,91.56118143459916,1.2781098176132357
"50MA, MACD, Upper_BB, Lower_BB, CCI, ATR",60,30,1.900038320016351,20.18986473879271,-22.965735089619756,18.37606837606838,1.0950548487582166
"50MA, MACD, Upper_BB, Lower_BB, CCI, ATR",5,1,0.18849371770597195,1.7590039830696558,0.9356593593704488,94.65020576131687,0.7776664650291661
"50MA, MACD, Upper_BB, Lower_BB, CCI, Williams_%R",60,1,0.2140626371530673,2.1252581977610974,0.76786913308891,92.40506329113924,1.5211650261063663
"50MA, MACD, Upper_BB, Lower_BB, CCI, Williams_%R",60,30,1.4908402349768723,15.641174425176946,-13.754627332238789,29.48717948717949,1.0155161424678691
"50MA, MACD, Upper_BB, Lower_BB, CCI, Williams_%R",5,1,0.18665572560398877,1.7440699158939632,0.9369080060526809,95.47325102880659,0.7402515017331678
"50MA, MACD, Upper_BB, Lower_BB, CCI, OBV",60,1,0.2130051316872739,2.129338258713759,0.7701569989992744,91.9831223628692,1.6135113987844296
"50MA, MACD, Upper_BB, Lower_BB, CCI, OBV",60,30,1.5008269174696898,15.786628589359081,-13.952962875558068,27.350427350427353,0.9416824025137203
"50MA, MACD, Upper_BB, Lower_BB, CCI, OBV",5,1,0.18625522408314596,1.7427218509779951,0.9371784647336096,95.06172839506173,0.7368344237436361
"50MA, MACD, Upper_BB, Lower_BB, ATR, Williams_%R",60,1,0.2281916793165694,2.313151587710727,0.7362145970842595,91.9831223628692,1.2353639035614794
"50MA, MACD, Upper_BB, Lower_BB, ATR, Williams_%R",60,30,1.8763557845363839,19.951821409318,-22.372028947050662,18.803418803418804,1.0160112226373499
"50MA, MACD, Upper_BB, Lower_BB, ATR, Williams_%R",5,1,0.18825384839676992,1.7537388109799348,0.9358230096532364,94.65020576131687,0.6811263891993988
"50MA, MACD, Upper_BB, Lower_BB, ATR, OBV",60,1,0.2254118727605867,2.2945418791994583,0.742602262679892,91.9831223628692,1.281768067204478
"50MA, MACD, Upper_BB, Lower_BB, ATR, OBV",60,30,1.7893191366147652,18.960250986697464,-20.254047558724032,17.94871794871795,1.006458584470436
"50MA, MACD, Upper_BB, Lower_BB, ATR, OBV",5,1,0.18746718758982658,1.7474543020932383,0.936358244825512,94.65020576131687,0.7947982507735073
"50MA, MACD, Upper_BB, Lower_BB, Williams_%R, OBV",60,1,0.21424990348073628,2.1361174780642482,0.7674628098751965,91.13924050632912,1.574340127737479
"50MA, MACD, Upper_BB, Lower_BB, Williams_%R, OBV",60,30,1.4686527850614333,15.641367756930414,-13.318723442198031,26.495726495726498,0.9323818713335535
"50MA, MACD, Upper_BB, Lower_BB, Williams_%R, OBV",5,1,0.18618401568172346,1.7397295847625855,0.9372264909405782,94.65020576131687,0.7188700649585592
"50MA, MACD, Upper_BB, CCI, ATR, Williams_%R",60,1,0.22740223503697252,2.310062548547132,0.7380366062059684,92.40506329113924,1.2632506497377685
"50MA, MACD, Upper_BB, CCI, ATR, Williams_%R",60,30,1.8643806984496678,19.66749845647982,-22.0746557690758,22.22222222222222,1.0406669462645233
"50MA, MACD, Upper_BB, CCI, ATR, Williams_%R",5,1,0.18517771766923652,1.748454562194502,0.9379032208719491,95.88477366255144,0.8054171249619477
"50MA, MACD, Upper_BB, CCI, ATR, OBV",60,1,0.22846123748769995,2.328666562062396,0.7355910203724534,91.56118143459916,1.2885895515019157
"50MA, MACD, Upper_BB, CCI, ATR, OBV",60,30,1.8575080773868655,19.741004136628856,-21.904850241274776,18.37606837606838,1.1116641010287782
"50MA, MACD, Upper_BB, CCI, ATR, OBV",5,1,0.18478499914856317,1.7428026562210965,0.9381663270000674,95.88477366255144,0.8220421640364002
"50MA, MACD, Upper_BB, CCI, Williams_%R, OBV",60,1,0.21313982286290728,2.119484482660026,0.7698662303058607,91.56118143459916,1.4973861720164683
"50MA, MACD, Upper_BB, CCI, Williams_%R, OBV",60,30,1.4890607285677628,15.600597145519203,-13.719425325497951,27.350427350427353,0.9447081225173545
"50MA, MACD, Upper_BB, CCI, Williams_%R, OBV",5,1,0.18253936674171947,1.7281573904282728,0.9396600842457768,95.88477366255144,0.7204163993890373
"50MA, MACD, Upper_BB, ATR, Williams_%R, OBV",60,1,0.22748652477504552,2.3222063085551636,0.7378423696090981,91.56118143459916,1.3067638760660762
"50MA, MACD, Upper_BB, ATR, Williams_%R, OBV",60,30,1.809201884362128,19.03759514451288,-20.72901788861608,17.94871794871795,1.280496659392785
"50MA, MACD, Upper_BB, ATR, Williams_%R, OBV",5,1,0.18466850208663263,1.7406486187456418,0.9382442680729227,95.88477366255144,0.7580653583925783
"50MA, MACD, Lower_BB, CCI, ATR, Williams_%R",60,1,0.2274022350468399,2.310062548636387,0.7380366061832344,92.40506329113924,1.2632506497377685
"50MA, MACD, Lower_BB, CCI, ATR, Williams_%R",60,30,1.8643806984707532,19.667498456678402,-22.074655769597737,22.22222222222222,1.0406669462645233
"50MA, MACD, Lower_BB, CCI, ATR, Williams_%R",5,1,0.18667201616245965,1.756577310857341,0.9368969927428625,95.47325102880659,0.8359951351652127
"50MA, MACD, Lower_BB, CCI, ATR, OBV",60,1,0.2284612374918615,2.3286665620969433,0.7355910203628206,91.56118143459916,1.2885895515019157
"50MA, MACD, Lower_BB, CCI, ATR, OBV",60,30,1.8575080774262442,19.741004137070643,-21.90485024224593,18.37606837606838,1.1116641010287782
"50MA, MACD, Lower_BB, CCI, ATR, OBV",5,1,0.186710643690361,1.7561773967444592,0.9368708745767061,95.47325102880659,0.8033421499991804
"50MA, MACD, Lower_BB, CCI, Williams_%R, OBV",60,1,0.2131398228571799,2.119484482623515,0.7698662303182288,91.56118143459916,1.4973861720164683
"50MA, MACD, Lower_BB, CCI, Williams_%R, OBV",60,30,1.4890607284961643,15.600597144588424,-13.719425324082447,27.350427350427353,0.9447081225173545
"50MA, MACD, Lower_BB, CCI, Williams_%R, OBV",5,1,0.18299523068175128,1.7290058392904695,0.9393583286385853,95.47325102880659,0.8447212798222683
"50MA, MACD, Lower_BB, ATR, Williams_%R, OBV",60,1,0.22748652478653755,2.3222063086509386,0.7378423695826111,91.56118143459916,1.3067638760660762
"50MA, MACD, Lower_BB, ATR, Williams_%R, OBV",60,30,1.8092018843781854,19.03759514463629,-20.729017889001785,17.94871794871795,1.280496659392785
"50MA, MACD, Lower_BB, ATR, Williams_%R, OBV",5,1,0.1864885253573169,1.7510961696784528,0.9370209870200673,95.06172839506173,0.9280285975975263
"50MA, MACD, CCI, ATR, Williams_%R, OBV",60,1,0.21858407074531735,2.1745496709640846,0.7579594284489621,92.40506329113924,0.9864371220183084
"50MA, MACD, CCI, ATR, Williams_%R, OBV",60,30,1.5553601043395116,16.40882361421263,-15.05934930438735,26.923076923076923,0.9675078477473389
"50MA, MACD, CCI, ATR, Williams_%R, OBV",5,1,0.1827057603388275,1.7260466575197662,0.9395500285151428,95.47325102880659,0.7635514762905214
"50MA, Upper_BB, Lower_BB, CCI, ATR, Williams_%R",60,1,0.22424331376325782,2.27568511467359,0.7452640993345315,91.9831223628692,1.3275396757897007
"50MA, Upper_BB, Lower_BB, CCI, ATR, Williams_%R",60,30,1.8801497288579296,20.01878445853992,-22.466639813173504,20.94017094017094,0.9746114445433179
"50MA, Upper_BB, Lower_BB, CCI, ATR, Williams_%R",5,1,0.18626457622954595,1.7514716730214999,0.9371721558534394,95.06172839506173,0.9388970008332246
"50MA, Upper_BB, Lower_BB, CCI, ATR, OBV",60,1,0.225734172161609,2.2943631289731936,0.7418656693137498,90.71729957805907,1.4772200681269467
"50MA, Upper_BB, Lower_BB, CCI, ATR, OBV",60,30,1.8563846840984621,19.806686740496033,-21.87715359280692,17.94871794871795,1.0474693510680362
"50MA, Upper_BB, Lower_BB, CCI, ATR, OBV",5,1,0.18581754231796804,1.7487307186232492,0.9374733668959377,95.47325102880659,0.8812375118207687
"50MA, Upper_BB, Lower_BB, CCI, Williams_%R, OBV",60,1,0.21203329025046241,2.115024195858004,0.7722495437439676,91.13924050632912,1.425796060153957
"50MA, Upper_BB, Lower_BB, CCI, Williams_%R, OBV",60,30,1.5147958244456032,16.250965597771447,-14.232606852435246,25.64102564102564,1.0452393922147711
"50MA, Upper_BB, Lower_BB, CCI, Williams_%R, OBV",5,1,0.1833522833884327,1.73360192607574,0.9391214547449314,95.47325102880659,0.7652351554472082
"50MA, Upper_BB, Lower_BB, ATR, Williams_%R, OBV",60,1,0.22490625489009008,2.2944361513702916,0.743755697334644,91.9831223628692,1.3572311956774263
"50MA, Upper_BB, Lower_BB, ATR, Williams_%R, OBV",60,30,1.8117261839970649,19.114667869719028,-20.789695270921253,21.367521367521366,1.353481178256217
"50MA, Upper_BB, Lower_BB, ATR, Williams_%R, OBV",5,1,0.18572540360750744,1.7454007529587405,0.9375353599126198,95.06172839506173,0.7842387781947272
"50MA, Upper_BB, CCI, ATR, Williams_%R, OBV",60,1,0.22340232368206436,2.28186179377016,0.7471712121323728,92.40506329113924,1.3854703701850146
"50MA, Upper_BB, CCI, ATR, Williams_%R, OBV",60,30,1.8344010054612183,19.363997644982845,-21.33853017735038,22.22222222222222,1.3798745473803948
"50MA, Upper_BB, CCI, ATR, Williams_%R, OBV",5,1,0.18399428822082672,1.7351335812514894,0.9386943780153352,95.47325102880659,0.8090135091463926
"50MA, Lower_BB, CCI, ATR, Williams_%R, OBV",60,1,0.2234023236820566,2.281861793770115,0.7471712121323903,92.40506329113924,1.3854703701850146
"50MA, Lower_BB, CCI, ATR, Williams_%R, OBV",60,30,1.834401005461135,19.363997644982817,-21.338530177348353,22.22222222222222,1.3798745473803948
"50MA, Lower_BB, CCI, ATR, Williams_%R, OBV",5,1,0.18659172818122177,1.7562846741441633,0.9369512625110903,95.06172839506173,0.7545639582681088
"RSI, MACD, Upper_BB, Lower_BB, CCI, ATR",60,1,0.2312120661219004,2.3096390132890603,0.7291853591124318,91.13924050632912,1.376975069341635
"RSI, MACD, Upper_BB, Lower_BB, CCI, ATR",60,30,1.975807610631191,21.482796224585574,-24.91524640767329,14.957264957264957,0.9896270217862677
"RSI, MACD, Upper_BB, Lower_BB, CCI, ATR",5,1,0.18655664094209806,1.7441197549352714,0.9369749720094214,95.06172839506173,0.7333462148216964
"RSI, MACD, Upper_BB, Lower_BB, CCI, Williams_%R",60,1,0.21340878245010397,2.0827276103596177,0.7692850555976173,91.9831223628692,1.1826517217509573
"RSI, MACD, Upper_BB, Lower_BB, CCI, Williams_%R",60,30,1.5272055175137946,17.117247580633528,-14.483209973833073,22.22222222222222,1.059524088912373
"RSI, MACD, Upper_BB, Lower_BB, CCI, Williams_%R",5,1,0.18446667142379947,1.728417113341792,0.9383791843026821,95.47325102880659,0.6532377954695678
"RSI, MACD, Upper_BB, Lower_BB, CCI, OBV",60,1,0.21060350795928948,2.0690146752385643,0.7753107202515868,92.82700421940928,1.4101445243784247
"RSI, MACD, Upper_BB, Lower_BB, CCI, OBV",60,30,1.5174230349444766,17.026013884575335,-14.285490505834806,18.803418803418804,1.0277733793103319
"RSI, MACD, Upper_BB, Lower_BB, CCI, OBV",5,1,0.18401686847709867,1.7254614134073647,0.9386793299221476,95.47325102880659,0.7327740188133779
"RSI, MACD, Upper_BB, Lower_BB, ATR, Williams_%R",60,1,0.2328429987822745,2.316414512970692,0.7253513186014494,89.87341772151899,1.1241263457977608
"RSI, MACD, Upper_BB, Lower_BB, ATR, Williams_%R",60,30,1.9702974885731799,21.235851657910693,-24.770903349684634,13.675213675213676,1.0022820175387932
"RSI, MACD, Upper_BB, Lower_BB, ATR, Williams_%R",5,1,0.18661985537394163,1.7455613349651011,0.9369322529047265,95.06172839506173,0.8196871689201279
"RSI, MACD, Upper_BB, Lower_BB, ATR, OBV",60,1,0.23036241137828456,2.3134943679148408,0.7311720734391819,90.29535864978902,1.2567185015902569
"RSI, MACD, Upper_BB, Lower_BB, ATR, OBV",60,30,1.9107999337273331,20.246041148018392,-23.237982620505985,15.81196581196581,1.3448496912995072
"RSI, MACD, Upper_BB, Lower_BB, ATR, OBV",5,1,0.186053256277032,1.7414060801110802,0.9373146332472516,95.06172839506173,0.9003406954026681
"RSI, MACD, Upper_BB, Lower_BB, Williams_%R, OBV",60,1,0.2140763740187841,2.079623026198075,0.7678393394462227,92.40506329113924,1.26250651680826
"RSI, MACD, Upper_BB, Lower_BB, Williams_%R, OBV",60,30,1.4851365699392194,16.730737742507102,-13.64194661852491,18.803418803418804,1.0711469277122794
"RSI, MACD, Upper_BB, Lower_BB, Williams_%R, OBV",5,1,0.183956809028701,1.7272041653816856,0.9387193510858637,95.47325102880659,0.6162239549554636
"RSI, MACD, Upper_BB, CCI, ATR, Williams_%R",60,1,0.21692996943357168,2.200881933952725,0.7616087776042864,90.71729957805907,1.3164272664224885
"RSI, MACD, Upper_BB, CCI, ATR, Williams_%R",60,30,1.7799227868048753,19.14787785983435,-20.03140858237176,14.957264957264957,1.1392022583938697
"RSI, MACD, Upper_BB, CCI, ATR, Williams_%R",5,1,0.1843075700104666,1.7302239628425569,0.9384854336415384,95.88477366255144,0.8516293269603615
"RSI, MACD, Upper_BB, CCI, ATR, OBV",60,1,0.2183637527772416,2.2092569533812036,0.7584471036239149,90.71729957805907,1.2538932963488294
"RSI, MACD, Upper_BB, CCI, ATR, OBV",60,30,1.753166348148032,18.512172564506045,-19.40385771205525,23.076923076923077,1.210554757529455
"RSI, MACD, Upper_BB, CCI, ATR, OBV",5,1,0.18393271820467155,1.7261593112924225,0.9387354005560586,95.88477366255144,0.7901804294754466
"RSI, MACD, Upper_BB, CCI, Williams_%R, OBV",60,1,0.20243942448222657,2.0131192530312076,0.7923933128090311,93.24894514767934,1.3743904335288288
"RSI, MACD, Upper_BB, CCI, Williams_%R, OBV",60,30,1.447522671801308,16.09636436676799,-12.909668626281059,20.51282051282051,1.0580325763833112
"RSI, MACD, Upper_BB, CCI, Williams_%R, OBV",5,1,0.18225975725607074,1.7111726186433518,0.9398447971802005,95.47325102880659,0.711397398525778
"RSI, MACD, Upper_BB, ATR, Williams_%R, OBV",60,1,0.22008981299819702,2.2204616968978153,0.754613292610226,90.71729957805907,1.32270249865006
"RSI, MACD, Upper_BB, ATR, Williams_%R, OBV",60,30,1.7408723243202535,18.343259167933223,-19.11869824612856,23.076923076923077,1.1692180715212164
"RSI, MACD, Upper_BB, ATR, Williams_%R, OBV",5,1,0.1839195346561435,1.726727039414867,0.9387441826355268,95.88477366255144,0.7985491461357813
"RSI, MACD, Lower_BB, CCI, ATR, Williams_%R",60,1,0.22053947970934137,2.220355767711932,0.7536095664260924,91.9831223628692,1.3658367786000851
"RSI, MACD, Lower_BB, CCI, ATR, Williams_%R",60,30,1.8186344093091589,19.43486529577363,-20.956183024230267,18.803418803418804,1.148348734780499
"RSI, MACD, Lower_BB, CCI, ATR, Williams_%R",5,1,0.18638874414821147,1.7443352139194135,0.9370883631857889,95.06172839506173,0.7976718163897765
"RSI, MACD, Lower_BB, CCI, ATR, OBV",60,1,0.22117426582446537,2.214642404294032,0.7521891375802536,91.13924050632912,1.259367541078013
"RSI, MACD, Lower_BB, CCI, ATR, OBV",60,30,1.8010292990369055,19.147333846940654,-20.53315123149082,17.094017094017094,1.2944478886868231
"RSI, MACD, Lower_BB, CCI, ATR, OBV",5,1,0.18619010715988263,1.7395990648575295,0.9372223832870471,95.47325102880659,0.8282049429675752
"RSI, MACD, Lower_BB, CCI, Williams_%R, OBV",60,1,0.2052165388059423,2.029466052228897,0.7866582430009444,93.24894514767934,1.3582070146879606
"RSI, MACD, Lower_BB, CCI, Williams_%R, OBV",60,30,1.4796831680427314,16.51132406913673,-13.534613973299614,23.504273504273502,1.0592806915836368
"RSI, MACD, Lower_BB, CCI, Williams_%R, OBV",5,1,0.1830210922356743,1.7147880767529604,0.9393411872227556,95.47325102880659,0.7317211271564158
"RSI, MACD, Lower_BB, ATR, Williams_%R, OBV",60,1,0.22299504054330593,2.22626429394236,0.7480922324335397,91.56118143459916,1.264765216712711
"RSI, MACD, Lower_BB, ATR, Williams_%R, OBV",60,30,1.7849393754015215,18.876803490106127,-20.150126771502812,19.65811965811966,1.2657262587834381
"RSI, MACD, Lower_BB, ATR, Williams_%R, OBV",5,1,0.18628777656143486,1.7416477209578487,0.9371565037348937,95.06172839506173,0.8828567325721753
"RSI, MACD, CCI, ATR, Williams_%R, OBV",60,1,0.20636390317317635,2.064274565202376,0.7842659892848765,93.24894514767934,0.8358692078309232
"RSI, MACD, CCI, ATR, Williams_%R, OBV",60,30,1.4945314608234193,16.363791509112367,-13.827780824522351,19.230769230769234,1.149853207921602
"RSI, MACD, CCI, ATR, Williams_%R, OBV",5,1,0.1821358455963985,1.7037479573228171,0.9399265639652075,95.47325102880659,0.8879661236841621
"RSI, Upper_BB, Lower_BB, CCI, ATR, Williams_%R",60,1,0.22467551952716305,2.246952340443616,0.7442811988925879,91.13924050632912,1.255890071211077
"RSI, Upper_BB, Lower_BB, CCI, ATR, Williams_%R",60,30,1.4433817316103414,15.507064899873757,-12.830199447861158,21.367521367521366,1.3159722548761283
"RSI, Upper_BB, Lower_BB, CCI, ATR, Williams_%R",5,1,0.18477617217419945,1.7352869716822534,0.9381722343108629,95.47325102880659,0.7793832343738075
"RSI, Upper_BB, Lower_BB, CCI, ATR, OBV",60,1,0.224778286350733,2.245564434064481,0.7440472132844793,92.82700421940928,1.2615599049621042
"RSI, Upper_BB, Lower_BB, CCI, ATR, OBV",60,30,1.4295277303517628,15.391043721720985,-12.565980963451013,20.085470085470085,1.4039065998224853
"RSI, Upper_BB, Lower_BB, CCI, ATR, OBV",5,1,0.18442408817839978,1.7324578481736839,0.9384076307578142,95.47325102880659,0.8943832414660812
"RSI, Upper_BB, Lower_BB, CCI, Williams_%R, OBV",60,1,0.21022554090690918,2.0750969051292865,0.7761164897150599,93.24894514767934,1.224056474352781
"RSI, Upper_BB, Lower_BB, CCI, Williams_%R, OBV",60,30,1.2697389490388558,14.015800630538738,-9.702738589006987,18.803418803418804,1.1344278083103345
"RSI, Upper_BB, Lower_BB, CCI, Williams_%R, OBV",5,1,0.18180051087460952,1.720499867836921,0.9401475656514781,95.47325102880659,0.7898612566690445
"RSI, Upper_BB, Lower_BB, ATR, Williams_%R, OBV",60,1,0.22651787602372334,2.2591940802140735,0.7400701764645319,90.71729957805907,1.3513958472923455
"RSI, Upper_BB, Lower_BB, ATR, Williams_%R, OBV",60,30,1.4143954937152399,15.310098089412987,-12.280296234223878,19.65811965811966,1.38046595395001
"RSI, Upper_BB, Lower_BB, ATR, Williams_%R, OBV",5,1,0.18451000251914879,1.7352067222208913,0.9383502315273986,95.47325102880659,0.7825922240470647
"RSI, Upper_BB, CCI, ATR, Williams_%R, OBV",60,1,0.2156680998707602,2.1833829384502255,0.7643741281527219,91.13924050632912,1.2827588157071406
"RSI, Upper_BB, CCI, ATR, Williams_%R, OBV",60,30,1.1045148118871573,11.603204613340958,-7.09858459756529,30.76923076923077,1.1507665142643166
"RSI, Upper_BB, CCI, ATR, Williams_%R, OBV",5,1,0.18368480157615494,1.7222848259117745,0.9389004421761772,95.47325102880659,0.8359978853285269
"RSI, Lower_BB, CCI, ATR, Williams_%R, OBV",60,1,0.21713893334934575,2.187320574412299,0.7611492822530526,91.13924050632912,1.2201526390082031
"RSI, Lower_BB, CCI, ATR, Williams_%R, OBV",60,30,1.1774495663951812,12.717067490024908,-8.20345011834331,22.64957264957265,1.2006044536155163
"RSI, Lower_BB, CCI, ATR, Williams_%R, OBV",5,1,0.18470972379991735,1.7315821973870191,0.9382166947599916,95.06172839506173,0.8385147274367287
"MACD, Upper_BB, Lower_BB, CCI, ATR, Williams_%R",60,1,0.2279907932605004,2.2704402730114435,0.7366788338562442,91.13924050632912,1.1402389734138012
"MACD, Upper_BB, Lower_BB, CCI, ATR, Williams_%R",60,30,1.9129421410553478,20.473379359298306,-23.292359730861577,18.803418803418804,1.0039111457314467
"MACD, Upper_BB, Lower_BB, CCI, ATR, Williams_%R",5,1,0.18658334360444268,1.7492066548059424,0.9369569286261769,95.06172839506173,0.7733986749689371
"MACD, Upper_BB, Lower_BB, CCI, ATR, OBV",60,1,0.2280842474282818,2.284598441709203,0.736462917207741,92.82700421940928,1.5210246649701897
"MACD, Upper_BB, Lower_BB, CCI, ATR, OBV",60,30,1.8940668526253925,20.165095679313303,-22.815332101362234,15.81196581196581,1.3206373931732736
"MACD, Upper_BB, Lower_BB, CCI, ATR, OBV",5,1,0.18646341332260843,1.7470037136168337,0.9370379470413287,95.06172839506173,0.7619919816141345
"MACD, Upper_BB, Lower_BB, CCI, Williams_%R, OBV",60,1,0.20969055197931083,2.049313660898416,0.7772545321680278,91.9831223628692,1.2451744622207133
"MACD, Upper_BB, Lower_BB, CCI, Williams_%R, OBV",60,30,1.4825564854143916,16.584457659031855,-13.591116754380156,22.22222222222222,1.069962582298274
"MACD, Upper_BB, Lower_BB, CCI, Williams_%R, OBV",5,1,0.18385307688753058,1.7283402184556793,0.9387884431807382,95.47325102880659,0.6225579010424663
"MACD, Upper_BB, Lower_BB, ATR, Williams_%R, OBV",60,1,0.22863544711907252,2.2742277017825083,0.7351876245619237,90.71729957805907,1.4087895294742425
"MACD, Upper_BB, Lower_BB, ATR, Williams_%R, OBV",60,30,1.8593039440364072,19.522592143223857,-21.949161156175556,17.94871794871795,1.153143899945672
"MACD, Upper_BB, Lower_BB, ATR, Williams_%R, OBV",5,1,0.18624333297401058,1.7448999873012645,0.937186485919481,95.06172839506173,0.7785423556918082
"MACD, Upper_BB, CCI, ATR, Williams_%R, OBV",60,1,0.2159176110714233,2.1655053761617142,0.7638286111967859,90.71729957805907,1.2979026496817854
"MACD, Upper_BB, CCI, ATR, Williams_%R, OBV",60,30,1.6581289392423504,17.551867830461635,-17.251671047186917,23.931623931623932,1.2081478627315507
"MACD, Upper_BB, CCI, ATR, Williams_%R, OBV",5,1,0.18346998169546422,1.7264415318303934,0.939043270809944,95.88477366255144,0.8336121611513363
"MACD, Lower_BB, CCI, ATR, Williams_%R, OBV",60,1,0.21994729986302486,2.211846653120222,0.7549309766167851,91.56118143459916,1.2888499915989444
"MACD, Lower_BB, CCI, ATR, Williams_%R, OBV",60,30,1.706878397346905,18.16316988718415,-18.340655908900374,17.94871794871795,1.268223716617512
"MACD, Lower_BB, CCI, ATR, Williams_%R, OBV",5,1,0.18603871394421256,1.745991460230048,0.9373244321173007,95.47325102880659,0.8253260207992824
"Upper_BB, Lower_BB, CCI, ATR, Williams_%R, OBV",60,1,0.22198114550833056,2.226203102042508,0.7503777308045824,91.9831223628692,1.3108902875695239
"Upper_BB, Lower_BB, CCI, ATR, Williams_%R, OBV",60,30,1.360910408253287,14.778838901587568,-11.294902972965808,20.085470085470085,1.379952278511344
"Upper_BB, Lower_BB, CCI, ATR, Williams_%R, OBV",5,1,0.18428277829765788,1.7334500247346512,0.9385019815119618,95.47325102880659,0.762610678143571
"20MA, 50MA, RSI, MACD, Upper_BB, Lower_BB",60,1,0.21403368512940385,2.122682496290369,0.7679318568302389,91.56118143459916,1.6756967555711935
"20MA, 50MA, RSI, MACD, Upper_BB, Lower_BB",60,30,1.5189731243593456,16.13529798078361,-14.316736028886023,26.923076923076923,1.0064690047906875
"20MA, 50MA, RSI, MACD, Upper_BB, Lower_BB",5,1,0.1866152004809759,1.7412661690534232,0.9369353988750471,95.06172839506173,0.686481061125641
"20MA, 50MA, RSI, MACD, Upper_BB, CCI",60,1,0.21524295943513086,2.1479372404172947,0.7653021135427359,91.9831223628692,1.5435298404404758
"20MA, 50MA, RSI, MACD, Upper_BB, CCI",60,30,1.5555597022082033,16.39582919271046,-15.063471827125408,26.495726495726498,0.9587345412334544
"20MA, 50MA, RSI, MACD, Upper_BB, CCI",5,1,0.18660790923347803,1.7417912475950668,0.9369403267762166,95.47325102880659,0.7185085480509773
"20MA, 50MA, RSI, MACD, Upper_BB, ATR",60,1,0.2294680581394058,2.3240352098161146,0.733255330000965,92.40506329113924,1.2418044815666354
"20MA, 50MA, RSI, MACD, Upper_BB, ATR",60,30,1.9202975859094515,20.345831697919113,-23.479532521093656,20.51282051282051,1.133705077718707
"20MA, 50MA, RSI, MACD, Upper_BB, ATR",5,1,0.18799366158796588,1.7501242095623648,0.9360002856780871,95.06172839506173,0.718262340093692
"20MA, 50MA, RSI, MACD, Upper_BB, Williams_%R",60,1,0.21586216835056463,2.1420815051228486,0.7639498178689051,90.71729957805907,1.3971170846402845
"20MA, 50MA, RSI, MACD, Upper_BB, Williams_%R",60,30,1.497704890210261,15.933629291302154,-13.890817592724364,26.495726495726498,0.9573444302683185
"20MA, 50MA, RSI, MACD, Upper_BB, Williams_%R",5,1,0.18672429118927847,1.7415303518277117,0.936861645259494,95.06172839506173,0.6609509198373583
"20MA, 50MA, RSI, MACD, Upper_BB, OBV",60,1,0.21361228972293125,2.1209519316342478,0.7688447615557643,91.9831223628692,1.6481915064451733
"20MA, 50MA, RSI, MACD, Upper_BB, OBV",60,30,1.4841579320902352,15.839909679385991,-13.622656666783577,24.358974358974358,1.0140846138730817
"20MA, 50MA, RSI, MACD, Upper_BB, OBV",5,1,0.18596317932679193,1.7368176666972477,0.9373753160906116,94.65020576131687,0.6933752053045416
"20MA, 50MA, RSI, MACD, Lower_BB, CCI",60,1,0.2152429594378963,2.14793724044293,0.7653021135367051,91.9831223628692,1.5435298404404758
"20MA, 50MA, RSI, MACD, Lower_BB, CCI",60,30,1.5555597022394767,16.395829193217047,-15.063471827771298,26.495726495726498,0.9587345412334544
"20MA, 50MA, RSI, MACD, Lower_BB, CCI",5,1,0.1866079092334766,1.7417912475950568,0.9369403267762175,95.47325102880659,0.7185085480509773
"20MA, 50MA, RSI, MACD, Lower_BB, ATR",60,1,0.22946805814082225,2.3240352098264685,0.7332553299976718,92.40506329113924,1.2418044815666354
"20MA, 50MA, RSI, MACD, Lower_BB, ATR",60,30,1.9202975859145908,20.34583169787149,-23.479532521224684,20.51282051282051,1.133705077718707
"20MA, 50MA, RSI, MACD, Lower_BB, ATR",5,1,0.18799366158796643,1.7501242095623704,0.9360002856780868,95.06172839506173,0.718262340093692
"20MA, 50MA, RSI, MACD, Lower_BB, Williams_%R",60,1,0.2158621683498859,2.1420815051175106,0.7639498178703896,90.71729957805907,1.3971170846402845
"20MA, 50MA, RSI, MACD, Lower_BB, Williams_%R",60,30,1.497704890223144,15.93362929150338,-13.890817592980541,26.495726495726498,0.9573444302683185
"20MA, 50MA, RSI, MACD, Lower_BB, Williams_%R",5,1,0.1867242911892808,1.7415303518277254,0.9368616452594923,95.06172839506173,0.6609509198373583
"20MA, 50MA, RSI, MACD, Lower_BB, OBV",60,1,0.2136122897301339,2.1209519316544254,0.7688447615401759,91.9831223628692,1.6481915064451733
"20MA, 50MA, RSI, MACD, Lower_BB, OBV",60,30,1.4841579321423048,15.839909680189896,-13.622656667809608,24.358974358974358,1.0140846138730817
"20MA, 50MA, RSI, MACD, Lower_BB, OBV",5,1,0.18596317932679085,1.7368176666972397,0.9373753160906123,94.65020576131687,0.6933752053045416
"20MA, 50MA, RSI, MACD, CCI, ATR",60,1,0.22080269169414565,2.185081943791845,0.753021018101193,93.24894514767934,0.9338931874978762
"20MA, 50MA, RSI, MACD, CCI, ATR",60,30,1.6349485837415703,17.394695424130358,-16.7449282185157,24.786324786324787,0.9801704257549548
"20MA, 50MA, RSI, MACD, CCI, ATR",5,1,0.18771451404565334,1.7508089545535062,0.9361902080283822,95.06172839506173,0.7927778061727048
"20MA, 50MA, RSI, MACD, CCI, Williams_%R",60,1,0.2095775408306898,2.029661399808405,0.7774945005575735,92.82700421940928,1.0147286861852174
"20MA, 50MA, RSI, MACD, CCI, Williams_%R",60,30,1.5059504303294868,16.042436396718376,-14.055230251159285,27.350427350427353,1.1001625126624834
"20MA, 50MA, RSI, MACD, CCI, Williams_%R",5,1,0.1857258055921729,1.7259988232962253,0.9375350893060004,94.23868312757202,0.9600968300567785
"20MA, 50MA, RSI, MACD, CCI, OBV",60,1,0.20643891897197336,2.015354132036444,0.7841090577865084,92.82700421940928,0.9789856100734321
"20MA, 50MA, RSI, MACD, CCI, OBV",60,30,1.4961506039128383,15.783091309020952,-13.859926881998499,27.77777777777778,1.070428251337701
"20MA, 50MA, RSI, MACD, CCI, OBV",5,1,0.18521924801624218,1.7206192530160567,0.9378753642890846,94.65020576131687,0.9406012131700032
"20MA, 50MA, RSI, MACD, ATR, Williams_%R",60,1,0.22180969775588238,2.2055383447453454,0.7507631065751657,92.40506329113924,1.0816831176945345
"20MA, 50MA, RSI, MACD, ATR, Williams_%R",60,30,1.6222005464382594,17.04045417175074,-16.469285187333895,30.34188034188034,0.9720314756366566
"20MA, 50MA, RSI, MACD, ATR, Williams_%R",5,1,0.18775473950580807,1.7507168812624214,0.9361628574180605,94.65020576131687,0.7558919168950575
"20MA, 50MA, RSI, MACD, ATR, OBV",60,1,0.21982582797693248,2.1857728251659507,0.7552015269429737,92.82700421940928,1.0015591139881412
"20MA, 50MA, RSI, MACD, ATR, OBV",60,30,1.5736726700967407,16.669934419368527,-15.43973653025964,26.495726495726498,0.9493555940755417
"20MA, 50MA, RSI, MACD, ATR, OBV",5,1,0.1870967046300645,1.744929662798226,0.9366095407241866,94.65020576131687,0.7761600778659627
"20MA, 50MA, RSI, MACD, Williams_%R, OBV",60,1,0.20823154296654978,2.015716792336296,0.7803433763703248,92.40506329113924,1.0135847098029682
"20MA, 50MA, RSI, MACD, Williams_%R, OBV",60,30,1.4284565470860304,15.03870196991824,-12.545658296404685,31.62393162393162,1.125784139364524
"20MA, 50MA, RSI, MACD, Williams_%R, OBV",5,1,0.18511854543824094,1.7193700802784657,0.9379428994976089,94.65020576131687,0.940887253799457
"20MA, 50MA, RSI, Upper_BB, Lower_BB, CCI",60,1,0.21404369921345678,2.1391449773861932,0.7679101405825735,92.40506329113924,1.4894026092698405
"20MA, 50MA, RSI, Upper_BB, Lower_BB, CCI",60,30,1.578586255012166,17.024159542508844,-15.542558613078835,25.64102564102564,1.011887075860876
"20MA, 50MA, RSI, Upper_BB, Lower_BB, CCI",5,1,0.1844241022593548,1.7363714620746429,0.9384076211464729,95.47325102880659,0.8307137539983375
"20MA, 50MA, RSI, Upper_BB, Lower_BB, ATR",60,1,0.22646935585678968,2.289279574049878,0.7401814474410308,91.9831223628692,1.2349161544842844
"20MA, 50MA, RSI, Upper_BB, Lower_BB, ATR",60,30,1.92637941532619,20.608614535945364,-23.634837723456446,18.37606837606838,0.987321437985231
"20MA, 50MA, RSI, Upper_BB, Lower_BB, ATR",5,1,0.18615679690028278,1.7463913638326551,0.9372448434718377,95.06172839506173,0.8607706200627118
"20MA, 50MA, RSI, Upper_BB, Lower_BB, Williams_%R",60,1,0.21440773754141065,2.131874482368594,0.7671200079768721,90.71729957805907,1.3891753925363026
"20MA, 50MA, RSI, Upper_BB, Lower_BB, Williams_%R",60,30,1.5166866792952052,16.520263931425163,-14.270659482540028,23.931623931623932,0.9929141889898625
"20MA, 50MA, RSI, Upper_BB, Lower_BB, Williams_%R",5,1,0.18413545873754575,1.7360947845379342,0.9386002676444428,95.47325102880659,0.7678841679498352
"20MA, 50MA, RSI, Upper_BB, Lower_BB, OBV",60,1,0.2130438021433797,2.119929537441996,0.7700734738417314,91.13924050632912,1.5823380971632155
"20MA, 50MA, RSI, Upper_BB, Lower_BB, OBV",60,30,1.5008484220303118,16.291937904358907,-13.953391847134403,21.367521367521366,0.9970646141462741
"20MA, 50MA, RSI, Upper_BB, Lower_BB, OBV",5,1,0.18340497901568695,1.7315905668427434,0.9390864564045938,95.47325102880659,0.8124904489436054
"20MA, 50MA, RSI, Upper_BB, CCI, ATR",60,1,0.2271860375811128,2.3118758707589477,0.7385344092189816,91.13924050632912,1.3390596312792116
"20MA, 50MA, RSI, Upper_BB, CCI, ATR",60,30,1.9387222802293715,20.94864389478288,-23.95153399378768,17.52136752136752,1.137929838124026
"20MA, 50MA, RSI, Upper_BB, CCI, ATR",5,1,0.18643765774398838,1.7476788838028592,0.9370553391124853,95.06172839506173,0.8950607950417611
"20MA, 50MA, RSI, Upper_BB, CCI, Williams_%R",60,1,0.21399826618352388,2.133852937532469,0.7680086571609482,91.56118143459916,1.4531089969613393
"20MA, 50MA, RSI, Upper_BB, CCI, Williams_%R",60,30,1.5544317458092591,16.825572885972893,-15.040184611998342,26.923076923076923,0.9985199441178368
"20MA, 50MA, RSI, Upper_BB, CCI, Williams_%R",5,1,0.18441806857962317,1.7372181627912289,0.9384116512336925,95.47325102880659,0.7768084313032716
"20MA, 50MA, RSI, Upper_BB, CCI, OBV",60,1,0.2129138229889262,2.132752811875114,0.7703539470444943,92.40506329113924,1.516280657700575
"20MA, 50MA, RSI, Upper_BB, CCI, OBV",60,30,1.5493614756070124,16.656218845157586,-14.935715011838502,24.786324786324787,0.9467740185313313
"20MA, 50MA, RSI, Upper_BB, CCI, OBV",5,1,0.18384587863274282,1.7337557214262125,0.9387932360179239,95.47325102880659,0.7881783371121
"20MA, 50MA, RSI, Upper_BB, ATR, Williams_%R",60,1,0.22676913133160972,2.3040707573823345,0.7394931531772633,91.9831223628692,1.1581710229025406
"20MA, 50MA, RSI, Upper_BB, ATR, Williams_%R",60,30,1.9427632045982546,20.79885068966317,-24.055656529645773,17.94871794871795,1.0954006256561175
"20MA, 50MA, RSI, Upper_BB, ATR, Williams_%R",5,1,0.18632343036583338,1.7472739680279177,0.9371324458630075,95.06172839506173,0.8669229753189258
"20MA, 50MA, RSI, Upper_BB, ATR, OBV",60,1,0.22675707100574571,2.3043215229563114,0.7395208616567948,91.56118143459916,1.2469419399010293
"20MA, 50MA, RSI, Upper_BB, ATR, OBV",60,30,1.873433393883805,19.945486232489802,-22.299283325872146,17.94871794871795,1.0262590766561508
"20MA, 50MA, RSI, Upper_BB, ATR, OBV",5,1,0.18585461385568341,1.744103521576509,0.9374484154400701,95.06172839506173,0.8686486405276066
"20MA, 50MA, RSI, Upper_BB, Williams_%R, OBV",60,1,0.2146058682284104,2.1373843168168785,0.766689407922431,90.71729957805907,1.4870905542199566
"20MA, 50MA, RSI, Upper_BB, Williams_%R, OBV",60,30,1.5151313398234127,16.501227306466575,-14.239355876330906,23.076923076923077,0.9741924673605389
"20MA, 50MA, RSI, Upper_BB, Williams_%R, OBV",5,1,0.1834909727535664,1.7322313215991887,0.9390293215181573,95.47325102880659,0.7508115405867601
"20MA, 50MA, RSI, Lower_BB, CCI, ATR",60,1,0.22718603758115674,2.3118758707592653,0.7385344092188804,91.13924050632912,1.3390596312792116
"20MA, 50MA, RSI, Lower_BB, CCI, ATR",60,30,1.9387222802294004,20.948643894783356,-23.95153399378842,17.52136752136752,1.137929838124026
"20MA, 50MA, RSI, Lower_BB, CCI, ATR",5,1,0.1864376577439876,1.74767888380286,0.9370553391124858,95.06172839506173,0.8950607950417611
"20MA, 50MA, RSI, Lower_BB, CCI, Williams_%R",60,1,0.21399826618356188,2.133852937533627,0.7680086571608659,91.56118143459916,1.4531089969613393
"20MA, 50MA, RSI, Lower_BB, CCI, Williams_%R",60,30,1.5544317458092687,16.825572885973237,-15.040184611998537,26.923076923076923,0.9985199441178368
"20MA, 50MA, RSI, Lower_BB, CCI, Williams_%R",5,1,0.18441806857962245,1.737218162791224,0.938411651233693,95.47325102880659,0.7768084313032716
"20MA, 50MA, RSI, Lower_BB, CCI, OBV",60,1,0.21291382298892644,2.1327528118751786,0.7703539470444938,92.40506329113924,1.516280657700575
"20MA, 50MA, RSI, Lower_BB, CCI, OBV",60,30,1.5493614756068734,16.656218845155212,-14.935715011835644,24.786324786324787,0.9467740185313313
"20MA, 50MA, RSI, Lower_BB, CCI, OBV",5,1,0.18384587863274293,1.7337557214262116,0.9387932360179239,95.47325102880659,0.7881783371121
"20MA, 50MA, RSI, Lower_BB, ATR, Williams_%R",60,1,0.22676913133164625,2.3040707573835175,0.7394931531771793,91.9831223628692,1.1581710229025406
"20MA, 50MA, RSI, Lower_BB, ATR, Williams_%R",60,30,1.942763204598399,20.798850689665475,-24.055656529649497,17.94871794871795,1.0954006256561175
"20MA, 50MA, RSI, Lower_BB, ATR, Williams_%R",5,1,0.1863234303658321,1.747273968027906,0.9371324458630084,95.06172839506173,0.8669229753189258
"20MA, 50MA, RSI, Lower_BB, ATR, OBV",60,1,0.22675707100591946,2.304321522959273,0.7395208616563957,91.56118143459916,1.2469419399010293
"20MA, 50MA, RSI, Lower_BB, ATR, OBV",60,30,1.8734333938838499,19.945486232484598,-22.29928332587326,17.94871794871795,1.0262590766561508
"20MA, 50MA, RSI, Lower_BB, ATR, OBV",5,1,0.18585461385568205,1.7441035215764997,0.9374484154400711,95.06172839506173,0.8686486405276066
"20MA, 50MA, RSI, Lower_BB, Williams_%R, OBV",60,1,0.21460586822846456,2.137384316817347,0.7666894079223132,90.71729957805907,1.4870905542199566
"20MA, 50MA, RSI, Lower_BB, Williams_%R, OBV",60,30,1.515131339823399,16.501227306467246,-14.23935587633063,23.076923076923077,0.9741924673605389
"20MA, 50MA, RSI, Lower_BB, Williams_%R, OBV",5,1,0.18349097275357026,1.7322313215992065,0.9390293215181548,95.47325102880659,0.7508115405867601
"20MA, 50MA, RSI, CCI, ATR, Williams_%R",60,1,0.22093628199848084,2.1832872163213577,0.7527220726659125,92.40506329113924,1.1659583789787855
"20MA, 50MA, RSI, CCI, ATR, Williams_%R",60,30,1.644084459339744,17.75955485886242,-16.943794896211536,22.22222222222222,1.0168909395509271
"20MA, 50MA, RSI, CCI, ATR, Williams_%R",5,1,0.18518232362118328,1.7325915435946755,0.9379001315415673,95.06172839506173,0.8668160540965948
"20MA, 50MA, RSI, CCI, ATR, OBV",60,1,0.2200854107597325,2.1828774824471227,0.7546230417987114,92.82700421940928,1.0014595698596465
"20MA, 50MA, RSI, CCI, ATR, OBV",60,30,1.6019288600272807,17.273614318508045,-16.03540642551462,23.504273504273502,1.0569087776037849
"20MA, 50MA, RSI, CCI, ATR, OBV",5,1,0.18463708939875592,1.7266272400969032,0.9382652757644983,95.06172839506173,0.7781574778370337
"20MA, 50MA, RSI, CCI, Williams_%R, OBV",60,1,0.20842700295846173,2.026270687174212,0.779930814165193,92.82700421940928,1.05943614588006
"20MA, 50MA, RSI, CCI, Williams_%R, OBV",60,30,1.5037407036772283,16.165049133261626,-14.011080675792048,26.495726495726498,1.070428251337701
"20MA, 50MA, RSI, CCI, Williams_%R, OBV",5,1,0.18296746796481722,1.7149563538155994,0.9393767272742425,95.06172839506173,0.8711922087346362
"20MA, 50MA, RSI, ATR, Williams_%R, OBV",60,1,0.22095462216718045,2.203026309463748,0.7526810173254801,92.82700421940928,1.057782227915046
"20MA, 50MA, RSI, ATR, Williams_%R, OBV",60,30,1.6068756169843124,17.24048342280276,-16.14077955446886,24.786324786324787,0.9934818387727496
"20MA, 50MA, RSI, ATR, Williams_%R, OBV",5,1,0.18409869953341318,1.7226600112604435,0.938624779816366,95.06172839506173,0.8879624423309519
"20MA, 50MA, MACD, Upper_BB, Lower_BB, CCI",60,1,0.21392609538815363,2.1309298399329673,0.7681651086756882,92.40506329113924,1.5527686576924193
"20MA, 50MA, MACD, Upper_BB, Lower_BB, CCI",60,30,1.524955773703926,16.02440970860825,-14.43762706518789,29.059829059829063,0.9322780302563911
"20MA, 50MA, MACD, Upper_BB, Lower_BB, CCI",5,1,0.18685231163182997,1.745719240924663,0.9367750387342701,95.06172839506173,0.7469772255825213
"20MA, 50MA, MACD, Upper_BB, Lower_BB, ATR",60,1,0.22402371685735162,2.271557391292865,0.7457627008019723,92.82700421940928,1.294113650701176
"20MA, 50MA, MACD, Upper_BB, Lower_BB, ATR",60,30,1.7821223294608837,18.87305520527117,-20.083420549658214,21.794871794871796,1.0804499919720374
"20MA, 50MA, MACD, Upper_BB, Lower_BB, ATR",5,1,0.18779196217124963,1.749165474442356,0.9361375432859236,94.65020576131687,0.7873801158564535
"20MA, 50MA, MACD, Upper_BB, Lower_BB, Williams_%R",60,1,0.2145567228004136,2.134036018647743,0.766796253425829,91.13924050632912,1.3152474887477188
"20MA, 50MA, MACD, Upper_BB, Lower_BB, Williams_%R",60,30,1.498655444418628,15.974756726391584,-13.909725217552898,26.495726495726498,0.938193201133523
"20MA, 50MA, MACD, Upper_BB, Lower_BB, Williams_%R",5,1,0.18689740209936045,1.7449316349497483,0.9367445206527403,95.06172839506173,0.6887020391654016
"20MA, 50MA, MACD, Upper_BB, Lower_BB, OBV",60,1,0.21179310627269085,2.1102109123754076,0.7727651649823113,91.9831223628692,1.5964960830920336
"20MA, 50MA, MACD, Upper_BB, Lower_BB, OBV",60,30,1.4132589885963402,15.059910256240267,-12.258963062533567,26.06837606837607,1.0207296469322564
"20MA, 50MA, MACD, Upper_BB, Lower_BB, OBV",5,1,0.18600590974730502,1.7399124374396318,0.937346533118311,94.65020576131687,0.774516981363805
"20MA, 50MA, MACD, Upper_BB, CCI, ATR",60,1,0.22846787641723149,2.3144300181065414,0.7355755806741997,91.56118143459916,1.2781096069980742
"20MA, 50MA, MACD, Upper_BB, CCI, ATR",60,30,1.900038091365683,20.189858772178003,-22.96573006231738,18.37606837606838,1.0950548059836682
"20MA, 50MA, MACD, Upper_BB, CCI, ATR",5,1,0.18849374797713195,1.7590043397486765,0.9356593384896054,94.65020576131687,0.7776665594009615
"20MA, 50MA, MACD, Upper_BB, CCI, Williams_%R",60,1,0.21406265194041213,2.125259508171793,0.7678690374760939,92.40506329113924,1.5211637154628297
"20MA, 50MA, MACD, Upper_BB, CCI, Williams_%R",60,30,1.4908402376856522,15.641176658601072,-13.75462784191566,29.48717948717949,1.0155165756524094
"20MA, 50MA, MACD, Upper_BB, CCI, Williams_%R",5,1,0.18665572711251596,1.7440698561683632,0.9369080048217925,95.47325102880659,0.7402512018284257
"20MA, 50MA, MACD, Upper_BB, CCI, OBV",60,1,0.21300519543355229,2.129340370113287,0.770156798512921,91.9831223628692,1.6135105272224188
"20MA, 50MA, MACD, Upper_BB, CCI, OBV",60,30,1.5008269619267398,15.786628219555016,-13.952964223613126,27.350427350427353,0.9416828703410897
"20MA, 50MA, MACD, Upper_BB, CCI, OBV",5,1,0.186255239659644,1.7427219790689275,0.9371784540159158,95.06172839506173,0.7368341460863896
"20MA, 50MA, MACD, Upper_BB, ATR, Williams_%R",60,1,0.22819173150680688,2.31315188530552,0.7362144042155838,91.9831223628692,1.235362994530902
"20MA, 50MA, MACD, Upper_BB, ATR, Williams_%R",60,30,1.8763566140276022,19.951825994645425,-22.372050333886797,18.803418803418804,1.0160112996105168
"20MA, 50MA, MACD, Upper_BB, ATR, Williams_%R",5,1,0.18825386304005676,1.7537388771157902,0.9358229994545321,94.65020576131687,0.6811263288776618
"20MA, 50MA, MACD, Upper_BB, ATR, OBV",60,1,0.22541194778561421,2.294543389581648,0.7426020208795144,91.9831223628692,1.2817686777008248
"20MA, 50MA, MACD, Upper_BB, ATR, OBV",60,30,1.7893196488169332,18.96024857155974,-20.25406038385036,17.94871794871795,1.0064587155847704
"20MA, 50MA, MACD, Upper_BB, ATR, OBV",5,1,0.1874672168259555,1.7474542065162426,0.9363582247623,94.65020576131687,0.7947982053759141
"20MA, 50MA, MACD, Upper_BB, Williams_%R, OBV",60,1,0.21424994438601128,2.136119628541523,0.7674626574286284,91.13924050632912,1.5743392841057753
"20MA, 50MA, MACD, Upper_BB, Williams_%R, OBV",60,30,1.4686530060115375,15.641370662972918,-13.318728193119034,26.495726495726498,0.9323822228305211
"20MA, 50MA, MACD, Upper_BB, Williams_%R, OBV",5,1,0.1861840165218307,1.7397294933118364,0.9372264901640593,94.65020576131687,0.718869554376545
"20MA, 50MA, MACD, Lower_BB, CCI, ATR",60,1,0.2284678764107608,2.3144300180638817,0.7355755806891779,91.56118143459916,1.2781096069980742
"20MA, 50MA, MACD, Lower_BB, CCI, ATR",60,30,1.900038091359461,20.189858772046996,-22.965730062160418,18.37606837606838,1.0950548059836682
"20MA, 50MA, MACD, Lower_BB, CCI, ATR",5,1,0.1884937479771312,1.7590043397486672,0.9356593384896059,94.65020576131687,0.7776665594009615
"20MA, 50MA, MACD, Lower_BB, CCI, Williams_%R",60,1,0.21406265194421223,2.1252595081907364,0.7678690374678523,92.40506329113924,1.5211637154628297
"20MA, 50MA, MACD, Lower_BB, CCI, Williams_%R",60,30,1.4908402376851564,15.641176658561593,-13.754627841905846,29.48717948717949,1.0155165756524094
"20MA, 50MA, MACD, Lower_BB, CCI, Williams_%R",5,1,0.1866557271125186,1.7440698561683947,0.9369080048217907,95.47325102880659,0.7402512018284257
"20MA, 50MA, MACD, Lower_BB, CCI, OBV",60,1,0.21300519542793916,2.129340370078182,0.7701567985250346,91.9831223628692,1.6135105272224188
"20MA, 50MA, MACD, Lower_BB, CCI, OBV",60,30,1.5008269620684505,15.786628221569664,-13.952964226436897,27.350427350427353,0.9416828703410897
"20MA, 50MA, MACD, Lower_BB, CCI, OBV",5,1,0.18625523965964552,1.7427219790689428,0.9371784540159147,95.06172839506173,0.7368341460863896
"20MA, 50MA, MACD, Lower_BB, ATR, Williams_%R",60,1,0.22819173149855135,2.313151885286321,0.7362144042346702,91.9831223628692,1.235362994530902
"20MA, 50MA, MACD, Lower_BB, ATR, Williams_%R",60,30,1.8763566140261496,19.95182599440821,-22.37205033385061,18.803418803418804,1.0160112996105168
"20MA, 50MA, MACD, Lower_BB, ATR, Williams_%R",5,1,0.18825386304005698,1.7537388771157907,0.935822999454532,94.65020576131687,0.6811263288776618
"20MA, 50MA, MACD, Lower_BB, ATR, OBV",60,1,0.2254119477949114,2.294543389648759,0.7426020208582815,91.9831223628692,1.2817686777008248
"20MA, 50MA, MACD, Lower_BB, ATR, OBV",60,30,1.7893196487679566,18.960248571402605,-20.254060382686845,17.94871794871795,1.0064587155847704
"20MA, 50MA, MACD, Lower_BB, ATR, OBV",5,1,0.18746721682595638,1.7474542065162464,0.9363582247622995,94.65020576131687,0.7947982053759141
"20MA, 50MA, MACD, Lower_BB, Williams_%R, OBV",60,1,0.21424994438065267,2.1361196285166524,0.7674626574402604,91.13924050632912,1.5743392841057753
"20MA, 50MA, MACD, Lower_BB, Williams_%R, OBV",60,30,1.4686530059818423,15.641370662578868,-13.318728192540004,26.495726495726498,0.9323822228305211
"20MA, 50MA, MACD, Lower_BB, Williams_%R, OBV",5,1,0.18618401652182767,1.739729493311817,0.9372264901640613,94.65020576131687,0.718869554376545
"20MA, 50MA, MACD, CCI, ATR, Williams_%R",60,1,0.21936183143145557,2.171011390039219,0.7562338512302682,92.82700421940928,0.9862396704610603
"20MA, 50MA, MACD, CCI, ATR, Williams_%R",60,30,1.5832473854278277,16.70927959182295,-15.640394079160956,28.63247863247863,1.0088227394539744
"20MA, 50MA, MACD, CCI, ATR, Williams_%R",5,1,0.18786111728192031,1.7574061608124363,0.9360904994359992,94.65020576131687,0.8011350413169219
"20MA, 50MA, MACD, CCI, ATR, OBV",60,1,0.21806952588184733,2.162949513376032,0.7590975437885247,92.82700421940928,0.9934667970561902
"20MA, 50MA, MACD, CCI, ATR, OBV",60,30,1.5630950788973723,16.638934298347326,-15.219476755581645,24.786324786324787,0.9962521619991487
"20MA, 50MA, MACD, CCI, ATR, OBV",5,1,0.18756169582209914,1.7575059762547929,0.9362940607308965,94.23868312757202,0.7974164925143479
"20MA, 50MA, MACD, CCI, Williams_%R, OBV",60,1,0.20699236284505002,2.0066045539680473,0.7829499383528893,92.40506329113924,1.0505577554167653
"20MA, 50MA, MACD, CCI, Williams_%R, OBV",60,30,1.4473304835188052,15.240995605717142,-12.905975714499819,34.18803418803419,1.0423995757901996
"20MA, 50MA, MACD, CCI, Williams_%R, OBV",5,1,0.18527959974269542,1.7263919724682202,0.9378348723866485,94.23868312757202,0.9627708021697142
"20MA, 50MA, MACD, ATR, Williams_%R, OBV",60,1,0.2195876000132676,2.193971733911164,0.7557318216985858,92.40506329113924,0.9840737280769192
"20MA, 50MA, MACD, ATR, Williams_%R, OBV",60,30,1.5526826337039417,16.656436441998316,-15.004106738254958,23.931623931623932,1.0332449696654822
"20MA, 50MA, MACD, ATR, Williams_%R, OBV",5,1,0.18727087386474656,1.7502445291288693,0.9364914648157328,94.23868312757202,0.7754757683781588
"20MA, 50MA, Upper_BB, Lower_BB, CCI, ATR",60,1,0.22561524417972412,2.2798138829010353,0.7421375230695078,91.56118143459916,1.4546648673573837
"20MA, 50MA, Upper_BB, Lower_BB, CCI, ATR",60,30,1.9077529009252185,20.41841606436472,-23.16074342011298,19.230769230769234,1.1709192818733307
"20MA, 50MA, Upper_BB, Lower_BB, CCI, ATR",5,1,0.18616006103070465,1.7498844886862561,0.9372426427161862,95.47325102880659,0.9661375785610915
"20MA, 50MA, Upper_BB, Lower_BB, CCI, Williams_%R",60,1,0.21281918809054676,2.119224701875376,0.7705580455928643,91.56118143459916,1.3459060550091426
"20MA, 50MA, Upper_BB, Lower_BB, CCI, Williams_%R",60,30,1.5184729370409817,16.35759222060384,-14.306650299782063,25.64102564102564,1.042496219040076
"20MA, 50MA, Upper_BB, Lower_BB, CCI, Williams_%R",5,1,0.18400652833727565,1.7372283926465157,0.9386862208949064,95.47325102880659,0.7930142231228737
"20MA, 50MA, Upper_BB, Lower_BB, CCI, OBV",60,1,0.21235924518871482,2.1255873708607256,0.7715487096753977,91.56118143459916,1.5348800039836266
"20MA, 50MA, Upper_BB, Lower_BB, CCI, OBV",60,30,1.5200142270251746,16.309658192528133,-14.337739375479735,23.504273504273502,0.9362960373421764
"20MA, 50MA, Upper_BB, Lower_BB, CCI, OBV",5,1,0.18317589794468067,1.7325110106299608,0.9392385288860087,95.47325102880659,0.8145610783035724
"20MA, 50MA, Upper_BB, Lower_BB, ATR, Williams_%R",60,1,0.225390845155524,2.2854617397801906,0.7426502128244101,91.9831223628692,1.3861477423531832
"20MA, 50MA, Upper_BB, Lower_BB, ATR, Williams_%R",60,30,1.8799296540494634,20.077833835380567,-22.461147237543084,18.803418803418804,0.9989831642870322
"20MA, 50MA, Upper_BB, Lower_BB, ATR, Williams_%R",5,1,0.18603229582145037,1.7464041184117005,0.9373287563037827,95.06172839506173,0.86120907386811
"20MA, 50MA, Upper_BB, Lower_BB, ATR, OBV",60,1,0.22330770803048525,2.271521579095114,0.7473852544077433,92.40506329113924,1.2920692762083186
"20MA, 50MA, Upper_BB, Lower_BB, ATR, OBV",60,30,1.7916985529814824,19.0752641550932,-20.310612586268604,18.803418803418804,1.0389544970281386
"20MA, 50MA, Upper_BB, Lower_BB, ATR, OBV",5,1,0.1851638572867304,1.738294029504478,0.9379125160903822,94.65020576131687,0.9474001864065884
"20MA, 50MA, Upper_BB, Lower_BB, Williams_%R, OBV",60,1,0.2134830628160205,2.1314993147575496,0.7691243563393206,90.71729957805907,1.5326426734312688
"20MA, 50MA, Upper_BB, Lower_BB, Williams_%R, OBV",60,30,1.4839178452017343,16.120156793543657,-13.617926140324727,21.794871794871796,0.9808792603898279
"20MA, 50MA, Upper_BB, Lower_BB, Williams_%R, OBV",5,1,0.18327379692840506,1.733080032888076,0.9391735631789171,95.47325102880659,0.9320554250302495
"20MA, 50MA, Upper_BB, CCI, ATR, Williams_%R",60,1,0.22424329383982403,2.2756857554276975,0.7452640748702174,91.9831223628692,1.3275401253543102
"20MA, 50MA, Upper_BB, CCI, ATR, Williams_%R",60,30,1.8801499669601325,20.01878098994063,-22.46664648215078,20.94017094017094,0.9746116387888067
"20MA, 50MA, Upper_BB, CCI, ATR, Williams_%R",5,1,0.18626459842427642,1.7514714883712739,0.9371721406704798,95.06172839506173,0.9388964207613133
"20MA, 50MA, Upper_BB, CCI, ATR, OBV",60,1,0.22573420006696446,2.2943637819921148,0.7418655348325469,90.71729957805907,1.4772200088419536
"20MA, 50MA, Upper_BB, CCI, ATR, OBV",60,30,1.856384974426239,19.806680065958325,-21.87716145563982,17.94871794871795,1.0474694802392337
"20MA, 50MA, Upper_BB, CCI, ATR, OBV",5,1,0.18581757972611937,1.7487306865924146,0.9374733415114453,95.47325102880659,0.8812371781112297
"20MA, 50MA, Upper_BB, CCI, Williams_%R, OBV",60,1,0.2120333057306822,2.1150262326360756,0.7722494481457811,91.13924050632912,1.425795114394803
"20MA, 50MA, Upper_BB, CCI, Williams_%R, OBV",60,30,1.5147957594517634,16.250963374359685,-14.232606016128814,25.64102564102564,1.0452395769339629
"20MA, 50MA, Upper_BB, CCI, Williams_%R, OBV",5,1,0.18335229066001982,1.7336014771740342,0.9391214497124738,95.47325102880659,0.765234492854895
"20MA, 50MA, Upper_BB, ATR, Williams_%R, OBV",60,1,0.22490629729089318,2.2944360807298123,0.7437555305744286,91.9831223628692,1.357231274026977
"20MA, 50MA, Upper_BB, ATR, Williams_%R, OBV",60,30,1.8117273245748202,19.11467246136195,-20.789723379980646,21.367521367521366,1.3534809908723389
"20MA, 50MA, Upper_BB, ATR, Williams_%R, OBV",5,1,0.1857254259805371,1.7454005931480376,0.9375353446542825,95.06172839506173,0.7842386897127455
"20MA, 50MA, Lower_BB, CCI, ATR, Williams_%R",60,1,0.22424329383974748,2.275685755426394,0.7452640748703914,91.9831223628692,1.3275401253543102
"20MA, 50MA, Lower_BB, CCI, ATR, Williams_%R",60,30,1.880149966960057,20.018780989939376,-22.466646482148896,20.94017094017094,0.9746116387888067
"20MA, 50MA, Lower_BB, CCI, ATR, Williams_%R",5,1,0.18626459842427792,1.7514714883712919,0.9371721406704788,95.06172839506173,0.9388964207613133
"20MA, 50MA, Lower_BB, CCI, ATR, OBV",60,1,0.22573420006687797,2.294363781991492,0.7418655348327448,90.71729957805907,1.4772200088419536
"20MA, 50MA, Lower_BB, CCI, ATR, OBV",60,30,1.8563849744261585,19.80668006596053,-21.877161455637832,17.94871794871795,1.0474694802392337
"20MA, 50MA, Lower_BB, CCI, ATR, OBV",5,1,0.185817579726119,1.7487306865924142,0.9374733415114456,95.47325102880659,0.8812371781112297
"20MA, 50MA, Lower_BB, CCI, Williams_%R, OBV",60,1,0.2120333057307232,2.115026232636311,0.772249448145693,91.13924050632912,1.425795114394803
"20MA, 50MA, Lower_BB, CCI, Williams_%R, OBV",60,30,1.5147957594516233,16.25096337435821,-14.232606016125995,25.64102564102564,1.0452395769339629
"20MA, 50MA, Lower_BB, CCI, Williams_%R, OBV",5,1,0.1833522906600191,1.7336014771740325,0.9391214497124744,95.47325102880659,0.765234492854895
"20MA, 50MA, Lower_BB, ATR, Williams_%R, OBV",60,1,0.22490629729103628,2.294436080731123,0.7437555305741026,91.9831223628692,1.357231274026977
"20MA, 50MA, Lower_BB, ATR, Williams_%R, OBV",60,30,1.81172732457465,19.114672461373473,-20.78972337997655,21.367521367521366,1.3534809908723389
"20MA, 50MA, Lower_BB, ATR, Williams_%R, OBV",5,1,0.1857254259805376,1.7454005931480407,0.9375353446542821,95.06172839506173,0.7842386897127455
"20MA, 50MA, CCI, ATR, Williams_%R, OBV",60,1,0.21848094543336985,2.1695685430204,0.7581876919914597,93.24894514767934,1.0118836248176648
"20MA, 50MA, CCI, ATR, Williams_%R, OBV",60,30,1.57722890781009,16.94404921075708,-15.514122609604659,24.358974358974358,0.9846238298440756
"20MA, 50MA, CCI, ATR, Williams_%R, OBV",5,1,0.1840720902747834,1.7286265285344877,0.9386425206378428,95.06172839506173,0.7436143956080598
"20MA, RSI, MACD, Upper_BB, Lower_BB, CCI",60,1,0.21190509062491472,2.0733879742621784,0.7725248033042731,92.82700421940928,1.175352094791438
"20MA, RSI, MACD, Upper_BB, Lower_BB, CCI",60,30,1.5529153957825703,17.479170754121938,-15.008905437342573,20.94017094017094,1.0470898140654556
"20MA, RSI, MACD, Upper_BB, Lower_BB, CCI",5,1,0.18458229727102737,1.7289922891387446,0.9383019106032184,95.47325102880659,0.6610667487011077
"20MA, RSI, MACD, Upper_BB, Lower_BB, ATR",60,1,0.2304783410414458,2.3004121135501743,0.7309013569010684,90.71729957805907,1.2725958302768825
"20MA, RSI, MACD, Upper_BB, Lower_BB, ATR",60,30,1.9686473770714876,21.198264785691016,-24.727756288190303,16.666666666666664,1.030668880981844
"20MA, RSI, MACD, Upper_BB, Lower_BB, ATR",5,1,0.1864054463087815,1.743917608730874,0.9370770875375428,95.06172839506173,0.7358787041993525
"20MA, RSI, MACD, Upper_BB, Lower_BB, Williams_%R",60,1,0.21425818368417296,2.0754785820806396,0.7674447719505725,91.9831223628692,1.2636966198676864
"20MA, RSI, MACD, Upper_BB, Lower_BB, Williams_%R",60,30,1.4890117008122923,16.80115808960528,-13.7184565137187,20.94017094017094,1.0766330683601262
"20MA, RSI, MACD, Upper_BB, Lower_BB, Williams_%R",5,1,0.1846142420495606,1.7316571138413803,0.9382805531666631,95.47325102880659,0.5991920458449165
"20MA, RSI, MACD, Upper_BB, Lower_BB, OBV",60,1,0.21084913302947028,2.048443507829517,0.774786246602124,92.82700421940928,1.4363867448406493
"20MA, RSI, MACD, Upper_BB, Lower_BB, OBV",60,30,1.4639578450065966,16.555838909009353,-13.227322978063391,17.52136752136752,1.1337228679151081
"20MA, RSI, MACD, Upper_BB, Lower_BB, OBV",5,1,0.18386051619381602,1.7260895895476227,0.9387834892298161,95.47325102880659,0.6710841629804483
"20MA, RSI, MACD, Upper_BB, CCI, ATR",60,1,0.23121215189992447,2.309641854905669,0.7291850840409029,91.13924050632912,1.3769740336014888
"20MA, RSI, MACD, Upper_BB, CCI, ATR",60,30,1.9758078156558503,21.482797322791765,-24.915252587026206,14.957264957264957,0.9896270293257107
"20MA, RSI, MACD, Upper_BB, CCI, ATR",5,1,0.18655667720842678,1.744119964535593,0.9369749472946169,95.06172839506173,0.7333460430486579
"20MA, RSI, MACD, Upper_BB, CCI, Williams_%R",60,1,0.21340887377255494,2.0827286641464444,0.7692847949869791,91.9831223628692,1.1826512893231287
"20MA, RSI, MACD, Upper_BB, CCI, Williams_%R",60,30,1.5272047978424619,17.117234867863953,-14.483195859983008,22.22222222222222,1.0595241534521391
"20MA, RSI, MACD, Upper_BB, CCI, Williams_%R",5,1,0.1844666817523738,1.7284169645424161,0.9383791771960285,95.47325102880659,0.6532373294449161
"20MA, RSI, MACD, Upper_BB, CCI, OBV",60,1,0.210603541194439,2.069015569712896,0.7753105878307162,92.82700421940928,1.4101437903505334
"20MA, RSI, MACD, Upper_BB, CCI, OBV",60,30,1.5174229107335544,17.026006973077248,-14.285488475870514,18.803418803418804,1.0277737487142211
"20MA, RSI, MACD, Upper_BB, CCI, OBV",5,1,0.18401689806379554,1.7254614192081255,0.9386793099984019,95.47325102880659,0.7327740732681246
"20MA, RSI, MACD, Upper_BB, ATR, Williams_%R",60,1,0.23284308601678605,2.3164165938886185,0.7253510376270292,89.87341772151899,1.1241260170187006
"20MA, RSI, MACD, Upper_BB, ATR, Williams_%R",60,30,1.9702988245576798,21.235859613827845,-24.77093909482404,13.675213675213676,1.0022824858606403
"20MA, RSI, MACD, Upper_BB, ATR, Williams_%R",5,1,0.18661987238744138,1.7455614712706722,0.9369322411943756,95.06172839506173,0.8196871036071941
"20MA, RSI, MACD, Upper_BB, ATR, OBV",60,1,0.23036245367649488,2.3134950293919343,0.7311719011299467,90.29535864978902,1.2567180179919433
"20MA, RSI, MACD, Upper_BB, ATR, OBV",60,30,1.9108005438837001,20.24603992610127,-23.237998849034433,15.81196581196581,1.3448500243490324
"20MA, RSI, MACD, Upper_BB, ATR, OBV",5,1,0.18605329912531204,1.7414065330906403,0.9373146041644979,95.06172839506173,0.9003406680746866
"20MA, RSI, MACD, Upper_BB, Williams_%R, OBV",60,1,0.21407641604118915,2.079623429737775,0.7678391847516381,92.40506329113924,1.2625064825137278
"20MA, RSI, MACD, Upper_BB, Williams_%R, OBV",60,30,1.4851367508054099,16.730737874697375,-13.641950637418322,18.803418803418804,1.071147060822463
"20MA, RSI, MACD, Upper_BB, Williams_%R, OBV",5,1,0.18395681508490763,1.7272040624654303,0.9387193468458878,95.47325102880659,0.616223763912691
"20MA, RSI, MACD, Lower_BB, CCI, ATR",60,1,0.23121215189995695,2.3096418549062903,0.7291850840408268,91.13924050632912,1.3769740336014888
"20MA, RSI, MACD, Lower_BB, CCI, ATR",60,30,1.9758078156553913,21.482797322787007,-24.915252587014166,14.957264957264957,0.9896270293257107
"20MA, RSI, MACD, Lower_BB, CCI, ATR",5,1,0.18655667720842634,1.7441199645355911,0.9369749472946172,95.06172839506173,0.7333460430486579
"20MA, RSI, MACD, Lower_BB, CCI, Williams_%R",60,1,0.21340887377255313,2.0827286641464187,0.769284794986983,91.9831223628692,1.1826512893231287
"20MA, RSI, MACD, Lower_BB, CCI, Williams_%R",60,30,1.5272047978419234,17.11723486785805,-14.48319585997209,22.22222222222222,1.0595241534521391
"20MA, RSI, MACD, Lower_BB, CCI, Williams_%R",5,1,0.18446668175237269,1.7284169645424063,0.9383791771960293,95.47325102880659,0.6532373294449161
"20MA, RSI, MACD, Lower_BB, CCI, OBV",60,1,0.2106035411944676,2.069015569713639,0.7753105878306551,92.82700421940928,1.4101437903505334
"20MA, RSI, MACD, Lower_BB, CCI, OBV",60,30,1.5174229107333497,17.02600697307632,-14.285488475866389,18.803418803418804,1.0277737487142211
"20MA, RSI, MACD, Lower_BB, CCI, OBV",5,1,0.1840168980637967,1.7254614192081297,0.9386793099984011,95.47325102880659,0.7327740732681246
"20MA, RSI, MACD, Lower_BB, ATR, Williams_%R",60,1,0.23284308601677123,2.316416593888441,0.7253510376270642,89.87341772151899,1.1241260170187006
"20MA, RSI, MACD, Lower_BB, ATR, Williams_%R",60,30,1.970298824557546,21.235859613826754,-24.770939094820537,13.675213675213676,1.0022824858606403
"20MA, RSI, MACD, Lower_BB, ATR, Williams_%R",5,1,0.18661987238744132,1.7455614712706742,0.9369322411943756,95.06172839506173,0.8196871036071941
"20MA, RSI, MACD, Lower_BB, ATR, OBV",60,1,0.2303624536765405,2.3134950293921634,0.7311719011298401,90.29535864978902,1.2567180179919433
"20MA, RSI, MACD, Lower_BB, ATR, OBV",60,30,1.9108005438837956,20.246039926100202,-23.23799884903686,15.81196581196581,1.3448500243490324
"20MA, RSI, MACD, Lower_BB, ATR, OBV",5,1,0.18605329912531,1.74140653309062,0.9373146041644992,95.06172839506173,0.9003406680746866
"20MA, RSI, MACD, Lower_BB, Williams_%R, OBV",60,1,0.21407641604121624,2.0796234297385556,0.7678391847515794,92.40506329113924,1.2625064825137278
"20MA, RSI, MACD, Lower_BB, Williams_%R, OBV",60,30,1.4851367508051727,16.73073787469584,-13.64195063741365,18.803418803418804,1.071147060822463
"20MA, RSI, MACD, Lower_BB, Williams_%R, OBV",5,1,0.18395681508490624,1.7272040624654281,0.9387193468458886,95.47325102880659,0.616223763912691
"20MA, RSI, MACD, CCI, ATR, Williams_%R",60,1,0.21817216070649081,2.161620293513938,0.7588707280546116,93.24894514767934,1.1322319447621456
"20MA, RSI, MACD, CCI, ATR, Williams_%R",60,30,1.6429834544648554,18.160865836368746,-16.919769864640543,19.65811965811966,0.9334771217339121
"20MA, RSI, MACD, CCI, ATR, Williams_%R",5,1,0.18501347151471323,1.7191218486886588,0.938013327152109,94.65020576131687,0.9147812942655191
"20MA, RSI, MACD, CCI, ATR, OBV",60,1,0.21599866630853046,2.1537842466300905,0.7636511962514718,93.24894514767934,0.9148653450863431
"20MA, RSI, MACD, CCI, ATR, OBV",60,30,1.6090163516532883,17.77448201253184,-16.186481042581466,16.666666666666664,0.9381355796735177
"20MA, RSI, MACD, CCI, ATR, OBV",5,1,0.18464804940481355,1.7151413320771465,0.938257946434995,95.06172839506173,0.8430040402376717
"20MA, RSI, MACD, CCI, Williams_%R, OBV",60,1,0.2062356750902719,2.0083646327498665,0.7845339477600992,92.82700421940928,1.019243831654861
"20MA, RSI, MACD, CCI, Williams_%R, OBV",60,30,1.4825110715077257,16.565080377994704,-13.590223304219654,20.51282051282051,1.0016267893182351
"20MA, RSI, MACD, CCI, Williams_%R, OBV",5,1,0.1828001125640939,1.699428874820404,0.9394875774952699,94.65020576131687,0.9128875034153209
"20MA, RSI, MACD, ATR, Williams_%R, OBV",60,1,0.21749481944303486,2.1631794496867034,0.7603656325511328,94.09282700421942,1.020265246898695
"20MA, RSI, MACD, ATR, Williams_%R, OBV",60,30,1.6092079857185362,17.656382938489475,-16.190575110805405,19.230769230769234,0.9325240435062169
"20MA, RSI, MACD, ATR, Williams_%R, OBV",5,1,0.18448881518346555,1.7170153715699188,0.9383643890289112,94.65020576131687,0.8396212663291457
"20MA, RSI, Upper_BB, Lower_BB, CCI, ATR",60,1,0.22519616552797986,2.240523592044919,0.7430945886694531,92.82700421940928,1.3031440263151886
"20MA, RSI, Upper_BB, Lower_BB, CCI, ATR",60,30,1.4975285415242896,16.06287180028213,-13.887311132227836,17.52136752136752,1.3689569037275993
"20MA, RSI, Upper_BB, Lower_BB, CCI, ATR",5,1,0.1847369756744356,1.734521424204717,0.9381984623231756,95.47325102880659,0.8851311613044137
"20MA, RSI, Upper_BB, Lower_BB, CCI, Williams_%R",60,1,0.21083473659312824,2.068442332717428,0.7748170000107713,93.24894514767934,1.07407932375739
"20MA, RSI, Upper_BB, Lower_BB, CCI, Williams_%R",60,30,1.2740119040947702,14.155436530919157,-9.774894337522097,18.37606837606838,1.0795177776968716
"20MA, RSI, Upper_BB, Lower_BB, CCI, Williams_%R",5,1,0.18236949278216633,1.724487364446547,0.9397723383059481,95.47325102880659,0.8231876098134362
"20MA, RSI, Upper_BB, Lower_BB, CCI, OBV",60,1,0.20864379259300436,2.0473486167540127,0.7794727782182995,93.24894514767934,1.2030480282597418
"20MA, RSI, Upper_BB, Lower_BB, CCI, OBV",60,30,1.2569889204795022,13.909040408132103,-9.488875909210769,17.52136752136752,1.2271338467634783
"20MA, RSI, Upper_BB, Lower_BB, CCI, OBV",5,1,0.1818502709355888,1.719616861932698,0.9401147969142899,95.47325102880659,0.7988490409923247
"20MA, RSI, Upper_BB, Lower_BB, ATR, Williams_%R",60,1,0.2260601834657064,2.248555187071332,0.7411194510834227,91.56118143459916,1.1254916276609739
"20MA, RSI, Upper_BB, Lower_BB, ATR, Williams_%R",60,30,1.459960273663108,15.83718001374218,-13.149729096471338,18.803418803418804,1.329690233997936
"20MA, RSI, Upper_BB, Lower_BB, ATR, Williams_%R",5,1,0.18487008479524406,1.7379711910354776,0.938109370120673,95.47325102880659,0.7744200734303831
"20MA, RSI, Upper_BB, Lower_BB, ATR, OBV",60,1,0.22490624903962803,2.238342975584442,0.7437556405234933,91.9831223628692,1.2627217271841407
"20MA, RSI, Upper_BB, Lower_BB, ATR, OBV",60,30,1.4410329484023885,15.73413370970574,-12.785225340674815,17.52136752136752,1.3096057081054082
"20MA, RSI, Upper_BB, Lower_BB, ATR, OBV",5,1,0.18434327420286456,1.7334364926862456,0.9384615978368247,95.47325102880659,0.8376171538299232
"20MA, RSI, Upper_BB, Lower_BB, Williams_%R, OBV",60,1,0.21227334911765033,2.0793057642166066,0.7717334824140214,92.82700421940928,1.0824317530691774
"20MA, RSI, Upper_BB, Lower_BB, Williams_%R, OBV",60,30,1.246034337888687,14.034140556589511,-9.306852699927214,16.23931623931624,1.3352503554201274
"20MA, RSI, Upper_BB, Lower_BB, Williams_%R, OBV",5,1,0.18174004538597102,1.719835095816362,0.940187371773628,95.06172839506173,0.8184712525069898
"20MA, RSI, Upper_BB, CCI, ATR, Williams_%R",60,1,0.22467557851277137,2.246953931009939,0.7442809946226868,91.13924050632912,1.255889482162076
"20MA, RSI, Upper_BB, CCI, ATR, Williams_%R",60,30,1.4433821024098392,15.507068507545052,-12.83020698120414,21.367521367521366,1.3159721869752163
"20MA, RSI, Upper_BB, CCI, ATR, Williams_%R",5,1,0.184776194112698,1.735287153891726,0.9381722194223687,95.47325102880659,0.7793835111930032
"20MA, RSI, Upper_BB, CCI, ATR, OBV",60,1,0.2247783405886271,2.245564694602966,0.7440470197014679,92.82700421940928,1.2615597165062453
"20MA, RSI, Upper_BB, CCI, ATR, OBV",60,30,1.4295272910180685,15.39103701277473,-12.565973044363767,20.085470085470085,1.4039068013071236
"20MA, RSI, Upper_BB, CCI, ATR, OBV",5,1,0.1844241287895432,1.73245818915841,0.9384076034258224,95.47325102880659,0.8943833352494199
"20MA, RSI, Upper_BB, CCI, Williams_%R, OBV",60,1,0.21022559939696975,2.0750991901829017,0.7761163038506472,93.24894514767934,1.2240557746538248
"20MA, RSI, Upper_BB, CCI, Williams_%R, OBV",60,30,1.269739204526137,14.015805426224972,-9.702743226873695,18.803418803418804,1.1344282848724954
"20MA, RSI, Upper_BB, CCI, Williams_%R, OBV",5,1,0.18180052262198443,1.7204998765196784,0.9401475577162799,95.47325102880659,0.7898613701841858
"20MA, RSI, Upper_BB, ATR, Williams_%R, OBV",60,1,0.22651792193147735,2.2591943653169815,0.7400699999546568,90.71729957805907,1.3513954840568154
"20MA, RSI, Upper_BB, ATR, Williams_%R, OBV",60,30,1.4143959137332018,15.310101041862728,-12.280304532130527,19.65811965811966,1.3804659904399803
"20MA, RSI, Upper_BB, ATR, Williams_%R, OBV",5,1,0.1845100244536705,1.7352068444920696,0.9383502166633063,95.47325102880659,0.7825921193840023
"20MA, RSI, Lower_BB, CCI, ATR, Williams_%R",60,1,0.22467557851283199,2.2469539310118836,0.7442809946225488,91.13924050632912,1.255889482162076
"20MA, RSI, Lower_BB, CCI, ATR, Williams_%R",60,30,1.4433821024105131,15.507068507552018,-12.830206981217058,21.367521367521366,1.3159721869752163
"20MA, RSI, Lower_BB, CCI, ATR, Williams_%R",5,1,0.1847761941126968,1.7352871538917118,0.9381722194223695,95.47325102880659,0.7793835111930032
"20MA, RSI, Lower_BB, CCI, ATR, OBV",60,1,0.22477834058861046,2.245564694606292,0.7440470197015059,92.82700421940928,1.2615597165062453
"20MA, RSI, Lower_BB, CCI, ATR, OBV",60,30,1.4295272910179784,15.3910370127742,-12.565973044362057,20.085470085470085,1.4039068013071236
"20MA, RSI, Lower_BB, CCI, ATR, OBV",5,1,0.18442412878954442,1.7324581891584236,0.9384076034258216,95.47325102880659,0.8943833352494199
"20MA, RSI, Lower_BB, CCI, Williams_%R, OBV",60,1,0.21022559939694638,2.0750991901822733,0.7761163038506971,93.24894514767934,1.2240557746538248
"20MA, RSI, Lower_BB, CCI, Williams_%R, OBV",60,30,1.269739204526526,14.015805426229159,-9.702743226880251,18.803418803418804,1.1344282848724954
"20MA, RSI, Lower_BB, CCI, Williams_%R, OBV",5,1,0.18180052262198282,1.7204998765196717,0.9401475577162809,95.47325102880659,0.7898613701841858
"20MA, RSI, Lower_BB, ATR, Williams_%R, OBV",60,1,0.22651792193150372,2.259194365317834,0.7400699999545963,90.71729957805907,1.3513954840568154
"20MA, RSI, Lower_BB, ATR, Williams_%R, OBV",60,30,1.414395913733914,15.310101041870219,-12.280304532143898,19.65811965811966,1.3804659904399803
"20MA, RSI, Lower_BB, ATR, Williams_%R, OBV",5,1,0.18451002445367132,1.7352068444920714,0.9383502166633058,95.47325102880659,0.7825921193840023
"20MA, RSI, CCI, ATR, Williams_%R, OBV",60,1,0.21426695452397743,2.124315186703943,0.7674257318713151,93.24894514767934,0.9671063510777047
"20MA, RSI, CCI, ATR, Williams_%R, OBV",60,30,1.2463451245531212,13.540969910955733,-9.31199482442591,25.64102564102564,1.1632322396191777
"20MA, RSI, CCI, ATR, Williams_%R, OBV",5,1,0.18232172776454814,1.704970017602037,0.9398038830401578,95.06172839506173,0.7722991857222525
"20MA, MACD, Upper_BB, Lower_BB, CCI, ATR",60,1,0.2287748977892348,2.2756685610208818,0.7348644216448446,92.40506329113924,1.386470696655299
"20MA, MACD, Upper_BB, Lower_BB, CCI, ATR",60,30,1.9511656159336694,21.048647747845312,-24.272855616445398,15.384615384615385,0.9204941529465135
"20MA, MACD, Upper_BB, Lower_BB, CCI, ATR",5,1,0.18680122419913406,1.7490057433460344,0.9368096067775193,95.47325102880659,0.7893445517379031
"20MA, MACD, Upper_BB, Lower_BB, CCI, Williams_%R",60,1,0.21105062624816373,2.052460703612135,0.7743556000431946,92.40506329113924,1.2009306405162763
"20MA, MACD, Upper_BB, Lower_BB, CCI, Williams_%R",60,30,1.489693750727341,16.697144575030105,-13.73194334012172,23.504273504273502,1.0699626487152667
"20MA, MACD, Upper_BB, Lower_BB, CCI, Williams_%R",5,1,0.1844980664529016,1.7325533760999017,0.938358207386517,95.47325102880659,0.6427763401665083
"20MA, MACD, Upper_BB, Lower_BB, CCI, OBV",60,1,0.20953644061639418,2.044294042508566,0.7775817630281447,93.24894514767934,1.2693981217028747
"20MA, MACD, Upper_BB, Lower_BB, CCI, OBV",60,30,1.4876871950372992,16.70840391131991,-13.69228343504371,19.65811965811966,1.0790965210732422
"20MA, MACD, Upper_BB, Lower_BB, CCI, OBV",5,1,0.18401792103122805,1.7300943223824587,0.9386786282214148,95.47325102880659,0.7372342992714174
"20MA, MACD, Upper_BB, Lower_BB, ATR, Williams_%R",60,1,0.22937398148324084,2.2722718940987727,0.7334740035952958,92.40506329113924,1.096986726091763
"20MA, MACD, Upper_BB, Lower_BB, ATR, Williams_%R",60,30,1.9340509646221635,20.781430102648795,-23.8314383297531,15.81196581196581,0.9504441539160265
"20MA, MACD, Upper_BB, Lower_BB, ATR, Williams_%R",5,1,0.18660460495820125,1.7475971957260366,0.9369425599578141,95.06172839506173,0.8356905375602777
"20MA, MACD, Upper_BB, Lower_BB, ATR, OBV",60,1,0.22598695095691768,2.256231020594085,0.7412871533383846,91.56118143459916,1.5000669342611954
"20MA, MACD, Upper_BB, Lower_BB, ATR, OBV",60,30,1.8322389588501216,19.41820238246867,-21.28590498816059,19.65811965811966,1.372093171019139
"20MA, MACD, Upper_BB, Lower_BB, ATR, OBV",5,1,0.18573989828616208,1.7402729117802995,0.9375256093926757,95.06172839506173,0.8360601691029659
"20MA, MACD, Upper_BB, Lower_BB, Williams_%R, OBV",60,1,0.2116814964087513,2.0576247047920933,0.7730045964442308,93.24894514767934,1.3036487969395036
"20MA, MACD, Upper_BB, Lower_BB, Williams_%R, OBV",60,30,1.4581585776280823,16.500651590529873,-13.114827077757555,21.367521367521366,1.0596563836668902
"20MA, MACD, Upper_BB, Lower_BB, Williams_%R, OBV",5,1,0.18401730365501967,1.7313312005730344,0.9386790396845188,95.47325102880659,0.6627397206342903
"20MA, MACD, Upper_BB, CCI, ATR, Williams_%R",60,1,0.22799087322237754,2.2704419401630362,0.7366785770703426,91.13924050632912,1.1402381239108432
"20MA, MACD, Upper_BB, CCI, ATR, Williams_%R",60,30,1.9129425844260604,20.473376534274184,-23.292371742417558,18.803418803418804,1.0039116166762487
"20MA, MACD, Upper_BB, CCI, ATR, Williams_%R",5,1,0.18658336028449704,1.7492065809415105,0.9369569171434885,95.06172839506173,0.7733988050147319
"20MA, MACD, Upper_BB, CCI, ATR, OBV",60,1,0.22808430364488902,2.2845997678807435,0.7364627151594043,92.82700421940928,1.5210235975999524
"20MA, MACD, Upper_BB, CCI, ATR, OBV",60,30,1.8940672032573214,20.165091462650274,-22.815341654932155,15.81196581196581,1.3206377265410505
"20MA, MACD, Upper_BB, CCI, ATR, OBV",5,1,0.18646344401484463,1.747003469945327,0.9370379261033258,95.06172839506173,0.7619921645266461
"20MA, MACD, Upper_BB, CCI, Williams_%R, OBV",60,1,0.20969058531386836,2.0493143686201187,0.7772544003754658,91.9831223628692,1.2451744268190912
"20MA, MACD, Upper_BB, CCI, Williams_%R, OBV",60,30,1.482556419622807,16.584456767948414,-13.591115910362737,22.22222222222222,1.0699626487152667
"20MA, MACD, Upper_BB, CCI, Williams_%R, OBV",5,1,0.18385307768118836,1.728339975629084,0.938788442447467,95.47325102880659,0.6225577616139463
"20MA, MACD, Upper_BB, ATR, Williams_%R, OBV",60,1,0.2286355411876349,2.2742291969218233,0.7351873341679781,90.71729957805907,1.4087885269699776
"20MA, MACD, Upper_BB, ATR, Williams_%R, OBV",60,30,1.859305230122749,19.522597974933436,-21.949193613550417,17.94871794871795,1.1531444378676752
"20MA, MACD, Upper_BB, ATR, Williams_%R, OBV",5,1,0.18624334711955265,1.744899963773967,0.9371864761677101,95.06172839506173,0.7785424802629978
"20MA, MACD, Lower_BB, CCI, ATR, Williams_%R",60,1,0.22799087322233494,2.2704419401623857,0.7366785770704409,91.13924050632912,1.1402381239108432
"20MA, MACD, Lower_BB, CCI, ATR, Williams_%R",60,30,1.9129425844260914,20.473376534274955,-23.292371742418343,18.803418803418804,1.0039116166762487
"20MA, MACD, Lower_BB, CCI, ATR, Williams_%R",5,1,0.1865833602844973,1.7492065809415118,0.9369569171434883,95.06172839506173,0.7733988050147319
"20MA, MACD, Lower_BB, CCI, ATR, OBV",60,1,0.22808430364498317,2.284599767881256,0.7364627151591867,92.82700421940928,1.5210235975999524
"20MA, MACD, Lower_BB, CCI, ATR, OBV",60,30,1.8940672032571044,20.16509146264806,-22.815341654926698,15.81196581196581,1.3206377265410505
"20MA, MACD, Lower_BB, CCI, ATR, OBV",5,1,0.18646344401484516,1.7470034699453345,0.9370379261033255,95.06172839506173,0.7619921645266461
"20MA, MACD, Lower_BB, CCI, Williams_%R, OBV",60,1,0.2096905853138654,2.0493143686204367,0.7772544003754721,91.9831223628692,1.2451744268190912
"20MA, MACD, Lower_BB, CCI, Williams_%R, OBV",60,30,1.4825564196228684,16.584456767948176,-13.59111591036395,22.22222222222222,1.0699626487152667
"20MA, MACD, Lower_BB, CCI, Williams_%R, OBV",5,1,0.18385307768119127,1.728339975629094,0.9387884424474651,95.47325102880659,0.6225577616139463
"20MA, MACD, Lower_BB, ATR, Williams_%R, OBV",60,1,0.2286355411876572,2.2742291969221116,0.7351873341679265,90.71729957805907,1.4087885269699776
"20MA, MACD, Lower_BB, ATR, Williams_%R, OBV",60,30,1.8593052301228206,19.522597974933774,-21.94919361355218,17.94871794871795,1.1531444378676752
"20MA, MACD, Lower_BB, ATR, Williams_%R, OBV",5,1,0.1862433471195544,1.744899963773982,0.9371864761677089,95.06172839506173,0.7785424802629978
"20MA, MACD, CCI, ATR, Williams_%R, OBV",60,1,0.21290250869186136,2.1098218128944306,0.7703783533004123,93.67088607594937,1.0102273902501546
"20MA, MACD, CCI, ATR, Williams_%R, OBV",60,30,1.5853656628594004,17.355273215983726,-15.684951299869873,19.230769230769234,0.998453906378817
"20MA, MACD, CCI, ATR, Williams_%R, OBV",5,1,0.1844776049941594,1.7206764718907956,0.9383718791943624,94.65020576131687,0.8602405207956917
"20MA, Upper_BB, Lower_BB, CCI, ATR, Williams_%R",60,1,0.2226231185714473,2.219902348617023,0.7489317510190827,92.82700421940928,1.320215679173564
"20MA, Upper_BB, Lower_BB, CCI, ATR, Williams_%R",60,30,1.4085195770653836,15.311228565583987,-12.170183418548302,19.65811965811966,1.3083563391609212
"20MA, Upper_BB, Lower_BB, CCI, ATR, Williams_%R",5,1,0.1846968092877895,1.7367905310694112,0.9382253337666108,95.47325102880659,0.7600724568762781
"20MA, Upper_BB, Lower_BB, CCI, ATR, OBV",60,1,0.22273290611831698,2.210065046255409,0.7486840591888442,94.51476793248945,1.321029717969448
"20MA, Upper_BB, Lower_BB, CCI, ATR, OBV",60,30,1.4090260640191372,15.328230532098447,-12.179656805371955,19.65811965811966,1.3969316087906265
"20MA, Upper_BB, Lower_BB, CCI, ATR, OBV",5,1,0.18437512672280268,1.7354603727803235,0.9384403296616016,95.47325102880659,0.8882963148511032
"20MA, Upper_BB, Lower_BB, CCI, Williams_%R, OBV",60,1,0.20820294836119335,2.048413852478257,0.7804036992505214,93.67088607594937,1.477927471460823
"20MA, Upper_BB, Lower_BB, CCI, Williams_%R, OBV",60,30,1.2243587473054938,13.797697841487228,-8.951382621188571,17.094017094017094,1.2583115533505709
"20MA, Upper_BB, Lower_BB, CCI, Williams_%R, OBV",5,1,0.18155309469163866,1.7211310815675385,0.9403103635011552,95.06172839506173,0.8959363911276792
"20MA, Upper_BB, Lower_BB, ATR, Williams_%R, OBV",60,1,0.22387179249520006,2.228871219474729,0.7461074120058491,91.9831223628692,1.3505483822378264
"20MA, Upper_BB, Lower_BB, ATR, Williams_%R, OBV",60,30,1.3945652266438848,15.090828820827419,-11.910519318755187,20.085470085470085,1.3085685333868833
"20MA, Upper_BB, Lower_BB, ATR, Williams_%R, OBV",5,1,0.18435955069927631,1.7352484006388047,0.9384507303527192,95.47325102880659,0.8158855935951995
"20MA, Upper_BB, CCI, ATR, Williams_%R, OBV",60,1,0.22198120413457786,2.226204110519409,0.7503775306219399,91.9831223628692,1.3108894253883814
"20MA, Upper_BB, CCI, ATR, Williams_%R, OBV",60,30,1.3609107539467604,14.778842559548492,-11.294909599210069,20.085470085470085,1.3799521238075234
"20MA, Upper_BB, CCI, ATR, Williams_%R, OBV",5,1,0.1842827945723687,1.7334500669721709,0.938501970443962,95.47325102880659,0.7626109119193659
"20MA, Lower_BB, CCI, ATR, Williams_%R, OBV",60,1,0.2219812041345842,2.2262041105194665,0.7503775306219256,91.9831223628692,1.3108894253883814
"20MA, Lower_BB, CCI, ATR, Williams_%R, OBV",60,30,1.360910753946636,14.778842559547165,-11.29490959920782,20.085470085470085,1.3799521238075234
"20MA, Lower_BB, CCI, ATR, Williams_%R, OBV",5,1,0.18428279457236751,1.733450066972158,0.9385019704439628,95.47325102880659,0.7626109119193659
"50MA, RSI, MACD, Upper_BB, Lower_BB, CCI",60,1,0.21524295943570645,2.147937240422245,0.7653021135414807,91.9831223628692,1.5435298404404758
"50MA, RSI, MACD, Upper_BB, Lower_BB, CCI",60,30,1.5555597022742236,16.3958291937717,-15.063471828488925,26.495726495726498,0.9587345412334544
"50MA, RSI, MACD, Upper_BB, Lower_BB, CCI",5,1,0.1866079092334765,1.741791247595053,0.9369403267762176,95.47325102880659,0.7185085480509773
"50MA, RSI, MACD, Upper_BB, Lower_BB, ATR",60,1,0.22946805815098933,2.3240352098993737,0.7332553299740344,92.40506329113924,1.2418044815666354
"50MA, RSI, MACD, Upper_BB, Lower_BB, ATR",60,30,1.9202975859261187,20.34583169783165,-23.479532521518593,20.51282051282051,1.133705077718707
"50MA, RSI, MACD, Upper_BB, Lower_BB, ATR",5,1,0.1879936615879684,1.750124209562389,0.9360002856780855,95.06172839506173,0.718262340093692
"50MA, RSI, MACD, Upper_BB, Lower_BB, Williams_%R",60,1,0.2158621683503517,2.1420815051209074,0.7639498178693708,90.71729957805907,1.3971170846402845
"50MA, RSI, MACD, Upper_BB, Lower_BB, Williams_%R",60,30,1.4977048902184131,15.933629291402987,-13.89081759288647,26.495726495726498,0.9573444302683185
"50MA, RSI, MACD, Upper_BB, Lower_BB, Williams_%R",5,1,0.18672429118927986,1.7415303518277212,0.936861645259493,95.06172839506173,0.6609509198373583
"50MA, RSI, MACD, Upper_BB, Lower_BB, OBV",60,1,0.2136122897224286,2.1209519316334577,0.7688447615568521,91.9831223628692,1.6481915064451733
"50MA, RSI, MACD, Upper_BB, Lower_BB, OBV",60,30,1.4841579319489153,15.839909677238634,-13.622656663998873,24.358974358974358,1.0140846138730817
"50MA, RSI, MACD, Upper_BB, Lower_BB, OBV",5,1,0.18596317932679193,1.736817666697246,0.9373753160906115,94.65020576131687,0.6933752053045416
"50MA, RSI, MACD, Upper_BB, CCI, ATR",60,1,0.2308834979256907,2.3511840783953994,0.729954430638982,90.29535864978902,1.1660019602688818
"50MA, RSI, MACD, Upper_BB, CCI, ATR",60,30,1.9315679220834385,20.67437839067012,-23.767719287062974,19.230769230769234,1.1498468568203444
"50MA, RSI, MACD, Upper_BB, CCI, ATR",5,1,0.18515292349467233,1.7419237258341838,0.9379198483160722,95.47325102880659,0.9032351299783673
"50MA, RSI, MACD, Upper_BB, CCI, Williams_%R",60,1,0.21579080972179246,2.150691403669676,0.7641058566348334,91.13924050632912,1.4520663306395198
"50MA, RSI, MACD, Upper_BB, CCI, Williams_%R",60,30,1.5272688261713483,16.076381719971778,-14.484494158599766,29.48717948717949,1.0443352590914567
"50MA, RSI, MACD, Upper_BB, CCI, Williams_%R",5,1,0.1833744463298212,1.7289386455053006,0.9391067361079062,95.47325102880659,0.805376074748924
"50MA, RSI, MACD, Upper_BB, CCI, OBV",60,1,0.21387727369253712,2.137837844733296,0.7682709141963132,91.9831223628692,1.6227502712622124
"50MA, RSI, MACD, Upper_BB, CCI, OBV",60,30,1.528702409353888,16.110763061964285,-14.513577091933765,24.786324786324787,0.9522211349583278
"50MA, RSI, MACD, Upper_BB, CCI, OBV",5,1,0.18290352205966573,1.725809066674446,0.939419094725311,95.47325102880659,0.7516244954561329
"50MA, RSI, MACD, Upper_BB, ATR, Williams_%R",60,1,0.23111369879627383,2.343634231638869,0.7294156678760505,92.40506329113924,1.1432434728442216
"50MA, RSI, MACD, Upper_BB, ATR, Williams_%R",60,30,1.9368048953663661,20.488754618050958,-23.902204560170333,21.367521367521366,1.0968419143142814
"50MA, RSI, MACD, Upper_BB, ATR, Williams_%R",5,1,0.18512093016126432,1.7409044743439375,0.9379413006307942,95.88477366255144,0.9324361209573839
"50MA, RSI, MACD, Upper_BB, ATR, OBV",60,1,0.22950375982092341,2.3346199441019078,0.7331723208521888,91.9831223628692,1.2841702814826754
"50MA, RSI, MACD, Upper_BB, ATR, OBV",60,30,1.8775408486883287,19.868366656981944,-22.401561489887573,15.81196581196581,0.9886539083532371
"50MA, RSI, MACD, Upper_BB, ATR, OBV",5,1,0.1846264568563706,1.7371412011791338,0.9382723856921354,95.88477366255144,0.8523599315981719
"50MA, RSI, MACD, Upper_BB, Williams_%R, OBV",60,1,0.21579756923495888,2.145946169967241,0.7640910779281421,90.71729957805907,1.5154548951319065
"50MA, RSI, MACD, Upper_BB, Williams_%R, OBV",60,30,1.4961213552874943,15.960263095540478,-13.859345886763792,26.06837606837607,0.9478303250363257
"50MA, RSI, MACD, Upper_BB, Williams_%R, OBV",5,1,0.18260829941486825,1.724553785021699,0.9396145028946044,95.47325102880659,0.7566156801263528
"50MA, RSI, MACD, Lower_BB, CCI, ATR",60,1,0.23088349793311136,2.351184078452807,0.7299544306216235,90.29535864978902,1.1660019602688818
"50MA, RSI, MACD, Lower_BB, CCI, ATR",60,30,1.9315679220456354,20.674378390464305,-23.767719286093506,19.230769230769234,1.1498468568203444
"50MA, RSI, MACD, Lower_BB, CCI, ATR",5,1,0.18668405133068638,1.7495781538753192,0.9368888554814414,95.47325102880659,0.9280770136671119
"50MA, RSI, MACD, Lower_BB, CCI, Williams_%R",60,1,0.21579080972043982,2.150691403656899,0.7641058566377907,91.13924050632912,1.4520663306395198
"50MA, RSI, MACD, Lower_BB, CCI, Williams_%R",60,30,1.5272688261845795,16.076381720319723,-14.484494158868063,29.48717948717949,1.0443352590914567
"50MA, RSI, MACD, Lower_BB, CCI, Williams_%R",5,1,0.18393967054536992,1.7310555100507121,0.9387307688703644,95.47325102880659,0.8468221312031885
"50MA, RSI, MACD, Lower_BB, CCI, OBV",60,1,0.2138772736954141,2.137837844751151,0.768270914190079,91.9831223628692,1.6227502712622124
"50MA, RSI, MACD, Lower_BB, CCI, OBV",60,30,1.5287024092837462,16.110763060842835,-14.513577090510141,24.786324786324787,0.9522211349583278
"50MA, RSI, MACD, Lower_BB, CCI, OBV",5,1,0.18343980018775294,1.7263165018510551,0.9390633241826909,95.47325102880659,0.8130852601703574
"50MA, RSI, MACD, Lower_BB, ATR, Williams_%R",60,1,0.23111369879136295,2.3436342316066083,0.7294156678875497,92.40506329113924,1.1432434728442216
"50MA, RSI, MACD, Lower_BB, ATR, Williams_%R",60,30,1.9368048953695207,20.488754617794395,-23.90220456025145,21.367521367521366,1.0968419143142814
"50MA, RSI, MACD, Lower_BB, ATR, Williams_%R",5,1,0.1867189561079956,1.7501856810037897,0.9368652531826008,95.06172839506173,1.0045524993156991
"50MA, RSI, MACD, Lower_BB, ATR, OBV",60,1,0.22950375981535667,2.334619944054347,0.7331723208651328,91.9831223628692,1.2841702814826754
"50MA, RSI, MACD, Lower_BB, ATR, OBV",60,30,1.8775408486703609,19.86836665684015,-22.40156148943968,15.81196581196581,0.9886539083532371
"50MA, RSI, MACD, Lower_BB, ATR, OBV",5,1,0.1863877688189762,1.74781231368621,0.937089021377707,95.06172839506173,0.9160753821517482
"50MA, RSI, MACD, Lower_BB, Williams_%R, OBV",60,1,0.21579756923260585,2.1459461699525693,0.7640910779332868,90.71729957805907,1.5154548951319065
"50MA, RSI, MACD, Lower_BB, Williams_%R, OBV",60,30,1.496121355348218,15.960263096440553,-13.859345887969992,26.06837606837607,0.9478303250363257
"50MA, RSI, MACD, Lower_BB, Williams_%R, OBV",5,1,0.18320870432832237,1.7270455528926434,0.9392167624564964,95.47325102880659,0.8597208086435135
"50MA, RSI, MACD, CCI, ATR, Williams_%R",60,1,0.22141321748401868,2.1925462239892,0.7516533218825046,91.9831223628692,1.0431402647063575
"50MA, RSI, MACD, CCI, ATR, Williams_%R",60,30,1.6184704072187717,17.027348502255805,-16.389038700942596,28.63247863247863,0.9881232440583226
"50MA, RSI, MACD, CCI, ATR, Williams_%R",5,1,0.18356391273464567,1.7255446857865706,0.9389808386530087,95.47325102880659,0.7275171750019668
"50MA, RSI, MACD, CCI, ATR, OBV",60,1,0.22023204087563922,2.181453057599123,0.7542959720736175,93.24894514767934,1.0021292274677276
"50MA, RSI, MACD, CCI, ATR, OBV",60,30,1.5859910696747284,16.851505184255895,-15.698117903279758,25.213675213675213,0.9439037251099748
"50MA, RSI, MACD, CCI, ATR, OBV",5,1,0.1831740642869467,1.7209941108465625,0.939239745369018,95.47325102880659,0.8130700832902211
"50MA, RSI, MACD, CCI, Williams_%R, OBV",60,1,0.20865894090046536,2.027993771690802,0.7794407548794982,92.82700421940928,0.962679518145234
"50MA, RSI, MACD, CCI, Williams_%R, OBV",60,30,1.494281053378227,15.821704658440868,-13.822812935408443,27.350427350427353,1.115657683626336
"50MA, RSI, MACD, CCI, Williams_%R, OBV",5,1,0.18172732797002578,1.7081646845108311,0.9401957423609284,95.47325102880659,0.9774036055326704
"50MA, RSI, MACD, ATR, Williams_%R, OBV",60,1,0.22131841674993633,2.2114127323304733,0.7518659415937823,92.82700421940928,1.0491970117342269
"50MA, RSI, MACD, ATR, Williams_%R, OBV",60,30,1.5892911953322386,16.73718079040328,-15.767680992839914,28.63247863247863,0.9997432274125151
"50MA, RSI, MACD, ATR, Williams_%R, OBV",5,1,0.18275860970375996,1.7202463134009478,0.9395150518057227,95.06172839506173,0.7453977948047509
"50MA, RSI, Upper_BB, Lower_BB, CCI, ATR",60,1,0.22718603758110784,2.3118758707588514,0.7385344092189929,91.13924050632912,1.3390596312792116
"50MA, RSI, Upper_BB, Lower_BB, CCI, ATR",60,30,1.9387222802293755,20.948643894782553,-23.951533993787784,17.52136752136752,1.137929838124026
"50MA, RSI, Upper_BB, Lower_BB, CCI, ATR",5,1,0.18643765774398957,1.7476788838028814,0.9370553391124845,95.06172839506173,0.8950607950417611
"50MA, RSI, Upper_BB, Lower_BB, CCI, Williams_%R",60,1,0.2139982661834928,2.133852937532236,0.7680086571610156,91.56118143459916,1.4531089969613393
"50MA, RSI, Upper_BB, Lower_BB, CCI, Williams_%R",60,30,1.5544317458092516,16.82557288597306,-15.040184611998185,26.923076923076923,0.9985199441178368
"50MA, RSI, Upper_BB, Lower_BB, CCI, Williams_%R",5,1,0.18441806857962068,1.7372181627912135,0.9384116512336942,95.47325102880659,0.7768084313032716
"50MA, RSI, Upper_BB, Lower_BB, CCI, OBV",60,1,0.21291382298884398,2.1327528118743944,0.7703539470446716,92.40506329113924,1.516280657700575
"50MA, RSI, Upper_BB, Lower_BB, CCI, OBV",60,30,1.5493614756067138,16.656218845155024,-14.935715011832357,24.786324786324787,0.9467740185313313
"50MA, RSI, Upper_BB, Lower_BB, CCI, OBV",5,1,0.1838458786327432,1.7337557214262123,0.9387932360179236,95.47325102880659,0.7881783371121
"50MA, RSI, Upper_BB, Lower_BB, ATR, Williams_%R",60,1,0.22676913133159504,2.304070757382568,0.739493153177297,91.9831223628692,1.1581710229025406
"50MA, RSI, Upper_BB, Lower_BB, ATR, Williams_%R",60,30,1.942763204598219,20.79885068966207,-24.055656529644857,17.94871794871795,1.0954006256561175
"50MA, RSI, Upper_BB, Lower_BB, ATR, Williams_%R",5,1,0.18632343036583252,1.7472739680279066,0.937132445863008,95.06172839506173,0.8669229753189258
"50MA, RSI, Upper_BB, Lower_BB, ATR, OBV",60,1,0.2267570710057402,2.3043215229566156,0.7395208616568075,91.56118143459916,1.2469419399010293
"50MA, RSI, Upper_BB, Lower_BB, ATR, OBV",60,30,1.8734333938837844,19.94548623248753,-22.29928332587163,17.94871794871795,1.0262590766561508
"50MA, RSI, Upper_BB, Lower_BB, ATR, OBV",5,1,0.18585461385568405,1.7441035215765157,0.9374484154400696,95.06172839506173,0.8686486405276066
"50MA, RSI, Upper_BB, Lower_BB, Williams_%R, OBV",60,1,0.21460586822848596,2.13738431681649,0.7666894079222667,90.71729957805907,1.4870905542199566
"50MA, RSI, Upper_BB, Lower_BB, Williams_%R, OBV",60,30,1.51513133982323,16.50122730646366,-14.239355876327226,23.076923076923077,0.9741924673605389
"50MA, RSI, Upper_BB, Lower_BB, Williams_%R, OBV",5,1,0.18349097275356913,1.7322313215992042,0.9390293215181554,95.47325102880659,0.7508115405867601
"50MA, RSI, Upper_BB, CCI, ATR, Williams_%R",60,1,0.22601859053199572,2.299819673124326,0.7412147054601699,92.82700421940928,1.439073968771454
"50MA, RSI, Upper_BB, CCI, ATR, Williams_%R",60,30,1.9324614049207398,20.772108356262823,-23.790638129380998,19.230769230769234,1.1378815942465492
"50MA, RSI, Upper_BB, CCI, ATR, Williams_%R",5,1,0.1849886003980057,1.7400378115762498,0.9380299916051269,95.06172839506173,0.7870860234285704
"50MA, RSI, Upper_BB, CCI, ATR, OBV",60,1,0.22697513125483026,2.323095109083663,0.7390196428292601,90.29535864978902,1.309329632879675
"50MA, RSI, Upper_BB, CCI, ATR, OBV",60,30,1.8763168297795607,20.159929774466665,-22.37105923274631,16.23931623931624,1.0301557047951793
"50MA, RSI, Upper_BB, CCI, ATR, OBV",5,1,0.18435375889700897,1.7341476109641625,0.9384545975307262,95.47325102880659,0.8102709920066249
"50MA, RSI, Upper_BB, CCI, Williams_%R, OBV",60,1,0.21326161417663286,2.1307522810462403,0.7696030882733212,91.13924050632912,1.5710357191955746
"50MA, RSI, Upper_BB, CCI, Williams_%R, OBV",60,30,1.5541320278344206,16.755062389122678,-15.0339996274489,25.213675213675213,0.9823760559901175
"50MA, RSI, Upper_BB, CCI, Williams_%R, OBV",5,1,0.18329688411592054,1.7301336532284495,0.9391582374768518,95.47325102880659,0.7354365394789241
"50MA, RSI, Upper_BB, ATR, Williams_%R, OBV",60,1,0.2268756041788066,2.318644150659911,0.7392484689289172,91.9831223628692,1.341802394281578
"50MA, RSI, Upper_BB, ATR, Williams_%R, OBV",60,30,1.8874939236720432,20.026592792179663,-22.65032823022953,19.230769230769234,1.3729808851619938
"50MA, RSI, Upper_BB, ATR, Williams_%R, OBV",5,1,0.18423438224865618,1.7308927205087397,0.9385342780877446,95.47325102880659,0.7382018171772091
"50MA, RSI, Lower_BB, CCI, ATR, Williams_%R",60,1,0.22601859053197815,2.299819673123863,0.7412147054602101,92.82700421940928,1.439073968771454
"50MA, RSI, Lower_BB, CCI, ATR, Williams_%R",60,30,1.9324614049205981,20.772108356259295,-23.79063812937736,19.230769230769234,1.1378815942465492
"50MA, RSI, Lower_BB, CCI, ATR, Williams_%R",5,1,0.1873254265782284,1.7573986480005799,0.9364544588737815,95.47325102880659,0.8170036405620447
"50MA, RSI, Lower_BB, CCI, ATR, OBV",60,1,0.2269751312548092,2.3230951090838907,0.7390196428293085,90.29535864978902,1.309329632879675
"50MA, RSI, Lower_BB, CCI, ATR, OBV",60,30,1.8763168297794122,20.159929774464477,-22.371059232742606,16.23931623931624,1.0301557047951793
"50MA, RSI, Lower_BB, CCI, ATR, OBV",5,1,0.18716410309329098,1.7530190362046179,0.9365638617895334,95.47325102880659,0.8039225865734505
"50MA, RSI, Lower_BB, CCI, Williams_%R, OBV",60,1,0.21326161417662914,2.1307522810469286,0.7696030882733293,91.13924050632912,1.5710357191955746
"50MA, RSI, Lower_BB, CCI, Williams_%R, OBV",60,30,1.5541320278343758,16.755062389121235,-15.033999627447969,25.213675213675213,0.9823760559901175
"50MA, RSI, Lower_BB, CCI, Williams_%R, OBV",5,1,0.1836076877946672,1.7226446891259992,0.9389517323226251,94.65020576131687,1.048326525923897
"50MA, RSI, Lower_BB, ATR, Williams_%R, OBV",60,1,0.2268756041787292,2.3186441506588875,0.739248468929095,91.9831223628692,1.341802394281578
"50MA, RSI, Lower_BB, ATR, Williams_%R, OBV",60,30,1.8874939236719444,20.026592792178256,-22.650328230227057,19.230769230769234,1.3729808851619938
"50MA, RSI, Lower_BB, ATR, Williams_%R, OBV",5,1,0.1867712192765688,1.7501213911152134,0.9368299050447221,94.65020576131687,0.8721826978274234
"50MA, RSI, CCI, ATR, Williams_%R, OBV",60,1,0.2204059636553109,2.1878020266199827,0.7539077415399128,92.40506329113924,1.1231360278337517
"50MA, RSI, CCI, ATR, Williams_%R, OBV",60,30,1.6125693886844998,17.306908280270296,-16.262467373783185,25.213675213675213,0.9891114243428679
"50MA, RSI, CCI, ATR, Williams_%R, OBV",5,1,0.18262578701769694,1.7157058254090405,0.9396029366278189,95.47325102880659,0.8850074839414279
"50MA, MACD, Upper_BB, Lower_BB, CCI, ATR",60,1,0.22846787640286337,2.314430018007595,0.7355755807074587,91.56118143459916,1.2781096069980742
"50MA, MACD, Upper_BB, Lower_BB, CCI, ATR",60,30,1.9000380913393844,20.189858772134446,-22.965730061653957,18.37606837606838,1.0950548059836682
"50MA, MACD, Upper_BB, Lower_BB, CCI, ATR",5,1,0.1884937479771316,1.7590043397486683,0.9356593384896056,94.65020576131687,0.7776665594009615
"50MA, MACD, Upper_BB, Lower_BB, CCI, Williams_%R",60,1,0.2140626519429898,2.125259508188419,0.7678690374705035,92.40506329113924,1.5211637154628297
"50MA, MACD, Upper_BB, Lower_BB, CCI, Williams_%R",60,30,1.4908402377177126,15.64117665904764,-13.754627842550253,29.48717948717949,1.0155165756524094
"50MA, MACD, Upper_BB, Lower_BB, CCI, Williams_%R",5,1,0.1866557271125187,1.7440698561683943,0.9369080048217906,95.47325102880659,0.7402512018284257
"50MA, MACD, Upper_BB, Lower_BB, CCI, OBV",60,1,0.21300519543055513,2.129340370096069,0.7701567985193891,91.9831223628692,1.6135105272224188
"50MA, MACD, Upper_BB, Lower_BB, CCI, OBV",60,30,1.500826961858259,15.786628218600965,-13.952964222248559,27.350427350427353,0.9416828703410897
"50MA, MACD, Upper_BB, Lower_BB, CCI, OBV",5,1,0.18625523965964552,1.742721979068942,0.9371784540159148,95.06172839506173,0.7368341460863896
"50MA, MACD, Upper_BB, Lower_BB, ATR, Williams_%R",60,1,0.2281917315026583,2.3131518852972115,0.736214404225175,91.9831223628692,1.235362994530902
"50MA, MACD, Upper_BB, Lower_BB, ATR, Williams_%R",60,30,1.8763566140199184,19.951825994143515,-22.37205033369538,18.803418803418804,1.0160112996105168
"50MA, MACD, Upper_BB, Lower_BB, ATR, Williams_%R",5,1,0.1882538630400543,1.753738877115765,0.9358229994545337,94.65020576131687,0.6811263288776618
"50MA, MACD, Upper_BB, Lower_BB, ATR, OBV",60,1,0.2254119477890643,2.294543389605436,0.7426020208716352,91.9831223628692,1.2817686777008248
"50MA, MACD, Upper_BB, Lower_BB, ATR, OBV",60,30,1.7893196487726792,18.960248571311165,-20.254060382799036,17.94871794871795,1.0064587155847704
"50MA, MACD, Upper_BB, Lower_BB, ATR, OBV",5,1,0.18746721682595627,1.7474542065162468,0.9363582247622995,94.65020576131687,0.7947982053759141
"50MA, MACD, Upper_BB, Lower_BB, Williams_%R, OBV",60,1,0.21424994438150238,2.1361196285199777,0.767462657438416,91.13924050632912,1.5743392841057753
"50MA, MACD, Upper_BB, Lower_BB, Williams_%R, OBV",60,30,1.4686530060863965,15.641370663961663,-13.318728194578718,26.495726495726498,0.9323822228305211
"50MA, MACD, Upper_BB, Lower_BB, Williams_%R, OBV",5,1,0.18618401652182884,1.739729493311822,0.9372264901640606,94.65020576131687,0.718869554376545
"50MA, MACD, Upper_BB, CCI, ATR, Williams_%R",60,1,0.22740221000630065,2.31006251490324,0.7380365921678051,92.40506329113924,1.263250335578182
"50MA, MACD, Upper_BB, CCI, ATR, Williams_%R",60,30,1.864381142201411,19.66749825982155,-22.074667466563902,22.22222222222222,1.0406668986981895
"50MA, MACD, Upper_BB, CCI, ATR, Williams_%R",5,1,0.18517772792234796,1.7484541342533446,0.9379032137877152,95.88477366255144,0.8054167073000126
"50MA, MACD, Upper_BB, CCI, ATR, OBV",60,1,0.22846125364544626,2.328667821547893,0.7355909105947915,91.56118143459916,1.2885898283241017
"50MA, MACD, Upper_BB, CCI, ATR, OBV",60,30,1.8575085462475034,19.740999645455084,-21.90486251225677,18.37606837606838,1.1116643744401176
"50MA, MACD, Upper_BB, CCI, ATR, OBV",5,1,0.18478502366594504,1.7428025473396698,0.9381663103849345,95.88477366255144,0.8220418913508696
"50MA, MACD, Upper_BB, CCI, Williams_%R, OBV",60,1,0.21313981687494712,2.119485748056591,0.7698661802414857,91.56118143459916,1.497384982177504
"50MA, MACD, Upper_BB, CCI, Williams_%R, OBV",60,30,1.4890608661907074,15.600601034496753,-13.719428501286862,27.350427350427353,0.9447084630730518
"50MA, MACD, Upper_BB, CCI, Williams_%R, OBV",5,1,0.18253936604129173,1.7281569613601075,0.939660084506963,95.88477366255144,0.7204160244509579
"50MA, MACD, Upper_BB, ATR, Williams_%R, OBV",60,1,0.22748656676299922,2.3222062188820645,0.7378422010732935,91.56118143459916,1.3067634542709765
"50MA, MACD, Upper_BB, ATR, Williams_%R, OBV",60,30,1.809203225012348,19.03760144147538,-20.729050763429044,17.94871794871795,1.280496562871097
"50MA, MACD, Upper_BB, ATR, Williams_%R, OBV",5,1,0.1846685122098151,1.7406483627197777,0.9382442610956394,95.88477366255144,0.7580649496414151
"50MA, MACD, Lower_BB, CCI, ATR, Williams_%R",60,1,0.22740221001076347,2.310062514946451,0.738036592157523,92.40506329113924,1.263250335578182
"50MA, MACD, Lower_BB, CCI, ATR, Williams_%R",60,30,1.8643811421895795,19.667498259287534,-22.074667466271038,22.22222222222222,1.0406668986981895
"50MA, MACD, Lower_BB, CCI, ATR, Williams_%R",5,1,0.18667203175703853,1.7565771931096934,0.9368969819884897,95.47325102880659,0.8359948241702375
"50MA, MACD, Lower_BB, CCI, ATR, OBV",60,1,0.2284612536306615,2.328667821417711,0.7355909106290138,91.56118143459916,1.2885898283241017
"50MA, MACD, Lower_BB, CCI, ATR, OBV",60,30,1.8575085462815373,19.740999645619876,-21.904862513096113,18.37606837606838,1.1116643744401176
"50MA, MACD, Lower_BB, CCI, ATR, OBV",5,1,0.18671067310670067,1.7561777124410458,0.9368708544734543,95.47325102880659,0.8033416143844692
"50MA, MACD, Lower_BB, CCI, Williams_%R, OBV",60,1,0.21313981687116879,2.119485748030623,0.7698661802496449,91.56118143459916,1.497384982177504
"50MA, MACD, Lower_BB, CCI, Williams_%R, OBV",60,30,1.489060866225574,15.600601034971238,-13.719428501976177,27.350427350427353,0.9447084630730518
"50MA, MACD, Lower_BB, CCI, Williams_%R, OBV",5,1,0.182995235552986,1.7290055598526588,0.9393583252071999,95.47325102880659,0.8447207002224495
"50MA, MACD, Lower_BB, ATR, Williams_%R, OBV",60,1,0.22748656675644513,2.3222062188255044,0.7378422010883995,91.56118143459916,1.3067634542709765
"50MA, MACD, Lower_BB, ATR, Williams_%R, OBV",60,30,1.809203225059604,19.037601441488956,-20.729050764564157,17.94871794871795,1.280496562871097
"50MA, MACD, Lower_BB, ATR, Williams_%R, OBV",5,1,0.18648853977372512,1.7510962205072897,0.9370209770722328,95.06172839506173,0.9280281664142637
"50MA, MACD, CCI, ATR, Williams_%R, OBV",60,1,0.2185841844014924,2.1745513675777004,0.7579591104888974,92.40506329113924,0.9864367372797156
"50MA, MACD, CCI, ATR, Williams_%R, OBV",60,30,1.5553605663927081,16.408828708315866,-15.059359342328356,26.923076923076923,0.9675076826943189
"50MA, MACD, CCI, ATR, Williams_%R, OBV",5,1,0.18270577376463512,1.7260467139095248,0.9395500194287788,95.47325102880659,0.7635510424076185
"50MA, Upper_BB, Lower_BB, CCI, ATR, Williams_%R",60,1,0.22424329383990935,2.275685755429108,0.7452640748700236,91.9831223628692,1.3275401253543102
"50MA, Upper_BB, Lower_BB, CCI, ATR, Williams_%R",60,30,1.880149966960082,20.018780989939547,-22.46664648214952,20.94017094017094,0.9746116387888067
"50MA, Upper_BB, Lower_BB, CCI, ATR, Williams_%R",5,1,0.18626459842427817,1.7514714883712919,0.9371721406704786,95.06172839506173,0.9388964207613133
"50MA, Upper_BB, Lower_BB, CCI, ATR, OBV",60,1,0.2257342000669255,2.2943637819920997,0.7418655348326362,90.71729957805907,1.4772200088419536
"50MA, Upper_BB, Lower_BB, CCI, ATR, OBV",60,30,1.8563849744261662,19.80668006595069,-21.877161455638024,17.94871794871795,1.0474694802392337
"50MA, Upper_BB, Lower_BB, CCI, ATR, OBV",5,1,0.18581757972611865,1.7487306865924084,0.9374733415114458,95.47325102880659,0.8812371781112297
"50MA, Upper_BB, Lower_BB, CCI, Williams_%R, OBV",60,1,0.21203330573064172,2.1150262326355023,0.772249448145868,91.13924050632912,1.425795114394803
"50MA, Upper_BB, Lower_BB, CCI, Williams_%R, OBV",60,30,1.5147957594513959,16.25096337435686,-14.232606016121421,25.64102564102564,1.0452395769339629
"50MA, Upper_BB, Lower_BB, CCI, Williams_%R, OBV",5,1,0.18335229066001968,1.7336014771740307,0.9391214497124739,95.47325102880659,0.765234492854895
"50MA, Upper_BB, Lower_BB, ATR, Williams_%R, OBV",60,1,0.22490629729101685,2.2944360807307835,0.7437555305741468,91.9831223628692,1.357231274026977
"50MA, Upper_BB, Lower_BB, ATR, Williams_%R, OBV",60,30,1.8117273245747192,19.114672461362687,-20.789723379978216,21.367521367521366,1.3534809908723389
"50MA, Upper_BB, Lower_BB, ATR, Williams_%R, OBV",5,1,0.18572542598053712,1.7454005931480352,0.9375353446542825,95.06172839506173,0.7842386897127455
"50MA, Upper_BB, CCI, ATR, Williams_%R, OBV",60,1,0.22340228716755262,2.2818620126705698,0.7471712255732393,92.40506329113924,1.3854707648348468
"50MA, Upper_BB, CCI, ATR, Williams_%R, OBV",60,30,1.834401851565224,19.363999037836756,-21.33855147479779,22.22222222222222,1.3798742888040212
"50MA, Upper_BB, CCI, ATR, Williams_%R, OBV",5,1,0.18399428891094605,1.7351333797041557,0.9386943773503399,95.47325102880659,0.8090130620796474
"50MA, Lower_BB, CCI, ATR, Williams_%R, OBV",60,1,0.22340228716757668,2.281862012670761,0.7471712255731848,92.40506329113924,1.3854707648348468
"50MA, Lower_BB, CCI, ATR, Williams_%R, OBV",60,30,1.834401851565264,19.363999037834976,-21.338551474798763,22.22222222222222,1.3798742888040212
"50MA, Lower_BB, CCI, ATR, Williams_%R, OBV",5,1,0.1865917500926002,1.7562846392803737,0.9369512474925813,95.06172839506173,0.7545635701611081
"RSI, MACD, Upper_BB, Lower_BB, CCI, ATR",60,1,0.23121215189994831,2.309641854905924,0.7291850840408471,91.13924050632912,1.3769740336014888
"RSI, MACD, Upper_BB, Lower_BB, CCI, ATR",60,30,1.975807815655766,21.482797322791274,-24.915252587023993,14.957264957264957,0.9896270293257107
"RSI, MACD, Upper_BB, Lower_BB, CCI, ATR",5,1,0.1865566772084275,1.7441199645355991,0.9369749472946164,95.06172839506173,0.7333460430486579
"RSI, MACD, Upper_BB, Lower_BB, CCI, Williams_%R",60,1,0.2134088737725396,2.082728664146102,0.7692847949870123,91.9831223628692,1.1826512893231287
"RSI, MACD, Upper_BB, Lower_BB, CCI, Williams_%R",60,30,1.5272047978419416,17.117234867859512,-14.483195859972458,22.22222222222222,1.0595241534521391
"RSI, MACD, Upper_BB, Lower_BB, CCI, Williams_%R",5,1,0.18446668175237252,1.7284169645424046,0.9383791771960293,95.47325102880659,0.6532373294449161
"RSI, MACD, Upper_BB, Lower_BB, CCI, OBV",60,1,0.21060354119444175,2.069015569712918,0.7753105878307103,92.82700421940928,1.4101437903505334
"RSI, MACD, Upper_BB, Lower_BB, CCI, OBV",60,30,1.5174229107332706,17.026006973078257,-14.285488475864796,18.803418803418804,1.0277737487142211
"RSI, MACD, Upper_BB, Lower_BB, CCI, OBV",5,1,0.18401689806379656,1.725461419208127,0.9386793099984012,95.47325102880659,0.7327740732681246
"RSI, MACD, Upper_BB, Lower_BB, ATR, Williams_%R",60,1,0.23284308601674475,2.316416593888152,0.7253510376271266,89.87341772151899,1.1241260170187006
"RSI, MACD, Upper_BB, Lower_BB, ATR, Williams_%R",60,30,1.9702988245574669,21.235859613824847,-24.770939094818473,13.675213675213676,1.0022824858606403
"RSI, MACD, Upper_BB, Lower_BB, ATR, Williams_%R",5,1,0.18661987238744024,1.745561471270661,0.9369322411943763,95.06172839506173,0.8196871036071941
"RSI, MACD, Upper_BB, Lower_BB, ATR, OBV",60,1,0.23036245367650407,2.31349502939193,0.7311719011299251,90.29535864978902,1.2567180179919433
"RSI, MACD, Upper_BB, Lower_BB, ATR, OBV",60,30,1.9108005438838351,20.2460399261011,-23.237998849037858,15.81196581196581,1.3448500243490324
"RSI, MACD, Upper_BB, Lower_BB, ATR, OBV",5,1,0.18605329912531052,1.7414065330906288,0.9373146041644989,95.06172839506173,0.9003406680746866
"RSI, MACD, Upper_BB, Lower_BB, Williams_%R, OBV",60,1,0.21407641604118977,2.0796234297379543,0.7678391847516369,92.40506329113924,1.2625064825137278
"RSI, MACD, Upper_BB, Lower_BB, Williams_%R, OBV",60,30,1.4851367508050533,16.730737874696118,-13.641950637411295,18.803418803418804,1.071147060822463
"RSI, MACD, Upper_BB, Lower_BB, Williams_%R, OBV",5,1,0.18395681508490938,1.7272040624654408,0.9387193468458865,95.47325102880659,0.616223763912691
"RSI, MACD, Upper_BB, CCI, ATR, Williams_%R",60,1,0.21692998834963925,2.2008836482792926,0.7616086707738486,90.71729957805907,1.316426010715564
"RSI, MACD, Upper_BB, CCI, ATR, Williams_%R",60,30,1.7799231412310708,19.147876610489927,-20.03141760818242,14.957264957264957,1.139202344307358
"RSI, MACD, Upper_BB, CCI, ATR, Williams_%R",5,1,0.18430760446751204,1.7302240092993562,0.9384854104349339,95.88477366255144,0.8516290173195367
"RSI, MACD, Upper_BB, CCI, ATR, OBV",60,1,0.21836371221543477,2.209257372155121,0.7584471272415233,90.71729957805907,1.2538922563137467
"RSI, MACD, Upper_BB, CCI, ATR, OBV",60,30,1.753166429723943,18.512167733101297,-19.403860241539206,23.076923076923077,1.2105546875802375
"RSI, MACD, Upper_BB, CCI, ATR, OBV",5,1,0.18393277188593019,1.72615943013052,0.9387353645906049,95.88477366255144,0.7901803714274657
"RSI, MACD, Upper_BB, CCI, Williams_%R, OBV",60,1,0.2024394438835115,2.013120960213365,0.7923932161872583,93.24894514767934,1.3743897388238997
"RSI, MACD, Upper_BB, CCI, Williams_%R, OBV",60,30,1.4475228032121763,16.096363311126407,-12.909671581754885,20.51282051282051,1.058032966746664
"RSI, MACD, Upper_BB, CCI, Williams_%R, OBV",5,1,0.1822597825107655,1.7111725295561993,0.9398447803082124,95.47325102880659,0.7113978082837705
"RSI, MACD, Upper_BB, ATR, Williams_%R, OBV",60,1,0.2200898391202121,2.2204620627974663,0.7546131671909169,90.71729957805907,1.3227014107784314
"RSI, MACD, Upper_BB, ATR, Williams_%R, OBV",60,30,1.7408729334475925,18.343259663159145,-19.118712946968163,23.076923076923077,1.1692182734692953
"RSI, MACD, Upper_BB, ATR, Williams_%R, OBV",5,1,0.18391956973393675,1.7267269572235289,0.9387441590647235,95.88477366255144,0.7985489913834585
"RSI, MACD, Lower_BB, CCI, ATR, Williams_%R",60,1,0.220539548072614,2.2203584075348486,0.7536093462276823,91.9831223628692,1.3658352915914511
"RSI, MACD, Lower_BB, CCI, ATR, Williams_%R",60,30,1.8186350502847686,19.434868848559166,-20.95619917975397,18.803418803418804,1.1483491004573607
"RSI, MACD, Lower_BB, CCI, ATR, Williams_%R",5,1,0.18638877512608135,1.7443352643963468,0.9370883420634356,95.06172839506173,0.7976712513563134
"RSI, MACD, Lower_BB, CCI, ATR, OBV",60,1,0.22117427582537152,2.214644226013424,0.7521890473356081,91.13924050632912,1.259366354800158
"RSI, MACD, Lower_BB, CCI, ATR, OBV",60,30,1.8010295791957485,19.147330519986546,-20.53315859624552,17.094017094017094,1.2944479007071314
"RSI, MACD, Lower_BB, CCI, ATR, OBV",5,1,0.18619015637228278,1.739599150594973,0.9372223498911723,95.47325102880659,0.8282047896567567
"RSI, MACD, Lower_BB, CCI, Williams_%R, OBV",60,1,0.20521660198500574,2.0294675164431655,0.7866580532411831,93.24894514767934,1.3582065805907766
"RSI, MACD, Lower_BB, CCI, Williams_%R, OBV",60,30,1.479683263889377,16.511321634489697,-13.534616305521824,23.504273504273502,1.059280757337561
"RSI, MACD, Lower_BB, CCI, Williams_%R, OBV",5,1,0.18302112116620745,1.7147884159566011,0.9393411678428738,95.47325102880659,0.7317213422245467
"RSI, MACD, Lower_BB, ATR, Williams_%R, OBV",60,1,0.22299510281962834,2.2262665865517888,0.7480920227763803,91.56118143459916,1.2647640994439868
"RSI, MACD, Lower_BB, ATR, Williams_%R, OBV",60,30,1.7849401108095932,18.876807889388083,-20.15014485326324,19.65811965811966,1.265726418618265
"RSI, MACD, Lower_BB, ATR, Williams_%R, OBV",5,1,0.18628780556312513,1.7416477399571793,0.9371564839574105,95.06172839506173,0.8828563929910827
"RSI, MACD, CCI, ATR, Williams_%R, OBV",60,1,0.20636400712648195,2.064277295504522,0.7842657128845256,93.24894514767934,0.8358687912910459
"RSI, MACD, CCI, ATR, Williams_%R, OBV",60,30,1.4945320597317273,16.363794801314942,-13.827793166813118,19.230769230769234,1.1498531765475637
"RSI, MACD, CCI, ATR, Williams_%R, OBV",5,1,0.18213588098477912,1.703748553036511,0.9399265404200863,95.47325102880659,0.8879660353810803
"RSI, Upper_BB, Lower_BB, CCI, ATR, Williams_%R",60,1,0.22467557851278416,2.246953931010922,0.7442809946226576,91.13924050632912,1.255889482162076
"RSI, Upper_BB, Lower_BB, CCI, ATR, Williams_%R",60,30,1.4433821024102351,15.507068507549471,-12.83020698121173,21.367521367521366,1.3159721869752163
"RSI, Upper_BB, Lower_BB, CCI, ATR, Williams_%R",5,1,0.1847761941126972,1.7352871538917138,0.9381722194223693,95.47325102880659,0.7793835111930032
"RSI, Upper_BB, Lower_BB, CCI, ATR, OBV",60,1,0.22477834058852642,2.2455646946045125,0.7440470197016973,92.82700421940928,1.2615597165062453
"RSI, Upper_BB, Lower_BB, CCI, ATR, OBV",60,30,1.4295272910180823,15.391037012775193,-12.565973044364029,20.085470085470085,1.4039068013071236
"RSI, Upper_BB, Lower_BB, CCI, ATR, OBV",5,1,0.18442412878954412,1.7324581891584208,0.9384076034258217,95.47325102880659,0.8943833352494199
"RSI, Upper_BB, Lower_BB, CCI, Williams_%R, OBV",60,1,0.21022559939698218,2.0750991901834284,0.7761163038506207,93.24894514767934,1.2240557746538248
"RSI, Upper_BB, Lower_BB, CCI, Williams_%R, OBV",60,30,1.2697392045259994,14.015805426226342,-9.702743226871373,18.803418803418804,1.1344282848724954
"RSI, Upper_BB, Lower_BB, CCI, Williams_%R, OBV",5,1,0.18180052262198268,1.7204998765196706,0.940147557716281,95.47325102880659,0.7898613701841858
"RSI, Upper_BB, Lower_BB, ATR, Williams_%R, OBV",60,1,0.22651792193147383,2.2591943653164903,0.7400699999546649,90.71729957805907,1.3513954840568154
"RSI, Upper_BB, Lower_BB, ATR, Williams_%R, OBV",60,30,1.4143959137335986,15.310101041866927,-12.28030453213798,19.65811965811966,1.3804659904399803
"RSI, Upper_BB, Lower_BB, ATR, Williams_%R, OBV",5,1,0.18451002445367232,1.7352068444920834,0.9383502166633051,95.47325102880659,0.7825921193840023
"RSI, Upper_BB, CCI, ATR, Williams_%R, OBV",60,1,0.2156680943850581,2.1833838368947434,0.7643740756408905,91.13924050632912,1.2827575072571291
"RSI, Upper_BB, CCI, ATR, Williams_%R, OBV",60,30,1.1045159585004984,11.603212904980065,-7.098601662422315,30.76923076923077,1.1507671309990974
"RSI, Upper_BB, CCI, ATR, Williams_%R, OBV",5,1,0.1836848249584476,1.7222851605837384,0.9389004264163294,95.47325102880659,0.8359973932636705
"RSI, Lower_BB, CCI, ATR, Williams_%R, OBV",60,1,0.21713899579448273,2.187322983355031,0.7611490794936363,91.13924050632912,1.2201510630584627
"RSI, Lower_BB, CCI, ATR, Williams_%R, OBV",60,30,1.1774505579614727,12.717075599878067,-8.203465903839213,22.64957264957265,1.2006047157705537
"RSI, Lower_BB, CCI, ATR, Williams_%R, OBV",5,1,0.18470974688395594,1.7315827579975895,0.9382166791105855,95.06172839506173,0.838514226506857
"MACD, Upper_BB, Lower_BB, CCI, ATR, Williams_%R",60,1,0.22799087322235315,2.270441940163012,0.736678577070399,91.13924050632912,1.1402381239108432
"MACD, Upper_BB, Lower_BB, CCI, ATR, Williams_%R",60,30,1.912942584426286,20.473376534277154,-23.292371742423285,18.803418803418804,1.0039116166762487
"MACD, Upper_BB, Lower_BB, CCI, ATR, Williams_%R",5,1,0.18658336028449649,1.7492065809415054,0.9369569171434888,95.06172839506173,0.7733988050147319
"MACD, Upper_BB, Lower_BB, CCI, ATR, OBV",60,1,0.22808430364484875,2.284599767880573,0.7364627151594973,92.82700421940928,1.5210235975999524
"MACD, Upper_BB, Lower_BB, CCI, ATR, OBV",60,30,1.8940672032572152,20.165091462647098,-22.81534165492948,15.81196581196581,1.3206377265410505
"MACD, Upper_BB, Lower_BB, CCI, ATR, OBV",5,1,0.18646344401484466,1.747003469945332,0.9370379261033258,95.06172839506173,0.7619921645266461
"MACD, Upper_BB, Lower_BB, CCI, Williams_%R, OBV",60,1,0.20969058531386114,2.0493143686205806,0.7772544003754811,91.9831223628692,1.2451744268190912
"MACD, Upper_BB, Lower_BB, CCI, Williams_%R, OBV",60,30,1.482556419622463,16.58445676794463,-13.591115910355967,22.22222222222222,1.0699626487152667
"MACD, Upper_BB, Lower_BB, CCI, Williams_%R, OBV",5,1,0.18385307768118914,1.7283399756290785,0.9387884424474665,95.47325102880659,0.6225577616139463
"MACD, Upper_BB, Lower_BB, ATR, Williams_%R, OBV",60,1,0.2286355411876053,2.2742291969219486,0.7351873341680466,90.71729957805907,1.4087885269699776
"MACD, Upper_BB, Lower_BB, ATR, Williams_%R, OBV",60,30,1.8593052301226143,19.522597974930964,-21.94919361354709,17.94871794871795,1.1531444378676752
"MACD, Upper_BB, Lower_BB, ATR, Williams_%R, OBV",5,1,0.18624334711955362,1.7448999637739722,0.9371864761677094,95.06172839506173,0.7785424802629978
"MACD, Upper_BB, CCI, ATR, Williams_%R, OBV",60,1,0.2159176287872231,2.1655056465906255,0.7638285077937239,90.71729957805907,1.2979013431292659
"MACD, Upper_BB, CCI, ATR, Williams_%R, OBV",60,30,1.65812945791221,17.551869480128776,-17.25168302974377,23.931623931623932,1.208148000630428
"MACD, Upper_BB, CCI, ATR, Williams_%R, OBV",5,1,0.18347000253690848,1.7264413806110923,0.9390432567571277,95.88477366255144,0.8336117686241572
"MACD, Lower_BB, CCI, ATR, Williams_%R, OBV",60,1,0.2199473435903415,2.2118489660770955,0.754930812089884,91.56118143459916,1.2888483783946334
"MACD, Lower_BB, CCI, ATR, Williams_%R, OBV",60,30,1.7068787325174284,18.163171220956357,-18.34066410235487,17.94871794871795,1.2682238842336724
"MACD, Lower_BB, CCI, ATR, Williams_%R, OBV",5,1,0.1860387371918552,1.745991311517358,0.9373244162435639,95.47325102880659,0.8253254729850064
"Upper_BB, Lower_BB, CCI, ATR, Williams_%R, OBV",60,1,0.22198120413455621,2.226204110519961,0.7503775306219885,91.9831223628692,1.3108894253883814
"Upper_BB, Lower_BB, CCI, ATR, Williams_%R, OBV",60,30,1.3609107539471714,14.778842559552357,-11.294909599217494,20.085470085470085,1.3799521238075234
"Upper_BB, Lower_BB, CCI, ATR, Williams_%R, OBV",5,1,0.18428279457236685,1.7334500669721518,0.9385019704439632,95.47325102880659,0.7626109119193659
