Trial,Indicators,Hidden Size,Dropout,LR,Batch Size,Window Size,Forecast Window,Epochs,Activation Func,RMSE,MAPE,R2,Accuracy,Profit Index
0,"20MA, 50MA, RSI, MACD, Upper_BB, Lower_BB",128,0.4,0.001,64,60,1,150,sigmoid,0.061239914540824565,15.29867698718096,-1.2090143854535613,2.109704641350211,1.0414812527456396
1,"20MA, 50MA, RSI, MACD, Upper_BB, Lower_BB",32,0.4,0.0001,64,60,1,150,sigmoid,0.02771470266795835,5.716267966822932,0.5475716200710075,54.85232067510548,1.271298014281616
2,"20MA, 50MA, RSI, MACD, Upper_BB, Lower_BB",32,0.6000000000000001,0.001,16,60,1,150,relu,0.018377913418520332,3.8290604249363036,0.8010601462014124,72.15189873417721,1.051338896200419
3,"20MA, 50MA, RSI, MACD, Upper_BB, Lower_BB",32,0.6000000000000001,0.0005,64,60,1,50,relu,0.025357396400651985,5.415170106007922,0.6212621479926582,55.69620253164557,1.0437349951931685
4,"20MA, 50MA, RSI, MACD, Upper_BB, Lower_BB",64,0.2,0.0005,64,60,1,150,sigmoid,0.04246690956579781,10.071178934843,-0.062259703076375184,10.970464135021098,0.9136256792551057
5,"20MA, 50MA, RSI, MACD, Upper_BB, Lower_BB",32,0.8,0.0001,16,60,1,50,tanh,0.021756282671300885,4.291908212986742,0.7211961428745552,72.9957805907173,1.130748385389478
6,"20MA, 50MA, RSI, MACD, Upper_BB, Lower_BB",64,0.2,0.0005,16,60,1,150,tanh,0.014159503062685248,2.7625550838701742,0.8819066573227777,86.91983122362869,1.0150231295136125
7,"20MA, 50MA, RSI, MACD, Upper_BB, Lower_BB",64,0.7,0.001,32,60,1,150,relu,0.021089025176262696,4.4914813013836135,0.7380355237696964,60.75949367088608,0.9663624498377062
8,"20MA, 50MA, RSI, MACD, Upper_BB, Lower_BB",64,0.8,0.0001,64,60,1,100,sigmoid,0.03647805429722176,8.24888332104307,0.21622262446537877,25.31645569620253,1.036238736123355
9,"20MA, 50MA, RSI, MACD, Upper_BB, Lower_BB",64,0.5,0.0005,64,60,1,50,sigmoid,0.06237900662380072,14.63025696812047,-1.291956131689306,3.375527426160337,1.0
10,"20MA, 50MA, RSI, MACD, Upper_BB, Lower_BB",128,0.2,0.0005,16,60,1,100,tanh,0.0123124279406841,2.319309638127286,0.9107071271954142,90.71729957805907,1.0964010951670198
11,"20MA, 50MA, RSI, MACD, Upper_BB, Lower_BB",128,0.2,0.0005,16,60,1,100,tanh,0.011234587424386055,2.1064500121961265,0.9256563895651189,93.24894514767934,1.153048234427161
12,"20MA, 50MA, RSI, MACD, Upper_BB, Lower_BB",128,0.30000000000000004,0.0005,16,60,1,100,tanh,0.012329765305315897,2.303422121937965,0.910455480150811,90.29535864978902,1.0403928444347341
13,"20MA, 50MA, RSI, MACD, Upper_BB, Lower_BB",128,0.30000000000000004,0.0005,16,60,1,100,tanh,0.011652153973006216,2.148011055145363,0.920027288390772,92.82700421940928,1.1422472012263054
14,"20MA, 50MA, RSI, MACD, Upper_BB, Lower_BB",128,0.30000000000000004,0.0005,32,60,1,100,tanh,0.013802242983893204,2.669653865676726,0.8877907319044882,89.45147679324894,0.9127402401707848
15,"20MA, 50MA, RSI, MACD, Upper_BB, Lower_BB",128,0.30000000000000004,0.0005,16,60,1,100,tanh,0.011431158847108425,2.1111641595767208,0.9230320514025789,93.24894514767934,1.037471820242735
16,"20MA, 50MA, RSI, MACD, Upper_BB, Lower_BB",128,0.4,0.0005,16,60,1,100,tanh,0.012133678289500896,2.2759739844017526,0.9132809834565235,90.29535864978902,0.9849289495127433
17,"20MA, 50MA, RSI, MACD, Upper_BB, Lower_BB",128,0.30000000000000004,0.0005,16,60,1,100,tanh,0.012520720328999594,2.3612650811293308,0.907660392954967,89.45147679324894,1.1199778525665691
18,"20MA, 50MA, RSI, MACD, Upper_BB, Lower_BB",128,0.2,0.0001,32,60,1,100,tanh,0.018427286762873536,3.7667705522886843,0.7999897831181763,75.10548523206751,0.9304551848375817
19,"20MA, 50MA, RSI, MACD, Upper_BB, Lower_BB",128,0.5,0.001,16,60,1,100,tanh,0.011872997867593642,2.2157346227108894,0.9169671066136668,91.9831223628692,1.078211157715029
20,"20MA, 50MA, RSI, MACD, Upper_BB, Lower_BB",128,0.4,0.0005,16,60,1,100,relu,0.015653263449428762,3.1051719998201843,0.8556757925194696,82.27848101265823,0.9385433263732428
21,"20MA, 50MA, RSI, MACD, Upper_BB, Lower_BB",128,0.30000000000000004,0.0005,16,60,1,100,tanh,0.011510270300713249,2.134190500629285,0.921963023045437,92.40506329113924,0.8335326293922106
22,"20MA, 50MA, RSI, MACD, Upper_BB, Lower_BB",128,0.30000000000000004,0.0005,16,60,1,100,tanh,0.011557043650757026,2.1442831916386003,0.921327509377836,91.9831223628692,0.8834965730832646
23,"20MA, 50MA, RSI, MACD, Upper_BB, Lower_BB",128,0.2,0.0005,16,60,1,100,tanh,0.011715767064166605,2.1654443749314862,0.9191517081175261,91.9831223628692,0.8842722202518931
24,"20MA, 50MA, RSI, MACD, Upper_BB, Lower_BB",128,0.30000000000000004,0.0005,16,60,1,100,tanh,0.012346048133098243,2.319163384601749,0.910218816968637,90.29535864978902,1.0682992801359428
0,"20MA, 50MA, RSI, MACD, Upper_BB, Lower_BB",32,0.30000000000000004,0.001,32,60,30,100,sigmoid,0.09787493312752027,23.66213974016653,-4.1631025162828825,1.282051282051282,1.0
1,"20MA, 50MA, RSI, MACD, Upper_BB, Lower_BB",32,0.2,0.0005,32,60,30,50,tanh,0.0563074750000336,12.148444170553073,-0.7088340808893134,19.230769230769234,0.9324430448447695
2,"20MA, 50MA, RSI, MACD, Upper_BB, Lower_BB",64,0.30000000000000004,0.0001,32,60,30,100,tanh,0.048065607880886034,10.212432838533744,-0.24519299816917584,27.350427350427353,0.9772274490848547
3,"20MA, 50MA, RSI, MACD, Upper_BB, Lower_BB",128,0.6000000000000001,0.0001,32,60,30,50,relu,0.09143872928540761,21.78673047772551,-3.5063835800286256,2.1367521367521367,1.009692683843855
4,"20MA, 50MA, RSI, MACD, Upper_BB, Lower_BB",32,0.8,0.001,16,60,30,50,sigmoid,0.1121580515462688,27.318627942677224,-5.7799845392803935,0.4273504273504274,1.0
5,"20MA, 50MA, RSI, MACD, Upper_BB, Lower_BB",64,0.8,0.0001,64,60,30,100,sigmoid,0.04837312744029447,9.933036226373556,-0.26117724001311515,28.63247863247863,1.1061280508723739
6,"20MA, 50MA, RSI, MACD, Upper_BB, Lower_BB",128,0.2,0.001,16,60,30,50,relu,0.09064756128929284,21.474507203069646,-3.4287385340677368,1.7094017094017095,1.0
7,"20MA, 50MA, RSI, MACD, Upper_BB, Lower_BB",32,0.8,0.001,32,60,30,100,relu,0.054024233181075645,11.495748920520358,-0.57305900821999,22.22222222222222,1.0414812527456396
8,"20MA, 50MA, RSI, MACD, Upper_BB, Lower_BB",32,0.30000000000000004,0.0001,16,60,30,150,sigmoid,0.06406782687784113,14.222951394409723,-1.2123191485670262,12.393162393162394,1.0089957021422498
9,"20MA, 50MA, RSI, MACD, Upper_BB, Lower_BB",32,0.4,0.0005,64,60,30,150,tanh,0.04339347441213305,9.281022607364658,-0.014884548583749435,27.77777777777778,0.7502490325082039
10,"20MA, 50MA, RSI, MACD, Upper_BB, Lower_BB",64,0.5,0.0005,64,60,30,150,tanh,0.04527798591017194,9.589032222578838,-0.10494838532463002,28.63247863247863,0.9150880671972093
11,"20MA, 50MA, RSI, MACD, Upper_BB, Lower_BB",64,0.5,0.0005,64,60,30,150,tanh,0.044153699596888724,9.481871771420368,-0.05075626653658838,29.48717948717949,0.8600294512941921
12,"20MA, 50MA, RSI, MACD, Upper_BB, Lower_BB",64,0.5,0.0005,64,60,30,150,tanh,0.04124842992697774,8.871617481592752,0.08297191589056363,28.63247863247863,0.9204703326804842
13,"20MA, 50MA, RSI, MACD, Upper_BB, Lower_BB",64,0.6000000000000001,0.0005,64,60,30,150,tanh,0.04376821783655481,9.37650475077237,-0.03248920146029155,29.059829059829063,0.9540736966791518
14,"20MA, 50MA, RSI, MACD, Upper_BB, Lower_BB",128,0.4,0.0005,64,60,30,150,tanh,0.04147069010425669,8.922974099217372,0.07306278982149583,29.914529914529915,0.8478655239645708
15,"20MA, 50MA, RSI, MACD, Upper_BB, Lower_BB",128,0.6000000000000001,0.0005,64,60,30,150,tanh,0.04616192771829269,9.879586978617857,-0.14851233765580107,27.350427350427353,0.8957283114270848
16,"20MA, 50MA, RSI, MACD, Upper_BB, Lower_BB",128,0.4,0.0005,64,60,30,150,tanh,0.04548575403589883,9.794721899207397,-0.11511225520413015,26.923076923076923,0.882545878985231
17,"20MA, 50MA, RSI, MACD, Upper_BB, Lower_BB",128,0.4,0.0005,64,60,30,150,tanh,0.05412420528672567,11.670388412818458,-0.5788863016089671,20.94017094017094,0.9900192570164269
18,"20MA, 50MA, RSI, MACD, Upper_BB, Lower_BB",64,0.7,0.0005,64,60,30,150,tanh,0.03968986454920343,8.604637301580096,0.150962201397566,29.48717948717949,0.8989489728792045
19,"20MA, 50MA, RSI, MACD, Upper_BB, Lower_BB",64,0.7,0.0005,64,60,30,150,relu,0.04435990544913945,9.40853363771868,-0.06059363203839352,31.196581196581196,0.9934262421083109
20,"20MA, 50MA, RSI, MACD, Upper_BB, Lower_BB",64,0.7,0.0005,16,60,30,150,tanh,0.06511218011000357,14.513891317158123,-1.2850318886044882,13.675213675213676,1.0
21,"20MA, 50MA, RSI, MACD, Upper_BB, Lower_BB",64,0.5,0.0005,64,60,30,150,tanh,0.04473963351311624,9.542230249903955,-0.0788290593033778,29.059829059829063,0.9062599639998589
22,"20MA, 50MA, RSI, MACD, Upper_BB, Lower_BB",128,0.7,0.0005,64,60,30,150,tanh,0.04443465303976282,9.589812698543204,-0.06417089892249761,27.77777777777778,0.8675153002291849
23,"20MA, 50MA, RSI, MACD, Upper_BB, Lower_BB",64,0.5,0.0005,64,60,30,150,tanh,0.042100481053246715,9.02538224702893,0.0446953139009566,29.914529914529915,0.9198412669492333
24,"20MA, 50MA, RSI, MACD, Upper_BB, Lower_BB",64,0.4,0.0005,64,60,30,150,tanh,0.04338831465531652,9.328074891500588,-0.014643210631041681,29.059829059829063,0.866406212591665
0,"20MA, 50MA, RSI, MACD, Upper_BB, CCI",64,0.8,0.0001,64,60,1,150,tanh,0.023102117171118455,4.655007731009016,0.6856358911309062,63.71308016877637,1.1036400831081434
1,"20MA, 50MA, RSI, MACD, Upper_BB, CCI",64,0.8,0.0005,32,60,1,100,sigmoid,0.03420676779594955,7.989818055089128,0.31078698305839836,16.877637130801688,0.8953046849250388
2,"20MA, 50MA, RSI, MACD, Upper_BB, CCI",64,0.2,0.001,64,60,1,100,relu,0.021384743782940755,4.743009470328657,0.7306372764795256,59.07172995780591,0.8351511131758883
3,"20MA, 50MA, RSI, MACD, Upper_BB, CCI",64,0.4,0.001,64,60,1,50,tanh,0.018892307560624898,3.7439124835822755,0.7897677170604152,76.79324894514767,1.0106840511444615
4,"20MA, 50MA, RSI, MACD, Upper_BB, CCI",64,0.6000000000000001,0.001,64,60,1,100,tanh,0.015391114584243347,3.016145866832204,0.8604693764681395,84.38818565400844,1.177529622937251
5,"20MA, 50MA, RSI, MACD, Upper_BB, CCI",64,0.4,0.0005,16,60,1,150,relu,0.01957640758134455,4.1510857901998985,0.7742668255464581,67.9324894514768,0.8560982821117615
6,"20MA, 50MA, RSI, MACD, Upper_BB, CCI",64,0.30000000000000004,0.0001,16,60,1,150,sigmoid,0.03526509295906121,8.093102483496112,0.2674800483074218,19.40928270042194,0.8846605111747791
7,"20MA, 50MA, RSI, MACD, Upper_BB, CCI",128,0.30000000000000004,0.0005,16,60,1,50,tanh,0.01414882735981549,2.6418169862118828,0.8820846655709176,88.18565400843882,1.0331141538179374
8,"20MA, 50MA, RSI, MACD, Upper_BB, CCI",128,0.6000000000000001,0.001,64,60,1,150,tanh,0.015463804979120355,2.993496194472953,0.8591482912329755,83.54430379746836,1.1219697038324037
9,"20MA, 50MA, RSI, MACD, Upper_BB, CCI",32,0.30000000000000004,0.001,64,60,1,50,sigmoid,0.05860518747727099,14.147651212400191,-1.0230262185554269,4.219409282700422,1.0
10,"20MA, 50MA, RSI, MACD, Upper_BB, CCI",128,0.2,0.0005,16,60,1,50,tanh,0.013625880503942272,2.5090893513888783,0.8906399893073389,89.45147679324894,1.0886905053279643
11,"20MA, 50MA, RSI, MACD, Upper_BB, CCI",128,0.2,0.0005,16,60,1,50,tanh,0.014064248960477341,2.6044334908575104,0.883490192910189,87.76371308016878,1.0648445372607973
12,"20MA, 50MA, RSI, MACD, Upper_BB, CCI",128,0.2,0.0005,16,60,1,50,tanh,0.013060155387858987,2.3856113793858804,0.8995323878360337,90.29535864978902,1.3333987017597961
13,"20MA, 50MA, RSI, MACD, Upper_BB, CCI",128,0.2,0.0005,16,60,1,50,tanh,0.01372309854958759,2.539926969854708,0.8890738968531584,89.45147679324894,1.0482328954671278
14,"20MA, 50MA, RSI, MACD, Upper_BB, CCI",128,0.5,0.0005,32,60,1,50,tanh,0.01844607451620076,3.8571038400293247,0.7995817297469934,69.19831223628692,0.8807524131060834
15,"20MA, 50MA, RSI, MACD, Upper_BB, CCI",32,0.4,0.0005,16,60,1,50,relu,0.025898596673842665,5.752508442685841,0.6049229004834245,45.9915611814346,0.874328441506709
16,"20MA, 50MA, RSI, MACD, Upper_BB, CCI",128,0.2,0.0005,16,60,1,50,tanh,0.013139269868728803,2.3953399958761423,0.8983114961424032,90.29535864978902,1.2525512848384601
17,"20MA, 50MA, RSI, MACD, Upper_BB, CCI",128,0.30000000000000004,0.0001,16,60,1,50,tanh,0.025414194918516174,5.4938983681640305,0.6195635634375467,50.210970464135016,0.8742932220549992
18,"20MA, 50MA, RSI, MACD, Upper_BB, CCI",128,0.5,0.0005,32,60,1,50,sigmoid,0.1015746542472471,25.719914265414566,-5.077151980085594,0.0,1.0
19,"20MA, 50MA, RSI, MACD, Upper_BB, CCI",32,0.5,0.0005,16,60,1,100,relu,0.02426441570302681,5.4328011439507735,0.6532080021236553,47.67932489451477,0.8123338095605617
20,"20MA, 50MA, RSI, MACD, Upper_BB, CCI",128,0.7,0.0001,16,60,1,50,tanh,0.02549989602608389,5.401744338118472,0.6169934409548982,51.47679324894515,0.9547869867512226
21,"20MA, 50MA, RSI, MACD, Upper_BB, CCI",128,0.2,0.0005,16,60,1,50,tanh,0.014219038714600321,2.655175167430902,0.8809114889135938,87.76371308016878,1.0957577637643736
22,"20MA, 50MA, RSI, MACD, Upper_BB, CCI",128,0.2,0.0005,16,60,1,50,tanh,0.013604334966646758,2.492876263435539,0.890985560712452,89.45147679324894,1.1765946715636584
23,"20MA, 50MA, RSI, MACD, Upper_BB, CCI",128,0.30000000000000004,0.0005,16,60,1,50,tanh,0.014999753699417676,2.843193282273195,0.8674750503639648,86.49789029535864,1.0263711167363343
24,"20MA, 50MA, RSI, MACD, Upper_BB, CCI",128,0.2,0.0005,16,60,1,50,tanh,0.014380495073694658,2.6996601743181006,0.8781916480123559,87.34177215189874,1.0398789525561871
0,"20MA, 50MA, RSI, MACD, Upper_BB, CCI",32,0.5,0.0001,32,60,30,100,sigmoid,0.055035233050812815,11.331544354514971,-0.6324857964445305,24.786324786324787,1.0460798012864703
1,"20MA, 50MA, RSI, MACD, Upper_BB, CCI",128,0.8,0.001,64,60,30,100,sigmoid,0.09193061602835365,21.692590990399164,-3.5549973883067354,3.418803418803419,1.0
2,"20MA, 50MA, RSI, MACD, Upper_BB, CCI",64,0.7,0.001,16,60,30,50,relu,0.09247952248480874,21.97015269765868,-3.6095544440397767,2.1367521367521367,1.0
3,"20MA, 50MA, RSI, MACD, Upper_BB, CCI",32,0.8,0.0005,32,60,30,50,sigmoid,0.07881411951417039,17.833958800330674,-2.347925982634639,5.128205128205128,1.1114658642043322
4,"20MA, 50MA, RSI, MACD, Upper_BB, CCI",128,0.5,0.0001,16,60,30,50,relu,0.07545425507553963,17.238266241097943,-2.0685645491806293,6.837606837606838,1.0314834101607697
5,"20MA, 50MA, RSI, MACD, Upper_BB, CCI",128,0.7,0.001,32,60,30,150,relu,0.06158677491591437,13.522358761292585,-1.044290997009369,18.37606837606838,1.0
6,"20MA, 50MA, RSI, MACD, Upper_BB, CCI",128,0.7,0.001,64,60,30,50,relu,0.05125385011352395,10.924206710937606,-0.4158615261820142,23.504273504273502,0.9324430448447695
7,"20MA, 50MA, RSI, MACD, Upper_BB, CCI",128,0.6000000000000001,0.001,16,60,30,150,relu,0.06616769295343099,14.63180016031536,-1.3597162138984364,13.247863247863249,1.0
8,"20MA, 50MA, RSI, MACD, Upper_BB, CCI",64,0.2,0.0001,16,60,30,150,sigmoid,0.09527246567130426,22.7188356457747,-3.8921819575019274,2.564102564102564,1.0720388834477592
9,"20MA, 50MA, RSI, MACD, Upper_BB, CCI",32,0.30000000000000004,0.0005,16,60,30,50,relu,0.07626751816704685,17.408863327501255,-2.135068395598507,6.837606837606838,1.0
10,"20MA, 50MA, RSI, MACD, Upper_BB, CCI",128,0.4,0.001,64,60,30,50,tanh,0.05313877188358201,11.422869482359935,-0.5219164723271523,21.367521367521366,0.9324430448447695
11,"20MA, 50MA, RSI, MACD, Upper_BB, CCI",128,0.4,0.001,64,60,30,50,tanh,0.04947694038046275,10.51064037327724,-0.3193908328110704,22.64957264957265,0.9324430448447695
12,"20MA, 50MA, RSI, MACD, Upper_BB, CCI",128,0.4,0.001,64,60,30,50,tanh,0.04578478344575805,9.75580004485231,-0.12982224269508924,26.923076923076923,0.9373290684379856
13,"20MA, 50MA, RSI, MACD, Upper_BB, CCI",128,0.4,0.001,64,60,30,50,tanh,0.05287382634437725,10.881021799934135,-0.5067780058982092,23.931623931623932,0.8940615485651617
14,"20MA, 50MA, RSI, MACD, Upper_BB, CCI",128,0.30000000000000004,0.001,64,60,30,50,tanh,0.05039770964677066,10.730743208431688,-0.3689556920314905,23.931623931623932,0.9324430448447695
15,"20MA, 50MA, RSI, MACD, Upper_BB, CCI",64,0.4,0.0005,64,60,30,100,tanh,0.0628635290906268,13.526325942228029,-1.1299298890685097,17.52136752136752,1.0314834101607697
16,"20MA, 50MA, RSI, MACD, Upper_BB, CCI",128,0.2,0.001,64,60,30,50,tanh,0.050348835638452785,10.728853566008114,-0.3663018448396258,23.076923076923077,0.9324430448447695
17,"20MA, 50MA, RSI, MACD, Upper_BB, CCI",128,0.30000000000000004,0.001,64,60,30,50,tanh,0.06918894162783826,15.548844280280441,-1.580127491685389,11.11111111111111,1.0
18,"20MA, 50MA, RSI, MACD, Upper_BB, CCI",32,0.6000000000000001,0.0005,64,60,30,150,tanh,0.04285636960504001,9.154049390767035,0.0100835315368063,30.34188034188034,0.893127890962141
19,"20MA, 50MA, RSI, MACD, Upper_BB, CCI",32,0.6000000000000001,0.0005,64,60,30,150,tanh,0.04464376424375744,9.802365674007946,-0.07421052611528012,26.923076923076923,0.8777829937335546
20,"20MA, 50MA, RSI, MACD, Upper_BB, CCI",32,0.6000000000000001,0.0005,32,60,30,150,tanh,0.05373885903531905,11.623691113826775,-0.5564840492931691,20.94017094017094,0.9900192570164269
21,"20MA, 50MA, RSI, MACD, Upper_BB, CCI",32,0.6000000000000001,0.0005,64,60,30,150,tanh,0.04314915835803348,9.233093213099002,-0.0034886152433604156,31.62393162393162,0.8553914599955967
22,"20MA, 50MA, RSI, MACD, Upper_BB, CCI",32,0.6000000000000001,0.0005,64,60,30,150,tanh,0.04035822067967674,8.622027811022356,0.12212675523466732,33.76068376068376,0.9274275987981113
23,"20MA, 50MA, RSI, MACD, Upper_BB, CCI",32,0.6000000000000001,0.0005,64,60,30,150,tanh,0.04507958869504519,9.689217280186893,-0.09528636540877433,27.77777777777778,0.7821893221505234
24,"20MA, 50MA, RSI, MACD, Upper_BB, CCI",32,0.5,0.0005,64,60,30,150,tanh,0.04674553403606076,9.933130244358454,-0.1777362510069056,28.205128205128204,0.9003844314791916
0,"20MA, 50MA, RSI, MACD, Upper_BB, ATR",128,0.4,0.0005,32,60,1,100,relu,0.022127675336515017,4.584926101650954,0.711596203169131,60.75949367088608,0.8963991649315852
1,"20MA, 50MA, RSI, MACD, Upper_BB, ATR",64,0.30000000000000004,0.001,16,60,1,150,sigmoid,0.031104104258843825,6.714404588637874,0.43014443988226436,37.9746835443038,0.976871113854222
2,"20MA, 50MA, RSI, MACD, Upper_BB, ATR",32,0.4,0.0005,64,60,1,100,sigmoid,0.03451228226021338,7.76437702435003,0.29842072469610215,30.801687763713083,0.8809413743099085
3,"20MA, 50MA, RSI, MACD, Upper_BB, ATR",64,0.4,0.001,16,60,1,150,sigmoid,0.030126331452357834,6.9622797754660795,0.4654086935283911,29.11392405063291,1.0
4,"20MA, 50MA, RSI, MACD, Upper_BB, ATR",128,0.5,0.001,64,60,1,50,tanh,0.029711141258099257,7.083869401905673,0.48004224443038523,24.894514767932492,0.9202458070431138
5,"20MA, 50MA, RSI, MACD, Upper_BB, ATR",128,0.7,0.0001,32,60,1,50,relu,0.023462881225490187,4.764885014409885,0.6757409721296691,70.042194092827,0.9866376308915172
6,"20MA, 50MA, RSI, MACD, Upper_BB, ATR",32,0.4,0.001,64,60,1,50,sigmoid,0.05800484424619533,13.896180514002854,-0.9817913206224431,4.641350210970464,1.0
7,"20MA, 50MA, RSI, MACD, Upper_BB, ATR",128,0.7,0.001,16,60,1,100,sigmoid,0.1637441831201372,41.53189752929073,-14.792873404147752,0.0,1.0
8,"20MA, 50MA, RSI, MACD, Upper_BB, ATR",128,0.2,0.0001,16,60,1,150,relu,0.033440441056810884,7.242396747882729,0.3413216546758141,34.59915611814346,0.9045006718079756
9,"20MA, 50MA, RSI, MACD, Upper_BB, ATR",128,0.5,0.0005,64,60,1,50,relu,0.0257105267285189,5.674583148845738,0.6106399936937628,50.210970464135016,1.0654422606719627
10,"20MA, 50MA, RSI, MACD, Upper_BB, ATR",64,0.8,0.0005,32,60,1,100,tanh,0.01847804685333005,3.907252793044951,0.798886362956581,68.77637130801688,0.8570220996546463
11,"20MA, 50MA, RSI, MACD, Upper_BB, ATR",64,0.6000000000000001,0.0005,32,60,1,100,tanh,0.02112952930854343,4.317741452696043,0.7370282858107058,64.9789029535865,0.9198137286761412
12,"20MA, 50MA, RSI, MACD, Upper_BB, ATR",64,0.8,0.0005,32,60,1,100,tanh,0.013572507411365288,2.628895906371514,0.891495046025149,89.87341772151899,1.533910445478604
13,"20MA, 50MA, RSI, MACD, Upper_BB, ATR",64,0.8,0.0005,32,60,1,100,tanh,0.022791756560939645,4.641402320390486,0.6940256736972246,61.18143459915611,0.9720544956816086
14,"20MA, 50MA, RSI, MACD, Upper_BB, ATR",64,0.8,0.0005,32,60,1,100,tanh,0.020903238442263092,4.202286670943843,0.7426308185779271,66.66666666666666,0.8813221022370502
15,"20MA, 50MA, RSI, MACD, Upper_BB, ATR",64,0.7,0.0005,32,60,1,100,tanh,0.02049426499626948,4.127911243294285,0.7526031947852001,69.19831223628692,0.8813221022370502
16,"20MA, 50MA, RSI, MACD, Upper_BB, ATR",64,0.8,0.0005,32,60,1,100,tanh,0.015726228091855036,3.141888259284331,0.8543271782430192,81.43459915611815,1.0201619599319696
17,"20MA, 50MA, RSI, MACD, Upper_BB, ATR",32,0.6000000000000001,0.0001,32,60,1,100,tanh,0.021404821832721247,4.204341942493674,0.7301312318776293,72.15189873417721,1.1242948258911587
18,"20MA, 50MA, RSI, MACD, Upper_BB, ATR",64,0.6000000000000001,0.0005,32,60,1,100,tanh,0.013383235326789731,2.56771972766267,0.8945002036777124,90.71729957805907,1.0448465878074924
19,"20MA, 50MA, RSI, MACD, Upper_BB, ATR",64,0.6000000000000001,0.0005,32,60,1,150,tanh,0.013779073495966231,2.6035224537381834,0.8966285229785289,87.81512605042016,1.2887100896041244
20,"20MA, 50MA, RSI, MACD, Upper_BB, ATR",64,0.7,0.0001,32,60,1,100,tanh,0.022863078294520545,4.502640216631719,0.6921077202615711,70.88607594936708,1.2943108063951403
21,"20MA, 50MA, RSI, MACD, Upper_BB, ATR",64,0.6000000000000001,0.0005,32,60,1,150,tanh,0.014839518677970885,2.960648454023988,0.8702913253883169,82.70042194092827,1.0059308248913201
22,"20MA, 50MA, RSI, MACD, Upper_BB, ATR",64,0.6000000000000001,0.0005,32,60,1,150,tanh,0.013116265547016906,2.4626023437248254,0.8986672582618012,91.13924050632912,1.1190350866893488
23,"20MA, 50MA, RSI, MACD, Upper_BB, ATR",64,0.5,0.0005,32,60,1,150,tanh,0.013458696980367982,2.5623886025012594,0.8933071238948855,89.87341772151899,1.077603613229719
24,"20MA, 50MA, RSI, MACD, Upper_BB, ATR",64,0.5,0.0005,32,60,1,150,tanh,0.012223513414581333,2.273691027540523,0.9119921322476784,92.82700421940928,1.229641185489133
0,"20MA, 50MA, RSI, MACD, Upper_BB, ATR",128,0.8,0.001,64,60,30,50,relu,0.04572261041678207,9.83870189717634,-0.12675586247744963,26.923076923076923,0.9794563121461093
1,"20MA, 50MA, RSI, MACD, Upper_BB, ATR",32,0.7,0.001,32,60,30,50,tanh,0.06341960298424071,14.017061672892364,-1.1677781250437866,15.384615384615385,1.0
2,"20MA, 50MA, RSI, MACD, Upper_BB, ATR",128,0.30000000000000004,0.001,32,60,30,150,tanh,0.057896278576337765,12.624795675035308,-0.8066294699079231,17.52136752136752,1.0
3,"20MA, 50MA, RSI, MACD, Upper_BB, ATR",64,0.8,0.0005,32,60,30,150,tanh,0.061756823542800016,13.577155905675154,-1.055595657804476,18.37606837606838,0.9459172348990702
4,"20MA, 50MA, RSI, MACD, Upper_BB, ATR",128,0.30000000000000004,0.001,32,60,30,100,sigmoid,0.2754004333627374,71.71188189148715,-39.87869567742256,0.0,1.0
5,"20MA, 50MA, RSI, MACD, Upper_BB, ATR",128,0.30000000000000004,0.0001,64,60,30,100,sigmoid,0.05773120510763529,12.199323263599895,-0.7963420576672207,19.65811965811966,0.9039842425090284
6,"20MA, 50MA, RSI, MACD, Upper_BB, ATR",64,0.8,0.001,32,60,30,100,relu,0.05244075609369247,11.263654789004416,-0.48219615086818757,20.51282051282051,1.0314834101607697
7,"20MA, 50MA, RSI, MACD, Upper_BB, ATR",64,0.8,0.0001,64,60,30,50,relu,0.043745464421818994,9.27705529868878,-0.03141597756826808,29.059829059829063,1.2293828899625
8,"20MA, 50MA, RSI, MACD, Upper_BB, ATR",64,0.6000000000000001,0.0005,64,60,30,100,relu,0.046361686976922147,9.905129485866249,-0.15847389640341536,28.63247863247863,0.9061436239131814
9,"20MA, 50MA, RSI, MACD, Upper_BB, ATR",128,0.4,0.001,32,60,30,150,sigmoid,0.2525137848082044,65.45758556076743,-33.36671128199163,0.0,1.0
10,"20MA, 50MA, RSI, MACD, Upper_BB, ATR",32,0.5,0.0001,16,60,30,50,relu,0.060652101883681954,13.302337370731824,-0.9827113982697189,17.94871794871795,0.8953046849250388
11,"20MA, 50MA, RSI, MACD, Upper_BB, ATR",64,0.7,0.0001,64,60,30,50,relu,0.043814962187274924,9.348528236913662,-0.034695771073504966,28.63247863247863,1.2473612650918304
12,"20MA, 50MA, RSI, MACD, Upper_BB, ATR",64,0.6000000000000001,0.0001,64,60,30,50,relu,0.04380510388477778,9.378995750772141,-0.03423021337981469,28.205128205128204,1.1799595627882276
13,"20MA, 50MA, RSI, MACD, Upper_BB, ATR",64,0.6000000000000001,0.0001,64,60,30,50,relu,0.043546706711099566,9.252731072655926,-0.02206478343949292,29.48717948717949,1.1506213856704515
14,"20MA, 50MA, RSI, MACD, Upper_BB, ATR",64,0.6000000000000001,0.0001,16,60,30,50,relu,0.07068799813118606,15.975398286052748,-1.6931414058439462,7.6923076923076925,1.0414812527456396
15,"20MA, 50MA, RSI, MACD, Upper_BB, ATR",64,0.5,0.0001,64,60,30,50,relu,0.045244540612926834,9.621469141753781,-0.1033166131674581,26.06837606837607,1.1059810073314258
16,"20MA, 50MA, RSI, MACD, Upper_BB, ATR",32,0.7,0.0001,64,60,30,50,relu,0.06089141977549132,13.18744487123705,-0.9983888248533743,16.666666666666664,0.9033585791971851
17,"20MA, 50MA, RSI, MACD, Upper_BB, ATR",64,0.5,0.0001,64,60,30,50,relu,0.043420869160694694,9.272749107139086,-0.01616636726313536,30.34188034188034,1.1410838368829967
18,"20MA, 50MA, RSI, MACD, Upper_BB, ATR",64,0.4,0.0005,16,60,30,50,tanh,0.07623862176605807,17.332523438943692,-2.132693202756759,8.547008547008547,1.0
19,"20MA, 50MA, RSI, MACD, Upper_BB, ATR",64,0.2,0.0001,64,60,30,150,sigmoid,0.048836802398837066,10.13380016738853,-0.2854708504544907,26.923076923076923,1.1061280508723739
20,"20MA, 50MA, RSI, MACD, Upper_BB, ATR",32,0.4,0.0001,64,60,30,50,relu,0.04430298280198915,9.26282723535935,-0.05787347013005362,30.34188034188034,1.127637183471485
21,"20MA, 50MA, RSI, MACD, Upper_BB, ATR",64,0.6000000000000001,0.0001,64,60,30,50,relu,0.04486235106211818,9.587302018035636,-0.0847554747573318,27.77777777777778,1.1066144723080529
22,"20MA, 50MA, RSI, MACD, Upper_BB, ATR",64,0.5,0.0001,64,60,30,50,relu,0.04539634507501446,9.703991655015123,-0.1107327284016062,26.495726495726498,1.1066144723080529
23,"20MA, 50MA, RSI, MACD, Upper_BB, ATR",64,0.7,0.0001,64,60,30,50,relu,0.045488062134776824,9.830311887513902,-0.11522542710601247,25.213675213675213,1.1431813255875214
24,"20MA, 50MA, RSI, MACD, Upper_BB, ATR",64,0.5,0.0001,64,60,30,50,relu,0.0449215230543843,9.718080355147098,-0.08761887676041114,25.64102564102564,1.1652232551272304
0,"20MA, 50MA, RSI, MACD, Upper_BB, Williams_%R",64,0.8,0.001,16,60,1,150,tanh,0.015967842736656027,3.1829774924937166,0.8498166161001381,82.27848101265823,1.1066198001689826
1,"20MA, 50MA, RSI, MACD, Upper_BB, Williams_%R",64,0.8,0.001,16,60,1,150,sigmoid,0.2216035646026079,57.57948323425924,-27.9256332883448,0.0,1.0
2,"20MA, 50MA, RSI, MACD, Upper_BB, Williams_%R",128,0.6000000000000001,0.001,32,60,1,100,sigmoid,0.14928914293470166,38.62409542749722,-12.127615308319129,0.0,1.0
3,"20MA, 50MA, RSI, MACD, Upper_BB, Williams_%R",32,0.2,0.001,64,60,1,100,sigmoid,0.02540144042884804,5.622208146329602,0.6199453229245326,46.41350210970464,0.9885969069333889
4,"20MA, 50MA, RSI, MACD, Upper_BB, Williams_%R",64,0.30000000000000004,0.0005,64,60,1,150,relu,0.01541822415624709,2.9943725926949125,0.8599774112147252,84.81012658227847,1.013943378310473
5,"20MA, 50MA, RSI, MACD, Upper_BB, Williams_%R",64,0.6000000000000001,0.0005,64,60,1,150,tanh,0.014811519013435125,2.9242419027823114,0.8707803403165416,86.49789029535864,1.0887666043211206
6,"20MA, 50MA, RSI, MACD, Upper_BB, Williams_%R",64,0.4,0.001,16,60,1,150,tanh,0.019520619052320637,4.179463406661267,0.7755515737905165,69.19831223628692,1.1114658642043322
7,"20MA, 50MA, RSI, MACD, Upper_BB, Williams_%R",32,0.4,0.0001,64,60,1,50,relu,0.030859815434453552,5.689448383792978,0.4390604771287633,56.9620253164557,1.0585614683034898
8,"20MA, 50MA, RSI, MACD, Upper_BB, Williams_%R",64,0.30000000000000004,0.0001,16,60,1,50,relu,0.027237405173969723,5.4995697441970615,0.5630207100255928,54.43037974683544,1.1826322711543265
9,"20MA, 50MA, RSI, MACD, Upper_BB, Williams_%R",32,0.2,0.001,64,60,1,150,sigmoid,0.01957776609572461,4.219444010268035,0.7742354947312666,68.77637130801688,1.0776240078461485
10,"20MA, 50MA, RSI, MACD, Upper_BB, Williams_%R",128,0.6000000000000001,0.0005,32,60,1,100,tanh,0.020139463005888366,4.308163705328689,0.7610950407684819,62.447257383966246,0.925117236075805
11,"20MA, 50MA, RSI, MACD, Upper_BB, Williams_%R",64,0.6000000000000001,0.0005,64,60,1,150,relu,0.01524372058213075,3.0129870237041976,0.8631290280748506,86.07594936708861,1.089637282122074
12,"20MA, 50MA, RSI, MACD, Upper_BB, Williams_%R",64,0.6000000000000001,0.0005,64,60,1,150,tanh,0.015241885536533368,2.9789697468858978,0.863161979263564,85.23206751054853,1.0819832226951394
13,"20MA, 50MA, RSI, MACD, Upper_BB, Williams_%R",64,0.7,0.0005,64,60,1,150,tanh,0.019759772347140943,3.8688862636338035,0.7700183075521424,75.52742616033755,1.1909606869743363
14,"20MA, 50MA, RSI, MACD, Upper_BB, Williams_%R",64,0.5,0.0005,64,60,1,150,tanh,0.020196295603417375,3.916976581344044,0.759744781623602,75.9493670886076,1.2395102710805093
15,"20MA, 50MA, RSI, MACD, Upper_BB, Williams_%R",128,0.7,0.0005,64,60,1,50,tanh,0.020970303721718927,4.672710064858,0.7409766992702247,56.9620253164557,0.9146811175741836
16,"20MA, 50MA, RSI, MACD, Upper_BB, Williams_%R",64,0.5,0.0005,32,60,1,150,tanh,0.024728668009269452,5.530684003302497,0.6398106726603128,47.67932489451477,0.8999881480269057
17,"20MA, 50MA, RSI, MACD, Upper_BB, Williams_%R",64,0.7,0.0005,64,60,1,150,tanh,0.015820820588635202,3.154418785600479,0.852569477983112,83.12236286919831,1.0946804424341423
18,"20MA, 50MA, RSI, MACD, Upper_BB, Williams_%R",32,0.6000000000000001,0.0001,64,60,1,100,tanh,0.022484022514090644,4.427942637700973,0.7022324174318666,71.30801687763713,1.0587683070455642
19,"20MA, 50MA, RSI, MACD, Upper_BB, Williams_%R",128,0.4,0.0005,32,60,1,50,tanh,0.02174674112387951,4.714948325137614,0.7214406365616675,59.49367088607595,0.9343784936920285
20,"20MA, 50MA, RSI, MACD, Upper_BB, Williams_%R",64,0.5,0.0005,64,60,1,150,tanh,0.01604469238178172,3.16812017414865,0.848367539556965,82.27848101265823,1.0596085219670892
21,"20MA, 50MA, RSI, MACD, Upper_BB, Williams_%R",64,0.6000000000000001,0.0005,64,60,1,150,relu,0.013678712622388373,2.61253659646127,0.8897902941819926,89.87341772151899,1.2668060042023075
22,"20MA, 50MA, RSI, MACD, Upper_BB, Williams_%R",64,0.7,0.0005,64,60,1,150,relu,0.015631011110752865,3.0465508692554417,0.8560858371620769,85.65400843881856,1.0552652235207902
23,"20MA, 50MA, RSI, MACD, Upper_BB, Williams_%R",64,0.5,0.0005,64,60,1,150,relu,0.01598880184421763,3.0549821005541564,0.8494221012538852,82.27848101265823,1.162358091621816
24,"20MA, 50MA, RSI, MACD, Upper_BB, Williams_%R",64,0.6000000000000001,0.0005,64,60,1,150,relu,0.015018003760457616,2.8511364608807845,0.8671523704312533,85.65400843881856,1.2252879937046977
0,"20MA, 50MA, RSI, MACD, Upper_BB, Williams_%R",128,0.6000000000000001,0.001,32,60,30,150,tanh,0.05309652962444552,11.454819361917249,-0.5194977624235937,22.64957264957265,1.1057903233236384
1,"20MA, 50MA, RSI, MACD, Upper_BB, Williams_%R",128,0.6000000000000001,0.0005,64,60,30,100,tanh,0.04668241871083462,10.095660324395823,-0.17455806399544382,23.504273504273502,0.9324430448447695
2,"20MA, 50MA, RSI, MACD, Upper_BB, Williams_%R",64,0.8,0.001,64,60,30,100,sigmoid,0.054700365960524557,11.789232301761345,-0.6126802057875302,20.94017094017094,0.8953046849250388
3,"20MA, 50MA, RSI, MACD, Upper_BB, Williams_%R",64,0.5,0.0005,64,60,30,150,tanh,0.04151349271444404,9.097049233080725,0.07114838681682834,26.923076923076923,0.8945536658104553
4,"20MA, 50MA, RSI, MACD, Upper_BB, Williams_%R",64,0.8,0.001,32,60,30,100,relu,0.06308769164361647,13.937204212478338,-1.1451470360990657,14.102564102564102,1.0
5,"20MA, 50MA, RSI, MACD, Upper_BB, Williams_%R",32,0.2,0.0001,64,60,30,100,tanh,0.04113153112032899,8.893138048993988,0.08816229943859832,29.48717948717949,1.3344559700871559
6,"20MA, 50MA, RSI, MACD, Upper_BB, Williams_%R",64,0.5,0.001,64,60,30,150,relu,0.04420970147381127,9.484608303778181,-0.053423388020791274,27.77777777777778,0.9403830591153873
7,"20MA, 50MA, RSI, MACD, Upper_BB, Williams_%R",64,0.4,0.001,32,60,30,150,tanh,0.05644789800099054,12.233904502169837,-0.7173678971437325,20.085470085470085,1.0720388834477592
8,"20MA, 50MA, RSI, MACD, Upper_BB, Williams_%R",128,0.5,0.0005,16,60,30,100,sigmoid,0.17452209586734524,44.37748144187787,-15.416048682483773,0.0,1.0
9,"20MA, 50MA, RSI, MACD, Upper_BB, Williams_%R",32,0.2,0.0001,32,60,30,150,relu,0.04234199096685073,9.115664261467844,0.03370364360738598,29.48717948717949,1.2722326259998333
10,"20MA, 50MA, RSI, MACD, Upper_BB, Williams_%R",32,0.2,0.0001,16,60,30,50,tanh,0.05876796115977793,12.822766438491218,-0.861439989050037,19.65811965811966,0.8953046849250388
11,"20MA, 50MA, RSI, MACD, Upper_BB, Williams_%R",32,0.30000000000000004,0.0005,64,60,30,50,tanh,0.044882057313623,9.46807929864547,-0.08570866417416112,32.05128205128205,0.9711420579260174
12,"20MA, 50MA, RSI, MACD, Upper_BB, Williams_%R",32,0.30000000000000004,0.0001,64,60,30,150,tanh,0.041213087386686394,8.847431661945029,0.08454270135961983,31.196581196581196,1.2352824648862821
13,"20MA, 50MA, RSI, MACD, Upper_BB, Williams_%R",32,0.30000000000000004,0.0001,64,60,30,100,tanh,0.040909261209892286,8.836356072896093,0.09799059734963056,29.059829059829063,1.232657142279836
14,"20MA, 50MA, RSI, MACD, Upper_BB, Williams_%R",32,0.30000000000000004,0.0001,64,60,30,100,tanh,0.041745578733403746,8.960372373335748,0.060733649184076755,29.48717948717949,1.088123211486208
15,"20MA, 50MA, RSI, MACD, Upper_BB, Williams_%R",32,0.2,0.0001,64,60,30,100,sigmoid,0.05613191012648331,11.285598710946926,-0.6981945156560296,23.931623931623932,1.3296051122813037
16,"20MA, 50MA, RSI, MACD, Upper_BB, Williams_%R",32,0.4,0.0001,16,60,30,100,tanh,0.053865471725166335,11.493705884367374,-0.5638270704198756,22.64957264957265,0.8766418882496024
17,"20MA, 50MA, RSI, MACD, Upper_BB, Williams_%R",32,0.4,0.0001,64,60,30,100,tanh,0.04110844272257451,8.848373424797671,0.08918569740758098,31.196581196581196,1.3926529364859046
18,"20MA, 50MA, RSI, MACD, Upper_BB, Williams_%R",32,0.4,0.0001,64,60,30,50,relu,0.04414087487180342,9.529566827087246,-0.050145957397057295,24.786324786324787,1.1374678532106166
19,"20MA, 50MA, RSI, MACD, Upper_BB, Williams_%R",32,0.6000000000000001,0.0001,16,60,30,100,sigmoid,0.06348568455761285,13.986076706006886,-1.1722980152342695,15.384615384615385,1.0089957021422498
20,"20MA, 50MA, RSI, MACD, Upper_BB, Williams_%R",128,0.30000000000000004,0.0001,64,60,30,100,tanh,0.04558562225896618,9.696078869149048,-0.12001429704784417,28.205128205128204,1.1542043168189067
21,"20MA, 50MA, RSI, MACD, Upper_BB, Williams_%R",32,0.2,0.0001,64,60,30,100,tanh,0.041993942329835866,9.04312855321147,0.049524150138898326,30.76923076923077,1.4508482253014623
22,"20MA, 50MA, RSI, MACD, Upper_BB, Williams_%R",32,0.4,0.0001,64,60,30,100,tanh,0.04092962351804992,8.754371723417167,0.09709243571591208,32.47863247863248,1.3710770872975988
23,"20MA, 50MA, RSI, MACD, Upper_BB, Williams_%R",32,0.4,0.0001,64,60,30,100,tanh,0.040823912889977616,8.745373934846064,0.10175036609302957,32.05128205128205,1.4157111478293916
24,"20MA, 50MA, RSI, MACD, Upper_BB, Williams_%R",32,0.4,0.0001,64,60,30,100,tanh,0.04231591384832245,9.082899074722148,0.03489350098733024,28.205128205128204,1.3303334701294283
0,"20MA, 50MA, RSI, MACD, Upper_BB, OBV",128,0.7,0.0001,64,60,1,50,relu,0.026742327133706122,5.868774150593862,0.5787617630467856,48.52320675105485,1.2592619258436073
1,"20MA, 50MA, RSI, MACD, Upper_BB, OBV",32,0.7,0.0001,64,60,1,50,tanh,0.023386000984481153,4.663756405445656,0.6778624737194336,68.35443037974683,1.3823107780802222
2,"20MA, 50MA, RSI, MACD, Upper_BB, OBV",128,0.5,0.001,16,60,1,50,sigmoid,0.10183807610141565,24.268296619701864,-5.108713602778605,0.42194092827004215,1.0
3,"20MA, 50MA, RSI, MACD, Upper_BB, OBV",64,0.2,0.0005,16,60,1,50,relu,0.02010793367636342,4.088150792604874,0.7618424903822888,69.62025316455697,0.8289459944480188
4,"20MA, 50MA, RSI, MACD, Upper_BB, OBV",32,0.2,0.001,16,60,1,50,tanh,0.015908016664952163,3.2024897600824174,0.8509398799492008,81.43459915611815,0.938210879116635
5,"20MA, 50MA, RSI, MACD, Upper_BB, OBV",32,0.2,0.001,64,60,1,50,sigmoid,0.03588431313174987,8.287202377182465,0.2415295460666952,22.362869198312236,0.9022957339577495
6,"20MA, 50MA, RSI, MACD, Upper_BB, OBV",128,0.5,0.0001,64,60,1,50,relu,0.03179835234868615,7.3143509612360065,0.404422027744361,29.957805907172997,1.070875344345887
7,"20MA, 50MA, RSI, MACD, Upper_BB, OBV",128,0.2,0.0001,64,60,1,150,relu,0.03663134071139811,8.606555657036658,0.20962167744500015,18.143459915611814,0.8845473675333767
8,"20MA, 50MA, RSI, MACD, Upper_BB, OBV",128,0.6000000000000001,0.0001,32,60,1,50,tanh,0.04048431347927705,9.570311740841612,0.03460965691915685,11.39240506329114,0.8846605111747791
9,"20MA, 50MA, RSI, MACD, Upper_BB, OBV",32,0.6000000000000001,0.0005,64,60,1,150,sigmoid,0.023943589327718694,4.581145414559272,0.6623180071467214,65.40084388185655,1.2632220314833311
10,"20MA, 50MA, RSI, MACD, Upper_BB, OBV",64,0.4,0.001,16,60,1,100,tanh,0.011828657481172409,2.1910949085841778,0.9175861306951218,92.40506329113924,1.18558121120129
11,"20MA, 50MA, RSI, MACD, Upper_BB, OBV",64,0.4,0.001,16,60,1,100,tanh,0.017023556252671962,3.491942185867409,0.8293013948093252,77.63713080168776,0.9088211069534664
12,"20MA, 50MA, RSI, MACD, Upper_BB, OBV",64,0.30000000000000004,0.001,16,60,1,100,tanh,0.017839088778946625,3.608399548018821,0.8125546264583732,75.10548523206751,0.9537106537741129
13,"20MA, 50MA, RSI, MACD, Upper_BB, OBV",64,0.4,0.001,16,60,1,100,tanh,0.018305493737465737,3.7576985416110453,0.8026249347747465,72.57383966244726,0.9088211069534664
14,"20MA, 50MA, RSI, MACD, Upper_BB, OBV",32,0.30000000000000004,0.001,32,60,1,100,tanh,0.013926068922895597,2.6847453490816595,0.8857683440297706,87.76371308016878,1.1011404555440913
15,"20MA, 50MA, RSI, MACD, Upper_BB, OBV",64,0.4,0.001,32,60,1,100,tanh,0.018419845691181984,3.7142060967758295,0.8001512816492189,73.41772151898735,1.0694798778101273
16,"20MA, 50MA, RSI, MACD, Upper_BB, OBV",32,0.30000000000000004,0.001,32,60,1,100,tanh,0.019246814053261778,3.971516868954779,0.7818038450420657,73.41772151898735,0.9943614146112569
17,"20MA, 50MA, RSI, MACD, Upper_BB, OBV",32,0.30000000000000004,0.0005,32,60,1,100,tanh,0.013933308513028703,2.775750623896394,0.8856495444843769,88.60759493670885,0.9644814856699768
18,"20MA, 50MA, RSI, MACD, Upper_BB, OBV",64,0.8,0.001,32,60,1,100,tanh,0.01807725674376726,3.593022434947843,0.807516084510299,73.83966244725738,1.060920831748165
19,"20MA, 50MA, RSI, MACD, Upper_BB, OBV",32,0.4,0.001,32,60,1,100,sigmoid,0.03568924912423246,8.584334247287927,0.24975309284809355,9.282700421940929,0.9202458070431138
20,"20MA, 50MA, RSI, MACD, Upper_BB, OBV",64,0.5,0.0005,16,60,1,150,tanh,0.022304403556237282,4.804042912838096,0.7069709881390867,55.27426160337553,0.9329940328914464
21,"20MA, 50MA, RSI, MACD, Upper_BB, OBV",32,0.30000000000000004,0.0005,32,60,1,100,tanh,0.015751668964387313,3.093055982350194,0.8538554769085718,82.70042194092827,1.1597019673033722
22,"20MA, 50MA, RSI, MACD, Upper_BB, OBV",32,0.30000000000000004,0.0005,32,60,1,100,tanh,0.013406290942084707,2.6044731370161105,0.8941363966007859,91.9831223628692,0.8782547773413386
23,"20MA, 50MA, RSI, MACD, Upper_BB, OBV",32,0.30000000000000004,0.0005,32,60,1,100,tanh,0.016041659414564015,3.14770718262415,0.8484248610441042,81.0126582278481,1.4061091310796516
24,"20MA, 50MA, RSI, MACD, Upper_BB, OBV",32,0.4,0.0005,32,60,1,100,tanh,0.014708773990380175,2.922343491950379,0.8725668725231175,87.34177215189874,0.8991028041762001
0,"20MA, 50MA, RSI, MACD, Upper_BB, OBV",32,0.5,0.0005,32,60,30,100,tanh,0.057097364808746366,12.322096215774247,-0.757113928607319,18.803418803418804,1.0414812527456396
1,"20MA, 50MA, RSI, MACD, Upper_BB, OBV",64,0.4,0.0001,32,60,30,50,relu,0.057593965603712785,12.498012438766217,-0.7878116254323528,19.230769230769234,0.9033585791971851
2,"20MA, 50MA, RSI, MACD, Upper_BB, OBV",128,0.7,0.0001,64,60,30,50,sigmoid,0.061607150019533964,12.900046906125512,-1.0456438696363186,16.666666666666664,1.0269860748686794
3,"20MA, 50MA, RSI, MACD, Upper_BB, OBV",64,0.7,0.001,16,60,30,150,sigmoid,0.15619613840907587,39.12954338217352,-12.149473890979735,0.0,1.0
4,"20MA, 50MA, RSI, MACD, Upper_BB, OBV",128,0.8,0.001,16,60,30,150,tanh,0.06934781323288945,15.48166891886218,-1.5919900697962022,8.974358974358974,1.0
5,"20MA, 50MA, RSI, MACD, Upper_BB, OBV",32,0.4,0.0001,32,60,30,100,relu,0.04532037740397322,9.461119600311994,-0.10701836873236115,29.48717948717949,1.129750303664522
6,"20MA, 50MA, RSI, MACD, Upper_BB, OBV",32,0.7,0.0001,16,60,30,50,tanh,0.0578277283756912,12.516408635330611,-0.8023538411976232,18.37606837606838,0.8953046849250388
7,"20MA, 50MA, RSI, MACD, Upper_BB, OBV",32,0.30000000000000004,0.0001,64,60,30,150,sigmoid,0.04582445727253186,9.465010501125521,-0.13178113774135936,30.34188034188034,1.2483527383196473
8,"20MA, 50MA, RSI, MACD, Upper_BB, OBV",64,0.8,0.001,16,60,30,100,tanh,0.07534664796684261,17.171497022359116,-2.0598184842681735,7.264957264957266,1.0
9,"20MA, 50MA, RSI, MACD, Upper_BB, OBV",64,0.6000000000000001,0.0001,16,60,30,100,sigmoid,0.11030444007076115,26.68420445539982,-5.557733757059637,0.8547008547008548,1.0
10,"20MA, 50MA, RSI, MACD, Upper_BB, OBV",32,0.2,0.0005,32,60,30,100,relu,0.05649432684370607,12.123945737676507,-0.7201941563422634,20.085470085470085,0.9324430448447695
11,"20MA, 50MA, RSI, MACD, Upper_BB, OBV",32,0.30000000000000004,0.0001,64,60,30,150,relu,0.03633100326824096,7.842219456800336,0.28858572808291894,35.8974358974359,1.2670661760332864
12,"20MA, 50MA, RSI, MACD, Upper_BB, OBV",32,0.4,0.0001,64,60,30,150,relu,0.03790445751596918,8.129812918394748,0.22563027999609198,31.62393162393162,1.3891300262898678
13,"20MA, 50MA, RSI, MACD, Upper_BB, OBV",32,0.2,0.0001,64,60,30,150,relu,0.03909193774936038,8.266078403151925,0.17635097501066366,32.47863247863248,1.536790473711984
14,"20MA, 50MA, RSI, MACD, Upper_BB, OBV",32,0.4,0.0001,64,60,30,150,relu,0.0389408346525396,8.26481449383713,0.18270601362735983,35.04273504273504,1.4317773660135993
15,"20MA, 50MA, RSI, MACD, Upper_BB, OBV",32,0.30000000000000004,0.0005,64,60,30,150,relu,0.04033282181928526,8.659210832751027,0.12323136111022204,27.77777777777778,1.0017762458466897
16,"20MA, 50MA, RSI, MACD, Upper_BB, OBV",128,0.5,0.0001,64,60,30,150,relu,0.04318900270672643,9.20092106381733,-0.005342733020989421,28.205128205128204,1.2001565867745496
17,"20MA, 50MA, RSI, MACD, Upper_BB, OBV",32,0.30000000000000004,0.0001,64,60,30,150,relu,0.03806931859443498,8.098925255076955,0.2188795670587561,34.18803418803419,1.426777538049195
18,"20MA, 50MA, RSI, MACD, Upper_BB, OBV",32,0.4,0.001,64,60,30,150,relu,0.04102800374834148,8.764346098339256,0.092746683070414,29.914529914529915,0.9405284513732135
19,"20MA, 50MA, RSI, MACD, Upper_BB, OBV",128,0.5,0.0005,64,60,30,150,relu,0.043570080737941004,9.300399016222473,-0.023162280035428306,29.914529914529915,0.9386761589402833
20,"20MA, 50MA, RSI, MACD, Upper_BB, OBV",32,0.2,0.0001,64,60,30,50,relu,0.038160863600359786,8.117015259252396,0.21511834125853935,34.61538461538461,1.265879633361455
21,"20MA, 50MA, RSI, MACD, Upper_BB, OBV",32,0.30000000000000004,0.0001,64,60,30,150,relu,0.03791707783236093,8.120704489672457,0.2251145402419802,33.33333333333333,1.385397556754615
22,"20MA, 50MA, RSI, MACD, Upper_BB, OBV",32,0.30000000000000004,0.0001,64,60,30,150,relu,0.03916397815541451,8.344191427607972,0.17331246184509919,31.62393162393162,1.3503036546871052
23,"20MA, 50MA, RSI, MACD, Upper_BB, OBV",32,0.30000000000000004,0.0001,64,60,30,150,relu,0.038096384736481796,8.179124469518714,0.21776846588813614,32.47863247863248,1.2004064360929638
24,"20MA, 50MA, RSI, MACD, Upper_BB, OBV",32,0.4,0.0001,64,60,30,150,relu,0.039961844889134956,8.504451781229426,0.1392860315274851,31.62393162393162,1.3895804334787196
0,"20MA, 50MA, RSI, MACD, Lower_BB, CCI",128,0.4,0.001,64,60,1,100,tanh,0.02334167595964041,5.328820885418567,0.679082453324636,47.67932489451477,0.9324430448447695
1,"20MA, 50MA, RSI, MACD, Lower_BB, CCI",32,0.2,0.0001,64,60,1,100,tanh,0.0233392634173222,4.71036447621882,0.6791487885057237,65.40084388185655,1.300231881421991
2,"20MA, 50MA, RSI, MACD, Lower_BB, CCI",64,0.6000000000000001,0.0001,64,60,1,50,tanh,0.021689862450965557,4.378133748526396,0.7228958768387529,67.51054852320675,1.2385278854806792
3,"20MA, 50MA, RSI, MACD, Lower_BB, CCI",128,0.7,0.001,64,60,1,100,sigmoid,0.08678495008870289,21.937689246887224,-3.436272634421636,1.2658227848101267,1.0
4,"20MA, 50MA, RSI, MACD, Lower_BB, CCI",128,0.30000000000000004,0.0005,32,60,1,150,relu,0.01823150126949149,3.7091349977137202,0.8042173258364149,73.83966244725738,0.8065550792880586
5,"20MA, 50MA, RSI, MACD, Lower_BB, CCI",128,0.5,0.001,32,60,1,100,sigmoid,0.24605503935154477,64.21733420903034,-34.66103307740713,0.0,1.0
6,"20MA, 50MA, RSI, MACD, Lower_BB, CCI",64,0.8,0.0001,64,60,1,100,sigmoid,0.04204875874489089,9.428876538854679,-0.04144359299663547,18.565400843881857,0.9819220156251125
7,"20MA, 50MA, RSI, MACD, Lower_BB, CCI",32,0.5,0.0005,64,60,1,150,relu,0.015129341072055923,2.9548540622925894,0.8651753134286975,83.12236286919831,0.8553662854240791
8,"20MA, 50MA, RSI, MACD, Lower_BB, CCI",32,0.5,0.001,32,60,1,50,sigmoid,0.03337321080325539,7.503081473983212,0.343967468925382,27.004219409282697,0.815178035404305
9,"20MA, 50MA, RSI, MACD, Lower_BB, CCI",128,0.5,0.0001,16,60,1,50,tanh,0.029481213946723622,6.369719584165627,0.4880587587665237,39.66244725738397,0.9545670814480318
10,"20MA, 50MA, RSI, MACD, Lower_BB, CCI",32,0.7,0.0005,16,60,1,150,relu,0.0214618647142365,4.685355573827982,0.7286909391655834,59.91561181434599,0.9324430448447695
11,"20MA, 50MA, RSI, MACD, Lower_BB, CCI",32,0.30000000000000004,0.0005,32,60,1,150,relu,0.020171443299067726,4.3329876074720515,0.7603357040600209,64.13502109704642,0.8490757727062556
12,"20MA, 50MA, RSI, MACD, Lower_BB, CCI",128,0.30000000000000004,0.0005,32,60,1,150,relu,0.02007387762816231,4.103312356571814,0.7626485239967964,67.08860759493672,0.8100718015447975
13,"20MA, 50MA, RSI, MACD, Lower_BB, CCI",32,0.2,0.0005,32,60,1,150,relu,0.014563968047452566,2.7665300369100523,0.8750636462384372,86.07594936708861,0.8837735972351629
14,"20MA, 50MA, RSI, MACD, Lower_BB, CCI",32,0.2,0.0005,16,60,1,150,relu,0.024791628582678346,5.548240633695442,0.6379742133769084,48.10126582278481,0.9324430448447695
15,"20MA, 50MA, RSI, MACD, Lower_BB, CCI",32,0.4,0.0005,64,60,1,150,relu,0.025080724552117045,5.254549635700124,0.6294817968073172,57.80590717299579,0.9606103063204559
16,"20MA, 50MA, RSI, MACD, Lower_BB, CCI",32,0.6000000000000001,0.0005,32,60,1,150,relu,0.014759674787787854,2.850808917799411,0.871683362962833,87.76371308016878,1.0374418377417967
17,"20MA, 50MA, RSI, MACD, Lower_BB, CCI",32,0.6000000000000001,0.0005,32,60,1,150,relu,0.015626305209184326,3.0292139399221276,0.8561724782543744,80.59071729957806,0.7333698710420009
18,"20MA, 50MA, RSI, MACD, Lower_BB, CCI",64,0.6000000000000001,0.0005,32,60,1,150,relu,0.01634062263145978,3.1849147326000624,0.8427225014435048,81.43459915611815,0.8907451992600378
19,"20MA, 50MA, RSI, MACD, Lower_BB, CCI",32,0.8,0.0005,32,60,1,150,relu,0.015094449634317046,2.8618603070876407,0.8657964644314968,86.07594936708861,1.0152128640021483
20,"20MA, 50MA, RSI, MACD, Lower_BB, CCI",32,0.4,0.0005,32,60,1,50,relu,0.020113531253972618,3.8908929706302824,0.7617098769852708,70.88607594936708,1.070757772300144
21,"20MA, 50MA, RSI, MACD, Lower_BB, CCI",32,0.8,0.0005,32,60,1,150,relu,0.01635998455720117,3.1468972648944953,0.8423495659152549,78.48101265822784,0.9051695968918342
22,"20MA, 50MA, RSI, MACD, Lower_BB, CCI",32,0.7,0.0005,32,60,1,150,relu,0.015431696890011563,2.9730447309496513,0.8597325955648166,82.70042194092827,0.9053564769719882
23,"20MA, 50MA, RSI, MACD, Lower_BB, CCI",32,0.8,0.0005,32,60,1,150,relu,0.014303291521986883,2.6751219918972517,0.8794960250809083,87.76371308016878,0.9832898591743593
24,"20MA, 50MA, RSI, MACD, Lower_BB, CCI",32,0.7,0.0005,32,60,1,150,relu,0.0161270051538613,3.171559538449352,0.8468077335196683,81.0126582278481,0.867075998759816
0,"20MA, 50MA, RSI, MACD, Lower_BB, CCI",64,0.30000000000000004,0.0001,64,60,30,50,tanh,0.04304396442488658,8.96287639557947,0.0013982582951843625,31.196581196581196,1.0228530207427564
1,"20MA, 50MA, RSI, MACD, Lower_BB, CCI",32,0.4,0.0001,64,60,30,150,relu,0.038526591986662445,8.080339884036828,0.20000185721634056,35.47008547008547,1.3879807942446722
2,"20MA, 50MA, RSI, MACD, Lower_BB, CCI",32,0.5,0.0001,64,60,30,100,sigmoid,0.06450904812568554,13.127358086407053,-1.24289559962638,21.367521367521366,1.1214357895719538
3,"20MA, 50MA, RSI, MACD, Lower_BB, CCI",128,0.2,0.0005,16,60,30,150,relu,0.06419712959082631,14.149994631231532,-1.2212580355605294,15.384615384615385,1.0
4,"20MA, 50MA, RSI, MACD, Lower_BB, CCI",64,0.6000000000000001,0.0001,32,60,30,100,tanh,0.05045082408368345,10.663033044337126,-0.37184271315549045,24.786324786324787,0.8904151254590226
5,"20MA, 50MA, RSI, MACD, Lower_BB, CCI",128,0.2,0.001,32,60,30,50,sigmoid,0.22574267578174292,58.16526236327797,-26.46598184725901,0.0,1.0
6,"20MA, 50MA, RSI, MACD, Lower_BB, CCI",64,0.30000000000000004,0.0001,64,60,30,100,tanh,0.04316273157753616,9.048923865002568,-0.004120039541758658,32.47863247863248,1.2177251918916498
7,"20MA, 50MA, RSI, MACD, Lower_BB, CCI",64,0.5,0.001,64,60,30,150,relu,0.04955665141586475,10.475963588052737,-0.3236455311385078,25.213675213675213,0.983040803961966
8,"20MA, 50MA, RSI, MACD, Lower_BB, CCI",128,0.30000000000000004,0.0005,64,60,30,100,relu,0.046223616249446424,9.780115081021519,-0.15158401957556178,26.923076923076923,0.8910378088455915
9,"20MA, 50MA, RSI, MACD, Lower_BB, CCI",32,0.2,0.0005,32,60,30,150,tanh,0.05094088788394277,10.87231757335942,-0.39862347153010314,23.931623931623932,1.0314834101607697
10,"20MA, 50MA, RSI, MACD, Lower_BB, CCI",32,0.8,0.0001,16,60,30,150,relu,0.05252738449595375,11.045858040909287,-0.48709716099970946,24.358974358974358,0.8534662133160192
11,"20MA, 50MA, RSI, MACD, Lower_BB, CCI",32,0.4,0.0001,64,60,30,50,tanh,0.03919445383029217,8.237812555556143,0.17202537793794392,34.61538461538461,1.2749799289942854
12,"20MA, 50MA, RSI, MACD, Lower_BB, CCI",32,0.4,0.0001,64,60,30,50,tanh,0.07775076063870599,17.808259820489337,-2.258195087162366,3.8461538461538463,1.0414812527456396
13,"20MA, 50MA, RSI, MACD, Lower_BB, CCI",32,0.6000000000000001,0.0001,64,60,30,50,relu,0.0442936180919876,9.102286836112883,-0.057426293411517726,29.914529914529915,1.0532933618563056
14,"20MA, 50MA, RSI, MACD, Lower_BB, CCI",32,0.4,0.001,64,60,30,150,sigmoid,0.0615458795738707,13.96472448781678,-1.0415769655424967,11.965811965811966,1.0314834101607697
15,"20MA, 50MA, RSI, MACD, Lower_BB, CCI",32,0.4,0.0001,16,60,30,50,tanh,0.06019251048287112,13.323759919342667,-0.9527772449460055,16.23931623931624,0.9202458070431138
16,"20MA, 50MA, RSI, MACD, Lower_BB, CCI",32,0.6000000000000001,0.0001,64,60,30,150,relu,0.04064565662010104,8.350403396944504,0.10957759486607133,34.61538461538461,1.1371076204734545
17,"20MA, 50MA, RSI, MACD, Lower_BB, CCI",32,0.8,0.0001,64,60,30,50,relu,0.060841561879720396,12.875813487693494,-0.9951176030179347,17.94871794871795,1.0089957021422498
18,"20MA, 50MA, RSI, MACD, Lower_BB, CCI",32,0.7,0.001,32,60,30,150,tanh,0.05428592668300571,11.6659938957899,-0.5883357214882228,23.504273504273502,1.0
19,"20MA, 50MA, RSI, MACD, Lower_BB, CCI",128,0.4,0.0005,16,60,30,50,sigmoid,0.1902070303254006,48.56981942488212,-18.499385338768356,0.0,1.0
20,"20MA, 50MA, RSI, MACD, Lower_BB, CCI",32,0.5,0.0001,64,60,30,150,tanh,0.03961348960201486,8.236742596482884,0.15422665327470442,34.18803418803419,1.2992409966691112
21,"20MA, 50MA, RSI, MACD, Lower_BB, CCI",32,0.5,0.0001,64,60,30,150,tanh,0.040042209838764824,8.383829676838662,0.13582068661939983,34.18803418803419,1.1926389251387277
22,"20MA, 50MA, RSI, MACD, Lower_BB, CCI",32,0.4,0.0001,64,60,30,150,tanh,0.039144950779417105,8.214938137313965,0.1741155403021084,33.76068376068376,1.2480667965571148
23,"20MA, 50MA, RSI, MACD, Lower_BB, CCI",32,0.30000000000000004,0.0001,64,60,30,150,tanh,0.038579313057497,7.977700544902652,0.1978108709589479,37.17948717948718,1.3286886848938775
24,"20MA, 50MA, RSI, MACD, Lower_BB, CCI",32,0.30000000000000004,0.0001,64,60,30,150,tanh,0.04108590292560143,8.658337085864448,0.09018422422642491,33.76068376068376,1.185517284830651
0,"20MA, 50MA, RSI, MACD, Lower_BB, ATR",64,0.4,0.0001,16,60,1,50,tanh,0.02451728183307923,4.855721411382893,0.6459423104666553,61.18143459915611,1.0206907802184306
1,"20MA, 50MA, RSI, MACD, Lower_BB, ATR",64,0.4,0.0005,32,60,1,50,tanh,0.02483506962967857,5.104589458859499,0.6367043849138667,56.540084388185655,1.0424254816196932
2,"20MA, 50MA, RSI, MACD, Lower_BB, ATR",64,0.4,0.001,16,60,1,100,relu,0.014776001403417418,2.8857694472992286,0.8713993275575423,83.54430379746836,0.974877573018192
3,"20MA, 50MA, RSI, MACD, Lower_BB, ATR",128,0.5,0.0005,64,60,1,150,sigmoid,0.0619765496377149,15.381998513818685,-1.2624770427648833,1.6877637130801686,1.0
4,"20MA, 50MA, RSI, MACD, Lower_BB, ATR",128,0.8,0.0001,64,60,1,50,sigmoid,0.06046531187227249,14.283258385489914,-1.153485672234304,4.219409282700422,1.1214357895719538
5,"20MA, 50MA, RSI, MACD, Lower_BB, ATR",64,0.5,0.0005,32,60,1,50,relu,0.022418737503967247,4.452462503904604,0.7039591135168958,65.82278481012658,0.9454278799593326
6,"20MA, 50MA, RSI, MACD, Lower_BB, ATR",64,0.8,0.0001,32,60,1,50,sigmoid,0.0686426990371212,16.530584839734217,-1.7753521445569218,2.5316455696202533,1.0
7,"20MA, 50MA, RSI, MACD, Lower_BB, ATR",128,0.6000000000000001,0.001,32,60,1,100,tanh,0.021942510588994824,4.685592483909021,0.7164027434050899,62.447257383966246,0.796842869811274
8,"20MA, 50MA, RSI, MACD, Lower_BB, ATR",32,0.6000000000000001,0.001,64,60,1,150,tanh,0.020736048787595898,4.115933278219717,0.7467313682738463,69.62025316455697,0.9854861925873378
9,"20MA, 50MA, RSI, MACD, Lower_BB, ATR",64,0.7,0.001,32,60,1,150,relu,0.022154867641188805,4.638359937229032,0.7108869390947468,60.75949367088608,0.8305837393976709
10,"20MA, 50MA, RSI, MACD, Lower_BB, ATR",32,0.2,0.001,16,60,1,100,relu,0.021844800170251262,4.645220502097396,0.7189228478479375,64.55696202531645,0.9881111157693194
11,"20MA, 50MA, RSI, MACD, Lower_BB, ATR",32,0.2,0.001,16,60,1,100,relu,0.012399878170725452,2.3803448937030853,0.9094341998292838,91.9831223628692,1.4574858984355221
12,"20MA, 50MA, RSI, MACD, Lower_BB, ATR",32,0.2,0.001,16,60,1,100,relu,0.014700174119015438,2.8860650756904502,0.8727158432162244,86.49789029535864,0.8465487338490055
13,"20MA, 50MA, RSI, MACD, Lower_BB, ATR",32,0.2,0.001,16,60,1,100,relu,0.01785919108845998,3.5769576191706314,0.8121319358119125,77.21518987341773,0.8948874778353753
14,"20MA, 50MA, RSI, MACD, Lower_BB, ATR",32,0.30000000000000004,0.001,16,60,1,100,relu,0.012720548305400464,2.451093736677501,0.9046894325663879,89.87341772151899,1.123120383807318
15,"20MA, 50MA, RSI, MACD, Lower_BB, ATR",32,0.30000000000000004,0.001,16,60,1,100,relu,0.018108316255629347,3.731874743932189,0.8068540822501321,75.10548523206751,0.9375606955654923
16,"20MA, 50MA, RSI, MACD, Lower_BB, ATR",32,0.30000000000000004,0.001,16,60,1,100,relu,0.01317086694920985,2.5927004686795256,0.8978218307002807,90.29535864978902,1.0330153594369424
17,"20MA, 50MA, RSI, MACD, Lower_BB, ATR",32,0.30000000000000004,0.001,16,60,1,100,relu,0.01594284326814433,3.162200377347136,0.8502865062145597,78.90295358649789,0.9633897924312359
18,"20MA, 50MA, RSI, MACD, Lower_BB, ATR",32,0.30000000000000004,0.0001,16,60,1,100,relu,0.023430422399828746,4.7423518361659225,0.6766375190543913,62.869198312236286,0.9758033765470941
19,"20MA, 50MA, RSI, MACD, Lower_BB, ATR",32,0.2,0.0005,16,60,1,100,sigmoid,0.031196644902639643,6.749061915915735,0.4267485376559833,39.66244725738397,0.9342328864742616
20,"20MA, 50MA, RSI, MACD, Lower_BB, ATR",32,0.4,0.001,64,60,1,150,relu,0.017008872533290732,3.5360818231337734,0.8295957409952567,76.79324894514767,0.951657358271008
21,"20MA, 50MA, RSI, MACD, Lower_BB, ATR",32,0.30000000000000004,0.001,16,60,1,100,relu,0.01427835580443192,2.7514938757213927,0.8799158212956613,86.07594936708861,1.065487805717888
22,"20MA, 50MA, RSI, MACD, Lower_BB, ATR",32,0.30000000000000004,0.001,16,60,1,100,relu,0.013304378447616802,2.623117117068922,0.8957397955542106,88.18565400843882,1.041975100185052
23,"20MA, 50MA, RSI, MACD, Lower_BB, ATR",32,0.2,0.001,16,60,1,100,relu,0.013719976187626375,2.7145151284627933,0.8891243682597052,86.91983122362869,1.0913589494478109
24,"20MA, 50MA, RSI, MACD, Lower_BB, ATR",32,0.30000000000000004,0.001,16,60,1,100,relu,0.01528631406670112,3.0250400828690642,0.8623630790626176,80.16877637130801,0.9428014126488868
0,"20MA, 50MA, RSI, MACD, Lower_BB, ATR",32,0.7,0.0005,64,60,30,150,relu,0.044677721872614144,9.413600908322344,-0.07584531279026363,29.48717948717949,0.9564250703570062
1,"20MA, 50MA, RSI, MACD, Lower_BB, ATR",128,0.2,0.0001,32,60,30,50,sigmoid,0.08176705602667503,18.68129522949234,-2.6034999026767354,9.82905982905983,1.1256844232073617
2,"20MA, 50MA, RSI, MACD, Lower_BB, ATR",32,0.5,0.0005,32,60,30,150,sigmoid,0.07528091688041989,17.011952167210538,-2.0544821496171473,7.264957264957266,1.0
3,"20MA, 50MA, RSI, MACD, Lower_BB, ATR",32,0.4,0.0001,16,60,30,50,tanh,0.05835709939895874,12.715439953406158,-0.8355033712037336,19.230769230769234,0.8389308883654106
4,"20MA, 50MA, RSI, MACD, Lower_BB, ATR",32,0.30000000000000004,0.0005,64,60,30,50,sigmoid,0.057712445826169925,11.981347395828573,-0.7951748341094687,20.085470085470085,1.0833660291158784
5,"20MA, 50MA, RSI, MACD, Lower_BB, ATR",64,0.5,0.0005,32,60,30,50,sigmoid,0.0922628768637859,21.732879636897966,-3.5879827482763487,1.282051282051282,1.0
6,"20MA, 50MA, RSI, MACD, Lower_BB, ATR",32,0.8,0.0001,64,60,30,100,relu,0.040407951445388786,8.496310171076175,0.1199619320124633,32.47863247863248,1.268285610618922
7,"20MA, 50MA, RSI, MACD, Lower_BB, ATR",32,0.6000000000000001,0.0005,32,60,30,50,sigmoid,0.07613205513709503,17.239929361405686,-2.12394154317317,5.128205128205128,1.0414812527456396
8,"20MA, 50MA, RSI, MACD, Lower_BB, ATR",64,0.4,0.0005,64,60,30,100,tanh,0.05187076695360444,11.126031378064258,-0.45015067985203716,25.213675213675213,0.834349205128844
9,"20MA, 50MA, RSI, MACD, Lower_BB, ATR",128,0.30000000000000004,0.0005,32,60,30,50,relu,0.06817774478040659,15.340254846325493,-1.505261441542368,10.256410256410255,1.0
10,"20MA, 50MA, RSI, MACD, Lower_BB, ATR",64,0.8,0.001,16,60,30,100,relu,0.07411894103362122,16.806977124425902,-1.9609167930821894,8.547008547008547,1.0
11,"20MA, 50MA, RSI, MACD, Lower_BB, ATR",32,0.8,0.0001,64,60,30,150,relu,0.038944565753799294,8.22157129911625,0.18254938869940573,32.9059829059829,1.2212716044893093
12,"20MA, 50MA, RSI, MACD, Lower_BB, ATR",32,0.8,0.0001,64,60,30,150,relu,0.039675966783738664,8.372939734237159,0.15155669384236814,32.47863247863248,1.149110064651863
13,"20MA, 50MA, RSI, MACD, Lower_BB, ATR",32,0.7,0.0001,64,60,30,150,relu,0.03917524375637929,8.183143359218356,0.17283679661203866,33.76068376068376,1.186266531202167
14,"20MA, 50MA, RSI, MACD, Lower_BB, ATR",32,0.7,0.0001,64,60,30,150,relu,0.04075120894629917,8.448601702465302,0.10494693073749639,32.47863247863248,1.1582186105365408
15,"20MA, 50MA, RSI, MACD, Lower_BB, ATR",128,0.7,0.001,64,60,30,150,relu,0.04827254835243161,10.852164968812378,-0.25593812525269577,23.931623931623932,0.9703810186100224
16,"20MA, 50MA, RSI, MACD, Lower_BB, ATR",32,0.6000000000000001,0.0001,64,60,30,150,relu,0.040554414404008164,8.525440665630638,0.11357078533279508,31.196581196581196,1.209035591443086
17,"20MA, 50MA, RSI, MACD, Lower_BB, ATR",32,0.6000000000000001,0.0001,16,60,30,150,tanh,0.0557001257724196,11.977922741308811,-0.6721689052481608,20.51282051282051,1.0314834101607697
18,"20MA, 50MA, RSI, MACD, Lower_BB, ATR",64,0.7,0.0001,64,60,30,150,relu,0.04272497048839046,8.997076131311148,0.01614446225871935,31.196581196581196,1.1706159535483167
19,"20MA, 50MA, RSI, MACD, Lower_BB, ATR",128,0.8,0.001,64,60,30,150,relu,0.04316495196774411,9.235443905238164,-0.004223350688584038,30.34188034188034,0.9693726714178551
20,"20MA, 50MA, RSI, MACD, Lower_BB, ATR",32,0.6000000000000001,0.0001,16,60,30,150,tanh,0.05176973328876939,10.953911897453333,-0.44450698662645793,23.931623931623932,0.9544136885515101
21,"20MA, 50MA, RSI, MACD, Lower_BB, ATR",32,0.8,0.0001,64,60,30,150,relu,0.039624777735013196,8.357892310824763,0.15374456687483118,32.47863247863248,1.2759061427288376
22,"20MA, 50MA, RSI, MACD, Lower_BB, ATR",32,0.8,0.0001,64,60,30,150,relu,0.04034984452907606,8.433882128861086,0.12249111398599555,32.9059829059829,1.1746543464005927
23,"20MA, 50MA, RSI, MACD, Lower_BB, ATR",32,0.7,0.0001,64,60,30,150,relu,0.039463405135540405,8.312449773656542,0.16062331145800746,32.05128205128205,1.1785569541305898
24,"20MA, 50MA, RSI, MACD, Lower_BB, ATR",32,0.7,0.0001,64,60,30,150,relu,0.03994929838759653,8.380279755159433,0.13982640967717241,32.9059829059829,1.2142349985212118
0,"20MA, 50MA, RSI, MACD, Lower_BB, Williams_%R",64,0.8,0.0001,64,60,1,100,sigmoid,0.03992765153176774,9.042228886754033,0.06097549628483001,22.78481012658228,0.9618135172383283
1,"20MA, 50MA, RSI, MACD, Lower_BB, Williams_%R",128,0.7,0.0001,64,60,1,100,tanh,0.022595230774747583,4.64087371959017,0.6992795554114658,65.82278481012658,1.2699306057429622
2,"20MA, 50MA, RSI, MACD, Lower_BB, Williams_%R",128,0.2,0.001,64,60,1,150,sigmoid,0.02918465142843483,6.75059038858773,0.4983065704077466,38.81856540084388,1.0477878272154835
3,"20MA, 50MA, RSI, MACD, Lower_BB, Williams_%R",32,0.4,0.0005,64,60,1,50,sigmoid,0.03473826230859499,7.70470863322677,0.28920302229971473,33.755274261603375,0.8947163613047338
4,"20MA, 50MA, RSI, MACD, Lower_BB, Williams_%R",128,0.2,0.001,64,60,1,100,tanh,0.018984305688400607,3.964509586211561,0.7877152342865845,70.88607594936708,0.8466242395027442
5,"20MA, 50MA, RSI, MACD, Lower_BB, Williams_%R",64,0.4,0.001,32,60,1,50,tanh,0.02035421634772667,4.168806852681915,0.7559728404068501,64.55696202531645,1.003528249192562
6,"20MA, 50MA, RSI, MACD, Lower_BB, Williams_%R",32,0.8,0.0005,64,60,1,50,relu,0.03113484096229512,6.638558818501574,0.42901763452499886,41.77215189873418,0.98350131472878
7,"20MA, 50MA, RSI, MACD, Lower_BB, Williams_%R",128,0.30000000000000004,0.0001,64,60,1,100,relu,0.027064878809482353,5.6730065104849645,0.5685389801988516,52.742616033755276,1.1032166601925422
8,"20MA, 50MA, RSI, MACD, Lower_BB, Williams_%R",64,0.7,0.0001,16,60,1,100,relu,0.03514896983046899,7.6595408389182955,0.27229628168818754,30.37974683544304,0.9034463528283843
9,"20MA, 50MA, RSI, MACD, Lower_BB, Williams_%R",64,0.7,0.0001,32,60,1,100,sigmoid,0.05604840355831365,13.012285690600272,-0.7237846344350003,7.916666666666666,1.0
10,"20MA, 50MA, RSI, MACD, Lower_BB, Williams_%R",128,0.2,0.001,16,60,1,150,tanh,0.011648555901895223,2.2388288743738096,0.9255438308341098,91.25,1.2603539253159715
11,"20MA, 50MA, RSI, MACD, Lower_BB, Williams_%R",128,0.2,0.001,16,60,1,150,tanh,0.011794940172273406,2.2272319154606777,0.9180552986423123,91.13924050632912,0.9900141185865834
12,"20MA, 50MA, RSI, MACD, Lower_BB, Williams_%R",128,0.30000000000000004,0.001,16,60,1,150,tanh,0.011192820202727459,2.289709460027352,0.9262081417426689,92.82700421940928,1.3327248557404279
13,"20MA, 50MA, RSI, MACD, Lower_BB, Williams_%R",128,0.5,0.001,16,60,1,150,tanh,0.011223958766486344,2.1197202696956023,0.9257969909053927,91.13924050632912,1.299451443296443
14,"20MA, 50MA, RSI, MACD, Lower_BB, Williams_%R",128,0.5,0.001,16,60,1,150,tanh,0.012197928705332246,2.298313580280836,0.9123601605209896,91.13924050632912,1.0855502394622372
15,"20MA, 50MA, RSI, MACD, Lower_BB, Williams_%R",128,0.5,0.001,16,60,1,150,tanh,0.01215221678377748,2.2645207235093423,0.9130157929556009,91.13924050632912,1.383498672765789
16,"20MA, 50MA, RSI, MACD, Lower_BB, Williams_%R",32,0.5,0.001,16,60,1,150,tanh,0.013158020977914754,2.506775711480961,0.8980210488284608,88.18565400843882,0.8430956819136841
17,"20MA, 50MA, RSI, MACD, Lower_BB, Williams_%R",128,0.4,0.0005,16,60,1,150,tanh,0.011216687090550147,2.221358517147499,0.9258931076958568,93.67088607594937,1.575456744782347
18,"20MA, 50MA, RSI, MACD, Lower_BB, Williams_%R",128,0.30000000000000004,0.0005,16,60,1,150,tanh,0.01783799395322236,3.5351081445011374,0.8125776336558796,74.26160337552743,1.0950778287131888
19,"20MA, 50MA, RSI, MACD, Lower_BB, Williams_%R",32,0.4,0.0005,32,60,1,150,relu,0.014584943872784287,2.875526010225424,0.8747035067046911,86.91983122362869,0.8475187594990697
20,"20MA, 50MA, RSI, MACD, Lower_BB, Williams_%R",128,0.30000000000000004,0.0005,16,60,1,150,tanh,0.011520337148044863,2.166189260678466,0.9218264615488959,91.13924050632912,1.671506718545372
21,"20MA, 50MA, RSI, MACD, Lower_BB, Williams_%R",128,0.6000000000000001,0.0005,16,60,1,150,tanh,0.012452956012827277,2.343947053244567,0.9086572042059194,89.87341772151899,1.555887920969615
22,"20MA, 50MA, RSI, MACD, Lower_BB, Williams_%R",128,0.4,0.001,16,60,1,150,tanh,0.012019105583507475,2.555247403795179,0.9149109465002775,91.56118143459916,1.4035616206005013
23,"20MA, 50MA, RSI, MACD, Lower_BB, Williams_%R",128,0.6000000000000001,0.001,16,60,1,150,tanh,0.011830751491839602,2.22483534509998,0.9175569488886277,90.71729957805907,1.3260751423018728
24,"20MA, 50MA, RSI, MACD, Lower_BB, Williams_%R",128,0.30000000000000004,0.0005,16,60,1,150,tanh,0.011442917287287718,2.1623111460710533,0.9228736267846346,91.56118143459916,1.4002003651437185
0,"20MA, 50MA, RSI, MACD, Lower_BB, Williams_%R",32,0.6000000000000001,0.0001,64,60,30,100,relu,0.04046506170631105,8.525859163224254,0.11747258431673935,32.05128205128205,1.3665987401629165
1,"20MA, 50MA, RSI, MACD, Lower_BB, Williams_%R",128,0.7,0.001,16,60,30,100,sigmoid,0.13770601225798793,33.80575390681264,-9.220534196137686,0.0,1.0
2,"20MA, 50MA, RSI, MACD, Lower_BB, Williams_%R",128,0.2,0.0001,64,60,30,150,tanh,0.04196535310664167,8.890514810301772,0.05081786608806693,30.76923076923077,1.0769417572530366
3,"20MA, 50MA, RSI, MACD, Lower_BB, Williams_%R",128,0.30000000000000004,0.0001,16,60,30,100,tanh,0.06066381130894662,13.468921470992978,-0.9834770321483541,16.666666666666664,1.0314834101607697
4,"20MA, 50MA, RSI, MACD, Lower_BB, Williams_%R",128,0.8,0.0001,16,60,30,150,tanh,0.04845979710108861,10.40747982120828,-0.26570056651498497,25.64102564102564,0.9900192570164269
5,"20MA, 50MA, RSI, MACD, Lower_BB, Williams_%R",32,0.6000000000000001,0.0001,16,60,30,50,relu,0.062167860893353064,13.709643264293959,-1.0830497381846373,14.529914529914532,0.9370339533470127
6,"20MA, 50MA, RSI, MACD, Lower_BB, Williams_%R",32,0.8,0.001,16,60,30,100,relu,0.07200099767382545,16.4897799581638,-1.7941184951754798,6.837606837606838,1.0
7,"20MA, 50MA, RSI, MACD, Lower_BB, Williams_%R",64,0.7,0.001,16,60,30,100,relu,0.0758304533527406,17.443393938035875,-2.099239199920099,6.41025641025641,1.0
8,"20MA, 50MA, RSI, MACD, Lower_BB, Williams_%R",128,0.6000000000000001,0.0001,32,60,30,100,relu,0.056169721963287414,12.084324019885766,-0.700483177527176,21.794871794871796,0.8291329011422928
9,"20MA, 50MA, RSI, MACD, Lower_BB, Williams_%R",32,0.5,0.001,64,60,30,50,sigmoid,0.051512313630133255,10.76484018776909,-0.43017737769733877,26.495726495726498,0.936288817148463
10,"20MA, 50MA, RSI, MACD, Lower_BB, Williams_%R",64,0.4,0.0005,64,60,30,50,relu,0.047242814479311314,9.880185640549575,-0.20292712236590238,29.48717948717949,0.8978394746098664
11,"20MA, 50MA, RSI, MACD, Lower_BB, Williams_%R",32,0.2,0.0001,64,60,30,150,tanh,0.038729387021595674,8.104302884769883,0.1915576825139128,34.18803418803419,1.4672304799613494
12,"20MA, 50MA, RSI, MACD, Lower_BB, Williams_%R",32,0.2,0.0005,64,60,30,150,tanh,0.040486163970225426,8.753803715462553,0.11655187980657022,30.76923076923077,0.9096541046185097
13,"20MA, 50MA, RSI, MACD, Lower_BB, Williams_%R",32,0.4,0.0001,64,60,30,150,tanh,0.04044943793159838,8.535094761015614,0.11815394977375804,32.9059829059829,1.132103448746795
14,"20MA, 50MA, RSI, MACD, Lower_BB, Williams_%R",32,0.4,0.0001,32,60,30,150,tanh,0.0435457916206118,9.14714480815856,-0.022021828552437617,29.914529914529915,1.2413634331150496
15,"20MA, 50MA, RSI, MACD, Lower_BB, Williams_%R",32,0.30000000000000004,0.0001,64,60,30,150,tanh,0.039878072072354255,8.436959158774608,0.1428909129735877,31.62393162393162,1.2265557957458104
16,"20MA, 50MA, RSI, MACD, Lower_BB, Williams_%R",64,0.30000000000000004,0.0005,64,60,30,150,tanh,0.05250487559833107,10.973855224543522,-0.4858229400877261,24.358974358974358,0.9900192570164269
17,"20MA, 50MA, RSI, MACD, Lower_BB, Williams_%R",32,0.30000000000000004,0.0001,64,60,30,150,tanh,0.03985146170681998,8.454665925240802,0.14403441741684975,32.9059829059829,1.2569937049626005
18,"20MA, 50MA, RSI, MACD, Lower_BB, Williams_%R",32,0.2,0.0001,32,60,30,150,sigmoid,0.056186558805068176,12.38475177374939,-0.7015027680196275,14.957264957264957,0.9419078393059037
19,"20MA, 50MA, RSI, MACD, Lower_BB, Williams_%R",32,0.30000000000000004,0.0005,64,60,30,150,tanh,0.03860647362711718,8.322806237464851,0.19668096057365647,30.34188034188034,0.9417466798751549
20,"20MA, 50MA, RSI, MACD, Lower_BB, Williams_%R",64,0.2,0.0005,64,60,30,150,tanh,0.03784997077872074,8.180687889391654,0.22785495522482502,33.76068376068376,0.9396608882500707
21,"20MA, 50MA, RSI, MACD, Lower_BB, Williams_%R",64,0.2,0.0005,64,60,30,150,tanh,0.04081948700656551,8.780265741721422,0.10194512119466959,30.34188034188034,0.9189434516151185
22,"20MA, 50MA, RSI, MACD, Lower_BB, Williams_%R",64,0.2,0.0005,64,60,30,150,tanh,0.04486607953601672,9.602606779964763,-0.08493578855921724,29.059829059829063,0.8675153002291849
23,"20MA, 50MA, RSI, MACD, Lower_BB, Williams_%R",64,0.30000000000000004,0.0005,64,60,30,150,tanh,0.043840221962768565,9.24796567747055,-0.035889140437087574,32.9059829059829,0.9870964535165709
24,"20MA, 50MA, RSI, MACD, Lower_BB, Williams_%R",64,0.4,0.0005,64,60,30,150,tanh,0.042343716180158544,9.085519999970801,0.03362489902039867,30.34188034188034,0.8848060755021537
0,"20MA, 50MA, RSI, MACD, Lower_BB, OBV",128,0.8,0.0005,16,60,1,150,tanh,0.012112124996394132,2.2496917414428528,0.9135887912448435,89.87341772151899,0.9747349329055675
1,"20MA, 50MA, RSI, MACD, Lower_BB, OBV",32,0.30000000000000004,0.0001,64,60,1,150,relu,0.023436867351411143,4.812577634098011,0.6764596014628229,64.9789029535865,1.2119419135944025
2,"20MA, 50MA, RSI, MACD, Lower_BB, OBV",32,0.5,0.0005,32,60,1,150,tanh,0.015254731478454528,3.0161506642139284,0.8629312264462775,83.54430379746836,0.8191120010488434
3,"20MA, 50MA, RSI, MACD, Lower_BB, OBV",32,0.2,0.001,64,60,1,50,tanh,0.03500227901827892,8.24850640036978,0.2783576086590629,17.29957805907173,0.8846605111747791
4,"20MA, 50MA, RSI, MACD, Lower_BB, OBV",128,0.8,0.0005,64,60,1,50,tanh,0.047987932958420014,11.70168797358936,-0.35641779599954404,6.329113924050633,1.027857691954514
5,"20MA, 50MA, RSI, MACD, Lower_BB, OBV",64,0.8,0.001,16,60,1,50,tanh,0.023113108272154712,5.068363948982197,0.685336695210049,53.16455696202531,0.9324430448447695
6,"20MA, 50MA, RSI, MACD, Lower_BB, OBV",128,0.7,0.0005,16,60,1,100,relu,0.011956919944250206,2.213201057878679,0.9157891530820339,91.13924050632912,0.8997492224286012
7,"20MA, 50MA, RSI, MACD, Lower_BB, OBV",128,0.4,0.0005,16,60,1,100,sigmoid,0.03338774355637453,7.367098608152872,0.34339599051983594,32.06751054852321,0.8289569361560923
8,"20MA, 50MA, RSI, MACD, Lower_BB, OBV",64,0.6000000000000001,0.0001,16,60,1,150,relu,0.025202725009390796,5.1828395134085135,0.6258683978555126,56.9620253164557,0.9598256117335222
9,"20MA, 50MA, RSI, MACD, Lower_BB, OBV",64,0.5,0.0005,16,60,1,150,relu,0.012125796275697638,2.2577988323767837,0.9133936118718003,91.13924050632912,0.9989686832343705
10,"20MA, 50MA, RSI, MACD, Lower_BB, OBV",128,0.6000000000000001,0.0001,32,60,1,100,sigmoid,0.05127558249754518,12.209419281028609,-0.5486404458509522,7.172995780590717,0.8953046849250388
11,"20MA, 50MA, RSI, MACD, Lower_BB, OBV",128,0.7,0.0005,16,60,1,100,relu,0.01288473596485025,2.427399371013597,0.9022131539592179,90.71729957805907,0.9448765656575829
12,"20MA, 50MA, RSI, MACD, Lower_BB, OBV",128,0.7,0.0005,16,60,1,100,tanh,0.015339445076835503,3.1713154935630326,0.8614046403929595,83.54430379746836,1.0
13,"20MA, 50MA, RSI, MACD, Lower_BB, OBV",128,0.8,0.0005,16,60,1,150,relu,0.012404362175229054,2.332025741424981,0.9093686877531035,90.71729957805907,0.9949385066273321
14,"20MA, 50MA, RSI, MACD, Lower_BB, OBV",128,0.7,0.0005,16,60,1,100,sigmoid,0.2270159684424305,58.987246328239685,-29.355836551485055,0.0,1.0
15,"20MA, 50MA, RSI, MACD, Lower_BB, OBV",128,0.6000000000000001,0.001,32,60,1,150,tanh,0.014474760535571724,2.7947712631082777,0.876589484201881,86.49789029535864,0.9430912870332809
16,"20MA, 50MA, RSI, MACD, Lower_BB, OBV",128,0.7,0.0005,16,60,1,100,relu,0.013606720064355695,2.5890414525610956,0.8909473327678489,87.34177215189874,0.9514303611363882
17,"20MA, 50MA, RSI, MACD, Lower_BB, OBV",128,0.8,0.0005,16,60,1,100,relu,0.014588956466722825,2.8944237772841315,0.8746345543502853,85.23206751054853,0.9447671149909711
18,"20MA, 50MA, RSI, MACD, Lower_BB, OBV",64,0.6000000000000001,0.001,64,60,1,150,tanh,0.023003920104220803,5.058291666139615,0.6883026620158537,53.58649789029536,0.9089126771020014
19,"20MA, 50MA, RSI, MACD, Lower_BB, OBV",32,0.4,0.0001,32,60,1,50,sigmoid,0.05481489430109312,12.619134082910154,-0.7698096309774372,7.59493670886076,1.0179906306159472
20,"20MA, 50MA, RSI, MACD, Lower_BB, OBV",128,0.7,0.0005,16,60,1,150,relu,0.014073387035514511,2.72843461100658,0.8833387420587869,86.91983122362869,0.9662837774961673
21,"20MA, 50MA, RSI, MACD, Lower_BB, OBV",64,0.5,0.0005,16,60,1,150,relu,0.012135317585610235,2.2588429020033476,0.913257549878341,91.56118143459916,0.9866898125008654
22,"20MA, 50MA, RSI, MACD, Lower_BB, OBV",64,0.5,0.0005,16,60,1,150,relu,0.013376845068975173,2.545739866231242,0.8946009281929875,88.18565400843882,0.975483657992904
23,"20MA, 50MA, RSI, MACD, Lower_BB, OBV",64,0.4,0.0005,16,60,1,150,relu,0.012706624969042183,2.417262590674716,0.9048979636449989,88.60759493670885,0.9251604942039983
24,"20MA, 50MA, RSI, MACD, Lower_BB, OBV",64,0.30000000000000004,0.0005,16,60,1,150,relu,0.012845873165826246,2.4488538331073055,0.9028021515743957,89.87341772151899,0.8565704882811486
0,"20MA, 50MA, RSI, MACD, Lower_BB, OBV",64,0.8,0.0005,16,60,30,150,sigmoid,0.11884456838463887,29.167419170821713,-6.612485301340727,0.0,1.0
1,"20MA, 50MA, RSI, MACD, Lower_BB, OBV",128,0.7,0.001,16,60,30,150,sigmoid,0.1342863995605599,32.83456205260169,-8.71922981440158,0.0,1.0
2,"20MA, 50MA, RSI, MACD, Lower_BB, OBV",64,0.30000000000000004,0.0005,16,60,30,150,relu,0.08691160857535872,20.45364335485483,-3.071208715715515,2.1367521367521367,1.0
3,"20MA, 50MA, RSI, MACD, Lower_BB, OBV",32,0.6000000000000001,0.0005,64,60,30,50,relu,0.043695664960569126,9.154582292149936,-0.029069004022997502,30.76923076923077,1.0061106608163346
4,"20MA, 50MA, RSI, MACD, Lower_BB, OBV",32,0.5,0.001,16,60,30,150,sigmoid,0.12581242443490373,31.133949089609985,-7.531292935328203,0.0,1.0
5,"20MA, 50MA, RSI, MACD, Lower_BB, OBV",32,0.6000000000000001,0.0005,16,60,30,100,tanh,0.07636255054276275,17.569448098438954,-2.142886104186419,4.700854700854701,1.0
6,"20MA, 50MA, RSI, MACD, Lower_BB, OBV",128,0.2,0.001,32,60,30,100,sigmoid,0.25396648054442444,65.85171736697286,-33.7632676985963,0.0,1.0
7,"20MA, 50MA, RSI, MACD, Lower_BB, OBV",64,0.7,0.001,16,60,30,100,sigmoid,0.21828507748465825,56.147670250602175,-24.681233888576433,0.0,1.0
8,"20MA, 50MA, RSI, MACD, Lower_BB, OBV",128,0.6000000000000001,0.001,32,60,30,100,relu,0.06286445998271696,13.80362648315189,-1.1299929701457363,15.384615384615385,1.0
9,"20MA, 50MA, RSI, MACD, Lower_BB, OBV",32,0.6000000000000001,0.0005,64,60,30,150,sigmoid,0.03989930989419905,8.207534024506892,0.14197773054744312,40.17094017094017,1.4324056869416348
10,"20MA, 50MA, RSI, MACD, Lower_BB, OBV",32,0.4,0.0001,64,60,30,50,tanh,0.04694066168590974,9.817362724707625,-0.18758910868501077,28.63247863247863,0.9936715112584665
11,"20MA, 50MA, RSI, MACD, Lower_BB, OBV",32,0.5,0.0005,64,60,30,50,relu,0.04267311872890025,8.882730747303693,0.01853106119654435,31.62393162393162,1.0528732222956683
12,"20MA, 50MA, RSI, MACD, Lower_BB, OBV",32,0.4,0.0005,64,60,30,50,relu,0.04500190627834347,9.299588256597973,-0.09151476126108338,30.34188034188034,1.022954680272452
13,"20MA, 50MA, RSI, MACD, Lower_BB, OBV",32,0.5,0.0001,64,60,30,50,relu,0.03911546128634328,7.987288807289563,0.17535941670469235,38.034188034188034,1.2954041088463424
14,"20MA, 50MA, RSI, MACD, Lower_BB, OBV",32,0.4,0.0001,64,60,30,150,tanh,0.035265147145378505,7.505927110022291,0.32971547600077156,41.88034188034188,1.365924879581746
15,"20MA, 50MA, RSI, MACD, Lower_BB, OBV",32,0.4,0.0001,64,60,30,50,tanh,0.033028802337020276,7.082797373758587,0.41203233418063656,38.46153846153847,1.3696088149681265
16,"20MA, 50MA, RSI, MACD, Lower_BB, OBV",32,0.30000000000000004,0.0001,64,60,30,150,tanh,0.03538504439401498,7.600736942400886,0.3251499549204755,35.04273504273504,1.2430847142633108
17,"20MA, 50MA, RSI, MACD, Lower_BB, OBV",32,0.4,0.0001,64,60,30,50,tanh,0.03425949714703735,7.3714712053614795,0.3673991661692757,38.88888888888889,1.2527148954859624
18,"20MA, 50MA, RSI, MACD, Lower_BB, OBV",128,0.2,0.0001,32,60,30,50,tanh,0.05941060040210321,13.14820793526376,-0.902373003906584,17.52136752136752,0.8389308883654106
19,"20MA, 50MA, RSI, MACD, Lower_BB, OBV",64,0.30000000000000004,0.0001,64,60,30,50,tanh,0.03633842767907864,7.744420302216462,0.28829493669050676,36.324786324786324,1.2963269901381185
20,"20MA, 50MA, RSI, MACD, Lower_BB, OBV",32,0.4,0.0001,64,60,30,50,tanh,0.03663643016878185,7.815643336415199,0.2765740372007134,34.61538461538461,1.3833225361736832
21,"20MA, 50MA, RSI, MACD, Lower_BB, OBV",32,0.4,0.0001,64,60,30,50,tanh,0.034746636967833575,7.3812045577638585,0.3492812134686737,38.46153846153847,1.4178612247027749
22,"20MA, 50MA, RSI, MACD, Lower_BB, OBV",32,0.30000000000000004,0.0001,64,60,30,50,tanh,0.036318611033444706,7.7524606480551945,0.2890709615399618,33.76068376068376,1.1943189436248456
23,"20MA, 50MA, RSI, MACD, Lower_BB, OBV",32,0.5,0.0001,64,60,30,50,tanh,0.0332033587046771,7.045174382783961,0.4058011238149619,38.88888888888889,1.3842322407784333
24,"20MA, 50MA, RSI, MACD, Lower_BB, OBV",32,0.5,0.0001,64,60,30,50,tanh,0.03978491430312898,8.43599517308199,0.146890760670779,30.76923076923077,1.2156855953250256
0,"20MA, 50MA, RSI, MACD, CCI, ATR",128,0.2,0.0001,16,60,1,50,tanh,0.025950864400195884,5.524483087653192,0.6033266271908189,51.47679324894515,0.9636859193135335
1,"20MA, 50MA, RSI, MACD, CCI, ATR",128,0.8,0.0001,16,60,1,50,sigmoid,0.15337087772143848,39.44060794269988,-12.855276531683666,0.0,1.0
2,"20MA, 50MA, RSI, MACD, CCI, ATR",128,0.6000000000000001,0.0001,32,60,1,150,sigmoid,0.043821542088945425,10.336248644562165,-0.13110964314806273,8.860759493670885,0.8953046849250388
3,"20MA, 50MA, RSI, MACD, CCI, ATR",32,0.30000000000000004,0.001,64,60,1,50,tanh,0.01576004145678775,3.0555713171409398,0.8537000750777622,85.65400843881856,0.9297444377780953
4,"20MA, 50MA, RSI, MACD, CCI, ATR",128,0.8,0.0001,32,60,1,100,sigmoid,0.045353058163562845,10.61385746894917,-0.2115533589034173,8.860759493670885,0.8846605111747791
5,"20MA, 50MA, RSI, MACD, CCI, ATR",64,0.5,0.0005,16,60,1,100,sigmoid,0.04182151103520415,9.737796975126004,-0.030217285155978102,12.236286919831224,0.9324430448447695
6,"20MA, 50MA, RSI, MACD, CCI, ATR",128,0.2,0.0005,32,60,1,50,tanh,0.019595598979998196,3.971963054326672,0.7738240212382693,69.19831223628692,0.8519675899636834
7,"20MA, 50MA, RSI, MACD, CCI, ATR",128,0.30000000000000004,0.0001,64,60,1,100,relu,0.027798161478888802,5.927797573279517,0.5448426723240855,54.008438818565395,1.2191049786946753
8,"20MA, 50MA, RSI, MACD, CCI, ATR",32,0.2,0.001,32,60,1,50,sigmoid,0.0444914406925252,10.321091341261665,-0.16595645239174361,11.39240506329114,1.0414812527456396
9,"20MA, 50MA, RSI, MACD, CCI, ATR",32,0.4,0.0005,32,60,1,50,relu,0.02023946454685227,4.014981579946721,0.7587166080831732,71.30801687763713,0.9100999263192978
10,"20MA, 50MA, RSI, MACD, CCI, ATR",32,0.6000000000000001,0.001,64,60,1,150,tanh,0.017436296641885014,3.5856450059557052,0.8209237917206168,75.9493670886076,1.1124317499744203
11,"20MA, 50MA, RSI, MACD, CCI, ATR",32,0.6000000000000001,0.001,64,60,1,150,tanh,0.019490687865469675,4.065650347698371,0.7762393447435256,72.15189873417721,0.888643543584607
12,"20MA, 50MA, RSI, MACD, CCI, ATR",32,0.6000000000000001,0.001,64,60,1,150,tanh,0.023039484685566818,5.340204123370823,0.6873381347170129,48.52320675105485,0.9324430448447695
13,"20MA, 50MA, RSI, MACD, CCI, ATR",32,0.4,0.001,64,60,1,150,tanh,0.015114983600086129,3.023271396725675,0.8654310844047232,86.07594936708861,0.9854297175406603
14,"20MA, 50MA, RSI, MACD, CCI, ATR",64,0.4,0.001,64,60,1,150,tanh,0.019553254883903703,4.169787238249385,0.7748004516798646,70.46413502109705,1.007890407844658
15,"20MA, 50MA, RSI, MACD, CCI, ATR",32,0.4,0.001,64,60,1,50,tanh,0.020000257750618887,4.209252070863057,0.7643862793851806,70.46413502109705,0.9729257236299016
16,"20MA, 50MA, RSI, MACD, CCI, ATR",32,0.30000000000000004,0.001,64,60,1,150,tanh,0.019808366779796985,4.433806945578703,0.768885746730176,63.71308016877637,0.9324430448447695
17,"20MA, 50MA, RSI, MACD, CCI, ATR",64,0.30000000000000004,0.001,64,60,1,50,relu,0.0353134459223008,8.485675417423865,0.26546991365771566,16.877637130801688,0.9324430448447695
18,"20MA, 50MA, RSI, MACD, CCI, ATR",32,0.4,0.001,64,60,1,150,tanh,0.017647116639328234,3.654281367902681,0.8165672383849588,75.10548523206751,0.8394149595505902
19,"20MA, 50MA, RSI, MACD, CCI, ATR",32,0.5,0.001,64,60,1,100,tanh,0.017626066651389955,3.6794794277002087,0.8170045851299185,74.68354430379746,0.9095691051989128
20,"20MA, 50MA, RSI, MACD, CCI, ATR",32,0.30000000000000004,0.0005,16,60,1,150,relu,0.019229141406489115,4.235071504750417,0.7822043615331232,67.08860759493672,0.8953046849250388
21,"20MA, 50MA, RSI, MACD, CCI, ATR",32,0.7,0.001,64,60,1,150,tanh,0.016634797319049786,3.4443503887539464,0.8370087015300073,78.90295358649789,0.9455315974478615
22,"20MA, 50MA, RSI, MACD, CCI, ATR",32,0.7,0.001,64,60,1,150,tanh,0.01664732510482988,3.4892355468543816,0.8367631092424145,77.63713080168776,0.8693710587223317
23,"20MA, 50MA, RSI, MACD, CCI, ATR",32,0.5,0.001,64,60,1,150,tanh,0.016777235489917684,3.470096616358251,0.8342054718720192,76.79324894514767,0.8081755953448262
24,"20MA, 50MA, RSI, MACD, CCI, ATR",32,0.7,0.001,64,60,1,150,tanh,0.016894835002138817,3.473260754267731,0.8318730627330301,78.05907172995781,0.8893884831898086
0,"20MA, 50MA, RSI, MACD, CCI, ATR",64,0.5,0.001,32,60,30,100,sigmoid,0.10403541519961482,25.140584455710048,-4.833513417742331,0.8547008547008548,1.0
1,"20MA, 50MA, RSI, MACD, CCI, ATR",128,0.4,0.001,64,60,30,150,sigmoid,0.08816453425154053,20.696793317559898,-3.189436641654172,3.418803418803419,1.0
2,"20MA, 50MA, RSI, MACD, CCI, ATR",32,0.7,0.0005,32,60,30,50,tanh,0.06543851857024258,14.648401908286623,-1.307994181490769,11.965811965811966,1.0314834101607697
3,"20MA, 50MA, RSI, MACD, CCI, ATR",128,0.7,0.0001,16,60,30,50,relu,0.07683829148317106,17.70162049787559,-2.18216863597457,5.555555555555555,1.0314834101607697
4,"20MA, 50MA, RSI, MACD, CCI, ATR",64,0.6000000000000001,0.0001,16,60,30,100,sigmoid,0.08536386463226488,19.777757358284337,-2.927497601596942,2.1367521367521367,1.1114658642043322
5,"20MA, 50MA, RSI, MACD, CCI, ATR",64,0.4,0.0005,32,60,30,150,tanh,0.06644543675249034,14.91740367937992,-1.379567958894886,11.965811965811966,0.9381911565069601
6,"20MA, 50MA, RSI, MACD, CCI, ATR",64,0.30000000000000004,0.001,16,60,30,100,sigmoid,0.21891044694537734,56.30308937689662,-24.82859407699139,0.0,1.0
7,"20MA, 50MA, RSI, MACD, CCI, ATR",64,0.7,0.0005,64,60,30,150,tanh,0.050358880356646235,11.013691680664616,-0.3668470604666543,23.504273504273502,0.9356545347693418
8,"20MA, 50MA, RSI, MACD, CCI, ATR",128,0.4,0.001,32,60,30,100,relu,0.06454334961866263,14.200327267785045,-1.2452814702658648,15.384615384615385,1.0
9,"20MA, 50MA, RSI, MACD, CCI, ATR",128,0.8,0.001,16,60,30,50,sigmoid,0.09629071755866689,22.057703222436594,-3.997313989971923,1.282051282051282,1.0720388834477592
10,"20MA, 50MA, RSI, MACD, CCI, ATR",32,0.2,0.0005,64,60,30,150,tanh,0.05202515775373577,11.286933280644435,-0.45879613221931015,22.22222222222222,0.9163569584972898
11,"20MA, 50MA, RSI, MACD, CCI, ATR",32,0.2,0.0005,64,60,30,150,tanh,0.04919775037157485,10.806561025849366,-0.3045426454804483,20.94017094017094,0.9541055077823574
12,"20MA, 50MA, RSI, MACD, CCI, ATR",32,0.2,0.0005,64,60,30,150,tanh,0.04752119427446125,9.973118933421029,-0.21714546339758867,27.77777777777778,0.9123874224514088
13,"20MA, 50MA, RSI, MACD, CCI, ATR",32,0.2,0.0005,64,60,30,150,tanh,0.045742154652708034,9.870800499731903,-0.12771933716949757,29.059829059829063,0.8724433596836887
14,"20MA, 50MA, RSI, MACD, CCI, ATR",32,0.2,0.0005,64,60,30,150,tanh,0.048496999437153264,10.245161572554204,-0.2676446560440726,27.350427350427353,0.8978394746098664
15,"20MA, 50MA, RSI, MACD, CCI, ATR",32,0.30000000000000004,0.0005,64,60,30,150,tanh,0.04659014759359882,9.972454905755953,-0.16991945787273988,28.205128205128204,0.9233916690157296
16,"20MA, 50MA, RSI, MACD, CCI, ATR",32,0.30000000000000004,0.0001,64,60,30,150,tanh,0.04026990824218147,8.344188257007282,0.125964501387404,34.18803418803419,1.1692271645929542
17,"20MA, 50MA, RSI, MACD, CCI, ATR",32,0.30000000000000004,0.0001,64,60,30,150,relu,0.041896392467990054,8.684572990615393,0.053934838543584274,32.05128205128205,1.3297625945623155
18,"20MA, 50MA, RSI, MACD, CCI, ATR",32,0.30000000000000004,0.0001,64,60,30,150,relu,0.03966316047034742,8.248859755988782,0.15210431388656798,36.324786324786324,1.305349847593917
19,"20MA, 50MA, RSI, MACD, CCI, ATR",32,0.5,0.0001,64,60,30,50,relu,0.05111033922729617,10.711257584003992,-0.4079437961547294,26.923076923076923,0.8960661800758273
20,"20MA, 50MA, RSI, MACD, CCI, ATR",32,0.30000000000000004,0.0001,64,60,30,150,relu,0.039821197522626826,8.351529088134377,0.14533400656409046,35.8974358974359,1.288337544744999
21,"20MA, 50MA, RSI, MACD, CCI, ATR",32,0.30000000000000004,0.0001,64,60,30,150,relu,0.0419603135446105,8.938307967485134,0.051045824375983484,32.47863247863248,1.319444843877819
22,"20MA, 50MA, RSI, MACD, CCI, ATR",32,0.4,0.0001,64,60,30,150,relu,0.041921837984456034,8.721120092839886,0.0527853158493885,33.33333333333333,1.2030797423343655
23,"20MA, 50MA, RSI, MACD, CCI, ATR",32,0.30000000000000004,0.0001,64,60,30,150,relu,0.04096384309673281,8.50699519538798,0.09558203666074538,35.47008547008547,1.257860030795286
24,"20MA, 50MA, RSI, MACD, CCI, ATR",32,0.4,0.0001,64,60,30,150,relu,0.039191709085010094,8.107901490803728,0.17214133821509336,36.75213675213676,1.4269354270224743
0,"20MA, 50MA, RSI, MACD, CCI, Williams_%R",64,0.4,0.001,16,60,1,50,relu,0.023628350538680377,5.025634363471162,0.6711512445732637,54.008438818565395,0.9038203255095306
1,"20MA, 50MA, RSI, MACD, CCI, Williams_%R",128,0.6000000000000001,0.001,16,60,1,150,relu,0.010939547434474648,2.0060985883972613,0.9295099037426229,93.67088607594937,1.375809417405971
2,"20MA, 50MA, RSI, MACD, CCI, Williams_%R",128,0.30000000000000004,0.0001,32,60,1,50,tanh,0.021414418832901003,4.288058922482565,0.7298891825634053,66.24472573839662,0.9718367275717809
3,"20MA, 50MA, RSI, MACD, CCI, Williams_%R",128,0.5,0.0001,64,60,1,150,tanh,0.02631252839069215,5.572380556317773,0.592193113142282,54.008438818565395,0.9980643653042769
4,"20MA, 50MA, RSI, MACD, CCI, Williams_%R",128,0.8,0.0001,64,60,1,150,relu,0.04469928064920754,10.57788853082801,-0.17687533286009272,13.924050632911392,0.8846605111747791
5,"20MA, 50MA, RSI, MACD, CCI, Williams_%R",32,0.5,0.0001,16,60,1,150,relu,0.028443432990732098,5.916177654795831,0.5234665213292612,48.9451476793249,0.9027241693912682
6,"20MA, 50MA, RSI, MACD, CCI, Williams_%R",32,0.2,0.0001,32,60,1,150,sigmoid,0.035756586783721137,8.089225238928432,0.24691932459150068,28.691983122362867,0.910742296774124
7,"20MA, 50MA, RSI, MACD, CCI, Williams_%R",32,0.30000000000000004,0.0001,16,60,1,50,tanh,0.02337780751151162,4.744922898714447,0.6780881611077072,62.447257383966246,1.0606903244880632
8,"20MA, 50MA, RSI, MACD, CCI, Williams_%R",32,0.2,0.0005,64,60,1,150,tanh,0.014208067692098125,2.7037303257995773,0.881095188912228,88.60759493670885,1.0168123044185358
9,"20MA, 50MA, RSI, MACD, CCI, Williams_%R",32,0.8,0.0001,16,60,1,150,sigmoid,0.03644238062987017,7.867977801287693,0.21775486307202419,31.645569620253166,0.82174908491931
10,"20MA, 50MA, RSI, MACD, CCI, Williams_%R",64,0.7,0.001,16,60,1,100,relu,0.01641741007965068,3.2468181061453785,0.8412408793697204,81.0126582278481,0.8846605111747791
11,"20MA, 50MA, RSI, MACD, CCI, Williams_%R",128,0.6000000000000001,0.0005,64,60,1,100,tanh,0.019378197392240382,4.037487492205501,0.7788147597466063,72.15189873417721,1.0210448577145432
12,"20MA, 50MA, RSI, MACD, CCI, Williams_%R",32,0.6000000000000001,0.0005,64,60,1,150,relu,0.0163597139120815,3.223118321493204,0.8423547819308966,84.38818565400844,1.001344092680847
13,"20MA, 50MA, RSI, MACD, CCI, Williams_%R",128,0.2,0.001,64,60,1,150,tanh,0.016093120455756643,3.159487578931097,0.8474508064696638,81.43459915611815,0.9738595511139165
14,"20MA, 50MA, RSI, MACD, CCI, Williams_%R",64,0.5,0.0005,32,60,1,150,sigmoid,0.024438975046358353,5.390724083771619,0.6482003783838972,50.63291139240506,0.9114117808002522
15,"20MA, 50MA, RSI, MACD, CCI, Williams_%R",32,0.6000000000000001,0.0005,16,60,1,100,relu,0.02386552964651558,5.227827873056001,0.6645162056407707,51.89873417721519,0.8846605111747791
16,"20MA, 50MA, RSI, MACD, CCI, Williams_%R",128,0.4,0.001,64,60,1,150,tanh,0.02362251041155935,5.584011693821967,0.6713137850086281,46.835443037974684,0.9324430448447695
17,"20MA, 50MA, RSI, MACD, CCI, Williams_%R",32,0.7,0.001,16,60,1,150,relu,0.01391710957380232,2.7034354982974516,0.8859152788285376,88.60759493670885,0.8835843507145177
18,"20MA, 50MA, RSI, MACD, CCI, Williams_%R",128,0.7,0.001,16,60,1,100,relu,0.013444938585290502,2.5013846530973534,0.8935251498209219,89.45147679324894,1.1951655878749907
19,"20MA, 50MA, RSI, MACD, CCI, Williams_%R",128,0.7,0.001,16,60,1,100,relu,0.013759905366787565,2.5801447374575064,0.8884780675528264,88.60759493670885,1.1348842790500866
20,"20MA, 50MA, RSI, MACD, CCI, Williams_%R",128,0.7,0.001,16,60,1,100,relu,0.019743496319028078,3.909524413575633,0.7703970211124952,69.19831223628692,1.0273738429171788
21,"20MA, 50MA, RSI, MACD, CCI, Williams_%R",128,0.7,0.001,16,60,1,100,relu,0.015261054158044492,2.9903119365091513,0.8628175801932202,84.81012658227847,0.919951469080292
22,"20MA, 50MA, RSI, MACD, CCI, Williams_%R",128,0.8,0.001,16,60,1,100,relu,0.011829545237131896,2.191155837029494,0.9175737596971045,91.13924050632912,1.0465195837280301
23,"20MA, 50MA, RSI, MACD, CCI, Williams_%R",128,0.8,0.001,16,60,1,100,relu,0.011582810016523835,2.182317288911722,0.9209763185474948,93.67088607594937,1.3321303956439483
24,"20MA, 50MA, RSI, MACD, CCI, Williams_%R",128,0.8,0.001,16,60,1,100,relu,0.012522112879274787,2.3184043644300685,0.9076398518530888,91.13924050632912,1.109565295310779
0,"20MA, 50MA, RSI, MACD, CCI, Williams_%R",128,0.8,0.001,16,60,30,50,tanh,0.08604643011614076,20.32628310319475,-2.9905568828430846,2.564102564102564,1.0
1,"20MA, 50MA, RSI, MACD, CCI, Williams_%R",64,0.8,0.0001,64,60,30,100,sigmoid,0.05465041007284673,11.04127441145601,-0.6097359445486077,25.213675213675213,1.0376216928803255
2,"20MA, 50MA, RSI, MACD, CCI, Williams_%R",32,0.8,0.0001,64,60,30,100,sigmoid,0.06794301410408926,14.074084539489403,-1.5078582287340274,15.677966101694915,1.0132543258641376
3,"20MA, 50MA, RSI, MACD, CCI, Williams_%R",128,0.6000000000000001,0.001,16,60,30,100,sigmoid,0.1348067939802317,32.98741120677136,-8.7947048167676,0.0,1.0
4,"20MA, 50MA, RSI, MACD, CCI, Williams_%R",32,0.6000000000000001,0.0001,32,60,30,150,tanh,0.04569371165233737,9.42949239198717,-0.12533199093224967,33.76068376068376,0.8815736521885199
5,"20MA, 50MA, RSI, MACD, CCI, Williams_%R",128,0.4,0.0005,16,60,30,150,tanh,0.061526916042674296,13.680083240349223,-1.0403190569959606,15.384615384615385,1.0
6,"20MA, 50MA, RSI, MACD, CCI, Williams_%R",32,0.30000000000000004,0.001,64,60,30,150,relu,0.04180811648266174,8.87101811769113,0.057917370033029436,28.63247863247863,0.9573844567967206
7,"20MA, 50MA, RSI, MACD, CCI, Williams_%R",32,0.7,0.0001,64,60,30,50,relu,0.04977429890460003,10.28500923244876,-0.33529768049192454,26.923076923076923,0.9215810250198565
8,"20MA, 50MA, RSI, MACD, CCI, Williams_%R",32,0.7,0.001,64,60,30,150,sigmoid,0.037627979229891896,7.93668042616561,0.2368857158143145,35.8974358974359,1.1841346287598526
9,"20MA, 50MA, RSI, MACD, CCI, Williams_%R",128,0.5,0.0005,16,60,30,100,sigmoid,0.1835937573090879,46.85971027494871,-17.1670165339751,0.0,1.0
10,"20MA, 50MA, RSI, MACD, CCI, Williams_%R",64,0.2,0.001,32,60,30,150,sigmoid,0.13180760487044715,33.036835294386385,-8.363726676848419,0.0,1.0
11,"20MA, 50MA, RSI, MACD, CCI, Williams_%R",32,0.30000000000000004,0.001,64,60,30,150,relu,0.04261745006811846,8.989391722900898,0.021090115937111076,32.05128205128205,0.9768652952727119
12,"20MA, 50MA, RSI, MACD, CCI, Williams_%R",32,0.2,0.001,64,60,30,150,relu,0.04506507961631858,9.515784953589911,-0.09458143268107233,28.205128205128204,0.7950038875404046
13,"20MA, 50MA, RSI, MACD, CCI, Williams_%R",32,0.4,0.001,64,60,30,150,relu,0.04324454436253064,9.164778901688157,-0.0079301650531729,31.62393162393162,1.0507457191833125
14,"20MA, 50MA, RSI, MACD, CCI, Williams_%R",32,0.4,0.001,64,60,30,150,relu,0.04426441375472724,9.32516155430801,-0.0560323565500096,28.63247863247863,0.9401553335773387
15,"20MA, 50MA, RSI, MACD, CCI, Williams_%R",32,0.6000000000000001,0.001,64,60,30,150,sigmoid,0.04628192009855082,10.060095937437593,-0.15449093732790198,21.794871794871796,1.0364646181791493
16,"20MA, 50MA, RSI, MACD, CCI, Williams_%R",64,0.30000000000000004,0.0005,32,60,30,50,relu,0.07113995472280636,16.119273343029256,-1.7276896794819208,8.11965811965812,1.0
17,"20MA, 50MA, RSI, MACD, CCI, Williams_%R",32,0.5,0.001,64,60,30,150,sigmoid,0.047700143298393616,10.086094001159463,-0.2263294534198681,27.77777777777778,0.9884662976114227
18,"20MA, 50MA, RSI, MACD, CCI, Williams_%R",32,0.7,0.001,64,60,30,150,relu,0.043908733410225664,9.196693442044921,-0.039129348435162914,32.47863247863248,1.0265126293972406
19,"20MA, 50MA, RSI, MACD, CCI, Williams_%R",64,0.30000000000000004,0.0005,32,60,30,50,tanh,0.06951350055028428,15.717979091799359,-1.604390544989895,9.82905982905983,1.0
20,"20MA, 50MA, RSI, MACD, CCI, Williams_%R",32,0.7,0.001,64,60,30,150,sigmoid,0.04787604218186297,10.273881606391164,-0.23539054600239462,26.495726495726498,0.8953046849250388
21,"20MA, 50MA, RSI, MACD, CCI, Williams_%R",32,0.30000000000000004,0.001,64,60,30,150,relu,0.04374712366626504,9.16341398273548,-0.031494221276991086,32.05128205128205,0.8752505261022445
22,"20MA, 50MA, RSI, MACD, CCI, Williams_%R",32,0.2,0.001,64,60,30,150,relu,0.043505990601978455,9.279470009542608,-0.020154418700434773,27.77777777777778,0.9722015748045045
23,"20MA, 50MA, RSI, MACD, CCI, Williams_%R",32,0.30000000000000004,0.001,64,60,30,150,relu,0.04651458435104624,9.800850945351053,-0.16612761675453003,24.786324786324787,0.9401763211584843
24,"20MA, 50MA, RSI, MACD, CCI, Williams_%R",32,0.5,0.001,64,60,30,150,relu,0.04295783749765699,9.13102923554041,0.005390476727018312,30.76923076923077,0.9891139313357051
0,"20MA, 50MA, RSI, MACD, CCI, OBV",32,0.2,0.0005,64,60,1,150,sigmoid,0.03056482679257211,7.089369995843022,0.4497332513482253,30.801687763713083,0.9086202268940641
1,"20MA, 50MA, RSI, MACD, CCI, OBV",128,0.5,0.001,64,60,1,100,sigmoid,0.0765884209346093,19.037856095876318,-2.455060234838474,2.109704641350211,1.0414812527456396
2,"20MA, 50MA, RSI, MACD, CCI, OBV",64,0.7,0.0005,16,60,1,150,tanh,0.02092826582671359,4.650807994711536,0.7420141549420018,59.07172995780591,0.9234919295393925
3,"20MA, 50MA, RSI, MACD, CCI, OBV",32,0.4,0.0005,16,60,1,50,sigmoid,0.1603687746794525,41.27335699349921,-14.148478468878823,0.0,1.0
4,"20MA, 50MA, RSI, MACD, CCI, OBV",32,0.6000000000000001,0.0001,64,60,1,50,tanh,0.025034798861857704,5.2202655380523755,0.6308374773256542,59.07172995780591,1.1241212517059407
5,"20MA, 50MA, RSI, MACD, CCI, OBV",128,0.6000000000000001,0.0001,16,60,1,100,relu,0.019750459449539893,3.9097673269228346,0.7702350399308069,71.30801687763713,0.9024123031255232
6,"20MA, 50MA, RSI, MACD, CCI, OBV",32,0.2,0.0005,32,60,1,100,sigmoid,0.022709533378845355,4.788902369794085,0.6962293478676337,59.07172995780591,0.9935805576501587
7,"20MA, 50MA, RSI, MACD, CCI, OBV",128,0.2,0.001,64,60,1,50,sigmoid,0.07605717605793381,18.59514411369372,-2.4072953836968227,2.109704641350211,1.0414812527456396
8,"20MA, 50MA, RSI, MACD, CCI, OBV",128,0.5,0.0001,64,60,1,150,tanh,0.028912093660412152,6.42202712322225,0.5076335227502304,43.037974683544306,0.9542982224919649
9,"20MA, 50MA, RSI, MACD, CCI, OBV",64,0.6000000000000001,0.001,32,60,1,150,sigmoid,0.015049919360165628,2.818120394101739,0.8665871265983196,83.96624472573839,1.105172781954827
10,"20MA, 50MA, RSI, MACD, CCI, OBV",64,0.8,0.001,32,60,1,150,relu,0.012267320669626054,2.256784822985975,0.9113601876442653,91.9831223628692,1.1355195095991866
11,"20MA, 50MA, RSI, MACD, CCI, OBV",64,0.8,0.001,32,60,1,150,relu,0.014923487478505248,2.8560557466952687,0.8688192700525609,83.96624472573839,1.0563483501407986
12,"20MA, 50MA, RSI, MACD, CCI, OBV",64,0.8,0.001,32,60,1,150,relu,0.01520256570896024,3.1973325614412214,0.8638670767186869,85.23206751054853,0.8389308883654106
13,"20MA, 50MA, RSI, MACD, CCI, OBV",64,0.8,0.001,32,60,1,150,relu,0.017658423987041982,3.729367666492369,0.8163320948700648,75.10548523206751,0.8761556812254796
14,"20MA, 50MA, RSI, MACD, CCI, OBV",64,0.8,0.001,32,60,1,150,relu,0.012918946048573722,2.453441706621372,0.9016931996157216,90.71729957805907,0.8554886172077502
15,"20MA, 50MA, RSI, MACD, CCI, OBV",64,0.7,0.001,32,60,1,150,relu,0.024814775086535148,5.653077527773662,0.6372978928983315,46.41350210970464,0.9324430448447695
16,"20MA, 50MA, RSI, MACD, CCI, OBV",64,0.7,0.001,32,60,1,150,relu,0.018052595931174472,3.829233744194096,0.8080408955542626,72.57383966244726,0.858586075168571
17,"20MA, 50MA, RSI, MACD, CCI, OBV",64,0.4,0.001,32,60,1,150,relu,0.04648882748430349,11.423538209967415,-0.27299464776438054,3.79746835443038,1.0
18,"20MA, 50MA, RSI, MACD, CCI, OBV",64,0.8,0.001,32,60,1,50,relu,0.018039840339742656,3.7392381901479506,0.8083120683949062,72.9957805907173,0.9425122453800195
19,"20MA, 50MA, RSI, MACD, CCI, OBV",64,0.7,0.0001,32,60,1,100,relu,0.02541831113028259,5.544644043736002,0.6194403186322925,53.16455696202531,1.0144851103018504
20,"20MA, 50MA, RSI, MACD, CCI, OBV",64,0.4,0.001,16,60,1,150,relu,0.01308629924691803,2.50712936501624,0.8991297524931308,91.13924050632912,0.9981191519531931
21,"20MA, 50MA, RSI, MACD, CCI, OBV",64,0.4,0.001,16,60,1,150,relu,0.01649846754712753,3.5549531766925067,0.8396693306039421,77.21518987341773,0.9202458070431138
22,"20MA, 50MA, RSI, MACD, CCI, OBV",64,0.30000000000000004,0.001,16,60,1,150,relu,0.013100723865858617,2.563303082474941,0.8989072576893683,89.87341772151899,0.9214898242631548
23,"20MA, 50MA, RSI, MACD, CCI, OBV",64,0.30000000000000004,0.001,16,60,1,150,relu,0.014515357112093277,2.8285397418930014,0.8758962678773796,88.18565400843882,0.9279049411357908
24,"20MA, 50MA, RSI, MACD, CCI, OBV",64,0.30000000000000004,0.001,16,60,1,150,relu,0.015210409712215744,3.0911915368438185,0.8637265606248968,83.12236286919831,0.9285199016939152
0,"20MA, 50MA, RSI, MACD, CCI, OBV",32,0.4,0.001,64,60,30,100,tanh,0.04471240550820277,9.496029891626314,-0.07751633400015301,28.63247863247863,0.9361436532001967
1,"20MA, 50MA, RSI, MACD, CCI, OBV",64,0.8,0.0005,32,60,30,100,relu,0.0634053518233476,13.999223447537313,-1.166803981960904,13.675213675213676,1.0
2,"20MA, 50MA, RSI, MACD, CCI, OBV",128,0.5,0.001,64,60,30,50,sigmoid,0.08739681447496488,20.18668829806519,-3.1167926953967333,2.564102564102564,1.009692683843855
3,"20MA, 50MA, RSI, MACD, CCI, OBV",128,0.6000000000000001,0.0001,32,60,30,150,tanh,0.05170251444797007,11.005886858991905,-0.4407582692979872,24.358974358974358,0.9324430448447695
4,"20MA, 50MA, RSI, MACD, CCI, OBV",64,0.6000000000000001,0.0005,64,60,30,150,tanh,0.04386585480424994,9.39366990855249,-0.037100837982556145,29.914529914529915,0.9502219821540877
5,"20MA, 50MA, RSI, MACD, CCI, OBV",32,0.30000000000000004,0.0005,32,60,30,50,relu,0.06107033147806114,13.513400133935546,-1.01014944415969,14.102564102564102,1.0414812527456396
6,"20MA, 50MA, RSI, MACD, CCI, OBV",128,0.30000000000000004,0.0005,32,60,30,150,relu,0.06805659077039346,14.444789047562528,-1.496365495035664,14.957264957264957,1.0
7,"20MA, 50MA, RSI, MACD, CCI, OBV",32,0.30000000000000004,0.0005,16,60,30,150,relu,0.07195085943737817,16.23434823485277,-1.790228454721257,8.974358974358974,1.0
8,"20MA, 50MA, RSI, MACD, CCI, OBV",128,0.4,0.001,32,60,30,100,sigmoid,0.247000239836679,64.197415000495,-31.88232682182715,0.0,1.0
9,"20MA, 50MA, RSI, MACD, CCI, OBV",128,0.7,0.0005,32,60,30,150,relu,0.05322367983715112,11.319096845057999,-0.5267839560164898,22.22222222222222,1.0
10,"20MA, 50MA, RSI, MACD, CCI, OBV",64,0.6000000000000001,0.0001,64,60,30,150,tanh,0.03916918783463698,8.245629106789226,0.17309251159783812,35.8974358974359,1.4187771897945152
11,"20MA, 50MA, RSI, MACD, CCI, OBV",64,0.6000000000000001,0.0001,64,60,30,150,tanh,0.040018128254934233,8.396307055512375,0.13685981751664045,34.61538461538461,1.2092657632593193
12,"20MA, 50MA, RSI, MACD, CCI, OBV",64,0.6000000000000001,0.0001,64,60,30,150,tanh,0.039249886304158606,8.196103387249682,0.16968172301702122,34.61538461538461,1.2048742878712573
13,"20MA, 50MA, RSI, MACD, CCI, OBV",64,0.8,0.0001,64,60,30,150,tanh,0.039748322040057744,8.29095344230005,0.14845933721378313,34.61538461538461,1.2140133409739673
14,"20MA, 50MA, RSI, MACD, CCI, OBV",64,0.5,0.0001,16,60,30,150,tanh,0.05898752292002199,12.73353176350163,-0.875374946201599,20.085470085470085,1.1057903233236384
15,"20MA, 50MA, RSI, MACD, CCI, OBV",64,0.7,0.0001,64,60,30,50,tanh,0.03907014595973991,8.313886677579605,0.1772690048927229,32.47863247863248,1.055312281288184
16,"20MA, 50MA, RSI, MACD, CCI, OBV",64,0.7,0.0001,64,60,30,50,tanh,0.040568932278406564,8.642616106875526,0.11293601490605853,32.47863247863248,1.22063478088049
17,"20MA, 50MA, RSI, MACD, CCI, OBV",64,0.7,0.0001,64,60,30,50,sigmoid,0.056536966840826715,11.220829828512256,-0.7227918244150218,26.06837606837607,1.322116999453856
18,"20MA, 50MA, RSI, MACD, CCI, OBV",64,0.2,0.0001,16,60,30,50,tanh,0.07128079578502028,16.289363065727773,-1.7385007911566368,5.982905982905983,1.1057903233236384
19,"20MA, 50MA, RSI, MACD, CCI, OBV",64,0.8,0.0001,64,60,30,50,tanh,0.04090047845687319,8.661397678900089,0.09837785809083965,32.05128205128205,1.2079799220613434
20,"20MA, 50MA, RSI, MACD, CCI, OBV",32,0.7,0.0001,64,60,30,50,sigmoid,0.07818762162278149,16.746195051509858,-2.2949118239175594,8.974358974358974,1.0775411928642615
21,"20MA, 50MA, RSI, MACD, CCI, OBV",64,0.6000000000000001,0.0001,64,60,30,150,tanh,0.04096417128751571,8.636431886513899,0.09556754471828854,32.9059829059829,1.1964826408962526
22,"20MA, 50MA, RSI, MACD, CCI, OBV",64,0.6000000000000001,0.0001,64,60,30,150,tanh,0.03881418565361934,8.21253003288799,0.18801361126432636,33.76068376068376,1.2783390585797276
23,"20MA, 50MA, RSI, MACD, CCI, OBV",64,0.5,0.0001,64,60,30,100,tanh,0.04137642436802368,8.708555083936261,0.07727198478577724,31.62393162393162,1.2079348440868607
24,"20MA, 50MA, RSI, MACD, CCI, OBV",64,0.7,0.0001,64,60,30,150,tanh,0.04105215176818052,8.589310010294895,0.09167839719521409,34.61538461538461,1.3728304189440927
0,"20MA, 50MA, RSI, MACD, ATR, Williams_%R",32,0.2,0.0001,64,60,1,150,tanh,0.025551513924349966,5.0251447611426565,0.615441277512244,65.40084388185655,1.0448925335622767
1,"20MA, 50MA, RSI, MACD, ATR, Williams_%R",64,0.7,0.001,64,60,1,50,sigmoid,0.03951169042503886,9.123823547574188,0.0804388535775763,16.455696202531644,0.8662195943284378
2,"20MA, 50MA, RSI, MACD, ATR, Williams_%R",32,0.4,0.0005,64,60,1,150,tanh,0.014501982020579753,2.7880256962604726,0.8761248718324122,89.45147679324894,1.1378040715200415
3,"20MA, 50MA, RSI, MACD, ATR, Williams_%R",32,0.2,0.0005,32,60,1,100,tanh,0.016388124186401367,3.293028663577116,0.8418067732300961,81.43459915611815,0.8977184570102723
4,"20MA, 50MA, RSI, MACD, ATR, Williams_%R",128,0.7,0.0005,64,60,1,100,sigmoid,0.056444542732319754,14.18347046230721,-0.876606906369382,2.5316455696202533,1.0414812527456396
5,"20MA, 50MA, RSI, MACD, ATR, Williams_%R",32,0.30000000000000004,0.001,16,60,1,100,tanh,0.016587477186608496,3.394324826680469,0.8379346881383746,80.16877637130801,1.0525910867174895
6,"20MA, 50MA, RSI, MACD, ATR, Williams_%R",32,0.30000000000000004,0.0005,64,60,1,150,relu,0.015887035436140392,3.116400063603557,0.8513328141697956,84.81012658227847,1.1088141526512385
7,"20MA, 50MA, RSI, MACD, ATR, Williams_%R",32,0.5,0.001,16,60,1,50,tanh,0.02153380647432106,4.3516936408989295,0.7268689944957296,64.13502109704642,0.8652296887475577
8,"20MA, 50MA, RSI, MACD, ATR, Williams_%R",128,0.7,0.001,32,60,1,50,sigmoid,0.05094294564616927,12.21248483413999,-0.5286128242891195,5.9071729957805905,1.1057903233236384
9,"20MA, 50MA, RSI, MACD, ATR, Williams_%R",64,0.6000000000000001,0.0005,16,60,1,150,relu,0.013405907629241584,2.564993557523929,0.8941424502212634,89.0295358649789,1.0884143857704665
10,"20MA, 50MA, RSI, MACD, ATR, Williams_%R",64,0.8,0.0001,16,60,1,150,relu,0.03785522926904972,8.305204006363203,0.15592477390397064,28.270042194092827,0.8991083137568994
11,"20MA, 50MA, RSI, MACD, ATR, Williams_%R",64,0.5,0.0005,16,60,1,150,relu,0.015349563212446045,3.02452087756329,0.8612217407985271,83.12236286919831,1.0036760229833692
12,"20MA, 50MA, RSI, MACD, ATR, Williams_%R",64,0.4,0.0005,64,60,1,150,relu,0.01488521412739886,2.957235746488982,0.8694912695391454,84.81012658227847,1.0158588879153128
13,"20MA, 50MA, RSI, MACD, ATR, Williams_%R",64,0.6000000000000001,0.0005,16,60,1,150,tanh,0.014006574199924569,2.8087880169499355,0.8844438019086638,86.07594936708861,1.0525910867174895
14,"20MA, 50MA, RSI, MACD, ATR, Williams_%R",64,0.6000000000000001,0.0005,16,60,1,150,relu,0.01797262728341498,3.7746583442348944,0.8097377938944007,74.26160337552743,1.0333116564027887
15,"20MA, 50MA, RSI, MACD, ATR, Williams_%R",64,0.6000000000000001,0.0005,16,60,1,150,tanh,0.02085251603715946,4.551843794205684,0.7438783329732107,62.0253164556962,1.0414812527456396
16,"20MA, 50MA, RSI, MACD, ATR, Williams_%R",64,0.6000000000000001,0.0001,16,60,1,150,relu,0.039938359527362806,8.92082222933509,0.060471764250866644,22.78481012658228,0.9175071433350503
17,"20MA, 50MA, RSI, MACD, ATR, Williams_%R",64,0.8,0.0005,16,60,1,150,relu,0.013941865692566655,2.7226343133990154,0.8855090440631395,86.07594936708861,1.104161265969043
18,"20MA, 50MA, RSI, MACD, ATR, Williams_%R",128,0.8,0.0005,32,60,1,100,relu,0.0218363602324675,4.56914035298133,0.7191399993332639,60.75949367088608,0.9658311044344435
19,"20MA, 50MA, RSI, MACD, ATR, Williams_%R",64,0.8,0.0001,16,60,1,50,relu,0.03795150155033055,8.463875470795868,0.15162606117725508,24.47257383966245,0.8689150380472275
20,"20MA, 50MA, RSI, MACD, ATR, Williams_%R",64,0.7,0.0005,16,60,1,150,relu,0.015480125496429615,3.0513352333637966,0.858850824235977,81.85654008438819,1.0757113599459964
21,"20MA, 50MA, RSI, MACD, ATR, Williams_%R",64,0.6000000000000001,0.0005,16,60,1,150,relu,0.013872519820818994,2.668718386650893,0.8866451516863652,85.65400843881856,1.097087538378649
22,"20MA, 50MA, RSI, MACD, ATR, Williams_%R",64,0.5,0.0005,16,60,1,150,relu,0.01214484073255674,2.3198062629318437,0.91312135480682,91.56118143459916,1.4509672212017515
23,"20MA, 50MA, RSI, MACD, ATR, Williams_%R",64,0.5,0.0005,16,60,1,150,relu,0.014762939235477087,2.9007494520731534,0.8716265962280403,83.54430379746836,1.0192202233115006
24,"20MA, 50MA, RSI, MACD, ATR, Williams_%R",64,0.4,0.0005,16,60,1,150,relu,0.023001864246182748,5.052252693712728,0.688358372246151,56.118143459915615,1.1057903233236384
0,"20MA, 50MA, RSI, MACD, ATR, Williams_%R",64,0.8,0.0005,16,60,30,150,tanh,0.07749660519326157,17.595550581129128,-2.236928810926685,5.555555555555555,1.0
1,"20MA, 50MA, RSI, MACD, ATR, Williams_%R",64,0.7,0.001,16,60,30,100,relu,0.07359305592299549,16.67674697633324,-1.9190495430592565,8.547008547008547,1.0
2,"20MA, 50MA, RSI, MACD, ATR, Williams_%R",128,0.30000000000000004,0.0001,64,60,30,150,sigmoid,0.05936559063300746,12.208083462674944,-0.8994916011281038,20.085470085470085,1.1719654003481021
3,"20MA, 50MA, RSI, MACD, ATR, Williams_%R",128,0.4,0.0005,32,60,30,100,sigmoid,0.20843577927752627,53.56733692398997,-22.415979665569356,0.0,1.0
4,"20MA, 50MA, RSI, MACD, ATR, Williams_%R",128,0.8,0.0001,16,60,30,100,relu,0.0668964434310003,14.827667465743358,-1.4119808178340292,10.683760683760683,1.0
5,"20MA, 50MA, RSI, MACD, ATR, Williams_%R",32,0.8,0.0005,32,60,30,150,sigmoid,0.0410160887511352,8.719003439239888,0.093273559841761,31.196581196581196,0.9474433074880104
6,"20MA, 50MA, RSI, MACD, ATR, Williams_%R",128,0.6000000000000001,0.0005,32,60,30,100,sigmoid,0.13081594271268437,32.56145446916325,-8.296826238190757,0.0,1.0
7,"20MA, 50MA, RSI, MACD, ATR, Williams_%R",128,0.2,0.001,64,60,30,150,tanh,0.051959288932502325,11.173269349884531,-0.4551045200550323,22.22222222222222,0.9656475027252883
8,"20MA, 50MA, RSI, MACD, ATR, Williams_%R",128,0.5,0.0005,32,60,30,50,sigmoid,0.16808032957556238,42.61435493373823,-14.226552125411722,0.0,1.0
9,"20MA, 50MA, RSI, MACD, ATR, Williams_%R",32,0.30000000000000004,0.0001,32,60,30,50,tanh,0.04804186754770612,10.169234429064405,-0.24396326249885814,26.06837606837607,0.9017459466230051
10,"20MA, 50MA, RSI, MACD, ATR, Williams_%R",32,0.6000000000000001,0.0005,32,60,30,150,sigmoid,0.06827834360110306,15.424915962718988,-1.5126601105518378,7.6923076923076925,1.0314834101607697
11,"20MA, 50MA, RSI, MACD, ATR, Williams_%R",32,0.2,0.0001,32,60,30,50,tanh,0.04557018016983656,9.636830000098213,-0.11925561787004613,29.48717948717949,0.9185602838733763
12,"20MA, 50MA, RSI, MACD, ATR, Williams_%R",32,0.2,0.0001,32,60,30,50,tanh,0.048577368970020476,10.16627322907432,-0.27184963483151825,28.63247863247863,0.9345286655319951
13,"20MA, 50MA, RSI, MACD, ATR, Williams_%R",32,0.5,0.0001,32,60,30,50,tanh,0.04657234544096807,9.86355261997047,-0.16902557335839852,29.914529914529915,0.9461118308155304
14,"20MA, 50MA, RSI, MACD, ATR, Williams_%R",32,0.7,0.001,32,60,30,150,relu,0.060861365753109534,13.40654326238401,-0.9964166323522341,17.094017094017094,0.9806850203758819
15,"20MA, 50MA, RSI, MACD, ATR, Williams_%R",32,0.30000000000000004,0.0005,64,60,30,50,sigmoid,0.056810680765839824,12.195281429167922,-0.7395133999632446,16.666666666666664,1.0788171893180356
16,"20MA, 50MA, RSI, MACD, ATR, Williams_%R",32,0.4,0.0001,32,60,30,150,tanh,0.04608666135484639,9.601555063091324,-0.14477012505066744,31.196581196581196,0.9800198721654882
17,"20MA, 50MA, RSI, MACD, ATR, Williams_%R",32,0.7,0.0001,32,60,30,50,sigmoid,0.06108348755769965,12.44720273497832,-1.0110156105637125,22.64957264957265,1.1719654003481021
18,"20MA, 50MA, RSI, MACD, ATR, Williams_%R",64,0.4,0.0005,16,60,30,50,tanh,0.07537457293599908,17.207713891865858,-2.062086963967694,8.547008547008547,1.0
19,"20MA, 50MA, RSI, MACD, ATR, Williams_%R",32,0.6000000000000001,0.001,64,60,30,150,relu,0.051826289356182456,11.704358202857922,-0.4476648263020728,19.230769230769234,0.847172975423472
20,"20MA, 50MA, RSI, MACD, ATR, Williams_%R",32,0.8,0.0005,32,60,30,150,sigmoid,0.07759846911746732,17.75315393612267,-2.2454438412667823,7.6923076923076925,0.8171521848864916
21,"20MA, 50MA, RSI, MACD, ATR, Williams_%R",32,0.4,0.0001,32,60,30,150,tanh,0.04545162185636354,9.447445565097938,-0.1134393388339554,32.9059829059829,0.9224532887390625
22,"20MA, 50MA, RSI, MACD, ATR, Williams_%R",32,0.2,0.0001,32,60,30,150,tanh,0.044043749147247964,9.166907905410305,-0.0455296477639997,34.18803418803419,0.9983133444887142
23,"20MA, 50MA, RSI, MACD, ATR, Williams_%R",32,0.5,0.0001,32,60,30,150,tanh,0.04678888621815468,9.859924750665956,-0.17992174799621297,29.059829059829063,0.9959513340240607
24,"20MA, 50MA, RSI, MACD, ATR, Williams_%R",32,0.30000000000000004,0.0001,32,60,30,150,tanh,0.04632345821441748,9.702084988521447,-0.15656418313289722,30.76923076923077,0.9645471722616301
0,"20MA, 50MA, RSI, MACD, ATR, OBV",64,0.7,0.0001,16,60,1,100,relu,0.02493786456954283,4.840715397454839,0.6336907240879097,61.18143459915611,1.015133485899287
1,"20MA, 50MA, RSI, MACD, ATR, OBV",128,0.30000000000000004,0.001,64,60,1,150,tanh,0.01482654069631755,2.9389046634641014,0.8705181010326606,84.81012658227847,1.0039940003533443
2,"20MA, 50MA, RSI, MACD, ATR, OBV",32,0.30000000000000004,0.001,16,60,1,50,tanh,0.01631297651554277,3.241235177121947,0.8432542356186996,79.32489451476793,0.8965219093279911
3,"20MA, 50MA, RSI, MACD, ATR, OBV",128,0.7,0.0005,32,60,1,150,relu,0.013787968015230098,2.7573253455537396,0.8880227167297472,88.18565400843882,0.9050714344099937
4,"20MA, 50MA, RSI, MACD, ATR, OBV",32,0.2,0.001,32,60,1,50,relu,0.016055476261070355,3.0664473045385297,0.8481636421400064,83.96624472573839,1.0663595625150901
5,"20MA, 50MA, RSI, MACD, ATR, OBV",128,0.7,0.001,32,60,1,100,sigmoid,0.24502872966527145,63.911895244792184,-34.36416506810479,0.0,1.0
6,"20MA, 50MA, RSI, MACD, ATR, OBV",128,0.6000000000000001,0.0005,32,60,1,50,tanh,0.01691199573586743,3.2772931647832064,0.8315313432788132,78.05907172995781,1.367405863351786
7,"20MA, 50MA, RSI, MACD, ATR, OBV",64,0.5,0.0005,32,60,1,150,relu,0.013373245236190693,2.5416147078208584,0.894657648290978,88.60759493670885,0.8347465241618018
8,"20MA, 50MA, RSI, MACD, ATR, OBV",64,0.5,0.001,16,60,1,150,tanh,0.012482877781832527,2.378309899633934,0.9082177227520373,89.87341772151899,1.0174012519968985
9,"20MA, 50MA, RSI, MACD, ATR, OBV",128,0.30000000000000004,0.001,32,60,1,50,tanh,0.01307040341024584,2.4838657744880637,0.8993746564372468,89.87341772151899,1.3451631441468526
10,"20MA, 50MA, RSI, MACD, ATR, OBV",64,0.5,0.0001,16,60,1,150,sigmoid,0.04702905082497769,11.272862663784583,-0.30275221212141057,6.751054852320674,1.027857691954514
11,"20MA, 50MA, RSI, MACD, ATR, OBV",64,0.4,0.001,64,60,1,50,tanh,0.045281650913211166,11.011739724167763,-0.2077412416749247,6.751054852320674,0.9202458070431138
12,"20MA, 50MA, RSI, MACD, ATR, OBV",128,0.2,0.001,16,60,1,150,tanh,0.01124354102143484,2.121179649695804,0.9255378435155802,92.40506329113924,1.5068739147166663
13,"20MA, 50MA, RSI, MACD, ATR, OBV",64,0.8,0.001,16,60,1,150,tanh,0.01201248633411894,2.2284412302529018,0.9150046424195897,91.9831223628692,1.0061251528869561
14,"20MA, 50MA, RSI, MACD, ATR, OBV",32,0.8,0.001,16,60,1,150,tanh,0.013757209439195058,2.76018194603832,0.8885217634349887,88.18565400843882,0.9791548095417384
15,"20MA, 50MA, RSI, MACD, ATR, OBV",128,0.8,0.0001,16,60,1,150,tanh,0.013244056594928229,2.503996377622683,0.8966830806870287,91.13924050632912,0.9624127590644556
16,"20MA, 50MA, RSI, MACD, ATR, OBV",64,0.2,0.001,16,60,1,150,sigmoid,0.20700756535522624,53.731775365961354,-24.240725123874636,0.0,1.0
17,"20MA, 50MA, RSI, MACD, ATR, OBV",64,0.6000000000000001,0.001,16,60,1,100,tanh,0.02047679716534367,3.968845953605249,0.7530247413890733,67.9324894514768,0.8467907688060142
18,"20MA, 50MA, RSI, MACD, ATR, OBV",128,0.4,0.0005,64,60,1,150,tanh,0.019048437456342843,4.170137982935377,0.7862785535953298,67.08860759493672,0.9342328864742616
19,"20MA, 50MA, RSI, MACD, ATR, OBV",32,0.6000000000000001,0.0001,16,60,1,150,sigmoid,0.05048632130063803,11.903218204374763,-0.5013323609877314,7.172995780590717,0.9136256792551057
20,"20MA, 50MA, RSI, MACD, ATR, OBV",128,0.4,0.001,16,60,1,100,tanh,0.013992636169926057,2.91846481910455,0.8846736688783635,86.91983122362869,1.1166612440016161
21,"20MA, 50MA, RSI, MACD, ATR, OBV",64,0.5,0.001,16,60,1,150,tanh,0.011282873782291035,2.059458100275566,0.9250159572103592,92.40506329113924,1.3934063822455627
22,"20MA, 50MA, RSI, MACD, ATR, OBV",64,0.8,0.001,16,60,1,150,tanh,0.011013278806514521,2.0255532695746914,0.9285565103283233,92.40506329113924,1.0107374665097308
23,"20MA, 50MA, RSI, MACD, ATR, OBV",64,0.2,0.001,16,60,1,150,tanh,0.01236014171599011,2.3670635150882386,0.9100137212566062,91.13924050632912,0.9361355355581185
24,"20MA, 50MA, RSI, MACD, ATR, OBV",64,0.4,0.001,16,60,1,150,tanh,0.011745187570811243,2.178976160280112,0.9187451475825101,92.40506329113924,1.1186977024184859
0,"20MA, 50MA, RSI, MACD, ATR, OBV",64,0.2,0.0005,32,60,30,50,tanh,0.07333248347949527,16.697042530650215,-1.8984172145538372,7.6923076923076925,1.0
1,"20MA, 50MA, RSI, MACD, ATR, OBV",32,0.2,0.001,32,60,30,50,relu,0.06287458327455649,13.781326420495663,-1.1306806094298878,14.102564102564102,1.0314828700244285
2,"20MA, 50MA, RSI, MACD, ATR, OBV",128,0.2,0.0001,64,60,30,50,tanh,0.04933479379099942,10.64073218488094,-0.31182151328990404,23.504273504273502,0.9360602589850492
3,"20MA, 50MA, RSI, MACD, ATR, OBV",64,0.7,0.0001,32,60,30,100,tanh,0.05338058924674162,11.444418904780573,-0.5358006294637496,23.931623931623932,0.8552609365550549
4,"20MA, 50MA, RSI, MACD, ATR, OBV",64,0.5,0.001,16,60,30,50,sigmoid,0.18614626872013615,47.46848193683938,-17.675695521615705,0.0,1.0
5,"20MA, 50MA, RSI, MACD, ATR, OBV",128,0.30000000000000004,0.0001,16,60,30,100,sigmoid,0.10187593414956289,24.404264322994013,-4.59385651517794,1.7094017094017095,1.0
6,"20MA, 50MA, RSI, MACD, ATR, OBV",64,0.4,0.0005,32,60,30,50,tanh,0.06846941867022346,15.375992975194782,-1.52674488627017,11.11111111111111,1.0
7,"20MA, 50MA, RSI, MACD, ATR, OBV",32,0.30000000000000004,0.0005,32,60,30,50,relu,0.06393125907151537,14.220387984049895,-1.2028992214980754,11.965811965811966,1.1057892768131274
8,"20MA, 50MA, RSI, MACD, ATR, OBV",32,0.2,0.001,16,60,30,150,tanh,0.0669443384616869,15.028842908019286,-1.4154376018255306,8.974358974358974,1.0
9,"20MA, 50MA, RSI, MACD, ATR, OBV",64,0.8,0.0005,32,60,30,50,relu,0.11283775869092028,27.345845021960695,-5.862415606252323,0.4273504273504274,1.0
10,"20MA, 50MA, RSI, MACD, ATR, OBV",128,0.5,0.0001,64,60,30,150,tanh,0.04277442921285925,9.188407559989775,0.013864575056337092,31.196581196581196,1.2031906563788541
11,"20MA, 50MA, RSI, MACD, ATR, OBV",128,0.6000000000000001,0.0001,64,60,30,150,tanh,0.04444255291278336,9.44029706163942,-0.06455011354406981,32.47863247863248,1.1162983332676932
12,"20MA, 50MA, RSI, MACD, ATR, OBV",128,0.6000000000000001,0.0001,64,60,30,150,tanh,0.04269632982847871,9.019452948894594,0.017462344141497166,32.47863247863248,1.1070416193784591
13,"20MA, 50MA, RSI, MACD, ATR, OBV",128,0.6000000000000001,0.0001,64,60,30,150,tanh,0.042508764433497506,8.99228473293597,0.026075977688784446,32.9059829059829,1.0191161616124615
14,"20MA, 50MA, RSI, MACD, ATR, OBV",128,0.6000000000000001,0.0001,64,60,30,150,tanh,0.04356272755718481,9.226799554473327,-0.02281771758267448,31.62393162393162,1.0638384220307557
15,"20MA, 50MA, RSI, MACD, ATR, OBV",128,0.7,0.0001,64,60,30,150,sigmoid,0.05569182307175811,11.596571285211331,-0.6716716750463603,20.51282051282051,0.9367450229917368
16,"20MA, 50MA, RSI, MACD, ATR, OBV",128,0.6000000000000001,0.0001,64,60,30,150,tanh,0.04268934224089156,9.094775501323431,0.017783917735933796,30.76923076923077,1.1599404346995772
17,"20MA, 50MA, RSI, MACD, ATR, OBV",128,0.8,0.0001,64,60,30,150,tanh,0.04388769632663133,9.286037077988157,-0.0381346451661706,32.05128205128205,1.1292310390140667
18,"20MA, 50MA, RSI, MACD, ATR, OBV",128,0.7,0.0001,64,60,30,150,relu,0.04421750540496691,9.392411892568637,-0.053796106048813686,29.914529914529915,1.1904212946549262
19,"20MA, 50MA, RSI, MACD, ATR, OBV",128,0.4,0.001,64,60,30,100,sigmoid,0.08550443591466307,19.813060534004663,-2.9404462400332285,2.9914529914529915,1.0720384302523018
20,"20MA, 50MA, RSI, MACD, ATR, OBV",32,0.6000000000000001,0.0001,64,60,30,150,tanh,0.038315828907752696,8.164381185477726,0.2087302466215727,33.76068376068376,1.1966205571011768
21,"20MA, 50MA, RSI, MACD, ATR, OBV",32,0.6000000000000001,0.0001,64,60,30,150,tanh,0.03672668136362948,7.893006797039362,0.2730048919280078,32.05128205128205,1.332894712918108
22,"20MA, 50MA, RSI, MACD, ATR, OBV",32,0.5,0.0001,64,60,30,150,tanh,0.03653654755512655,7.873658543264608,0.2805127061412176,31.62393162393162,1.165607324461084
23,"20MA, 50MA, RSI, MACD, ATR, OBV",32,0.5,0.0001,64,60,30,150,tanh,0.036532448064400064,7.805832565266268,0.2806741535802344,35.04273504273504,1.3571889840264986
24,"20MA, 50MA, RSI, MACD, ATR, OBV",32,0.4,0.0001,64,60,30,150,tanh,0.0367503866077276,7.909662093513884,0.2720661107711415,32.47863247863248,1.2049795069883515
0,"20MA, 50MA, RSI, MACD, Williams_%R, OBV",128,0.2,0.0005,32,60,1,100,relu,0.019442611465944035,4.112588292076533,0.7773416655707804,67.08860759493672,0.8539889254201196
1,"20MA, 50MA, RSI, MACD, Williams_%R, OBV",128,0.7,0.0005,64,60,1,100,sigmoid,0.04929994439071888,12.039949732298762,-0.43160306625234757,5.9071729957805905,0.8389306574757176
2,"20MA, 50MA, RSI, MACD, Williams_%R, OBV",128,0.4,0.0005,32,60,1,100,tanh,0.013927184728965675,2.6372546821668976,0.8857499409380452,88.60759493670885,1.1090331101833288
3,"20MA, 50MA, RSI, MACD, Williams_%R, OBV",32,0.6000000000000001,0.001,64,60,1,100,sigmoid,0.023955002384557816,5.37014468807298,0.6619957212790151,53.16455696202531,0.9720048869592217
4,"20MA, 50MA, RSI, MACD, Williams_%R, OBV",128,0.5,0.0001,32,60,1,150,sigmoid,0.020768390622673768,4.021710096754427,0.7459404945465336,73.41772151898735,1.0306762183655815
5,"20MA, 50MA, RSI, MACD, Williams_%R, OBV",128,0.30000000000000004,0.0005,16,60,1,150,relu,0.014685137235072126,2.9104230912092888,0.8729760013559138,86.91983122362869,0.8760793247929635
6,"20MA, 50MA, RSI, MACD, Williams_%R, OBV",64,0.8,0.0005,32,60,1,50,tanh,0.014337462138869998,2.713950942708569,0.8789194655612017,89.87341772151899,1.0721465713386962
7,"20MA, 50MA, RSI, MACD, Williams_%R, OBV",128,0.8,0.0001,64,60,1,50,tanh,0.025060344850019567,5.12769745251311,0.6300833776369714,58.64978902953587,1.0947576036501383
8,"20MA, 50MA, RSI, MACD, Williams_%R, OBV",64,0.6000000000000001,0.0001,64,60,1,150,tanh,0.02291658814950083,4.636133650283638,0.6906645589227096,64.13502109704642,1.2029464216024013
9,"20MA, 50MA, RSI, MACD, Williams_%R, OBV",32,0.4,0.0001,64,60,1,150,relu,0.024696606811523792,5.049533246887659,0.6407437468703984,65.82278481012658,1.1339961342837044
10,"20MA, 50MA, RSI, MACD, Williams_%R, OBV",64,0.4,0.001,16,60,1,100,tanh,0.01889622626931953,4.183253371326943,0.7896803150925625,67.08860759493672,1.041480420738682
11,"20MA, 50MA, RSI, MACD, Williams_%R, OBV",64,0.8,0.0005,32,60,1,50,tanh,0.015052810698610874,2.881319840179163,0.8665357466434328,86.07594936708861,0.9802368464246345
12,"20MA, 50MA, RSI, MACD, Williams_%R, OBV",64,0.5,0.0005,32,60,1,50,tanh,0.01429509161704468,2.6735030202813346,0.8796340501711732,89.87341772151899,0.9658490083961254
13,"20MA, 50MA, RSI, MACD, Williams_%R, OBV",64,0.4,0.0005,32,60,1,50,tanh,0.015518239676109208,3.005982980357642,0.8581547910288788,83.96624472573839,0.9665792237226059
14,"20MA, 50MA, RSI, MACD, Williams_%R, OBV",32,0.5,0.0005,32,60,1,50,tanh,0.017103287567802394,3.304238445450553,0.8276985402743963,82.70042194092827,1.032340086764925
15,"20MA, 50MA, RSI, MACD, Williams_%R, OBV",128,0.2,0.0005,32,60,1,100,tanh,0.01464601018442615,2.8387184350208368,0.8736519845926386,84.81012658227847,1.0769671088075534
16,"20MA, 50MA, RSI, MACD, Williams_%R, OBV",64,0.5,0.001,32,60,1,100,tanh,0.015772944098732103,3.1676633484092394,0.8534603029524134,82.70042194092827,1.0838564095315848
17,"20MA, 50MA, RSI, MACD, Williams_%R, OBV",128,0.30000000000000004,0.0005,16,60,1,50,tanh,0.017145803610538506,3.5253204959649813,0.8268408477047453,79.32489451476793,0.9586562318734928
18,"20MA, 50MA, RSI, MACD, Williams_%R, OBV",64,0.6000000000000001,0.0005,32,60,1,100,relu,0.019599353056227252,4.158574353879443,0.7737371602385003,67.08860759493672,0.8525575381983632
19,"20MA, 50MA, RSI, MACD, Williams_%R, OBV",32,0.30000000000000004,0.001,32,60,1,50,sigmoid,0.019536502724004656,3.743582241006924,0.7751859727031642,78.48101265822784,0.9721256166287092
20,"20MA, 50MA, RSI, MACD, Williams_%R, OBV",128,0.5,0.0005,16,60,1,100,tanh,0.018961828447350147,3.952430607484122,0.7882174431372841,70.88607594936708,0.8389306574757176
21,"20MA, 50MA, RSI, MACD, Williams_%R, OBV",64,0.7,0.0005,32,60,1,50,tanh,0.014772858206391098,2.7987445416079533,0.8714539251962957,87.76371308016878,1.166002120767
22,"20MA, 50MA, RSI, MACD, Williams_%R, OBV",64,0.7,0.0005,32,60,1,50,tanh,0.017748844387371353,3.5465309862441683,0.8144461693163567,75.52742616033755,1.051686294501645
23,"20MA, 50MA, RSI, MACD, Williams_%R, OBV",64,0.4,0.0005,32,60,1,50,tanh,0.014768779113283156,2.8360334261754687,0.8705079458371716,87.44769874476988,1.1536979437136325
24,"20MA, 50MA, RSI, MACD, Williams_%R, OBV",64,0.6000000000000001,0.0005,32,60,1,50,tanh,0.015355857940355431,2.9962822074760784,0.8611077758422199,84.81012658227847,1.0084147950229836
0,"20MA, 50MA, RSI, MACD, Williams_%R, OBV",128,0.7,0.0005,64,60,30,150,sigmoid,0.053561812679521106,11.485825243453924,-0.5462462056519026,22.64957264957265,0.8201388880352198
1,"20MA, 50MA, RSI, MACD, Williams_%R, OBV",128,0.8,0.0005,32,60,30,150,tanh,0.04997088027185163,10.557120464116633,-0.34586690562280253,25.213675213675213,1.0720384302523018
2,"20MA, 50MA, RSI, MACD, Williams_%R, OBV",32,0.30000000000000004,0.0005,64,60,30,50,sigmoid,0.05513491886265377,11.526509811112213,-0.6384062420539933,22.22222222222222,0.9353060407655497
3,"20MA, 50MA, RSI, MACD, Williams_%R, OBV",64,0.8,0.0001,16,60,30,50,relu,0.07650267016019417,17.6031647020718,-2.154432955715196,5.555555555555555,1.041480420738682
4,"20MA, 50MA, RSI, MACD, Williams_%R, OBV",32,0.2,0.001,64,60,30,150,relu,0.042846553969465496,9.068296351243095,0.010536196729410086,30.76923076923077,0.9826575434627676
5,"20MA, 50MA, RSI, MACD, Williams_%R, OBV",32,0.6000000000000001,0.001,16,60,30,50,tanh,0.09193359464044418,21.75345225257744,-3.5552959474155923,1.7094017094017095,1.0
6,"20MA, 50MA, RSI, MACD, Williams_%R, OBV",128,0.7,0.0001,64,60,30,50,tanh,0.047003101183443106,10.020775834419032,-0.19075150764456894,25.213675213675213,0.9253302093260986
7,"20MA, 50MA, RSI, MACD, Williams_%R, OBV",32,0.4,0.0001,64,60,30,100,tanh,0.03641516926360994,7.8586932256297395,0.28528519201264524,32.9059829059829,1.2353841444615452
8,"20MA, 50MA, RSI, MACD, Williams_%R, OBV",32,0.7,0.0005,64,60,30,100,relu,0.042977577238903795,9.101968267707152,0.004475452421047632,30.76923076923077,1.0432513401448535
9,"20MA, 50MA, RSI, MACD, Williams_%R, OBV",128,0.7,0.001,32,60,30,50,relu,0.07572378334466211,17.387667134369764,-2.1151452128461465,8.050847457627118,1.0
10,"20MA, 50MA, RSI, MACD, Williams_%R, OBV",64,0.4,0.0001,16,60,30,100,tanh,0.06389749161057504,14.105535986153003,-1.2005727643104223,11.538461538461538,1.1057892768131274
11,"20MA, 50MA, RSI, MACD, Williams_%R, OBV",32,0.2,0.001,64,60,30,100,relu,0.046127264338309014,9.60195446171079,-0.14678898215367986,31.196581196581196,0.9355407673059444
12,"20MA, 50MA, RSI, MACD, Williams_%R, OBV",32,0.4,0.001,64,60,30,150,tanh,0.03826352041285237,8.322572086807375,0.21088924347922633,29.48717948717949,1.071551464472882
13,"20MA, 50MA, RSI, MACD, Williams_%R, OBV",32,0.4,0.0001,64,60,30,100,tanh,0.0351845424866033,7.588362550760914,0.3327755834007504,35.47008547008547,1.220073553868045
14,"20MA, 50MA, RSI, MACD, Williams_%R, OBV",32,0.5,0.0001,64,60,30,100,tanh,0.036333368795786865,7.872980699227108,0.2884925554342632,34.18803418803419,1.1978755752369117
15,"20MA, 50MA, RSI, MACD, Williams_%R, OBV",32,0.5,0.0001,32,60,30,100,tanh,0.04539254705610785,9.384482279916371,-0.11054770563880045,32.05128205128205,1.0967725511302207
16,"20MA, 50MA, RSI, MACD, Williams_%R, OBV",64,0.5,0.0001,64,60,30,100,tanh,0.03765965928677357,8.096227308000516,0.23559963207075685,31.196581196581196,1.3048919446021923
17,"20MA, 50MA, RSI, MACD, Williams_%R, OBV",32,0.30000000000000004,0.0001,64,60,30,100,sigmoid,0.054558616027721954,10.800555412311443,-0.604334063563837,25.64102564102564,1.2104227530887617
18,"20MA, 50MA, RSI, MACD, Williams_%R, OBV",32,0.6000000000000001,0.0001,32,60,30,100,tanh,0.04370257843963843,9.17988386515268,-0.029395430899721076,30.34188034188034,1.0084626953597138
19,"20MA, 50MA, RSI, MACD, Williams_%R, OBV",64,0.30000000000000004,0.0001,16,60,30,100,tanh,0.060949684585474256,13.298258917452946,-1.0022165149943145,15.384615384615385,1.041480420738682
20,"20MA, 50MA, RSI, MACD, Williams_%R, OBV",32,0.6000000000000001,0.0001,64,60,30,100,sigmoid,0.06992861955600096,14.37638723129863,-1.6355910515081065,15.81196581196581,1.0601532922580368
21,"20MA, 50MA, RSI, MACD, Williams_%R, OBV",32,0.4,0.0001,64,60,30,100,tanh,0.03775126507282501,8.104809865028823,0.23187635561386122,32.47863247863248,1.3112291113926433
22,"20MA, 50MA, RSI, MACD, Williams_%R, OBV",32,0.5,0.0001,64,60,30,100,tanh,0.03518284850740021,7.606024596813185,0.33283982962918146,33.76068376068376,1.2305519396240736
23,"20MA, 50MA, RSI, MACD, Williams_%R, OBV",32,0.5,0.0001,64,60,30,100,tanh,0.036146865441860146,7.825944092365579,0.29577830683909834,36.75213675213676,1.357946154437414
24,"20MA, 50MA, RSI, MACD, Williams_%R, OBV",32,0.5,0.0001,64,60,30,100,tanh,0.037356343096494465,8.068002408188235,0.247863222098332,32.9059829059829,1.0969751950590423
0,"20MA, 50MA, RSI, Upper_BB, Lower_BB, CCI",32,0.5,0.0005,32,60,1,50,tanh,0.01771269432671994,3.4866157029068487,0.8152012552284409,78.48101265822784,0.9473697589999667
1,"20MA, 50MA, RSI, Upper_BB, Lower_BB, CCI",32,0.30000000000000004,0.001,64,60,1,100,sigmoid,0.01819584498678722,3.548099631170422,0.8049822157351378,78.90295358649789,1.1507054660722473
2,"20MA, 50MA, RSI, Upper_BB, Lower_BB, CCI",64,0.8,0.001,16,60,1,150,sigmoid,0.04324001267247144,9.829049170111773,-0.10128921513304756,9.70464135021097,1.1114661420909104
3,"20MA, 50MA, RSI, Upper_BB, Lower_BB, CCI",64,0.5,0.0001,64,60,1,50,tanh,0.022134814102299918,4.424332664226223,0.7114098399892479,66.66666666666666,1.1598565454433132
4,"20MA, 50MA, RSI, Upper_BB, Lower_BB, CCI",32,0.7,0.001,16,60,1,100,sigmoid,0.04306868079573114,9.523285623154937,-0.09257912848183003,18.143459915611814,1.1114661420909104
5,"20MA, 50MA, RSI, Upper_BB, Lower_BB, CCI",128,0.8,0.0001,16,60,1,100,sigmoid,0.05126930059060928,11.904683572409409,-0.5482623284437182,9.282700421940929,1.0
6,"20MA, 50MA, RSI, Upper_BB, Lower_BB, CCI",128,0.4,0.0005,32,60,1,50,sigmoid,0.05431733545734345,12.854727012224895,-0.7378275423913645,3.79746835443038,1.041480420738682
7,"20MA, 50MA, RSI, Upper_BB, Lower_BB, CCI",64,0.6000000000000001,0.001,32,60,1,50,sigmoid,0.08222152286291874,20.4708235234413,-2.981995763827636,1.2658227848101267,1.0
8,"20MA, 50MA, RSI, Upper_BB, Lower_BB, CCI",64,0.6000000000000001,0.0005,32,60,1,100,sigmoid,0.02932602388635724,6.46454719725799,0.493433892864121,37.552742616033754,0.9519307976181648
9,"20MA, 50MA, RSI, Upper_BB, Lower_BB, CCI",32,0.7,0.001,16,60,1,50,sigmoid,0.033186822314957315,6.666407217455014,0.351274303072564,39.66244725738397,1.0128626739365425
10,"20MA, 50MA, RSI, Upper_BB, Lower_BB, CCI",32,0.30000000000000004,0.0005,32,60,1,150,tanh,0.015862038005983098,3.1545623800702782,0.8518001604829926,80.59071729957806,0.8677382345031008
11,"20MA, 50MA, RSI, Upper_BB, Lower_BB, CCI",32,0.2,0.0005,32,60,1,150,tanh,0.013911910567236927,2.7065505606961966,0.8860004031798605,88.60759493670885,1.0508146772102882
12,"20MA, 50MA, RSI, Upper_BB, Lower_BB, CCI",32,0.2,0.0005,32,60,1,150,relu,0.014917709488709513,2.8945971837312956,0.8689207186196053,82.70042194092827,0.9652941893890624
13,"20MA, 50MA, RSI, Upper_BB, Lower_BB, CCI",32,0.2,0.0005,32,60,1,150,relu,0.01609241867766719,3.197885770817679,0.8474639811123204,80.59071729957806,0.9918073137474468
14,"20MA, 50MA, RSI, Upper_BB, Lower_BB, CCI",32,0.2,0.0005,32,60,1,150,relu,0.015124141408347445,2.97178403572745,0.8652678563414592,83.12236286919831,1.1164537741363894
15,"20MA, 50MA, RSI, Upper_BB, Lower_BB, CCI",32,0.30000000000000004,0.0005,32,60,1,150,relu,0.014466145772010344,2.7920876530656478,0.8767362331730637,85.65400843881856,1.0249881751492984
16,"20MA, 50MA, RSI, Upper_BB, Lower_BB, CCI",128,0.30000000000000004,0.0005,64,60,1,150,relu,0.015212100842045084,2.9591296761239625,0.86369614072088,81.85654008438819,1.1720335658026624
17,"20MA, 50MA, RSI, Upper_BB, Lower_BB, CCI",32,0.4,0.0001,32,60,1,150,tanh,0.020015215104076996,4.065956320508112,0.7640335359029266,70.88607594936708,1.0473486394271976
18,"20MA, 50MA, RSI, Upper_BB, Lower_BB, CCI",32,0.4,0.0005,32,60,1,150,tanh,0.019203096119204784,3.8274938226476136,0.7827937725677443,74.26160337552743,0.978989043344932
19,"20MA, 50MA, RSI, Upper_BB, Lower_BB, CCI",128,0.30000000000000004,0.0005,64,60,1,150,relu,0.016573687326920026,3.380544983872691,0.8382039019369487,81.85654008438819,1.1460425824666427
20,"20MA, 50MA, RSI, Upper_BB, Lower_BB, CCI",32,0.2,0.0001,32,60,1,150,relu,0.021007509192910903,4.251492451498088,0.7400565458231816,67.08860759493672,1.0305875970127543
21,"20MA, 50MA, RSI, Upper_BB, Lower_BB, CCI",32,0.2,0.0005,32,60,1,150,relu,0.015064872142645534,2.929821164625066,0.8663217777588466,82.70042194092827,1.0320670662449773
22,"20MA, 50MA, RSI, Upper_BB, Lower_BB, CCI",32,0.2,0.0005,32,60,1,150,relu,0.014197105460812041,2.601340943883631,0.8812784992216706,86.91983122362869,1.4270664961985948
23,"20MA, 50MA, RSI, Upper_BB, Lower_BB, CCI",32,0.30000000000000004,0.0005,32,60,1,150,relu,0.015412298962031855,2.998857756233476,0.8600848924925448,83.54430379746836,1.0685409917939501
24,"20MA, 50MA, RSI, Upper_BB, Lower_BB, CCI",32,0.2,0.0005,32,60,1,150,tanh,0.014111468620885748,2.759826176936694,0.8827064340564725,89.0295358649789,1.06149635480562
0,"20MA, 50MA, RSI, Upper_BB, Lower_BB, CCI",128,0.8,0.0005,64,60,30,100,relu,0.061273303116209515,13.633532896529141,-1.0235349044469286,14.102564102564102,0.895305377594118
1,"20MA, 50MA, RSI, Upper_BB, Lower_BB, CCI",64,0.7,0.0001,16,60,30,150,tanh,0.06122813714292581,13.20013268436605,-1.0205528148866385,18.803418803418804,1.0
2,"20MA, 50MA, RSI, Upper_BB, Lower_BB, CCI",32,0.2,0.0001,32,60,30,150,sigmoid,0.04494753742954553,9.636941856397385,-0.088879746270764,27.77777777777778,1.129265388607209
3,"20MA, 50MA, RSI, Upper_BB, Lower_BB, CCI",32,0.6000000000000001,0.0001,16,60,30,100,relu,0.05499134393987997,11.765445775156946,-0.6298843190287498,20.94017094017094,0.895305377594118
4,"20MA, 50MA, RSI, Upper_BB, Lower_BB, CCI",64,0.5,0.0001,32,60,30,50,tanh,0.05542796358728162,12.044858108107862,-0.6558689413043124,20.51282051282051,0.895305377594118
5,"20MA, 50MA, RSI, Upper_BB, Lower_BB, CCI",64,0.30000000000000004,0.001,64,60,30,100,relu,0.04476896103876651,9.427990749327977,-0.08024470394454997,28.63247863247863,0.9229297230737559
6,"20MA, 50MA, RSI, Upper_BB, Lower_BB, CCI",32,0.6000000000000001,0.0005,64,60,30,100,sigmoid,0.044273507690489794,9.340727224394248,-0.05646710078990158,30.34188034188034,1.13577752469602
7,"20MA, 50MA, RSI, Upper_BB, Lower_BB, CCI",128,0.5,0.0001,16,60,30,150,sigmoid,0.09382732107924649,22.362797011293985,-3.744896544245842,2.564102564102564,1.0
8,"20MA, 50MA, RSI, Upper_BB, Lower_BB, CCI",64,0.2,0.001,16,60,30,100,tanh,0.07051591611352584,15.823798360569702,-1.6800470548170083,8.547008547008547,1.0
9,"20MA, 50MA, RSI, Upper_BB, Lower_BB, CCI",64,0.30000000000000004,0.0001,32,60,30,100,sigmoid,0.057425307774812785,12.400673091257888,-0.7773574433335664,19.230769230769234,0.9114120116899452
10,"20MA, 50MA, RSI, Upper_BB, Lower_BB, CCI",32,0.6000000000000001,0.0005,64,60,30,50,sigmoid,0.050358494898407796,10.478550921631516,-0.3668271517731607,27.350427350427353,1.0565520262105978
11,"20MA, 50MA, RSI, Upper_BB, Lower_BB, CCI",32,0.4,0.001,64,60,30,100,relu,0.04554400797923791,9.43050692886986,-0.1179711799752321,29.48717948717949,0.9507917467584927
12,"20MA, 50MA, RSI, Upper_BB, Lower_BB, CCI",64,0.4,0.001,64,60,30,100,relu,0.046978820738547186,9.754122921091819,-0.1895216096977419,25.213675213675213,0.9251635569894661
13,"20MA, 50MA, RSI, Upper_BB, Lower_BB, CCI",32,0.4,0.0005,64,60,30,100,sigmoid,0.04418426680359971,9.41940417915647,-0.05221241002334609,31.196581196581196,1.2061395844986742
14,"20MA, 50MA, RSI, Upper_BB, Lower_BB, CCI",32,0.6000000000000001,0.0005,64,60,30,100,sigmoid,0.04424760068274784,9.410753992118103,-0.0552310616809637,27.350427350427353,1.1340475136068922
15,"20MA, 50MA, RSI, Upper_BB, Lower_BB, CCI",32,0.8,0.0005,64,60,30,50,sigmoid,0.0559637774701639,11.669709828212529,-0.6880377566858353,20.51282051282051,1.1508350157501828
16,"20MA, 50MA, RSI, Upper_BB, Lower_BB, CCI",32,0.4,0.0005,64,60,30,100,sigmoid,0.04910045480764892,10.255134059882268,-0.29938887501288347,27.350427350427353,0.9215808474478102
17,"20MA, 50MA, RSI, Upper_BB, Lower_BB, CCI",32,0.7,0.0005,64,60,30,100,sigmoid,0.04494238013413103,9.525601216570239,-0.08862988375676095,27.350427350427353,1.1329724728766526
18,"20MA, 50MA, RSI, Upper_BB, Lower_BB, CCI",128,0.5,0.0005,64,60,30,150,sigmoid,0.05941465752065163,13.049435286200639,-0.9026342505126237,17.094017094017094,0.9324430213463267
19,"20MA, 50MA, RSI, Upper_BB, Lower_BB, CCI",32,0.7,0.0005,32,60,30,50,sigmoid,0.07215940785046455,16.23403120289075,-1.8064288460887883,7.264957264957266,1.041480420738682
20,"20MA, 50MA, RSI, Upper_BB, Lower_BB, CCI",32,0.30000000000000004,0.0005,64,60,30,100,tanh,0.043203588752763755,8.901157335593625,-0.006022655769346796,33.76068376068376,0.9856027961152654
21,"20MA, 50MA, RSI, Upper_BB, Lower_BB, CCI",32,0.30000000000000004,0.0005,64,60,30,100,tanh,0.043190424039746635,8.944959153502708,-0.005409651983224073,33.33333333333333,1.0197798146132406
22,"20MA, 50MA, RSI, Upper_BB, Lower_BB, CCI",32,0.30000000000000004,0.0005,64,60,30,100,tanh,0.04496135544673332,9.385892167371026,-0.08954934788616509,31.62393162393162,0.935872112579176
23,"20MA, 50MA, RSI, Upper_BB, Lower_BB, CCI",32,0.30000000000000004,0.0005,64,60,30,100,tanh,0.04350785111492681,8.993642851612254,-0.020242431430397945,34.18803418803419,0.992487841081355
24,"20MA, 50MA, RSI, Upper_BB, Lower_BB, CCI",32,0.2,0.0005,64,60,30,100,tanh,0.04465674273791037,9.397731641276732,-0.07483598805142555,31.196581196581196,0.9833029167907289
0,"20MA, 50MA, RSI, Upper_BB, Lower_BB, ATR",128,0.7,0.0005,32,60,1,50,sigmoid,0.057529461889261786,13.712017645353994,-0.9494422969979459,2.9535864978902953,1.0314828700244285
1,"20MA, 50MA, RSI, Upper_BB, Lower_BB, ATR",128,0.8,0.0005,64,60,1,50,sigmoid,0.0641375523875799,15.557045984496767,-1.4230062026584185,3.375527426160337,1.0
2,"20MA, 50MA, RSI, Upper_BB, Lower_BB, ATR",128,0.2,0.0005,64,60,1,150,relu,0.022698838946471327,4.723212126771862,0.6965151275871502,64.13502109704642,0.9073759104638092
3,"20MA, 50MA, RSI, Upper_BB, Lower_BB, ATR",128,0.4,0.001,16,60,1,50,relu,0.017399477375474454,3.3315081967541667,0.8216791324245916,78.90295358649789,0.9786480966078559
4,"20MA, 50MA, RSI, Upper_BB, Lower_BB, ATR",32,0.2,0.0001,64,60,1,50,sigmoid,0.13544042802332437,33.60008529098783,-9.805040429890669,0.0,1.0
5,"20MA, 50MA, RSI, Upper_BB, Lower_BB, ATR",128,0.5,0.001,32,60,1,50,tanh,0.017218959819305817,3.4001967426339603,0.8253600548497403,77.21518987341773,0.8984758657676414
6,"20MA, 50MA, RSI, Upper_BB, Lower_BB, ATR",32,0.6000000000000001,0.0005,64,60,1,50,tanh,0.026136817243932957,5.382064986888911,0.5976211330039218,56.540084388185655,1.2095406424138726
7,"20MA, 50MA, RSI, Upper_BB, Lower_BB, ATR",128,0.2,0.0001,16,60,1,100,relu,0.03528382577090223,7.381828662530807,0.2667009896318624,37.9746835443038,0.9808872207933996
8,"20MA, 50MA, RSI, Upper_BB, Lower_BB, ATR",128,0.6000000000000001,0.001,32,60,1,100,tanh,0.018562035379112073,3.6862339041596694,0.7970537862738507,73.41772151898735,0.9291085153890112
9,"20MA, 50MA, RSI, Upper_BB, Lower_BB, ATR",32,0.6000000000000001,0.0005,32,60,1,150,sigmoid,0.016302859102412897,3.267195446693491,0.8434484717849716,78.48101265822784,1.0895666282049
10,"20MA, 50MA, RSI, Upper_BB, Lower_BB, ATR",64,0.4,0.0005,32,60,1,150,sigmoid,0.02704518548834336,6.052258222280643,0.569166276984211,42.616033755274266,0.846817803657989
11,"20MA, 50MA, RSI, Upper_BB, Lower_BB, ATR",32,0.5,0.001,32,60,1,150,tanh,0.012987630417299532,2.4645363367650175,0.9006450282180885,90.29535864978902,1.1541806969598916
12,"20MA, 50MA, RSI, Upper_BB, Lower_BB, ATR",32,0.5,0.001,32,60,1,150,tanh,0.017405418775692343,3.5280437009114776,0.8215573291648506,76.79324894514767,1.2743890761575543
13,"20MA, 50MA, RSI, Upper_BB, Lower_BB, ATR",32,0.4,0.001,32,60,1,150,sigmoid,0.019709270720031327,4.068798498859646,0.7711921760440231,69.62025316455697,0.8902368476071153
14,"20MA, 50MA, RSI, Upper_BB, Lower_BB, ATR",32,0.6000000000000001,0.0001,32,60,1,150,tanh,0.02380061590122701,4.678988239811182,0.6663384580710254,61.60337552742617,1.0471522015152745
15,"20MA, 50MA, RSI, Upper_BB, Lower_BB, ATR",64,0.8,0.0005,32,60,1,150,tanh,0.015274749499733961,2.9283523886162794,0.8625711366598321,83.54430379746836,1.0497035150548717
16,"20MA, 50MA, RSI, Upper_BB, Lower_BB, ATR",64,0.8,0.001,16,60,1,150,tanh,0.011985743620535902,2.2375608646860745,0.9153825899174127,91.13924050632912,1.0774477308188717
17,"20MA, 50MA, RSI, Upper_BB, Lower_BB, ATR",64,0.7,0.001,16,60,1,150,tanh,0.012760887424592688,2.511058192203885,0.9040838991046926,91.13924050632912,1.1183667956452934
18,"20MA, 50MA, RSI, Upper_BB, Lower_BB, ATR",64,0.7,0.001,16,60,1,100,tanh,0.0213385103577869,4.282880350186911,0.7318005041400226,66.66666666666666,1.0269752268809744
19,"20MA, 50MA, RSI, Upper_BB, Lower_BB, ATR",64,0.8,0.001,16,60,1,150,tanh,0.023383792662159526,4.824244976105632,0.6779230356142931,56.540084388185655,1.0915700097439105
20,"20MA, 50MA, RSI, Upper_BB, Lower_BB, ATR",64,0.7,0.001,16,60,1,150,tanh,0.014209934725924604,2.855636686792477,0.8810638360575525,86.91983122362869,1.0604404497231674
21,"20MA, 50MA, RSI, Upper_BB, Lower_BB, ATR",64,0.7,0.001,16,60,1,150,tanh,0.017182412049946142,3.4247835580118338,0.8261006253330573,78.90295358649789,0.9803249794242667
22,"20MA, 50MA, RSI, Upper_BB, Lower_BB, ATR",64,0.8,0.001,16,60,1,150,tanh,0.01484960827673083,2.7735576222372265,0.8690866534716887,86.19246861924687,1.0550161656981139
23,"20MA, 50MA, RSI, Upper_BB, Lower_BB, ATR",64,0.5,0.001,16,60,1,150,tanh,0.01171186857687135,2.2504091463803997,0.9185658981580249,92.05020920502092,1.1888649212523188
24,"20MA, 50MA, RSI, Upper_BB, Lower_BB, ATR",64,0.7,0.001,16,60,1,150,tanh,0.01902077922749763,3.972405838705363,0.7868985667415739,72.57383966244726,1.0314828700244285
0,"20MA, 50MA, RSI, Upper_BB, Lower_BB, ATR",32,0.7,0.0001,16,60,30,150,relu,0.053787689135131045,11.385029260317795,-0.5593151079700922,23.076923076923077,0.9870441248025592
1,"20MA, 50MA, RSI, Upper_BB, Lower_BB, ATR",64,0.6000000000000001,0.0005,32,60,30,50,tanh,0.11087349295124918,26.70819363039553,-5.678349557687176,0.0,1.0
2,"20MA, 50MA, RSI, Upper_BB, Lower_BB, ATR",32,0.5,0.001,64,60,30,100,sigmoid,0.04444269813470011,9.744753734212711,-0.06455707067188587,24.786324786324787,1.0733582045939305
3,"20MA, 50MA, RSI, Upper_BB, Lower_BB, ATR",32,0.6000000000000001,0.0005,32,60,30,150,sigmoid,0.07565345257252461,17.197781936870527,-2.084790107029276,6.837606837606838,1.041480420738682
4,"20MA, 50MA, RSI, Upper_BB, Lower_BB, ATR",32,0.2,0.0005,16,60,30,100,relu,0.05611039651741583,12.247284002183525,-0.6968942959851738,19.230769230769234,1.0
5,"20MA, 50MA, RSI, Upper_BB, Lower_BB, ATR",64,0.2,0.0001,64,60,30,50,relu,0.04416289563107517,9.43475615520009,-0.051194781972364156,27.77777777777778,1.1603028959249377
6,"20MA, 50MA, RSI, Upper_BB, Lower_BB, ATR",32,0.30000000000000004,0.001,16,60,30,100,sigmoid,0.1141076856869342,27.82444529066208,-6.017750254776437,0.4273504273504274,1.0
7,"20MA, 50MA, RSI, Upper_BB, Lower_BB, ATR",32,0.7,0.0001,64,60,30,100,tanh,0.04108746459474383,8.675884110426802,0.09011438294811747,32.47863247863248,1.2412312254668851
8,"20MA, 50MA, RSI, Upper_BB, Lower_BB, ATR",128,0.7,0.0005,16,60,30,50,tanh,0.07309231086407043,16.494971619679262,-1.8794629811400574,9.401709401709402,1.0
9,"20MA, 50MA, RSI, Upper_BB, Lower_BB, ATR",64,0.30000000000000004,0.001,16,60,30,50,tanh,0.07785984460502351,17.724945227569265,-2.2673463941946683,8.11965811965812,1.0
10,"20MA, 50MA, RSI, Upper_BB, Lower_BB, ATR",128,0.8,0.0001,64,60,30,100,tanh,0.04643895059897482,9.834178238299227,-0.1623392644908035,26.06837606837607,1.2311138568992133
11,"20MA, 50MA, RSI, Upper_BB, Lower_BB, ATR",64,0.4,0.0001,64,60,30,50,relu,0.045591345757782946,9.691119086953115,-0.12029639366661216,26.495726495726498,1.1297500379654117
12,"20MA, 50MA, RSI, Upper_BB, Lower_BB, ATR",64,0.2,0.0001,64,60,30,100,relu,0.043061999103767436,9.101773916140814,0.0005605465994993342,26.495726495726498,1.1927544825245597
13,"20MA, 50MA, RSI, Upper_BB, Lower_BB, ATR",64,0.8,0.0001,64,60,30,100,relu,0.04353744835596685,9.103785227732713,-0.02163099148479697,28.63247863247863,1.3361651922788
14,"20MA, 50MA, RSI, Upper_BB, Lower_BB, ATR",128,0.5,0.0001,64,60,30,100,tanh,0.04669909177398897,9.901242461306015,-0.1753980959650956,28.205128205128204,1.1793581027088549
15,"20MA, 50MA, RSI, Upper_BB, Lower_BB, ATR",32,0.4,0.0001,64,60,30,100,relu,0.043134650131578516,8.89197223899638,-0.0028146592158582173,31.196581196581196,1.094358117432579
16,"20MA, 50MA, RSI, Upper_BB, Lower_BB, ATR",64,0.6000000000000001,0.0001,64,60,30,100,tanh,0.043783311060611674,9.247565881537124,-0.03320218810236164,26.495726495726498,1.1559944086525393
17,"20MA, 50MA, RSI, Upper_BB, Lower_BB, ATR",64,0.7,0.0001,32,60,30,150,tanh,0.052565662771639134,11.157456143114215,-0.4892664415608523,25.213675213675213,0.8261558032193274
18,"20MA, 50MA, RSI, Upper_BB, Lower_BB, ATR",32,0.4,0.0001,64,60,30,100,relu,0.03980631665957223,8.329707173395615,0.14597201637330726,32.9059829059829,1.231819474173687
19,"20MA, 50MA, RSI, Upper_BB, Lower_BB, ATR",32,0.4,0.001,64,60,30,100,sigmoid,0.053444712473033694,11.526052123646313,-0.5394925947398053,21.794871794871796,0.8845283345674683
20,"20MA, 50MA, RSI, Upper_BB, Lower_BB, ATR",32,0.5,0.0001,32,60,30,150,relu,0.046368682829937,9.674548378239747,-0.15882440492383876,27.350427350427353,1.081511079526309
21,"20MA, 50MA, RSI, Upper_BB, Lower_BB, ATR",32,0.30000000000000004,0.0001,64,60,30,100,relu,0.039264202321145934,8.281576238275935,0.1690752940407546,31.62393162393162,1.1525714342647606
22,"20MA, 50MA, RSI, Upper_BB, Lower_BB, ATR",32,0.30000000000000004,0.0001,64,60,30,100,relu,0.04064927766004139,8.505489978484853,0.10941827421754813,32.05128205128205,1.1814741172517522
23,"20MA, 50MA, RSI, Upper_BB, Lower_BB, ATR",32,0.30000000000000004,0.0001,64,60,30,100,relu,0.03981469717254016,8.307073355975511,0.1456123776726025,32.9059829059829,1.037892483919277
24,"20MA, 50MA, RSI, Upper_BB, Lower_BB, ATR",32,0.30000000000000004,0.0001,64,60,30,100,relu,0.039550792811798755,8.317435605209651,0.15690114138089728,31.196581196581196,1.1671865606896634
0,"20MA, 50MA, RSI, Upper_BB, Lower_BB, Williams_%R",64,0.7,0.0001,32,60,1,150,sigmoid,0.02842003830487038,5.902910313362115,0.5242496910613094,48.9451476793249,0.9523556577304034
1,"20MA, 50MA, RSI, Upper_BB, Lower_BB, Williams_%R",64,0.7,0.0005,64,60,1,50,tanh,0.028668481301386314,6.25330632102879,0.5158954827330493,42.19409282700422,0.9358515003143754
2,"20MA, 50MA, RSI, Upper_BB, Lower_BB, Williams_%R",64,0.8,0.001,64,60,1,100,tanh,0.014792468022816934,2.978247441288171,0.8711124289261379,84.81012658227847,1.0119303853096868
3,"20MA, 50MA, RSI, Upper_BB, Lower_BB, Williams_%R",32,0.30000000000000004,0.0005,32,60,1,100,relu,0.016624195747349173,3.225644019208146,0.8372162499564821,81.85654008438819,0.9913820211478281
4,"20MA, 50MA, RSI, Upper_BB, Lower_BB, Williams_%R",64,0.4,0.0005,64,60,1,100,tanh,0.02899084916767453,6.260719974965625,0.5049470715162129,43.459915611814345,1.0241624875605235
5,"20MA, 50MA, RSI, Upper_BB, Lower_BB, Williams_%R",32,0.7,0.0005,32,60,1,50,sigmoid,0.035288870051289147,7.935025074170755,0.2664913054413026,25.738396624472575,0.9273731098183463
6,"20MA, 50MA, RSI, Upper_BB, Lower_BB, Williams_%R",64,0.30000000000000004,0.0001,64,60,1,50,relu,0.026049754880341332,5.0142670461485,0.6002973355871615,59.49367088607595,1.1786640840053866
7,"20MA, 50MA, RSI, Upper_BB, Lower_BB, Williams_%R",32,0.30000000000000004,0.0005,16,60,1,150,tanh,0.024484611311697997,5.314677881758599,0.6468849814157356,45.56962025316456,1.0
8,"20MA, 50MA, RSI, Upper_BB, Lower_BB, Williams_%R",32,0.5,0.0005,32,60,1,50,tanh,0.02005161796852827,3.982493100047752,0.7631744228128459,73.83966244725738,0.9663432551352987
9,"20MA, 50MA, RSI, Upper_BB, Lower_BB, Williams_%R",128,0.5,0.001,64,60,1,50,sigmoid,0.035114711628442694,8.109310387430135,0.273713496912499,19.40928270042194,0.8700791924888341
10,"20MA, 50MA, RSI, Upper_BB, Lower_BB, Williams_%R",128,0.8,0.001,16,60,1,100,tanh,0.02250199339408636,4.6051385808786085,0.7017559784318258,59.07172995780591,1.0838484233157035
11,"20MA, 50MA, RSI, Upper_BB, Lower_BB, Williams_%R",32,0.2,0.001,32,60,1,100,relu,0.016204908143688395,3.3333083599131994,0.8453240086019064,78.90295358649789,0.9947632391342773
12,"20MA, 50MA, RSI, Upper_BB, Lower_BB, Williams_%R",32,0.2,0.001,64,60,1,100,relu,0.014844834347575865,2.895728988597132,0.8701982724782378,87.34177215189874,1.2750156881273427
13,"20MA, 50MA, RSI, Upper_BB, Lower_BB, Williams_%R",64,0.8,0.001,64,60,1,100,relu,0.014598257636588551,2.838977987287913,0.8744745435991327,87.76371308016878,1.0039174421624777
14,"20MA, 50MA, RSI, Upper_BB, Lower_BB, Williams_%R",64,0.8,0.001,64,60,1,100,relu,0.014984057591980347,2.960637186306845,0.867752147557934,83.54430379746836,1.2539143197878075
15,"20MA, 50MA, RSI, Upper_BB, Lower_BB, Williams_%R",64,0.6000000000000001,0.001,64,60,1,100,tanh,0.014186799937837957,2.764943381258803,0.8814507939333242,86.49789029535864,1.355335322513848
16,"20MA, 50MA, RSI, Upper_BB, Lower_BB, Williams_%R",64,0.6000000000000001,0.001,16,60,1,100,relu,0.01919106810961434,3.863730771247107,0.7830657849945097,74.68354430379746,1.22219331139823
17,"20MA, 50MA, RSI, Upper_BB, Lower_BB, Williams_%R",64,0.6000000000000001,0.001,64,60,1,150,relu,0.014359697075518362,2.838837734974615,0.878543624206583,86.49789029535864,1.0381908442276753
18,"20MA, 50MA, RSI, Upper_BB, Lower_BB, Williams_%R",128,0.6000000000000001,0.0001,64,60,1,150,tanh,0.034374365759575566,7.621030018736798,0.30401617163542993,33.755274261603375,0.9298128839998034
19,"20MA, 50MA, RSI, Upper_BB, Lower_BB, Williams_%R",64,0.6000000000000001,0.001,64,60,1,150,sigmoid,0.038312842104737815,9.410069726725858,0.13539349099664355,7.59493670886076,1.0278568742371286
20,"20MA, 50MA, RSI, Upper_BB, Lower_BB, Williams_%R",64,0.4,0.001,16,60,1,150,tanh,0.016028810986190224,3.2907241892956454,0.8486674408286553,82.27848101265823,1.1162367500278452
21,"20MA, 50MA, RSI, Upper_BB, Lower_BB, Williams_%R",64,0.5,0.001,64,60,1,150,relu,0.016091052814826843,3.2611824936837936,0.8474898733591598,80.16877637130801,1.1732853914043457
22,"20MA, 50MA, RSI, Upper_BB, Lower_BB, Williams_%R",64,0.7,0.001,64,60,1,100,relu,0.015218694280244808,3.0312152437519595,0.8635779577233127,86.49789029535864,1.0405764460763722
23,"20MA, 50MA, RSI, Upper_BB, Lower_BB, Williams_%R",64,0.6000000000000001,0.001,64,60,1,100,relu,0.020370268129963228,4.012565490768324,0.7555875906276869,75.10548523206751,1.1105142503160708
24,"20MA, 50MA, RSI, Upper_BB, Lower_BB, Williams_%R",64,0.7,0.001,64,60,1,150,relu,0.01595290826828275,3.374435824362437,0.8500972856111683,82.70042194092827,1.08575094529405
0,"20MA, 50MA, RSI, Upper_BB, Lower_BB, Williams_%R",32,0.8,0.0005,64,60,30,150,relu,0.043379823736926955,9.280967219667778,-0.014246879885892794,25.213675213675213,0.9328031224933863
1,"20MA, 50MA, RSI, Upper_BB, Lower_BB, Williams_%R",64,0.8,0.0005,16,60,30,50,tanh,0.08991004325279896,21.111232103161896,-3.3569695773625643,2.1367521367521367,1.0
2,"20MA, 50MA, RSI, Upper_BB, Lower_BB, Williams_%R",32,0.2,0.001,16,60,30,50,relu,0.06809213409362735,15.143660143901874,-1.4989755428021065,9.401709401709402,1.0720384302523018
3,"20MA, 50MA, RSI, Upper_BB, Lower_BB, Williams_%R",64,0.30000000000000004,0.0005,16,60,30,150,relu,0.06444394997808235,14.147988032411563,-1.2383727911184792,14.102564102564102,1.0
4,"20MA, 50MA, RSI, Upper_BB, Lower_BB, Williams_%R",32,0.5,0.001,16,60,30,150,relu,0.06228062425211618,13.528745012867358,-1.0906148367382964,17.94871794871795,1.0
5,"20MA, 50MA, RSI, Upper_BB, Lower_BB, Williams_%R",128,0.4,0.0005,64,60,30,150,relu,0.04404213947263116,9.238724350356527,-0.04545400361150942,30.34188034188034,1.0472288422342022
6,"20MA, 50MA, RSI, Upper_BB, Lower_BB, Williams_%R",64,0.6000000000000001,0.0001,64,60,30,50,sigmoid,0.05562096731445483,11.425516334763286,-0.6674207022262453,22.22222222222222,1.1984346708731026
7,"20MA, 50MA, RSI, Upper_BB, Lower_BB, Williams_%R",128,0.5,0.0001,64,60,30,100,tanh,0.04575234552738597,9.699619754650588,-0.1282227196000103,28.63247863247863,0.9939883305957948
8,"20MA, 50MA, RSI, Upper_BB, Lower_BB, Williams_%R",128,0.8,0.001,16,60,30,50,sigmoid,0.13185257176763965,32.14642284627116,-8.370123703397732,0.0,1.0
9,"20MA, 50MA, RSI, Upper_BB, Lower_BB, Williams_%R",64,0.30000000000000004,0.001,16,60,30,150,sigmoid,0.21908732048234478,56.36539215627992,-24.87036772740457,0.0,1.0
10,"20MA, 50MA, RSI, Upper_BB, Lower_BB, Williams_%R",32,0.7,0.0005,32,60,30,100,relu,0.05216148388307422,10.990981704419545,-0.46645246396472495,23.504273504273502,1.015661471377793
11,"20MA, 50MA, RSI, Upper_BB, Lower_BB, Williams_%R",128,0.4,0.0005,64,60,30,150,relu,0.059516926110528404,12.349669386606115,-0.9091897771105919,20.94017094017094,1.1057892768131274
12,"20MA, 50MA, RSI, Upper_BB, Lower_BB, Williams_%R",128,0.6000000000000001,0.0005,64,60,30,150,relu,0.04533525380227765,9.467520606414425,-0.10774606785301066,29.48717948717949,0.9056005519371852
13,"20MA, 50MA, RSI, Upper_BB, Lower_BB, Williams_%R",32,0.4,0.0005,64,60,30,150,relu,0.043247540168703996,9.001797741587795,-0.008070569482210521,34.61538461538461,1.0675361531798826
14,"20MA, 50MA, RSI, Upper_BB, Lower_BB, Williams_%R",32,0.6000000000000001,0.0005,32,60,30,150,relu,0.05056453991401806,10.589719940433524,-0.3780349558092537,22.64957264957265,1.0291233760767535
15,"20MA, 50MA, RSI, Upper_BB, Lower_BB, Williams_%R",32,0.7,0.0005,64,60,30,150,tanh,0.04253655146271064,8.892510546061997,0.02480229680526902,32.47863247863248,1.0077537435247554
16,"20MA, 50MA, RSI, Upper_BB, Lower_BB, Williams_%R",32,0.7,0.0001,64,60,30,100,tanh,0.04021956859416959,8.566355009345717,0.12814767477512456,31.196581196581196,1.3555126327859548
17,"20MA, 50MA, RSI, Upper_BB, Lower_BB, Williams_%R",32,0.7,0.0001,64,60,30,100,tanh,0.04182166554687131,8.915692744962426,0.05730595536591443,31.196581196581196,1.3201576382731453
18,"20MA, 50MA, RSI, Upper_BB, Lower_BB, Williams_%R",32,0.7,0.0001,32,60,30,100,tanh,0.04676776034525331,9.85173964587086,-0.1788573602420911,29.914529914529915,0.97060981835003
19,"20MA, 50MA, RSI, Upper_BB, Lower_BB, Williams_%R",32,0.7,0.0001,64,60,30,100,tanh,0.040552979914039194,8.571223828879292,0.11363283517652145,31.62393162393162,1.400126353323735
20,"20MA, 50MA, RSI, Upper_BB, Lower_BB, Williams_%R",32,0.6000000000000001,0.0001,64,60,30,100,tanh,0.039341979756513365,8.352918457668789,0.16578011940586257,31.196581196581196,1.287704758323178
21,"20MA, 50MA, RSI, Upper_BB, Lower_BB, Williams_%R",32,0.6000000000000001,0.0001,64,60,30,100,tanh,0.04137060362023424,8.866523365319114,0.07753089598747898,29.48717948717949,1.49531873977133
22,"20MA, 50MA, RSI, Upper_BB, Lower_BB, Williams_%R",32,0.7,0.0001,64,60,30,100,tanh,0.04006377168822979,8.532585504830987,0.13488911016113225,32.9059829059829,1.342901962672622
23,"20MA, 50MA, RSI, Upper_BB, Lower_BB, Williams_%R",32,0.6000000000000001,0.0001,64,60,30,100,tanh,0.04056112646920985,8.584828284182047,0.11327668061967588,30.76923076923077,1.1484208024714377
24,"20MA, 50MA, RSI, Upper_BB, Lower_BB, Williams_%R",32,0.8,0.0001,64,60,30,100,tanh,0.04076805028575964,8.65886824658269,0.1042063113020616,31.196581196581196,1.4439693276407575
0,"20MA, 50MA, RSI, Upper_BB, Lower_BB, OBV",128,0.5,0.0005,32,60,1,100,tanh,0.018098897890141793,3.69806227482392,0.8070547813688194,74.68354430379746,1.0709266318459636
1,"20MA, 50MA, RSI, Upper_BB, Lower_BB, OBV",128,0.2,0.0005,32,60,1,150,tanh,0.017260672668837004,3.473996382692731,0.8245129010794099,76.37130801687763,1.0610196911237928
2,"20MA, 50MA, RSI, Upper_BB, Lower_BB, OBV",32,0.30000000000000004,0.001,16,60,1,100,relu,0.015007878170578281,2.9243918877087594,0.8673313370610185,84.38818565400844,1.0360995161032183
3,"20MA, 50MA, RSI, Upper_BB, Lower_BB, OBV",128,0.5,0.001,32,60,1,150,relu,0.01771343958658044,3.643263770752055,0.8151857041235043,76.37130801687763,0.9991763605724278
4,"20MA, 50MA, RSI, Upper_BB, Lower_BB, OBV",32,0.5,0.0005,32,60,1,150,relu,0.034794901758934245,8.340467965141789,0.286882670542442,13.924050632911392,0.9951016140277801
5,"20MA, 50MA, RSI, Upper_BB, Lower_BB, OBV",32,0.8,0.001,16,60,1,150,relu,0.013994786396386268,2.7377560389150966,0.8846381241105554,85.65400843881856,0.98138064515057
6,"20MA, 50MA, RSI, Upper_BB, Lower_BB, OBV",128,0.2,0.0005,64,60,1,100,relu,0.04116522944631601,9.724076365473907,0.0018614206911700126,11.814345991561181,0.895305377594118
7,"20MA, 50MA, RSI, Upper_BB, Lower_BB, OBV",64,0.4,0.0005,32,60,1,100,sigmoid,0.018490792320631545,3.686977414945132,0.7986086548034577,75.9493670886076,0.9816980213422003
8,"20MA, 50MA, RSI, Upper_BB, Lower_BB, OBV",128,0.8,0.0001,64,60,1,100,sigmoid,0.04651655544400164,10.303815502675464,-0.2745147222603881,16.033755274261605,1.1508350157501828
9,"20MA, 50MA, RSI, Upper_BB, Lower_BB, OBV",64,0.6000000000000001,0.0001,32,60,1,100,tanh,0.028031026226651736,5.882659151101591,0.5371846478698368,52.320675105485236,1.0987858652353315
10,"20MA, 50MA, RSI, Upper_BB, Lower_BB, OBV",32,0.8,0.001,16,60,1,50,relu,0.015235373503652644,2.912172903034893,0.8632787650894532,83.54430379746836,1.0253204647558785
11,"20MA, 50MA, RSI, Upper_BB, Lower_BB, OBV",32,0.30000000000000004,0.001,16,60,1,50,relu,0.016452012947896312,3.235327453947148,0.8405708075234153,81.43459915611815,0.8554864160138884
12,"20MA, 50MA, RSI, Upper_BB, Lower_BB, OBV",32,0.7,0.001,16,60,1,150,relu,0.012130216863846612,2.2908308951960894,0.9133303801648746,91.56118143459916,1.150501896141544
13,"20MA, 50MA, RSI, Upper_BB, Lower_BB, OBV",32,0.7,0.001,16,60,1,150,relu,0.02336624483562971,5.2445223644457934,0.6784062446616104,48.52320675105485,1.0
14,"20MA, 50MA, RSI, Upper_BB, Lower_BB, OBV",32,0.7,0.001,16,60,1,150,relu,0.02015765090420505,3.987748234417558,0.7606631336464353,68.35443037974683,0.939529477822712
15,"20MA, 50MA, RSI, Upper_BB, Lower_BB, OBV",32,0.7,0.001,16,60,1,150,sigmoid,0.015647750043419038,3.1703734548990585,0.8557773200776906,79.32489451476793,1.095904969542914
16,"20MA, 50MA, RSI, Upper_BB, Lower_BB, OBV",32,0.8,0.001,16,60,1,150,relu,0.015257015027157548,3.0250503759219183,0.8628900700155773,83.96624472573839,1.028967805431243
17,"20MA, 50MA, RSI, Upper_BB, Lower_BB, OBV",64,0.6000000000000001,0.0001,16,60,1,150,relu,0.019967209535833877,4.066630838371433,0.7651640878004722,69.19831223628692,1.0892359455964056
18,"20MA, 50MA, RSI, Upper_BB, Lower_BB, OBV",32,0.6000000000000001,0.001,64,60,1,50,tanh,0.04010359775272907,9.42187319117038,0.052680597849313116,13.502109704641349,0.9136261716983306
19,"20MA, 50MA, RSI, Upper_BB, Lower_BB, OBV",32,0.7,0.001,16,60,1,150,sigmoid,0.024953500671558243,5.112270047551035,0.6332309148506872,53.58649789029536,1.015031045119244
20,"20MA, 50MA, RSI, Upper_BB, Lower_BB, OBV",64,0.8,0.0001,16,60,1,150,relu,0.02401937587506709,4.87839269819813,0.6601766648372782,58.64978902953587,0.9648907593048262
21,"20MA, 50MA, RSI, Upper_BB, Lower_BB, OBV",32,0.30000000000000004,0.001,16,60,1,100,relu,0.015727754028205063,3.0538648606264975,0.8542987834371959,82.27848101265823,1.0147853178165989
22,"20MA, 50MA, RSI, Upper_BB, Lower_BB, OBV",32,0.4,0.001,16,60,1,100,relu,0.01812632457012407,3.64362660601819,0.8064695682389427,72.57383966244726,0.8923860027557501
23,"20MA, 50MA, RSI, Upper_BB, Lower_BB, OBV",32,0.4,0.001,16,60,1,50,relu,0.016553912593370246,3.259709892463225,0.8385897624825798,78.90295358649789,0.9940945498101531
24,"20MA, 50MA, RSI, Upper_BB, Lower_BB, OBV",32,0.30000000000000004,0.001,16,60,1,150,relu,0.015232200707322681,3.031565077494112,0.8633357040891545,85.23206751054853,1.0377466013425305
0,"20MA, 50MA, RSI, Upper_BB, Lower_BB, OBV",64,0.8,0.0001,16,60,30,50,sigmoid,0.08588269678348673,19.860181889977667,-2.975387434167575,2.9914529914529915,1.0096924059572767
1,"20MA, 50MA, RSI, Upper_BB, Lower_BB, OBV",32,0.8,0.0001,16,60,30,100,relu,0.051737739254799686,10.870460803341631,-0.44272318071625416,24.786324786324787,0.9033588100868781
2,"20MA, 50MA, RSI, Upper_BB, Lower_BB, OBV",128,0.30000000000000004,0.0001,32,60,30,150,sigmoid,0.080005924673432,18.43691285208861,-2.4499469123765834,5.128205128205128,1.0969271163251277
3,"20MA, 50MA, RSI, Upper_BB, Lower_BB, OBV",64,0.30000000000000004,0.0005,32,60,30,100,sigmoid,0.08777270076597947,20.58760982937948,-3.152283885264187,3.8461538461538463,1.0
4,"20MA, 50MA, RSI, Upper_BB, Lower_BB, OBV",32,0.8,0.0001,32,60,30,150,sigmoid,0.044339124746632055,9.421741707854071,-0.059600967311433495,29.914529914529915,1.2265561468158366
5,"20MA, 50MA, RSI, Upper_BB, Lower_BB, OBV",128,0.8,0.0005,16,60,30,100,sigmoid,0.10028045376306895,23.479247911253104,-4.42001758000725,0.8547008547008548,1.0
6,"20MA, 50MA, RSI, Upper_BB, Lower_BB, OBV",32,0.2,0.0005,64,60,30,100,relu,0.04200956457608486,8.779226894886301,0.04881613522766359,32.47863247863248,1.147221073467374
7,"20MA, 50MA, RSI, Upper_BB, Lower_BB, OBV",64,0.5,0.0001,64,60,30,50,relu,0.041333094286233586,8.620691194137953,0.07920288106038753,33.33333333333333,1.2019141864959024
8,"20MA, 50MA, RSI, Upper_BB, Lower_BB, OBV",64,0.4,0.001,64,60,30,50,sigmoid,0.05998042926847949,12.985748039042011,-0.939042167036988,17.094017094017094,0.9198491337773239
9,"20MA, 50MA, RSI, Upper_BB, Lower_BB, OBV",64,0.30000000000000004,0.0005,32,60,30,150,tanh,0.04925041500888977,10.335250743077165,-0.30733805506483614,24.786324786324787,0.8777671962023891
10,"20MA, 50MA, RSI, Upper_BB, Lower_BB, OBV",64,0.6000000000000001,0.001,64,60,30,50,relu,0.053723526560794876,11.372296876160945,-0.5555971569215645,22.64957264957265,0.9991003520657903
11,"20MA, 50MA, RSI, Upper_BB, Lower_BB, OBV",32,0.6000000000000001,0.0005,64,60,30,50,relu,0.04179096862129649,8.73042526200492,0.05868931437063318,32.05128205128205,1.1024466316449497
12,"20MA, 50MA, RSI, Upper_BB, Lower_BB, OBV",32,0.6000000000000001,0.0001,64,60,30,50,relu,0.043656785755793084,8.942192913310262,-0.027239307183939854,32.47863247863248,1.088348350584509
13,"20MA, 50MA, RSI, Upper_BB, Lower_BB, OBV",32,0.6000000000000001,0.0005,64,60,30,50,relu,0.04279516941140578,8.944725799800839,0.012908040820396094,31.62393162393162,1.0899917514147262
14,"20MA, 50MA, RSI, Upper_BB, Lower_BB, OBV",128,0.5,0.001,64,60,30,50,tanh,0.05012729581031703,10.623314791684102,-0.3543055789006584,23.931623931623932,0.9485985345276385
15,"20MA, 50MA, RSI, Upper_BB, Lower_BB, OBV",64,0.5,0.0005,64,60,30,50,relu,0.04257831814179074,8.98093248442086,0.022886261541584352,32.05128205128205,0.9855253558535729
16,"20MA, 50MA, RSI, Upper_BB, Lower_BB, OBV",32,0.7,0.0001,64,60,30,50,relu,0.03951028160786397,8.097051321100592,0.1586274004621886,35.04273504273504,1.1450077437323578
17,"20MA, 50MA, RSI, Upper_BB, Lower_BB, OBV",32,0.7,0.0001,64,60,30,50,tanh,0.03763508043007688,8.076826249882988,0.23659708963492754,32.05128205128205,1.0670975287026168
18,"20MA, 50MA, RSI, Upper_BB, Lower_BB, OBV",32,0.7,0.0001,64,60,30,50,tanh,0.03785681857493535,8.044904281902754,0.22757496392068,34.18803418803419,1.199723374103809
19,"20MA, 50MA, RSI, Upper_BB, Lower_BB, OBV",32,0.6000000000000001,0.0001,16,60,30,150,tanh,0.050501088493139244,10.586374549993998,-0.37457864374883076,25.213675213675213,0.9299893087944765
20,"20MA, 50MA, RSI, Upper_BB, Lower_BB, OBV",32,0.7,0.0001,64,60,30,50,tanh,0.038666522919014464,8.075994725469037,0.1941794209163007,32.47863247863248,1.0878980630857782
21,"20MA, 50MA, RSI, Upper_BB, Lower_BB, OBV",32,0.7,0.0001,64,60,30,50,tanh,0.03833350725739533,8.101561092913357,0.2079999181507144,33.76068376068376,1.2983782986987882
22,"20MA, 50MA, RSI, Upper_BB, Lower_BB, OBV",32,0.7,0.0001,64,60,30,50,tanh,0.0359391435768517,7.736753015147199,0.30384882295974647,32.9059829059829,1.252934722280573
23,"20MA, 50MA, RSI, Upper_BB, Lower_BB, OBV",32,0.7,0.0001,64,60,30,50,tanh,0.04099249782805066,8.701997643373305,0.09431561737065619,29.914529914529915,1.193756265907799
24,"20MA, 50MA, RSI, Upper_BB, Lower_BB, OBV",32,0.7,0.0001,64,60,30,50,tanh,0.036131383674296365,7.7220265889388395,0.29638141649371286,34.18803418803419,1.4102604648009884
0,"20MA, 50MA, RSI, Upper_BB, CCI, ATR",128,0.6000000000000001,0.001,16,60,1,50,sigmoid,0.13435554454906437,33.35750621254282,-9.632636041084144,0.0,1.0
1,"20MA, 50MA, RSI, Upper_BB, CCI, ATR",64,0.2,0.001,32,60,1,50,relu,0.028612862060996586,5.6964272980407955,0.5177720667317829,51.89873417721519,0.8130606528377927
2,"20MA, 50MA, RSI, Upper_BB, CCI, ATR",32,0.4,0.001,64,60,1,50,tanh,0.026460467137560582,5.466604717673227,0.5875941898762078,52.320675105485236,1.0460627632034933
3,"20MA, 50MA, RSI, Upper_BB, CCI, ATR",128,0.30000000000000004,0.001,64,60,1,150,tanh,0.013215176672445579,2.4814987203020547,0.897133086717917,90.29535864978902,1.2528059242238458
4,"20MA, 50MA, RSI, Upper_BB, CCI, ATR",32,0.2,0.0005,16,60,1,100,tanh,0.026188870616237703,5.563111759010778,0.5960168034715836,50.210970464135016,0.90057674907205
5,"20MA, 50MA, RSI, Upper_BB, CCI, ATR",64,0.2,0.0005,64,60,1,100,sigmoid,0.041633530495012366,9.852450793051121,-0.020977665523717715,11.39240506329114,0.9202457869015823
6,"20MA, 50MA, RSI, Upper_BB, CCI, ATR",128,0.6000000000000001,0.0001,32,60,1,50,sigmoid,0.04825170839961139,11.100623773800404,-0.3713715966004558,13.502109704641349,0.8926192874341852
7,"20MA, 50MA, RSI, Upper_BB, CCI, ATR",64,0.7,0.0001,64,60,1,50,sigmoid,0.050117371725823485,10.11416629970949,-0.4794705890051887,26.160337552742618,1.2156654807607832
8,"20MA, 50MA, RSI, Upper_BB, CCI, ATR",64,0.8,0.0005,64,60,1,150,sigmoid,0.04266782891385739,9.945947427694414,-0.07233591348975743,16.033755274261605,0.9018820564006516
9,"20MA, 50MA, RSI, Upper_BB, CCI, ATR",32,0.6000000000000001,0.0005,16,60,1,100,relu,0.028350941291147902,5.934795959857421,0.5265602413612538,47.257383966244724,0.8947651888973687
10,"20MA, 50MA, RSI, Upper_BB, CCI, ATR",128,0.4,0.001,64,60,1,150,tanh,0.012894350179489679,2.3930941198581213,0.9020670849185664,91.13924050632912,1.0300905023781202
11,"20MA, 50MA, RSI, Upper_BB, CCI, ATR",128,0.4,0.001,64,60,1,150,tanh,0.012936125260300389,2.4284104940267865,0.901431491400215,89.87341772151899,1.0108125690861407
12,"20MA, 50MA, RSI, Upper_BB, CCI, ATR",128,0.4,0.001,64,60,1,150,tanh,0.018743848683879436,4.183186152005488,0.793058639323563,71.30801687763713,1.1888822185357133
13,"20MA, 50MA, RSI, Upper_BB, CCI, ATR",128,0.4,0.001,64,60,1,150,tanh,0.013393996577833573,2.5176341169459757,0.8943303842041235,89.87341772151899,0.9906445644257167
14,"20MA, 50MA, RSI, Upper_BB, CCI, ATR",128,0.5,0.001,64,60,1,150,tanh,0.020335732415787313,4.357824516970239,0.7564156407707616,62.869198312236286,0.8303797260324204
15,"20MA, 50MA, RSI, Upper_BB, CCI, ATR",128,0.5,0.001,32,60,1,150,tanh,0.015561441506356688,3.097292630994215,0.8573639149091636,83.54430379746836,1.0076600449411612
16,"20MA, 50MA, RSI, Upper_BB, CCI, ATR",128,0.30000000000000004,0.0001,64,60,1,150,relu,0.04054933211765128,9.293097938394473,0.0315054706416702,21.09704641350211,0.8917466755514659
17,"20MA, 50MA, RSI, Upper_BB, CCI, ATR",128,0.30000000000000004,0.001,64,60,1,150,tanh,0.013094189690565156,2.4784232540982454,0.8990079896694565,90.29535864978902,1.025840924863131
18,"20MA, 50MA, RSI, Upper_BB, CCI, ATR",128,0.4,0.001,32,60,1,150,tanh,0.017637294070089488,3.321673653783096,0.8167712270612324,76.79324894514767,1.1489521060580894
19,"20MA, 50MA, RSI, Upper_BB, CCI, ATR",32,0.5,0.0001,16,60,1,150,tanh,0.019686116986800756,3.880727400208884,0.7717294504655053,71.72995780590718,1.1104755449428974
20,"20MA, 50MA, RSI, Upper_BB, CCI, ATR",128,0.30000000000000004,0.001,64,60,1,100,relu,0.020523280939996467,4.240057387879995,0.7519019553536888,70.46413502109705,0.771455736910161
21,"20MA, 50MA, RSI, Upper_BB, CCI, ATR",128,0.30000000000000004,0.001,64,60,1,150,tanh,0.01885675846313006,3.979744877042245,0.79055797051507,68.35443037974683,0.953072992873443
22,"20MA, 50MA, RSI, Upper_BB, CCI, ATR",128,0.4,0.001,64,60,1,150,tanh,0.013928851876770036,2.6572494762059513,0.8857225867901696,88.18565400843882,0.9111902484752802
23,"20MA, 50MA, RSI, Upper_BB, CCI, ATR",128,0.30000000000000004,0.001,64,60,1,150,tanh,0.01339922939852289,2.553781131595194,0.8942478012106226,91.13924050632912,1.168909836112399
24,"20MA, 50MA, RSI, Upper_BB, CCI, ATR",128,0.4,0.001,64,60,1,150,tanh,0.01258713282354786,2.364090966264416,0.9066781389178549,91.56118143459916,1.2976289597193098
0,"20MA, 50MA, RSI, Upper_BB, CCI, ATR",128,0.8,0.0005,16,60,30,100,tanh,0.07040494627528178,15.762316486070352,-1.6716185923044788,8.974358974358974,1.0
1,"20MA, 50MA, RSI, Upper_BB, CCI, ATR",64,0.5,0.0005,16,60,30,50,sigmoid,0.11056312105432124,26.853574358775447,-5.588532519347617,0.0,1.0
2,"20MA, 50MA, RSI, Upper_BB, CCI, ATR",64,0.30000000000000004,0.0001,32,60,30,150,tanh,0.050687771816368986,10.69026877208429,-0.38476001660274717,26.06837606837607,0.9779394226966429
3,"20MA, 50MA, RSI, Upper_BB, CCI, ATR",32,0.30000000000000004,0.0005,32,60,30,50,relu,0.060147706448666106,13.085625525380426,-0.9498726930667782,16.23931623931624,0.9485985345276385
4,"20MA, 50MA, RSI, Upper_BB, CCI, ATR",32,0.5,0.001,32,60,30,100,relu,0.056349625252823776,12.170797736927614,-0.711394683947923,20.51282051282051,1.0
5,"20MA, 50MA, RSI, Upper_BB, CCI, ATR",32,0.7,0.0005,16,60,30,50,relu,0.07345839604085276,16.50746957442806,-1.9083789784778689,8.974358974358974,1.0
6,"20MA, 50MA, RSI, Upper_BB, CCI, ATR",128,0.5,0.001,64,60,30,150,sigmoid,0.08862332739735758,20.786030938593058,-3.2331554585164985,4.273504273504273,1.0
7,"20MA, 50MA, RSI, Upper_BB, CCI, ATR",64,0.8,0.001,16,60,30,50,relu,0.08113876491306062,18.622496384683608,-2.5483373245032546,5.555555555555555,1.0
8,"20MA, 50MA, RSI, Upper_BB, CCI, ATR",32,0.30000000000000004,0.001,16,60,30,150,tanh,0.08040879605132038,18.142370511481527,-2.4847789393284248,8.11965811965812,1.0
9,"20MA, 50MA, RSI, Upper_BB, CCI, ATR",128,0.5,0.0001,64,60,30,100,sigmoid,0.0637902498442778,13.313519277723952,-1.1931923408988578,19.230769230769234,1.1508350157501828
10,"20MA, 50MA, RSI, Upper_BB, CCI, ATR",64,0.2,0.0001,32,60,30,150,tanh,0.05385048247922513,11.53856315383728,-0.562958014587261,21.367521367521366,0.9463610658174826
11,"20MA, 50MA, RSI, Upper_BB, CCI, ATR",64,0.2,0.0001,32,60,30,150,tanh,0.051718678519188224,10.976067748453495,-0.44166034728076564,23.931623931623932,0.959125174576223
12,"20MA, 50MA, RSI, Upper_BB, CCI, ATR",64,0.2,0.0001,32,60,30,150,tanh,0.050251367428075,10.510260849844599,-0.3610180428629848,28.205128205128204,0.8624163204825709
13,"20MA, 50MA, RSI, Upper_BB, CCI, ATR",64,0.30000000000000004,0.0001,32,60,30,150,tanh,0.052631716780735804,11.16645238567942,-0.4930116174427914,22.64957264957265,0.8839886237107619
14,"20MA, 50MA, RSI, Upper_BB, CCI, ATR",64,0.4,0.0001,32,60,30,150,tanh,0.049868142303719096,10.443601085541061,-0.3403385062725057,27.77777777777778,0.9146807988357124
15,"20MA, 50MA, RSI, Upper_BB, CCI, ATR",64,0.4,0.0001,32,60,30,150,tanh,0.05266193599768923,11.160928976815091,-0.49472657554016086,23.931623931623932,0.9045608376424232
16,"20MA, 50MA, RSI, Upper_BB, CCI, ATR",64,0.6000000000000001,0.0001,64,60,30,150,tanh,0.04540000277593552,9.47990853092,-0.11091255022560742,28.205128205128204,1.0358618661417
17,"20MA, 50MA, RSI, Upper_BB, CCI, ATR",64,0.6000000000000001,0.0001,64,60,30,150,tanh,0.044507977275199576,9.324699913978368,-0.067686691994159,28.63247863247863,1.119371929884643
18,"20MA, 50MA, RSI, Upper_BB, CCI, ATR",64,0.7,0.0001,64,60,30,150,tanh,0.04497231148326097,9.415733099195158,-0.09008040824844632,29.48717948717949,1.0949402079570876
19,"20MA, 50MA, RSI, Upper_BB, CCI, ATR",128,0.7,0.0001,64,60,30,100,sigmoid,0.0634631163676191,13.287637002142926,-1.1707554651466259,17.94871794871795,1.1214349219530215
20,"20MA, 50MA, RSI, Upper_BB, CCI, ATR",64,0.7,0.0001,64,60,30,150,tanh,0.04531930606947651,9.495911601374399,-0.10696685390361105,28.63247863247863,1.1377031123225436
21,"20MA, 50MA, RSI, Upper_BB, CCI, ATR",64,0.7,0.0001,64,60,30,150,tanh,0.045141680575739834,9.364228735848265,-0.09830651808850988,32.47863247863248,1.079890650092447
22,"20MA, 50MA, RSI, Upper_BB, CCI, ATR",64,0.6000000000000001,0.0001,64,60,30,150,tanh,0.04497344957026074,9.368746711377796,-0.09013558095351959,31.196581196581196,1.1035031124118058
23,"20MA, 50MA, RSI, Upper_BB, CCI, ATR",64,0.6000000000000001,0.0001,64,60,30,150,tanh,0.0448327020132928,9.213627245670292,-0.08332294682589869,32.9059829059829,1.059167838132677
24,"20MA, 50MA, RSI, Upper_BB, CCI, ATR",64,0.6000000000000001,0.0001,64,60,30,150,tanh,0.04359711632408734,9.163383068419739,-0.024433196004016944,32.9059829059829,1.1048095447389812
0,"20MA, 50MA, RSI, Upper_BB, CCI, Williams_%R",32,0.4,0.0005,32,60,1,150,tanh,0.01446967853156205,2.8430424675596226,0.8766760216380458,85.65400843881856,1.0327202605466619
1,"20MA, 50MA, RSI, Upper_BB, CCI, Williams_%R",64,0.8,0.001,64,60,1,50,sigmoid,0.058658010477159725,13.439504712171138,-1.0266764390535377,5.485232067510549,1.0089951794039274
2,"20MA, 50MA, RSI, Upper_BB, CCI, Williams_%R",64,0.2,0.001,32,60,1,50,sigmoid,0.05145045368753635,12.134710811034703,-0.5592228064744356,5.063291139240507,1.1057892768131274
3,"20MA, 50MA, RSI, Upper_BB, CCI, Williams_%R",32,0.8,0.0001,32,60,1,150,relu,0.026382841925744322,5.580736150355211,0.5900103324881882,52.320675105485236,1.0513742297673245
4,"20MA, 50MA, RSI, Upper_BB, CCI, Williams_%R",64,0.30000000000000004,0.0001,32,60,1,150,sigmoid,0.029806856804973192,6.171595751920619,0.476686277038068,47.257383966244724,0.9881970128572024
5,"20MA, 50MA, RSI, Upper_BB, CCI, Williams_%R",128,0.8,0.0001,64,60,1,150,relu,0.03355550044505099,7.397729925688108,0.3367806302279236,35.0210970464135,0.974432660824928
6,"20MA, 50MA, RSI, Upper_BB, CCI, Williams_%R",32,0.5,0.001,16,60,1,150,tanh,0.023220744118016418,5.0479146705707265,0.6823988790046573,56.118143459915615,0.895305377594118
7,"20MA, 50MA, RSI, Upper_BB, CCI, Williams_%R",128,0.4,0.0005,16,60,1,50,tanh,0.025171312682460353,5.565893928620899,0.6268001244598566,44.303797468354425,1.0040267162463803
8,"20MA, 50MA, RSI, Upper_BB, CCI, Williams_%R",128,0.6000000000000001,0.001,32,60,1,150,relu,0.022027327164146102,4.670011946351417,0.7142058297432873,57.80590717299579,1.0622446202107565
9,"20MA, 50MA, RSI, Upper_BB, CCI, Williams_%R",128,0.7,0.0005,64,60,1,100,sigmoid,0.059882106307392505,14.633850499647833,-1.1121458144971075,4.219409282700422,1.0
10,"20MA, 50MA, RSI, Upper_BB, CCI, Williams_%R",32,0.4,0.0005,32,60,1,100,tanh,0.014413243055614283,2.8449662644861444,0.8776361362390773,86.91983122362869,1.0338485396531774
11,"20MA, 50MA, RSI, Upper_BB, CCI, Williams_%R",32,0.4,0.0005,32,60,1,100,tanh,0.024904989567276364,5.405201827583098,0.6346555709620457,49.789029535864984,0.9418455829461642
12,"20MA, 50MA, RSI, Upper_BB, CCI, Williams_%R",32,0.4,0.0005,32,60,1,100,tanh,0.014611851087575444,2.799443313555603,0.8742406638279828,87.34177215189874,1.2352207991391189
13,"20MA, 50MA, RSI, Upper_BB, CCI, Williams_%R",32,0.2,0.0005,32,60,1,100,tanh,0.01594625461398128,3.1355329878091545,0.8502223026707759,79.74683544303798,1.0577536555860436
14,"20MA, 50MA, RSI, Upper_BB, CCI, Williams_%R",32,0.5,0.0005,32,60,1,100,tanh,0.019527979530940175,3.9589830233130967,0.7753820892148471,72.15189873417721,1.0602028179910554
15,"20MA, 50MA, RSI, Upper_BB, CCI, Williams_%R",32,0.30000000000000004,0.0005,16,60,1,150,tanh,0.024711940407113067,5.165752555176831,0.6402974993146542,52.320675105485236,1.0893899559964872
16,"20MA, 50MA, RSI, Upper_BB, CCI, Williams_%R",32,0.5,0.0005,32,60,1,100,tanh,0.017593334540083567,3.662303614127703,0.817683454631628,72.15189873417721,0.9350056153662887
17,"20MA, 50MA, RSI, Upper_BB, CCI, Williams_%R",32,0.6000000000000001,0.0005,32,60,1,150,tanh,0.013096813686459373,2.408483055353284,0.898967509245822,90.29535864978902,1.4678546993194659
18,"20MA, 50MA, RSI, Upper_BB, CCI, Williams_%R",32,0.6000000000000001,0.0005,64,60,1,100,tanh,0.02384087862035252,4.845781289254461,0.6652086147063202,62.869198312236286,1.06608980884054
19,"20MA, 50MA, RSI, Upper_BB, CCI, Williams_%R",64,0.6000000000000001,0.0001,16,60,1,50,relu,0.031135784514469307,6.404747780179747,0.4289825412257213,42.616033755274266,1.0850870864911928
20,"20MA, 50MA, RSI, Upper_BB, CCI, Williams_%R",32,0.7,0.0005,32,60,1,150,tanh,0.013147623515884948,2.462650376535346,0.8981820660857942,89.45147679324894,1.5099276663097223
21,"20MA, 50MA, RSI, Upper_BB, CCI, Williams_%R",32,0.7,0.0005,32,60,1,150,tanh,0.013873013611461935,2.7309323934763583,0.8866369855255682,86.91983122362869,0.9346696746687164
22,"20MA, 50MA, RSI, Upper_BB, CCI, Williams_%R",32,0.7,0.0005,32,60,1,150,tanh,0.01648717112015582,3.31200803708211,0.8398886747940625,76.79324894514767,0.9641783986235567
23,"20MA, 50MA, RSI, Upper_BB, CCI, Williams_%R",32,0.7,0.0005,32,60,1,150,tanh,0.012960869755015932,2.437171512902347,0.9010540428824828,89.87341772151899,1.2144100400149997
24,"20MA, 50MA, RSI, Upper_BB, CCI, Williams_%R",32,0.7,0.0005,32,60,1,150,tanh,0.014054241138395505,2.685501193666832,0.8836558468987685,87.76371308016878,1.081805707365866
0,"20MA, 50MA, RSI, Upper_BB, CCI, Williams_%R",64,0.6000000000000001,0.0001,16,60,30,100,tanh,0.059965664318863736,13.062653925362309,-0.9380876444887103,16.666666666666664,1.1057892768131274
1,"20MA, 50MA, RSI, Upper_BB, CCI, Williams_%R",64,0.8,0.0005,16,60,30,150,tanh,0.06315715369764291,13.747668225667717,-1.1498750181332653,17.094017094017094,1.0720384302523018
2,"20MA, 50MA, RSI, Upper_BB, CCI, Williams_%R",64,0.8,0.0005,64,60,30,100,sigmoid,0.049235595154403324,10.297142998248301,-0.3169584452901819,25.423728813559322,1.0002050651953227
3,"20MA, 50MA, RSI, Upper_BB, CCI, Williams_%R",128,0.8,0.0001,32,60,30,100,tanh,0.05584778351563753,12.08941834444351,-0.6810475473812834,17.52136752136752,0.9202457869015823
4,"20MA, 50MA, RSI, Upper_BB, CCI, Williams_%R",64,0.5,0.001,64,60,30,150,sigmoid,0.06199730839622014,13.728850099214865,-1.0716375982616535,13.675213675213676,0.9202457869015823
5,"20MA, 50MA, RSI, Upper_BB, CCI, Williams_%R",32,0.2,0.001,32,60,30,150,tanh,0.05751210877782637,12.037433205772373,-0.7827346197992633,20.085470085470085,1.1114661420909104
6,"20MA, 50MA, RSI, Upper_BB, CCI, Williams_%R",128,0.6000000000000001,0.001,16,60,30,150,sigmoid,0.13287762108997753,32.43432957224489,-8.516380599735593,0.0,1.0
7,"20MA, 50MA, RSI, Upper_BB, CCI, Williams_%R",128,0.4,0.0001,32,60,30,50,relu,0.06664992848961532,14.850717792590812,-1.3942389397624106,11.11111111111111,1.0969271163251277
8,"20MA, 50MA, RSI, Upper_BB, CCI, Williams_%R",128,0.30000000000000004,0.0005,32,60,30,100,tanh,0.055415002612079135,11.737912878924009,-0.6550946329712319,23.504273504273502,1.0241910954318296
9,"20MA, 50MA, RSI, Upper_BB, CCI, Williams_%R",128,0.30000000000000004,0.001,64,60,30,50,sigmoid,0.09570866519931258,22.443895167046666,-3.937085326150963,1.7094017094017095,1.0720384302523018
10,"20MA, 50MA, RSI, Upper_BB, CCI, Williams_%R",32,0.7,0.0005,64,60,30,100,relu,0.04484064978077581,9.334767910660279,-0.08370707544975109,33.76068376068376,1.0183389187815062
11,"20MA, 50MA, RSI, Upper_BB, CCI, Williams_%R",32,0.7,0.0005,64,60,30,100,relu,0.0448550302278592,9.281844380594698,-0.0844022790769352,34.18803418803419,1.0059527759638194
12,"20MA, 50MA, RSI, Upper_BB, CCI, Williams_%R",32,0.7,0.0005,64,60,30,100,relu,0.04485236234605444,9.385351561010069,-0.08427328703041326,33.33333333333333,0.9752102530569767
13,"20MA, 50MA, RSI, Upper_BB, CCI, Williams_%R",32,0.6000000000000001,0.0005,64,60,30,100,relu,0.04551266421398214,9.420919214474733,-0.11643291534365718,33.33333333333333,0.9889854867961805
14,"20MA, 50MA, RSI, Upper_BB, CCI, Williams_%R",32,0.7,0.0005,64,60,30,100,relu,0.045071276921882855,9.329622122739059,-0.09488331839898922,33.76068376068376,0.9503456360190781
15,"20MA, 50MA, RSI, Upper_BB, CCI, Williams_%R",32,0.7,0.0005,64,60,30,100,relu,0.04471483254962827,9.29885164930228,-0.07763411552804711,32.9059829059829,1.1141593305458244
16,"20MA, 50MA, RSI, Upper_BB, CCI, Williams_%R",32,0.5,0.0005,64,60,30,50,relu,0.04516892641328599,9.414481097209244,-0.09963271202621149,31.196581196581196,1.1121394403316196
17,"20MA, 50MA, RSI, Upper_BB, CCI, Williams_%R",32,0.7,0.0005,64,60,30,100,relu,0.044868480020744506,9.272433876044355,-0.08505269320617947,33.76068376068376,1.0284785599968593
18,"20MA, 50MA, RSI, Upper_BB, CCI, Williams_%R",32,0.6000000000000001,0.0005,64,60,30,100,relu,0.04524062930519897,9.360567198572529,-0.10312668162073724,32.9059829059829,1.0372009616158149
19,"20MA, 50MA, RSI, Upper_BB, CCI, Williams_%R",32,0.4,0.0001,16,60,30,50,relu,0.0632474639719242,13.860421520596534,-1.1560277531991483,13.247863247863249,0.895305377594118
20,"20MA, 50MA, RSI, Upper_BB, CCI, Williams_%R",32,0.5,0.0005,64,60,30,100,relu,0.04700424648135913,10.501186471692405,-0.19080953708521942,22.64957264957265,1.1153702678214026
21,"20MA, 50MA, RSI, Upper_BB, CCI, Williams_%R",32,0.7,0.0005,64,60,30,100,relu,0.04692814786186111,10.00455672716321,-0.18695688062134708,26.06837606837607,1.0040267162463803
22,"20MA, 50MA, RSI, Upper_BB, CCI, Williams_%R",32,0.7,0.0005,64,60,30,100,relu,0.04369863016857104,9.045684114304189,-0.029209439649430236,35.04273504273504,0.9878531902224679
23,"20MA, 50MA, RSI, Upper_BB, CCI, Williams_%R",32,0.8,0.0005,64,60,30,100,relu,0.04703384931661155,9.803363935243588,-0.19230993084386183,31.196581196581196,0.9107862370633495
24,"20MA, 50MA, RSI, Upper_BB, CCI, Williams_%R",32,0.6000000000000001,0.0005,64,60,30,100,relu,0.04484698390329897,9.283106651923484,-0.0840132627263126,33.33333333333333,1.1692292919169671
0,"20MA, 50MA, RSI, Upper_BB, CCI, OBV",32,0.7,0.0001,16,60,1,50,sigmoid,0.046909170383931026,10.742743871690417,-0.2961201596708827,13.080168776371309,0.9353060407655497
1,"20MA, 50MA, RSI, Upper_BB, CCI, OBV",64,0.30000000000000004,0.0005,32,60,1,100,relu,0.016381100217838514,3.2910888892691075,0.8419422134759975,81.85654008438819,1.2052580429158142
2,"20MA, 50MA, RSI, Upper_BB, CCI, OBV",64,0.6000000000000001,0.001,32,60,1,50,tanh,0.017683284221571175,3.5826567943222885,0.8158144243293198,79.74683544303798,0.9169366023955734
3,"20MA, 50MA, RSI, Upper_BB, CCI, OBV",64,0.5,0.0001,64,60,1,150,tanh,0.02337915332560386,4.660486342501307,0.678050822858175,69.19831223628692,0.8663301893089042
4,"20MA, 50MA, RSI, Upper_BB, CCI, OBV",128,0.7,0.0005,32,60,1,150,tanh,0.014451829075491172,2.8476393717957227,0.8769800931092183,86.91983122362869,0.9437678981010972
5,"20MA, 50MA, RSI, Upper_BB, CCI, OBV",128,0.8,0.001,16,60,1,150,tanh,0.014870420933308964,2.8510958585232884,0.8697504338361192,84.38818565400844,1.1615187421265303
6,"20MA, 50MA, RSI, Upper_BB, CCI, OBV",128,0.4,0.0001,64,60,1,100,relu,0.03476446253272978,8.093887273981647,0.2881298213533575,21.09704641350211,0.974432660824928
7,"20MA, 50MA, RSI, Upper_BB, CCI, OBV",128,0.4,0.0001,64,60,1,150,relu,0.04102357710927691,9.690691948816099,0.008718926424731266,15.18987341772152,0.9099946472991586
8,"20MA, 50MA, RSI, Upper_BB, CCI, OBV",128,0.2,0.001,64,60,1,100,tanh,0.03093432628235765,7.284305768391517,0.43634795755321754,23.20675105485232,0.9194656750723983
9,"20MA, 50MA, RSI, Upper_BB, CCI, OBV",128,0.2,0.0001,32,60,1,50,tanh,0.02705557564555569,5.733071102128518,0.5688351799770373,49.36708860759494,1.085265974816907
10,"20MA, 50MA, RSI, Upper_BB, CCI, OBV",32,0.8,0.0005,32,60,1,150,sigmoid,0.024415988413911637,5.354983486780688,0.6488615550587125,52.320675105485236,0.9682955895027171
11,"20MA, 50MA, RSI, Upper_BB, CCI, OBV",128,0.8,0.0005,16,60,1,150,tanh,0.012147761578323441,2.3404430133119107,0.9130794871400812,90.71729957805907,0.9849146864035869
12,"20MA, 50MA, RSI, Upper_BB, CCI, OBV",128,0.7,0.0005,16,60,1,150,tanh,0.025755008326127565,5.370113880731802,0.6092912384065707,50.63291139240506,0.9770088402550333
13,"20MA, 50MA, RSI, Upper_BB, CCI, OBV",128,0.7,0.0005,16,60,1,150,tanh,0.012729789581568575,2.430256906064232,0.9045508179449366,90.71729957805907,1.0732461374253601
14,"20MA, 50MA, RSI, Upper_BB, CCI, OBV",128,0.6000000000000001,0.0005,16,60,1,150,tanh,0.012010639633842623,2.303918372326826,0.9150307011871808,91.56118143459916,1.16012928330151
15,"20MA, 50MA, RSI, Upper_BB, CCI, OBV",32,0.6000000000000001,0.0005,16,60,1,150,sigmoid,0.021523915220662618,4.563588843284197,0.7271196228642336,62.869198312236286,1.030046908198181
16,"20MA, 50MA, RSI, Upper_BB, CCI, OBV",128,0.5,0.0005,16,60,1,150,tanh,0.013961676341502081,2.7963604280539673,0.8851833442406887,87.34177215189874,0.9508668291712831
17,"20MA, 50MA, RSI, Upper_BB, CCI, OBV",128,0.8,0.0005,16,60,1,150,tanh,0.01389731987479821,2.7655804039873293,0.8862394013825282,87.76371308016878,0.9603309567106315
18,"20MA, 50MA, RSI, Upper_BB, CCI, OBV",32,0.6000000000000001,0.0005,16,60,1,50,relu,0.024674189971413112,5.068295345790745,0.6413956368291738,54.43037974683544,0.9368143170957334
19,"20MA, 50MA, RSI, Upper_BB, CCI, OBV",64,0.6000000000000001,0.0005,16,60,1,100,sigmoid,0.017891234269794526,3.390820919597657,0.811457020436698,77.63713080168776,1.0256803595358923
20,"20MA, 50MA, RSI, Upper_BB, CCI, OBV",128,0.8,0.001,16,60,1,150,tanh,0.011656977940888307,2.2229365933792766,0.9199609896050405,91.9831223628692,1.158249090534113
21,"20MA, 50MA, RSI, Upper_BB, CCI, OBV",128,0.8,0.001,16,60,1,150,tanh,0.011889230357184517,2.310391344643791,0.9167398393489729,92.40506329113924,1.3913797014077436
22,"20MA, 50MA, RSI, Upper_BB, CCI, OBV",128,0.7,0.001,16,60,1,150,tanh,0.012353772755091705,2.3289790975917084,0.9101063576437751,90.29535864978902,1.1510601818210444
23,"20MA, 50MA, RSI, Upper_BB, CCI, OBV",128,0.8,0.001,16,60,1,150,tanh,0.011080599474381302,2.0849211897649345,0.9276803567838089,90.71729957805907,0.9676266929730429
24,"20MA, 50MA, RSI, Upper_BB, CCI, OBV",128,0.8,0.001,16,60,1,150,tanh,0.013509367498891435,2.653226692379531,0.8925021462956608,87.34177215189874,1.071652454098658
0,"20MA, 50MA, RSI, Upper_BB, CCI, OBV",64,0.2,0.0001,32,60,30,100,tanh,0.050354504703126864,10.661440700473825,-0.3666105570878142,23.504273504273502,0.9285470414347663
1,"20MA, 50MA, RSI, Upper_BB, CCI, OBV",32,0.8,0.001,64,60,30,150,sigmoid,0.048454254867552456,10.165761046774414,-0.2654120128374018,26.06837606837607,0.9266278519737918
2,"20MA, 50MA, RSI, Upper_BB, CCI, OBV",32,0.5,0.0001,32,60,30,100,tanh,0.04809925006551123,10.088483777262553,-0.2469376110132735,27.350427350427353,0.9255479654857071
3,"20MA, 50MA, RSI, Upper_BB, CCI, OBV",128,0.4,0.0001,64,60,30,150,relu,0.04195531716537787,8.82734065446515,0.051271097422328826,34.18803418803419,1.2929599879564984
4,"20MA, 50MA, RSI, Upper_BB, CCI, OBV",128,0.2,0.001,32,60,30,150,sigmoid,0.11114583276431357,27.07158568317853,-5.658163913806277,0.0,1.0
5,"20MA, 50MA, RSI, Upper_BB, CCI, OBV",128,0.2,0.001,16,60,30,150,sigmoid,0.12929611414295566,31.419870523438213,-8.010296032709352,0.0,1.0
6,"20MA, 50MA, RSI, Upper_BB, CCI, OBV",32,0.6000000000000001,0.001,32,60,30,150,sigmoid,0.09414223037241065,22.409729503376795,-3.7768002474515665,3.418803418803419,1.0
7,"20MA, 50MA, RSI, Upper_BB, CCI, OBV",32,0.4,0.0005,64,60,30,100,relu,0.042527289652964394,8.846776406434929,0.025226925129271605,33.76068376068376,0.9732434971174896
8,"20MA, 50MA, RSI, Upper_BB, CCI, OBV",32,0.8,0.0001,32,60,30,50,relu,0.04953791240056972,10.329085864268468,-0.32264567446476367,25.64102564102564,1.028592916055267
9,"20MA, 50MA, RSI, Upper_BB, CCI, OBV",32,0.30000000000000004,0.001,32,60,30,150,relu,0.05319287161575703,11.202429508717847,-0.525018060405972,23.504273504273502,0.9951016140277801
10,"20MA, 50MA, RSI, Upper_BB, CCI, OBV",128,0.6000000000000001,0.0005,64,60,30,50,relu,0.06819337917251735,15.362992364576094,-1.506412439201275,8.547008547008547,1.0
11,"20MA, 50MA, RSI, Upper_BB, CCI, OBV",128,0.4,0.0005,64,60,30,100,relu,0.04497139785978093,9.417876113129742,-0.09003611819943402,29.48717948717949,0.9308598324658957
12,"20MA, 50MA, RSI, Upper_BB, CCI, OBV",64,0.4,0.0005,64,60,30,100,relu,0.0594706558530064,12.709520950731386,-0.9062224073276715,17.94871794871795,0.9324430213463267
13,"20MA, 50MA, RSI, Upper_BB, CCI, OBV",128,0.4,0.0005,64,60,30,100,relu,0.059526300403991865,13.071967583401914,-0.909791243479483,15.81196581196581,0.895305377594118
14,"20MA, 50MA, RSI, Upper_BB, CCI, OBV",64,0.5,0.0001,16,60,30,50,relu,0.07574598728478173,17.291628104307087,-2.1169723439165935,6.779661016949152,1.041480420738682
15,"20MA, 50MA, RSI, Upper_BB, CCI, OBV",32,0.30000000000000004,0.0005,64,60,30,150,relu,0.04105657692846868,8.540282090207183,0.0914818890634912,30.76923076923077,1.06331483562873
16,"20MA, 50MA, RSI, Upper_BB, CCI, OBV",128,0.30000000000000004,0.0001,64,60,30,150,tanh,0.04188822796709984,8.720584972183902,0.05430282622346361,32.47863247863248,1.0489046778554019
17,"20MA, 50MA, RSI, Upper_BB, CCI, OBV",32,0.30000000000000004,0.0005,64,60,30,150,tanh,0.04289318643463512,8.951066075381124,0.008381239509114291,33.33333333333333,1.0007371411962847
18,"20MA, 50MA, RSI, Upper_BB, CCI, OBV",128,0.30000000000000004,0.0001,16,60,30,150,tanh,0.048047009012058446,10.164656886124082,-0.24423046032012086,26.06837606837607,1.1159417008625692
19,"20MA, 50MA, RSI, Upper_BB, CCI, OBV",64,0.30000000000000004,0.0001,64,60,30,150,tanh,0.042406598695566976,8.957922699792936,0.030751817901810807,32.05128205128205,1.3897060212725154
20,"20MA, 50MA, RSI, Upper_BB, CCI, OBV",128,0.5,0.0005,64,60,30,150,tanh,0.04353555968775079,9.20859861792752,-0.02154235605927779,29.48717948717949,1.0795278723042274
21,"20MA, 50MA, RSI, Upper_BB, CCI, OBV",128,0.30000000000000004,0.0001,64,60,30,150,relu,0.04569021884788236,9.500834792679056,-0.12516079386170342,29.48717948717949,1.1321338733146424
22,"20MA, 50MA, RSI, Upper_BB, CCI, OBV",128,0.4,0.0001,64,60,30,150,relu,0.04152598853433558,8.764271200544448,0.0705884318727088,33.33333333333333,1.154470821153165
23,"20MA, 50MA, RSI, Upper_BB, CCI, OBV",128,0.6000000000000001,0.0001,64,60,30,150,tanh,0.03943353012194121,8.388745376765415,0.16189307574087997,32.47863247863248,1.1192015387170844
24,"20MA, 50MA, RSI, Upper_BB, CCI, OBV",128,0.7,0.0001,64,60,30,150,relu,0.04439710003672571,9.29884810947706,-0.06237372547582609,30.76923076923077,1.1465471458557737
0,"20MA, 50MA, RSI, Upper_BB, ATR, Williams_%R",128,0.7,0.0005,64,60,1,50,tanh,0.023906377933155885,4.94893907554627,0.6633665073888215,61.60337552742617,0.8952124417207642
1,"20MA, 50MA, RSI, Upper_BB, ATR, Williams_%R",128,0.30000000000000004,0.0005,16,60,1,150,sigmoid,0.22820353547749542,59.306990600762155,-29.674288513924246,0.0,1.0
2,"20MA, 50MA, RSI, Upper_BB, ATR, Williams_%R",32,0.4,0.001,64,60,1,100,sigmoid,0.03543874487559978,8.014505666708379,0.26024752732587564,29.11392405063291,0.8889373617660532
3,"20MA, 50MA, RSI, Upper_BB, ATR, Williams_%R",32,0.6000000000000001,0.0005,64,60,1,150,relu,0.026868633377982388,5.661291445428262,0.5747729182534411,50.63291139240506,0.9655439028531627
4,"20MA, 50MA, RSI, Upper_BB, ATR, Williams_%R",64,0.4,0.0005,32,60,1,100,sigmoid,0.022029493868421096,4.5124185719683085,0.714149603048055,62.869198312236286,1.0582774425398682
5,"20MA, 50MA, RSI, Upper_BB, ATR, Williams_%R",32,0.6000000000000001,0.0001,64,60,1,50,tanh,0.022396854116135453,4.316305770570259,0.7045365235383465,72.15189873417721,1.39279648966144
6,"20MA, 50MA, RSI, Upper_BB, ATR, Williams_%R",128,0.5,0.001,16,60,1,150,sigmoid,0.15025796169685582,37.75689386292378,-12.29856399304427,0.0,1.0
7,"20MA, 50MA, RSI, Upper_BB, ATR, Williams_%R",64,0.2,0.0001,64,60,1,50,relu,0.023926915270089034,4.595803012298519,0.6627878730924517,63.71308016877637,1.3125792359561017
8,"20MA, 50MA, RSI, Upper_BB, ATR, Williams_%R",128,0.7,0.0005,32,60,1,150,relu,0.02143416713618856,4.3487885982670536,0.7293905324076543,64.13502109704642,0.9655174393633577
9,"20MA, 50MA, RSI, Upper_BB, ATR, Williams_%R",64,0.5,0.0005,32,60,1,150,sigmoid,0.027851943702391226,5.793912825661542,0.5430793579131966,46.41350210970464,1.1503519383025775
10,"20MA, 50MA, RSI, Upper_BB, ATR, Williams_%R",128,0.8,0.0001,32,60,1,150,relu,0.02473393048257558,5.129005553638563,0.6396570474250611,57.383966244725734,0.8706015199725922
11,"20MA, 50MA, RSI, Upper_BB, ATR, Williams_%R",64,0.8,0.0005,32,60,1,100,relu,0.021357647777839543,4.338778982563954,0.7313192195584576,65.40084388185655,0.8878134745351257
12,"20MA, 50MA, RSI, Upper_BB, ATR, Williams_%R",64,0.8,0.0005,32,60,1,100,relu,0.022649122988854114,4.59406710404212,0.6978430825417521,65.40084388185655,0.8760438036528209
13,"20MA, 50MA, RSI, Upper_BB, ATR, Williams_%R",128,0.7,0.0005,32,60,1,100,relu,0.0318581435098974,7.339633071278792,0.40217965663556443,26.160337552742618,1.1057892768131274
14,"20MA, 50MA, RSI, Upper_BB, ATR, Williams_%R",64,0.7,0.0005,32,60,1,100,relu,0.01567958857767444,3.0989172501051243,0.8551898221642023,83.12236286919831,1.0439502753493337
15,"20MA, 50MA, RSI, Upper_BB, ATR, Williams_%R",64,0.8,0.001,32,60,1,100,relu,0.019297865424060784,3.870794227849256,0.7806446111664872,73.41772151898735,1.0127280092496524
16,"20MA, 50MA, RSI, Upper_BB, ATR, Williams_%R",64,0.6000000000000001,0.001,16,60,1,100,relu,0.014236789798907775,2.7746407524492294,0.8796688476258835,87.86610878661088,1.0030080817149536
17,"20MA, 50MA, RSI, Upper_BB, ATR, Williams_%R",64,0.6000000000000001,0.001,16,60,1,100,tanh,0.017946886886803806,3.400594906578675,0.8102822295040695,76.79324894514767,1.087668339730527
18,"20MA, 50MA, RSI, Upper_BB, ATR, Williams_%R",64,0.6000000000000001,0.001,16,60,1,100,relu,0.02163103385847413,4.584941576451874,0.7243967622443418,65.40084388185655,0.9136261716983306
19,"20MA, 50MA, RSI, Upper_BB, ATR, Williams_%R",64,0.7,0.001,16,60,1,100,relu,0.015082840179091474,2.8602656011014207,0.8660027086617355,86.07594936708861,1.0523847199654561
20,"20MA, 50MA, RSI, Upper_BB, ATR, Williams_%R",64,0.4,0.001,16,60,1,100,tanh,0.01812353686602086,3.5720042174233613,0.8065290909613241,76.79324894514767,1.1603826004956324
21,"20MA, 50MA, RSI, Upper_BB, ATR, Williams_%R",64,0.7,0.001,16,60,1,100,relu,0.017259161876082472,3.275542865307976,0.8245436198167071,81.85654008438819,0.9831962396937317
22,"20MA, 50MA, RSI, Upper_BB, ATR, Williams_%R",64,0.5,0.001,16,60,1,100,relu,0.020178974141833873,4.105333246838545,0.7601565134884922,65.40084388185655,1.0109560137527154
23,"20MA, 50MA, RSI, Upper_BB, ATR, Williams_%R",64,0.7,0.001,16,60,1,100,relu,0.016767086324680304,3.362331894378176,0.8344058608956662,80.16877637130801,1.0273943338318932
24,"20MA, 50MA, RSI, Upper_BB, ATR, Williams_%R",64,0.6000000000000001,0.001,16,60,1,100,relu,0.0263228539880491,5.894160977527977,0.5918726393560045,43.037974683544306,1.041480420738682
0,"20MA, 50MA, RSI, Upper_BB, ATR, Williams_%R",32,0.6000000000000001,0.0005,32,60,30,150,sigmoid,0.060187862877989724,13.268180988882383,-0.9524771502377583,18.37606837606838,1.142743275475688
1,"20MA, 50MA, RSI, Upper_BB, ATR, Williams_%R",128,0.7,0.0005,64,60,30,100,relu,0.05762075966826282,12.62905500817384,-0.7894768057936743,18.803418803418804,0.9631585163316421
2,"20MA, 50MA, RSI, Upper_BB, ATR, Williams_%R",32,0.2,0.001,32,60,30,100,sigmoid,0.08868579412214143,20.844010507183082,-3.2391250955824464,3.418803418803419,1.0
3,"20MA, 50MA, RSI, Upper_BB, ATR, Williams_%R",64,0.30000000000000004,0.0001,16,60,30,100,sigmoid,0.07063885249927893,15.792736951381519,-1.7108217345798158,8.050847457627118,1.0
4,"20MA, 50MA, RSI, Upper_BB, ATR, Williams_%R",128,0.2,0.0001,16,60,30,100,tanh,0.061543352147076,13.432752577179302,-1.0414108080141644,16.666666666666664,0.8885503047888927
5,"20MA, 50MA, RSI, Upper_BB, ATR, Williams_%R",64,0.7,0.0005,16,60,30,50,tanh,0.06739624190684704,15.007314474606591,-1.4481581813300344,11.11111111111111,1.0
6,"20MA, 50MA, RSI, Upper_BB, ATR, Williams_%R",128,0.30000000000000004,0.001,32,60,30,150,sigmoid,0.2626170907092295,68.22318669384208,-36.17184230392906,0.0,1.0
7,"20MA, 50MA, RSI, Upper_BB, ATR, Williams_%R",128,0.5,0.001,16,60,30,150,sigmoid,0.14166026657217728,34.91517570797744,-9.815938861700797,0.0,1.0
8,"20MA, 50MA, RSI, Upper_BB, ATR, Williams_%R",64,0.2,0.0001,64,60,30,100,tanh,0.04367286593041492,9.256212858258102,-0.027996175983934002,29.059829059829063,1.090316195504156
9,"20MA, 50MA, RSI, Upper_BB, ATR, Williams_%R",32,0.8,0.001,16,60,30,100,relu,0.0748771959614214,16.966236998566902,-2.0218107302154094,8.547008547008547,1.0
10,"20MA, 50MA, RSI, Upper_BB, ATR, Williams_%R",64,0.4,0.0001,64,60,30,50,tanh,0.0466759751801109,10.042917672896639,-0.17423471250870026,27.350427350427353,1.0048289846647303
11,"20MA, 50MA, RSI, Upper_BB, ATR, Williams_%R",64,0.4,0.0001,64,60,30,50,tanh,0.04459469282437569,9.55078048604745,-0.0718511243461073,27.350427350427353,1.04185717210714
12,"20MA, 50MA, RSI, Upper_BB, ATR, Williams_%R",64,0.4,0.0001,64,60,30,50,tanh,0.04633491579517297,9.947026665192595,-0.15713723963256565,24.358974358974358,0.9707853356472353
13,"20MA, 50MA, RSI, Upper_BB, ATR, Williams_%R",64,0.4,0.0001,64,60,30,50,tanh,0.045181719343301285,9.674060617898643,-0.1002556852768901,26.06837606837607,1.0425784805532639
14,"20MA, 50MA, RSI, Upper_BB, ATR, Williams_%R",64,0.30000000000000004,0.0001,64,60,30,50,tanh,0.0453406995374593,9.706795303153113,-0.1080122119039999,24.786324786324787,0.9399657183413079
15,"20MA, 50MA, RSI, Upper_BB, ATR, Williams_%R",64,0.5,0.0001,64,60,30,100,tanh,0.04451819569933355,9.465965106217473,-0.0681770008570286,26.06837606837607,1.1372880896941957
16,"20MA, 50MA, RSI, Upper_BB, ATR, Williams_%R",64,0.6000000000000001,0.0001,64,60,30,100,tanh,0.045133895275253216,9.543512475927104,-0.09792771478200013,26.923076923076923,1.004242839847026
17,"20MA, 50MA, RSI, Upper_BB, ATR, Williams_%R",64,0.5,0.0001,64,60,30,100,relu,0.045178134908938204,9.467181831600225,-0.10008111742485437,29.48717948717949,1.0596932549145295
18,"20MA, 50MA, RSI, Upper_BB, ATR, Williams_%R",64,0.2,0.0001,64,60,30,100,tanh,0.04424768676921225,9.367355246550954,-0.05523516772053205,28.205128205128204,1.0664309373428322
19,"20MA, 50MA, RSI, Upper_BB, ATR, Williams_%R",32,0.2,0.0005,64,60,30,100,tanh,0.048980690020621206,10.358293026781224,-0.29305772232876537,26.06837606837607,0.8788071677936565
20,"20MA, 50MA, RSI, Upper_BB, ATR, Williams_%R",64,0.2,0.0001,32,60,30,100,relu,0.056339001747863535,12.077987462199372,-0.7107494517564437,21.367521367521366,0.8937071431846816
21,"20MA, 50MA, RSI, Upper_BB, ATR, Williams_%R",64,0.30000000000000004,0.0001,64,60,30,100,tanh,0.044860955941867,9.486030890685532,-0.08468881470946465,29.48717948717949,1.171797530997233
22,"20MA, 50MA, RSI, Upper_BB, ATR, Williams_%R",64,0.2,0.0001,64,60,30,100,tanh,0.045073092523292224,9.492675763715232,-0.09497153031000471,28.205128205128204,1.0676117702496235
23,"20MA, 50MA, RSI, Upper_BB, ATR, Williams_%R",64,0.6000000000000001,0.0001,64,60,30,100,tanh,0.04460173982435373,9.433918315234274,-0.07218990598906583,26.495726495726498,1.1186829167651595
24,"20MA, 50MA, RSI, Upper_BB, ATR, Williams_%R",64,0.30000000000000004,0.0001,64,60,30,100,tanh,0.04459120861521388,9.460917933483543,-0.07168364219163537,26.923076923076923,1.0534661139791945
0,"20MA, 50MA, RSI, Upper_BB, ATR, OBV",128,0.30000000000000004,0.001,64,60,1,100,tanh,0.03942439248704461,9.484286761285034,0.08449698134963424,8.860759493670885,1.041480420738682
1,"20MA, 50MA, RSI, Upper_BB, ATR, OBV",128,0.2,0.0005,64,60,1,150,relu,0.027065185686255037,6.075066157534267,0.5685288292711541,41.77215189873418,0.8843555898848366
2,"20MA, 50MA, RSI, Upper_BB, ATR, OBV",128,0.2,0.001,16,60,1,150,sigmoid,0.15825923764328617,39.997200579870935,-13.752577329274446,0.0,1.0
3,"20MA, 50MA, RSI, Upper_BB, ATR, OBV",32,0.7,0.0005,16,60,1,50,sigmoid,0.022779387902568372,4.513744547633741,0.6943574169571655,66.66666666666666,0.9270468238351511
4,"20MA, 50MA, RSI, Upper_BB, ATR, OBV",128,0.8,0.0001,32,60,1,50,sigmoid,0.07943657985140329,19.342181932234944,-2.7168140633869786,2.109704641350211,1.1114661420909104
5,"20MA, 50MA, RSI, Upper_BB, ATR, OBV",32,0.4,0.0005,64,60,1,150,tanh,0.03130973925600079,6.558702982428338,0.4225842007771424,44.72573839662447,1.1350458426069387
6,"20MA, 50MA, RSI, Upper_BB, ATR, OBV",128,0.7,0.0005,16,60,1,150,sigmoid,0.018089088741848194,3.56842964904604,0.8072638676231401,76.37130801687763,0.9512423369354194
7,"20MA, 50MA, RSI, Upper_BB, ATR, OBV",64,0.4,0.001,64,60,1,150,tanh,0.024849217009016638,5.286199977042255,0.6362900529233249,51.47679324894515,0.9665841543753244
8,"20MA, 50MA, RSI, Upper_BB, ATR, OBV",32,0.2,0.001,16,60,1,50,relu,0.02107891525220445,4.311375122377103,0.7382864089123385,67.08860759493672,0.7557043166633813
9,"20MA, 50MA, RSI, Upper_BB, ATR, OBV",128,0.6000000000000001,0.0001,64,60,1,50,sigmoid,0.05330009084811803,11.968522742287183,-0.6733456521945573,10.548523206751055,1.1508350157501828
10,"20MA, 50MA, RSI, Upper_BB, ATR, OBV",64,0.6000000000000001,0.0005,32,60,1,100,sigmoid,0.08487596717357165,21.37983411191856,-3.2432559944904646,0.8438818565400843,1.0
11,"20MA, 50MA, RSI, Upper_BB, ATR, OBV",32,0.8,0.001,16,60,1,50,relu,0.01482755893579469,2.7789620304844362,0.8705002055920009,84.81012658227847,1.1190955646373235
12,"20MA, 50MA, RSI, Upper_BB, ATR, OBV",32,0.8,0.001,16,60,1,150,relu,0.021537795333889245,4.462512464824883,0.7267675650020744,63.71308016877637,0.9373175107954532
13,"20MA, 50MA, RSI, Upper_BB, ATR, OBV",32,0.7,0.0005,16,60,1,50,relu,0.020915473904509704,4.1885770354107335,0.7423292154961193,70.88607594936708,0.8174797685670655
14,"20MA, 50MA, RSI, Upper_BB, ATR, OBV",64,0.7,0.0001,16,60,1,100,relu,0.023510335741122195,4.983933377320632,0.6744277181527802,59.07172995780591,0.8949891046645656
15,"20MA, 50MA, RSI, Upper_BB, ATR, OBV",128,0.8,0.001,16,60,1,150,sigmoid,0.16479668526187682,41.830201920573984,-14.99656389707898,0.0,1.0
16,"20MA, 50MA, RSI, Upper_BB, ATR, OBV",32,0.6000000000000001,0.0005,16,60,1,50,relu,0.02288534954294947,4.721680076528276,0.6915073215452923,64.9789029535865,0.7923716430880662
17,"20MA, 50MA, RSI, Upper_BB, ATR, OBV",128,0.5,0.001,32,60,1,50,relu,0.016278774454455188,3.144149417718793,0.8439106855965652,81.85654008438819,1.0390424727172367
18,"20MA, 50MA, RSI, Upper_BB, ATR, OBV",32,0.5,0.001,32,60,1,50,relu,0.017085899873551823,3.362952020950453,0.8280486954380671,82.27848101265823,0.8401952455560994
19,"20MA, 50MA, RSI, Upper_BB, ATR, OBV",64,0.5,0.001,32,60,1,50,relu,0.018310947203938742,3.722596333674803,0.8025071477988084,75.9493670886076,0.7572511066001858
20,"20MA, 50MA, RSI, Upper_BB, ATR, OBV",128,0.4,0.001,32,60,1,50,relu,0.016066395948377596,3.1524947768546996,0.8479569081463769,83.54430379746836,0.7784734890122241
21,"20MA, 50MA, RSI, Upper_BB, ATR, OBV",128,0.4,0.001,32,60,1,50,relu,0.022115602157459613,4.5600845023342735,0.7119105871004996,62.447257383966246,0.7372664745618723
22,"20MA, 50MA, RSI, Upper_BB, ATR, OBV",128,0.5,0.001,32,60,1,50,relu,0.019713837787799105,3.9835546394741628,0.7710861242346921,70.88607594936708,0.8219280114102747
23,"20MA, 50MA, RSI, Upper_BB, ATR, OBV",128,0.30000000000000004,0.001,32,60,1,50,relu,0.018186116911158408,3.6815820187620023,0.8051906853740032,75.9493670886076,0.7116848084331601
24,"20MA, 50MA, RSI, Upper_BB, ATR, OBV",128,0.30000000000000004,0.001,32,60,1,50,relu,0.01648618549065131,3.2546996202908485,0.839907817644937,81.43459915611815,1.1217476059823215
0,"20MA, 50MA, RSI, Upper_BB, ATR, OBV",128,0.4,0.0001,64,60,30,150,relu,0.04783691029023629,10.261736128442317,-0.2333727737091129,26.923076923076923,1.0825749279438106
1,"20MA, 50MA, RSI, Upper_BB, ATR, OBV",128,0.4,0.001,32,60,30,50,sigmoid,0.25877816545204496,67.27053730356775,-35.09303259479754,0.0,1.0
2,"20MA, 50MA, RSI, Upper_BB, ATR, OBV",64,0.30000000000000004,0.0005,16,60,30,50,relu,0.08150887078694274,18.828896960113877,-2.5807818813550365,4.273504273504273,1.0
3,"20MA, 50MA, RSI, Upper_BB, ATR, OBV",32,0.2,0.0005,16,60,30,50,tanh,0.0846019417211105,19.72080897471101,-2.8577028848521127,3.8461538461538463,1.0
4,"20MA, 50MA, RSI, Upper_BB, ATR, OBV",128,0.6000000000000001,0.0001,16,60,30,150,tanh,0.06792163775048975,15.041130548453202,-1.486476807600741,14.102564102564102,1.0
5,"20MA, 50MA, RSI, Upper_BB, ATR, OBV",64,0.6000000000000001,0.001,64,60,30,100,sigmoid,0.06558600714050278,14.510314083603607,-1.3184113711972691,11.11111111111111,1.041480420738682
6,"20MA, 50MA, RSI, Upper_BB, ATR, OBV",32,0.8,0.0001,16,60,30,50,relu,0.060483036187565196,13.079403125671702,-0.9716747860006367,16.666666666666664,1.0
7,"20MA, 50MA, RSI, Upper_BB, ATR, OBV",128,0.5,0.001,64,60,30,50,relu,0.049917431595283536,10.550000398905256,-0.3429893763919827,22.64957264957265,0.9336724952142748
8,"20MA, 50MA, RSI, Upper_BB, ATR, OBV",128,0.7,0.0005,64,60,30,100,relu,0.045054561192653594,9.62328998715713,-0.0940713432112874,29.059829059829063,0.9388263472724455
9,"20MA, 50MA, RSI, Upper_BB, ATR, OBV",64,0.7,0.0001,64,60,30,150,sigmoid,0.04352726360783462,9.681269161952814,-0.02115306557530494,27.77777777777778,1.33804307256236
10,"20MA, 50MA, RSI, Upper_BB, ATR, OBV",64,0.8,0.0001,32,60,30,150,sigmoid,0.05719918124497743,12.395615114617181,-0.7633874227823179,19.230769230769234,0.8845283345674683
11,"20MA, 50MA, RSI, Upper_BB, ATR, OBV",64,0.7,0.0005,64,60,30,100,sigmoid,0.05466946407589175,11.558503927302555,-0.6108598140564967,21.794871794871796,0.9413731505606642
12,"20MA, 50MA, RSI, Upper_BB, ATR, OBV",128,0.7,0.0005,64,60,30,100,relu,0.047020371606739136,9.98340730604574,-0.191626707796674,26.06837606837607,0.9132100111505653
13,"20MA, 50MA, RSI, Upper_BB, ATR, OBV",64,0.7,0.0005,64,60,30,100,sigmoid,0.06241159745480896,14.050119922684331,-1.0994170102405603,13.675213675213676,0.8565112792431668
14,"20MA, 50MA, RSI, Upper_BB, ATR, OBV",32,0.6000000000000001,0.0001,64,60,30,150,tanh,0.03516671519998563,7.545273725012075,0.3334515499841796,35.8974358974359,1.0892764186932626
15,"20MA, 50MA, RSI, Upper_BB, ATR, OBV",32,0.5,0.0001,64,60,30,150,tanh,0.035980579555621076,7.587206294405231,0.302242644774915,37.17948717948718,1.272923399646693
16,"20MA, 50MA, RSI, Upper_BB, ATR, OBV",32,0.5,0.0001,32,60,30,150,tanh,0.045112093596667895,9.43709902819251,-0.096867275138389,29.059829059829063,1.1740681868456386
17,"20MA, 50MA, RSI, Upper_BB, ATR, OBV",32,0.4,0.0001,64,60,30,150,tanh,0.0365003977055372,7.8434549857878775,0.2819357464750796,34.61538461538461,1.232882511239442
18,"20MA, 50MA, RSI, Upper_BB, ATR, OBV",32,0.6000000000000001,0.0001,64,60,30,150,tanh,0.0360287434966667,7.640729752928818,0.30037334540909644,37.17948717948718,1.1058658881591232
19,"20MA, 50MA, RSI, Upper_BB, ATR, OBV",32,0.5,0.0001,32,60,30,150,tanh,0.04361684273824379,9.107022408288396,-0.025360457578011086,29.059829059829063,1.2379706115772566
20,"20MA, 50MA, RSI, Upper_BB, ATR, OBV",32,0.30000000000000004,0.0001,64,60,30,150,tanh,0.039197983249898545,8.381197012408794,0.17187563943742745,30.76923076923077,1.1852441790564796
21,"20MA, 50MA, RSI, Upper_BB, ATR, OBV",32,0.6000000000000001,0.0001,64,60,30,150,tanh,0.03646032292640372,7.84193006810071,0.2835116454268133,32.9059829059829,1.0044276750640453
22,"20MA, 50MA, RSI, Upper_BB, ATR, OBV",32,0.6000000000000001,0.0001,64,60,30,150,tanh,0.03684540554813839,7.750628538170552,0.2682970661270627,35.8974358974359,1.3439711333669904
23,"20MA, 50MA, RSI, Upper_BB, ATR, OBV",32,0.6000000000000001,0.0001,64,60,30,150,tanh,0.036623582265149494,7.843434569238249,0.27708080263484935,32.9059829059829,1.0226059148583957
24,"20MA, 50MA, RSI, Upper_BB, ATR, OBV",32,0.5,0.0001,64,60,30,150,tanh,0.037721479903419224,8.065470235262758,0.2330879530191161,33.76068376068376,1.1582906956979273
0,"20MA, 50MA, RSI, Upper_BB, Williams_%R, OBV",64,0.6000000000000001,0.0001,16,60,1,150,relu,0.014079479849486558,2.610269300966488,0.8832376083013661,89.45147679324894,1.1102300440551918
1,"20MA, 50MA, RSI, Upper_BB, Williams_%R, OBV",64,0.6000000000000001,0.0005,16,60,1,50,sigmoid,0.03842863707071174,8.372518937343685,0.1301592995137988,24.050632911392405,1.0724047122252784
2,"20MA, 50MA, RSI, Upper_BB, Williams_%R, OBV",32,0.7,0.0005,16,60,1,100,tanh,0.01610826020538372,3.1268141435715844,0.8471635175232776,83.12236286919831,0.9282144881287466
3,"20MA, 50MA, RSI, Upper_BB, Williams_%R, OBV",128,0.2,0.001,16,60,1,100,tanh,0.01725493655345238,3.7564528675083504,0.8246295184334134,74.68354430379746,1.141459654139407
4,"20MA, 50MA, RSI, Upper_BB, Williams_%R, OBV",64,0.4,0.0001,16,60,1,50,sigmoid,0.05608332477038195,13.214088853797987,-0.8526665690273079,6.329113924050633,0.895305377594118
5,"20MA, 50MA, RSI, Upper_BB, Williams_%R, OBV",128,0.30000000000000004,0.0005,16,60,1,50,sigmoid,0.03482146749637789,6.93440958743476,0.2857933316568727,38.39662447257383,1.12709960650803
6,"20MA, 50MA, RSI, Upper_BB, Williams_%R, OBV",64,0.30000000000000004,0.0005,64,60,1,150,sigmoid,0.037817669848262535,8.636311133445716,0.15759818616376342,25.738396624472575,0.9652425138333128
7,"20MA, 50MA, RSI, Upper_BB, Williams_%R, OBV",32,0.8,0.0001,32,60,1,100,relu,0.03188905396893845,6.9556505752592095,0.4010190199000103,35.86497890295359,0.9757286561270756
8,"20MA, 50MA, RSI, Upper_BB, Williams_%R, OBV",64,0.4,0.0005,16,60,1,50,sigmoid,0.03999704503817255,8.655429969135305,0.05770784550977237,21.518987341772153,1.0040267162463803
9,"20MA, 50MA, RSI, Upper_BB, Williams_%R, OBV",128,0.30000000000000004,0.0001,32,60,1,100,relu,0.021201951631366785,4.222385888174339,0.7352222789190714,66.24472573839662,1.0823229345171308
10,"20MA, 50MA, RSI, Upper_BB, Williams_%R, OBV",64,0.6000000000000001,0.001,64,60,1,150,relu,0.027099518147773238,6.479371453122311,0.5674334839035955,33.33333333333333,1.0040267162463803
11,"20MA, 50MA, RSI, Upper_BB, Williams_%R, OBV",32,0.8,0.0001,16,60,1,150,tanh,0.014711360923174436,2.7882512947460016,0.8725219352024487,86.91983122362869,1.2821353744923454
12,"20MA, 50MA, RSI, Upper_BB, Williams_%R, OBV",32,0.8,0.0001,16,60,1,150,tanh,0.0165626592728067,3.2010898806855836,0.8384191470370194,82.27848101265823,1.0396730974086095
13,"20MA, 50MA, RSI, Upper_BB, Williams_%R, OBV",32,0.6000000000000001,0.0001,32,60,1,150,relu,0.03391366743644095,7.460114708651616,0.3225468363039292,31.223628691983123,0.9145446484974862
14,"20MA, 50MA, RSI, Upper_BB, Williams_%R, OBV",32,0.7,0.0001,16,60,1,150,tanh,0.01670959790512847,3.271000556577592,0.8355394419170986,78.90295358649789,1.1665535543826906
15,"20MA, 50MA, RSI, Upper_BB, Williams_%R, OBV",64,0.7,0.0001,64,60,1,150,relu,0.026068550472991305,5.1515905994408335,0.5997203352442397,56.9620253164557,1.1433337001939021
16,"20MA, 50MA, RSI, Upper_BB, Williams_%R, OBV",32,0.5,0.0001,16,60,1,150,tanh,0.016522825650850354,3.272902454163136,0.8391954246518591,78.90295358649789,1.2467216267546701
17,"20MA, 50MA, RSI, Upper_BB, Williams_%R, OBV",32,0.8,0.001,16,60,1,150,relu,0.02638090928379531,5.652864585519092,0.5900703968444495,50.210970464135016,1.0278568742371286
18,"20MA, 50MA, RSI, Upper_BB, Williams_%R, OBV",64,0.5,0.0001,32,60,1,150,tanh,0.03127394933774798,6.8880590070718934,0.4239035252661486,36.708860759493675,0.9910505049675383
19,"20MA, 50MA, RSI, Upper_BB, Williams_%R, OBV",128,0.7,0.0001,64,60,1,150,relu,0.035089674658762934,8.017891018342159,0.2747488196969541,27.848101265822784,0.9704606909422393
20,"20MA, 50MA, RSI, Upper_BB, Williams_%R, OBV",64,0.6000000000000001,0.001,16,60,1,150,tanh,0.011589168877080317,2.214513414830645,0.9208894609095655,91.9831223628692,1.1884436688147146
21,"20MA, 50MA, RSI, Upper_BB, Williams_%R, OBV",64,0.6000000000000001,0.001,16,60,1,150,tanh,0.013546373551832311,2.7030692612231655,0.8919124044283726,88.18565400843882,1.2580862946316596
22,"20MA, 50MA, RSI, Upper_BB, Williams_%R, OBV",64,0.6000000000000001,0.001,16,60,1,150,tanh,0.011438176667377268,2.1584709911175075,0.9229374525516073,93.24894514767934,1.2760385310389724
23,"20MA, 50MA, RSI, Upper_BB, Williams_%R, OBV",64,0.5,0.001,16,60,1,150,tanh,0.015971081771159547,3.242212424306416,0.8497555536713768,80.59071729957806,1.1087910252210935
24,"20MA, 50MA, RSI, Upper_BB, Williams_%R, OBV",64,0.6000000000000001,0.001,16,60,1,150,tanh,0.014655446155059888,3.046743939290658,0.8734891279235572,85.65400843881856,1.141459654139407
0,"20MA, 50MA, RSI, Upper_BB, Williams_%R, OBV",128,0.4,0.001,16,60,30,100,relu,0.07776137634514868,17.58469378639588,-2.2590872852327206,6.41025641025641,1.0
1,"20MA, 50MA, RSI, Upper_BB, Williams_%R, OBV",32,0.7,0.0005,32,60,30,50,relu,0.057462599363712084,12.46239925697581,-0.7796665995823227,19.230769230769234,1.0969271163251277
2,"20MA, 50MA, RSI, Upper_BB, Williams_%R, OBV",128,0.30000000000000004,0.001,64,60,30,150,sigmoid,0.08962779512520963,21.04393010381026,-3.3296574722093037,4.700854700854701,1.0
3,"20MA, 50MA, RSI, Upper_BB, Williams_%R, OBV",128,0.2,0.001,16,60,30,150,relu,0.0700532536556546,15.557363163281924,-1.6449942758125293,9.82905982905983,1.0
4,"20MA, 50MA, RSI, Upper_BB, Williams_%R, OBV",128,0.5,0.001,32,60,30,150,sigmoid,0.2272154969851835,58.56613206970419,-26.825566286584916,0.0,1.0
5,"20MA, 50MA, RSI, Upper_BB, Williams_%R, OBV",32,0.6000000000000001,0.0005,16,60,30,100,tanh,0.0586985666285595,12.69506650936775,-0.8570479038324696,18.37606837606838,1.0096924059572767
6,"20MA, 50MA, RSI, Upper_BB, Williams_%R, OBV",32,0.2,0.0005,32,60,30,50,sigmoid,0.07594246036385563,17.09703451637243,-2.10840386774317,6.41025641025641,1.041480420738682
7,"20MA, 50MA, RSI, Upper_BB, Williams_%R, OBV",32,0.8,0.0005,16,60,30,150,relu,0.06263959824496505,13.61057121427723,-1.1147841243107206,16.23931623931624,1.0720384302523018
8,"20MA, 50MA, RSI, Upper_BB, Williams_%R, OBV",64,0.30000000000000004,0.0001,64,60,30,50,sigmoid,0.05314170927610696,10.850014341742488,-0.5220858641526069,23.504273504273502,1.102515036724246
9,"20MA, 50MA, RSI, Upper_BB, Williams_%R, OBV",128,0.8,0.0005,32,60,30,150,sigmoid,0.14608952857958085,36.80388476549855,-10.502872064779677,0.0,1.0
10,"20MA, 50MA, RSI, Upper_BB, Williams_%R, OBV",64,0.4,0.0001,64,60,30,50,tanh,0.040487502413576355,8.654691791788064,0.11649281009033718,31.196581196581196,1.4555042594459884
11,"20MA, 50MA, RSI, Upper_BB, Williams_%R, OBV",64,0.4,0.0001,64,60,30,50,tanh,0.03943336321997357,8.473823886713996,0.16190017028191106,31.62393162393162,1.4018125873551908
12,"20MA, 50MA, RSI, Upper_BB, Williams_%R, OBV",64,0.5,0.0001,64,60,30,50,tanh,0.041352489727377366,8.88473865450601,0.07833851526149893,31.196581196581196,1.332370041451096
13,"20MA, 50MA, RSI, Upper_BB, Williams_%R, OBV",64,0.4,0.0001,64,60,30,50,tanh,0.041326361713853905,8.880475278791693,0.07950282610276882,31.196581196581196,1.2479369157508726
14,"20MA, 50MA, RSI, Upper_BB, Williams_%R, OBV",64,0.4,0.0001,64,60,30,50,tanh,0.04224259314225999,9.039912345633946,0.03823436543135983,29.914529914529915,1.2796754398471797
15,"20MA, 50MA, RSI, Upper_BB, Williams_%R, OBV",64,0.5,0.0001,64,60,30,50,tanh,0.03802958207407789,8.23174202441997,0.22050879426696313,32.9059829059829,1.3654429927016027
16,"20MA, 50MA, RSI, Upper_BB, Williams_%R, OBV",64,0.6000000000000001,0.0001,64,60,30,50,tanh,0.042697847078949754,9.180315218685871,0.01739251227469285,29.48717948717949,1.0333855553493856
17,"20MA, 50MA, RSI, Upper_BB, Williams_%R, OBV",64,0.6000000000000001,0.0001,64,60,30,100,tanh,0.04296794837159825,9.094043470590588,0.0049214850067067495,30.76923076923077,1.3733726816764238
18,"20MA, 50MA, RSI, Upper_BB, Williams_%R, OBV",64,0.30000000000000004,0.0001,64,60,30,50,tanh,0.03971539550030857,8.524646166545184,0.14986891224190002,34.18803418803419,1.3639369207574694
19,"20MA, 50MA, RSI, Upper_BB, Williams_%R, OBV",64,0.5,0.0001,64,60,30,50,tanh,0.04026259976956642,8.601073196723105,0.12628107593341098,32.9059829059829,1.4067880603631728
20,"20MA, 50MA, RSI, Upper_BB, Williams_%R, OBV",64,0.7,0.0001,64,60,30,100,tanh,0.04052561105518082,8.657131913311856,0.11482883467320237,32.05128205128205,1.4667126946888984
21,"20MA, 50MA, RSI, Upper_BB, Williams_%R, OBV",64,0.30000000000000004,0.0001,64,60,30,50,tanh,0.03930009595124509,8.470769168001338,0.16755540902648725,30.76923076923077,1.3969092887480405
22,"20MA, 50MA, RSI, Upper_BB, Williams_%R, OBV",64,0.30000000000000004,0.0001,64,60,30,50,tanh,0.03937577675058274,8.536545424379435,0.16434621929670346,31.196581196581196,1.3111364861416475
23,"20MA, 50MA, RSI, Upper_BB, Williams_%R, OBV",64,0.2,0.0001,64,60,30,50,tanh,0.040046858976274594,8.555288265241296,0.13561936007991182,33.76068376068376,1.4695958154947986
24,"20MA, 50MA, RSI, Upper_BB, Williams_%R, OBV",64,0.30000000000000004,0.0001,64,60,30,50,tanh,0.04074954859401027,8.745341392744473,0.1050191997172335,31.62393162393162,1.3293069881891533
0,"20MA, 50MA, RSI, Lower_BB, CCI, ATR",128,0.7,0.0005,16,60,1,150,relu,0.01783885124746068,3.612494969558883,0.8125594589302589,75.10548523206751,0.9795765931593069
1,"20MA, 50MA, RSI, Lower_BB, CCI, ATR",64,0.7,0.001,64,60,1,100,tanh,0.02101226574222936,4.423268494593182,0.7399388189831283,64.55696202531645,0.9083837823852142
2,"20MA, 50MA, RSI, Lower_BB, CCI, ATR",64,0.30000000000000004,0.0001,16,60,1,150,relu,0.028593966538948072,5.778782321576742,0.5184087691928132,51.89873417721519,0.9754849936102743
3,"20MA, 50MA, RSI, Lower_BB, CCI, ATR",32,0.8,0.0001,16,60,1,50,tanh,0.02413176839310389,4.910149310391111,0.6569889917593938,61.60337552742617,1.188876370062362
4,"20MA, 50MA, RSI, Lower_BB, CCI, ATR",128,0.6000000000000001,0.0001,32,60,1,150,sigmoid,0.03468425831041719,7.765473130628134,0.2914107081379893,26.582278481012654,0.9246614086993055
5,"20MA, 50MA, RSI, Lower_BB, CCI, ATR",128,0.2,0.0001,16,60,1,150,sigmoid,0.050710693299693195,11.756297503527014,-0.5147077843437735,7.172995780590717,1.041480420738682
6,"20MA, 50MA, RSI, Lower_BB, CCI, ATR",32,0.30000000000000004,0.0001,32,60,1,150,tanh,0.02609349379487688,5.277693146800251,0.5989539649619707,58.22784810126582,1.0540252947837445
7,"20MA, 50MA, RSI, Lower_BB, CCI, ATR",128,0.30000000000000004,0.001,64,60,1,50,tanh,0.01991841398715498,4.101986079300223,0.7663104618662548,71.72995780590718,0.8618806123787912
8,"20MA, 50MA, RSI, Lower_BB, CCI, ATR",32,0.5,0.0001,16,60,1,50,sigmoid,0.04947331456778991,10.918818192310464,-0.44168963695552255,12.236286919831224,1.038821414463389
9,"20MA, 50MA, RSI, Lower_BB, CCI, ATR",32,0.6000000000000001,0.0005,64,60,1,50,relu,0.03550245822449451,7.950038371492889,0.2575852165893976,28.270042194092827,0.9018820564006516
10,"20MA, 50MA, RSI, Lower_BB, CCI, ATR",128,0.8,0.0005,16,60,1,100,relu,0.025581192578526264,5.8136010462771255,0.6145470841174472,41.35021097046413,0.9324430213463267
11,"20MA, 50MA, RSI, Lower_BB, CCI, ATR",128,0.4,0.001,64,60,1,50,relu,0.023257558867459338,5.024084905499011,0.68139101514386,56.540084388185655,0.9256013303795381
12,"20MA, 50MA, RSI, Lower_BB, CCI, ATR",128,0.5,0.001,64,60,1,150,tanh,0.01818948727121715,3.6818457143031122,0.8051184722262781,73.83966244725738,0.9627065247255536
13,"20MA, 50MA, RSI, Lower_BB, CCI, ATR",128,0.5,0.0005,64,60,1,150,tanh,0.019879041338355684,4.397779026750403,0.7672334151046707,65.82278481012658,1.0178311547115728
14,"20MA, 50MA, RSI, Lower_BB, CCI, ATR",128,0.6000000000000001,0.001,32,60,1,150,relu,0.01814957512522152,3.4120628761801366,0.805972768590969,77.21518987341773,0.922350775925517
15,"20MA, 50MA, RSI, Lower_BB, CCI, ATR",128,0.7,0.0005,32,60,1,150,relu,0.013652886533850647,2.5428055021110745,0.8902059708252151,88.60759493670885,1.1887122243184343
16,"20MA, 50MA, RSI, Lower_BB, CCI, ATR",64,0.7,0.0005,32,60,1,100,relu,0.02068203871514937,4.119407164468793,0.7480487863969502,72.15189873417721,0.8744935774739675
17,"20MA, 50MA, RSI, Lower_BB, CCI, ATR",128,0.7,0.0005,32,60,1,150,relu,0.01826825737588108,3.586821107454182,0.8034269372493115,76.79324894514767,1.0692209482224184
18,"20MA, 50MA, RSI, Lower_BB, CCI, ATR",128,0.8,0.0005,16,60,1,150,relu,0.01216723094986112,2.261165407285161,0.9128006466518609,91.56118143459916,1.174393239728658
19,"20MA, 50MA, RSI, Lower_BB, CCI, ATR",64,0.8,0.0005,32,60,1,150,relu,0.017580113370634132,3.529028378179149,0.8179573688492399,78.90295358649789,1.1239286568341034
20,"20MA, 50MA, RSI, Lower_BB, CCI, ATR",128,0.8,0.0005,16,60,1,100,relu,0.021944389568733298,4.770846009325142,0.716353930373371,59.91561181434599,0.9324430213463267
21,"20MA, 50MA, RSI, Lower_BB, CCI, ATR",64,0.8,0.0005,32,60,1,150,relu,0.014032552741538327,2.578664319042862,0.8840146526367729,89.0295358649789,1.015187606623243
22,"20MA, 50MA, RSI, Lower_BB, CCI, ATR",64,0.8,0.0005,32,60,1,150,relu,0.016630639381015885,3.1607572605116174,0.8370900336688973,79.32489451476793,1.2805791829965247
23,"20MA, 50MA, RSI, Lower_BB, CCI, ATR",64,0.7,0.0005,32,60,1,150,relu,0.013403589731618313,2.445827183865905,0.8941789629474942,89.45147679324894,1.1585676722095954
24,"20MA, 50MA, RSI, Lower_BB, CCI, ATR",64,0.6000000000000001,0.0005,32,60,1,150,relu,0.027271034764516054,6.0710505453184345,0.561940608954021,46.835443037974684,1.0720384302523018
0,"20MA, 50MA, RSI, Lower_BB, CCI, ATR",32,0.2,0.0001,16,60,30,50,sigmoid,0.08692299324431148,20.609692090268588,-3.0722783974857437,2.564102564102564,1.0096924059572767
1,"20MA, 50MA, RSI, Lower_BB, CCI, ATR",64,0.8,0.0005,64,60,30,100,sigmoid,0.05973077054679924,12.849494265240896,-0.922933869593868,17.94871794871795,0.9108174437449663
2,"20MA, 50MA, RSI, Lower_BB, CCI, ATR",64,0.6000000000000001,0.001,32,60,30,150,tanh,0.051772071944574,11.087263413464544,-0.4446385717938841,20.51282051282051,0.9380479979172158
3,"20MA, 50MA, RSI, Lower_BB, CCI, ATR",64,0.6000000000000001,0.0005,16,60,30,100,sigmoid,0.10819287992934287,26.342675930298377,-5.309071898879428,0.4273504273504274,1.0
4,"20MA, 50MA, RSI, Lower_BB, CCI, ATR",64,0.2,0.001,64,60,30,50,relu,0.04870858229378651,10.212177755817637,-0.2787307024610002,25.64102564102564,0.960041484711663
5,"20MA, 50MA, RSI, Lower_BB, CCI, ATR",32,0.5,0.0005,64,60,30,50,sigmoid,0.05731869456751655,11.974459071518018,-0.7707640479877813,19.230769230769234,1.0366805227187008
6,"20MA, 50MA, RSI, Lower_BB, CCI, ATR",32,0.30000000000000004,0.0001,64,60,30,50,sigmoid,0.07072667262427217,14.670558015965266,-1.696091133493188,15.81196581196581,1.0601532922580368
7,"20MA, 50MA, RSI, Lower_BB, CCI, ATR",128,0.2,0.001,32,60,30,150,tanh,0.07294568730785048,16.12955600685973,-1.8679221327930975,8.547008547008547,1.0
8,"20MA, 50MA, RSI, Lower_BB, CCI, ATR",128,0.2,0.001,64,60,30,50,sigmoid,0.08878769800459793,20.677407158759724,-3.2488725752922836,2.1367521367521367,1.0720384302523018
9,"20MA, 50MA, RSI, Lower_BB, CCI, ATR",64,0.5,0.001,32,60,30,150,relu,0.052840204853041695,11.337011064957473,-0.5048634685479472,22.22222222222222,1.0
10,"20MA, 50MA, RSI, Lower_BB, CCI, ATR",64,0.4,0.001,64,60,30,50,relu,0.05297531980962771,11.141687553182672,-0.5125693252736656,23.504273504273502,0.9157272700058964
11,"20MA, 50MA, RSI, Lower_BB, CCI, ATR",64,0.7,0.001,32,60,30,150,tanh,0.06186969682497189,13.627596053605343,-1.063118104132578,14.529914529914532,0.9266020389187947
12,"20MA, 50MA, RSI, Lower_BB, CCI, ATR",64,0.6000000000000001,0.001,32,60,30,150,tanh,0.057834142941912435,12.471499899572903,-0.8027550565890136,17.94871794871795,0.9380953219538034
13,"20MA, 50MA, RSI, Lower_BB, CCI, ATR",64,0.4,0.001,32,60,30,150,relu,0.05124878989798691,10.895051937446562,-0.41558301998819824,21.794871794871796,1.0
14,"20MA, 50MA, RSI, Lower_BB, CCI, ATR",128,0.4,0.001,16,60,30,100,relu,0.07351999240053819,16.57721296313743,-1.9132584933030423,8.974358974358974,1.0
15,"20MA, 50MA, RSI, Lower_BB, CCI, ATR",64,0.30000000000000004,0.0001,64,60,30,50,relu,0.04576056770673193,9.660436817401251,-0.12862826309614173,28.205128205128204,1.0925357228084807
16,"20MA, 50MA, RSI, Lower_BB, CCI, ATR",64,0.30000000000000004,0.0001,64,60,30,50,relu,0.044367288571568096,9.389025214487905,-0.06094749339362848,26.923076923076923,1.1476591031228722
17,"20MA, 50MA, RSI, Lower_BB, CCI, ATR",64,0.30000000000000004,0.0001,64,60,30,50,relu,0.044838956693356025,9.439072614154119,-0.08362524005325844,28.205128205128204,1.14926389973977
18,"20MA, 50MA, RSI, Lower_BB, CCI, ATR",128,0.30000000000000004,0.0001,64,60,30,50,relu,0.0607551621140025,13.665909001907819,-0.9894566591851772,11.11111111111111,1.0
19,"20MA, 50MA, RSI, Lower_BB, CCI, ATR",32,0.30000000000000004,0.0001,64,60,30,50,relu,0.08655455956765648,19.652852836728872,-3.037829865336213,1.7094017094017095,1.0775420265239959
20,"20MA, 50MA, RSI, Lower_BB, CCI, ATR",64,0.4,0.0001,64,60,30,50,relu,0.043780499938367044,9.193698246803187,-0.03306951817206283,27.77777777777778,1.0925357228084807
21,"20MA, 50MA, RSI, Lower_BB, CCI, ATR",64,0.4,0.0001,64,60,30,50,relu,0.04536246418062133,9.408344225805665,-0.10907621306276138,30.34188034188034,1.1066141995765004
22,"20MA, 50MA, RSI, Lower_BB, CCI, ATR",64,0.30000000000000004,0.0001,64,60,30,50,relu,0.044861724560014755,9.402356854901997,-0.08472598371900908,28.63247863247863,1.1603028959249377
23,"20MA, 50MA, RSI, Lower_BB, CCI, ATR",64,0.4,0.0001,64,60,30,50,relu,0.04639972451469235,9.75761745130946,-0.16037648276671557,27.77777777777778,1.0239050846446995
24,"20MA, 50MA, RSI, Lower_BB, CCI, ATR",64,0.5,0.0001,64,60,30,50,relu,0.04368806701834528,9.14575802865079,-0.028711923828433017,29.48717948717949,1.0299986033160178
0,"20MA, 50MA, RSI, Lower_BB, CCI, Williams_%R",128,0.6000000000000001,0.0005,16,60,1,100,relu,0.024025312227911086,4.875925174336331,0.6600086704214058,56.118143459915615,1.0021670323567557
1,"20MA, 50MA, RSI, Lower_BB, CCI, Williams_%R",128,0.6000000000000001,0.0001,16,60,1,100,relu,0.02555740517438429,5.496551971342635,0.6152635996799114,49.36708860759494,1.0033543131261664
2,"20MA, 50MA, RSI, Lower_BB, CCI, Williams_%R",128,0.7,0.0005,32,60,1,150,tanh,0.014578444936032643,2.878419135398656,0.8748150377415586,85.23206751054853,0.8426853015814181
3,"20MA, 50MA, RSI, Lower_BB, CCI, Williams_%R",128,0.2,0.0005,32,60,1,100,relu,0.022342137536757622,4.653468669244504,0.7059784227094519,59.49367088607595,0.990857933581378
4,"20MA, 50MA, RSI, Lower_BB, CCI, Williams_%R",32,0.2,0.001,64,60,1,150,tanh,0.015461075415921023,3.0733994062096457,0.8591978915450008,80.59071729957806,0.7994755933991322
5,"20MA, 50MA, RSI, Lower_BB, CCI, Williams_%R",64,0.6000000000000001,0.0005,32,60,1,100,relu,0.014509422359826836,2.7831102850683607,0.8759976239400956,83.96624472573839,0.9969009584878642
6,"20MA, 50MA, RSI, Lower_BB, CCI, Williams_%R",128,0.30000000000000004,0.001,64,60,1,150,relu,0.01502475041261661,3.111253159627094,0.8670328703477451,84.81012658227847,1.2258174178664405
7,"20MA, 50MA, RSI, Lower_BB, CCI, Williams_%R",32,0.7,0.001,16,60,1,150,tanh,0.013097384588681062,2.5241831085246345,0.8989587008544117,89.0295358649789,1.128653312685624
8,"20MA, 50MA, RSI, Lower_BB, CCI, Williams_%R",128,0.2,0.0001,16,60,1,100,sigmoid,0.036277710225593514,7.573555443921172,0.2834594933932445,34.87394957983193,0.930551400252629
9,"20MA, 50MA, RSI, Lower_BB, CCI, Williams_%R",32,0.8,0.0001,32,60,1,150,relu,0.029138470156473143,5.981610106425445,0.4998926307814997,50.63291139240506,1.1231552783621133
10,"20MA, 50MA, RSI, Lower_BB, CCI, Williams_%R",32,0.4,0.001,16,60,1,50,tanh,0.028125246445256026,6.147309463002011,0.5340681119068877,39.66244725738397,1.1114661420909104
11,"20MA, 50MA, RSI, Lower_BB, CCI, Williams_%R",64,0.5,0.0005,32,60,1,50,sigmoid,0.045081313570199774,10.457821854862807,-0.19707920070537344,12.236286919831224,0.9202457869015823
12,"20MA, 50MA, RSI, Lower_BB, CCI, Williams_%R",64,0.8,0.001,16,60,1,150,tanh,0.03247723221350461,7.379501422558239,0.3787194149261993,24.47257383966245,1.041480420738682
13,"20MA, 50MA, RSI, Lower_BB, CCI, Williams_%R",64,0.6000000000000001,0.0005,32,60,1,100,tanh,0.021048268707794995,4.556269073419326,0.7390468642323089,57.383966244725734,0.8589598530133571
14,"20MA, 50MA, RSI, Lower_BB, CCI, Williams_%R",32,0.7,0.001,64,60,1,50,sigmoid,0.03952142106021113,8.520986851202263,0.0799850912699932,25.738396624472575,0.9263878991043492
15,"20MA, 50MA, RSI, Lower_BB, CCI, Williams_%R",64,0.5,0.001,16,60,1,100,relu,0.031367726262121434,7.139708996108114,0.42044342158752557,27.848101265822784,1.041480420738682
16,"20MA, 50MA, RSI, Lower_BB, CCI, Williams_%R",32,0.7,0.0005,32,60,1,150,tanh,0.019860852468450985,4.0924774976422915,0.7676591724801202,69.62025316455697,0.9832562450052527
17,"20MA, 50MA, RSI, Lower_BB, CCI, Williams_%R",64,0.4,0.0005,32,60,1,150,relu,0.015174977043975607,2.9996003115960157,0.8643606041785727,83.12236286919831,0.9685394385603248
18,"20MA, 50MA, RSI, Lower_BB, CCI, Williams_%R",32,0.7,0.001,16,60,1,100,tanh,0.02746557261698201,6.1064175184000336,0.555668526566774,38.81856540084388,1.1114661420909104
19,"20MA, 50MA, RSI, Lower_BB, CCI, Williams_%R",64,0.6000000000000001,0.0001,64,60,1,50,sigmoid,0.13586954295423403,33.7739857248719,-9.87361595501424,0.0,1.0
20,"20MA, 50MA, RSI, Lower_BB, CCI, Williams_%R",64,0.8,0.001,16,60,1,150,tanh,0.023552481889017346,5.0960003302320445,0.6732593880343247,55.27426160337553,1.0969271163251277
21,"20MA, 50MA, RSI, Lower_BB, CCI, Williams_%R",128,0.7,0.0005,32,60,1,150,tanh,0.014320614813581153,2.8535010796176334,0.8792038512692597,86.49789029535864,0.8640618065773799
22,"20MA, 50MA, RSI, Lower_BB, CCI, Williams_%R",32,0.7,0.0005,32,60,1,150,tanh,0.016577617199714966,3.3465838150543554,0.8381271642195064,78.48101265822784,1.0106469003023892
23,"20MA, 50MA, RSI, Lower_BB, CCI, Williams_%R",128,0.6000000000000001,0.0005,32,60,1,150,tanh,0.019567700818002545,4.1479330212151115,0.7744673825394923,65.40084388185655,1.1044372519721763
24,"20MA, 50MA, RSI, Lower_BB, CCI, Williams_%R",64,0.5,0.0005,32,60,1,150,tanh,0.017472570153727374,3.660910001532764,0.8201777833564587,73.83966244725738,0.9244000745021705
0,"20MA, 50MA, RSI, Lower_BB, CCI, Williams_%R",128,0.5,0.001,64,60,30,100,sigmoid,0.1172220163345656,28.09567002377043,-6.40604743104174,0.4273504273504274,1.0
1,"20MA, 50MA, RSI, Lower_BB, CCI, Williams_%R",64,0.7,0.0001,16,60,30,50,sigmoid,0.08245740988754509,18.97380840966895,-2.693797349464335,5.084745762711865,1.041480420738682
2,"20MA, 50MA, RSI, Lower_BB, CCI, Williams_%R",128,0.6000000000000001,0.0005,64,60,30,100,relu,0.04740281672362007,9.767542710995212,-0.2110899817407399,26.923076923076923,0.9023951918902765
3,"20MA, 50MA, RSI, Lower_BB, CCI, Williams_%R",128,0.5,0.001,64,60,30,150,tanh,0.046049792584273185,9.56270163397522,-0.14294010242012956,27.77777777777778,1.0473395415231668
4,"20MA, 50MA, RSI, Lower_BB, CCI, Williams_%R",64,0.2,0.0005,16,60,30,150,tanh,0.062107134344620625,13.780146790604839,-1.0789837586394477,14.102564102564102,1.0
5,"20MA, 50MA, RSI, Lower_BB, CCI, Williams_%R",64,0.5,0.0001,16,60,30,150,relu,0.055069993592363246,11.730824075221049,-0.6345498353025216,20.51282051282051,0.9324430213463267
6,"20MA, 50MA, RSI, Lower_BB, CCI, Williams_%R",64,0.7,0.0005,64,60,30,150,sigmoid,0.04924635544691479,10.607643893928866,-0.30712254414470164,24.358974358974358,0.9033588100868781
7,"20MA, 50MA, RSI, Lower_BB, CCI, Williams_%R",32,0.6000000000000001,0.0001,32,60,30,100,sigmoid,0.052515132628135154,10.769601166100994,-0.4864046236500741,26.495726495726498,0.9232289289616494
8,"20MA, 50MA, RSI, Lower_BB, CCI, Williams_%R",64,0.30000000000000004,0.001,64,60,30,150,relu,0.04655594933740808,9.759756384605323,-0.1682034597787314,27.350427350427353,0.8777671962023891
9,"20MA, 50MA, RSI, Lower_BB, CCI, Williams_%R",128,0.5,0.001,16,60,30,50,sigmoid,0.14960978335333747,37.14786486494766,-11.063910383405663,0.0,1.0
10,"20MA, 50MA, RSI, Lower_BB, CCI, Williams_%R",32,0.30000000000000004,0.001,32,60,30,150,tanh,0.061812836016459115,13.542279639735893,-1.0593276651019217,16.23931623931624,1.0
11,"20MA, 50MA, RSI, Lower_BB, CCI, Williams_%R",128,0.30000000000000004,0.001,64,60,30,150,relu,0.04946820809805948,10.500399313162172,-0.3189261300977535,23.504273504273502,0.9900190860167036
12,"20MA, 50MA, RSI, Lower_BB, CCI, Williams_%R",64,0.30000000000000004,0.001,64,60,30,150,tanh,0.050068374385077434,10.466452574361135,-0.35112365116499245,23.076923076923077,1.1057892768131274
13,"20MA, 50MA, RSI, Lower_BB, CCI, Williams_%R",128,0.4,0.001,64,60,30,150,tanh,0.04831229472831021,10.26781884697746,-0.2580081257551905,22.22222222222222,1.1057892768131274
14,"20MA, 50MA, RSI, Lower_BB, CCI, Williams_%R",32,0.2,0.001,64,60,30,150,relu,0.04361711662624333,9.077153632077598,-0.025373334934034153,30.76923076923077,1.049572168416251
15,"20MA, 50MA, RSI, Lower_BB, CCI, Williams_%R",32,0.8,0.001,64,60,30,50,relu,0.04691503182760334,9.669523483634347,-0.18629348382304478,29.48717948717949,0.9768565972524702
16,"20MA, 50MA, RSI, Lower_BB, CCI, Williams_%R",32,0.2,0.001,32,60,30,150,tanh,0.07517117904788513,16.960266536250472,-2.0455857975675253,8.11965811965812,1.0
17,"20MA, 50MA, RSI, Lower_BB, CCI, Williams_%R",32,0.4,0.001,64,60,30,150,tanh,0.05231460365978511,11.175327724952977,-0.47507462841804493,21.794871794871796,1.041480420738682
18,"20MA, 50MA, RSI, Lower_BB, CCI, Williams_%R",32,0.4,0.0005,64,60,30,50,relu,0.04593240551731043,9.511313616574824,-0.1371205156291626,30.76923076923077,0.9641339883154102
19,"20MA, 50MA, RSI, Lower_BB, CCI, Williams_%R",32,0.2,0.0005,32,60,30,50,relu,0.0583727916136834,12.61018132545846,-0.8364920015459143,17.52136752136752,1.1249481882193317
20,"20MA, 50MA, RSI, Lower_BB, CCI, Williams_%R",32,0.4,0.0005,64,60,30,50,relu,0.04438770703728885,9.17822211246324,-0.06192424475784364,32.47863247863248,1.0151367393043516
21,"20MA, 50MA, RSI, Lower_BB, CCI, Williams_%R",32,0.4,0.0005,64,60,30,50,relu,0.044253048112214914,9.177173404089087,-0.055490901786851676,32.05128205128205,1.050488018084481
22,"20MA, 50MA, RSI, Lower_BB, CCI, Williams_%R",32,0.4,0.0005,64,60,30,50,relu,0.04586501407728442,9.512878374200245,-0.1337862259796938,32.47863247863248,1.0047585158408978
23,"20MA, 50MA, RSI, Lower_BB, CCI, Williams_%R",32,0.30000000000000004,0.0005,64,60,30,50,relu,0.04672266094198349,9.650240674150197,-0.17658484907155936,31.196581196581196,0.9498826591748469
24,"20MA, 50MA, RSI, Lower_BB, CCI, Williams_%R",32,0.4,0.0005,64,60,30,50,relu,0.045380617743566776,9.366323233820092,-0.10996407106824302,33.33333333333333,1.0054225568874464
0,"20MA, 50MA, RSI, Lower_BB, CCI, OBV",64,0.6000000000000001,0.0001,64,60,1,50,relu,0.02974583620145151,6.431625673782223,0.47882673974271217,41.77215189873418,1.096027775449114
1,"20MA, 50MA, RSI, Lower_BB, CCI, OBV",32,0.2,0.001,16,60,1,150,relu,0.016593212201300323,3.3490040044889176,0.8378224648784166,79.74683544303798,1.0130081586540125
2,"20MA, 50MA, RSI, Lower_BB, CCI, OBV",128,0.30000000000000004,0.0005,64,60,1,150,relu,0.03333380383422483,7.862001558594879,0.3455152799564045,21.518987341772153,0.9324430213463267
3,"20MA, 50MA, RSI, Lower_BB, CCI, OBV",128,0.6000000000000001,0.001,32,60,1,150,sigmoid,0.025683293748720925,5.593885358888245,0.6114640588022612,48.10126582278481,0.9360528136827235
4,"20MA, 50MA, RSI, Lower_BB, CCI, OBV",32,0.8,0.001,16,60,1,150,relu,0.014056883231153143,2.6631165282113947,0.8836120991168736,86.91983122362869,1.2288302280102694
5,"20MA, 50MA, RSI, Lower_BB, CCI, OBV",128,0.2,0.0005,16,60,1,50,sigmoid,0.2214323976711172,57.529544040003934,-27.88099067621847,0.0,1.0
6,"20MA, 50MA, RSI, Lower_BB, CCI, OBV",64,0.30000000000000004,0.0005,64,60,1,150,sigmoid,0.03817781066884978,8.5291928340958,0.14147726417941597,29.11392405063291,0.8957410272345
7,"20MA, 50MA, RSI, Lower_BB, CCI, OBV",128,0.6000000000000001,0.0001,32,60,1,50,relu,0.046063600219441114,10.790446070368494,-0.24981438170600723,9.282700421940929,0.9136261716983306
8,"20MA, 50MA, RSI, Lower_BB, CCI, OBV",64,0.6000000000000001,0.001,32,60,1,50,sigmoid,0.05235299698418991,12.63019661456188,-0.6144063515526585,5.485232067510549,1.0314828700244285
9,"20MA, 50MA, RSI, Lower_BB, CCI, OBV",32,0.7,0.0005,32,60,1,100,tanh,0.016522673964379366,3.2808358559608974,0.8391983771452285,77.63713080168776,0.9667276610740537
10,"20MA, 50MA, RSI, Lower_BB, CCI, OBV",32,0.8,0.001,16,60,1,100,tanh,0.017915158695045157,3.7577731334440574,0.8109524383272935,71.30801687763713,0.8693124164893776
11,"20MA, 50MA, RSI, Lower_BB, CCI, OBV",32,0.8,0.0005,32,60,1,100,tanh,0.015235377813421137,2.9644047943252887,0.8632786877382871,82.27848101265823,1.003862608303665
12,"20MA, 50MA, RSI, Lower_BB, CCI, OBV",32,0.8,0.001,16,60,1,100,tanh,0.018273226263164532,3.7670589069465077,0.8033199886545458,71.30801687763713,0.9411707891122313
13,"20MA, 50MA, RSI, Lower_BB, CCI, OBV",32,0.8,0.0005,32,60,1,100,tanh,0.01950854305993941,3.9161287172177373,0.775828997390025,69.19831223628692,0.9313931335323198
14,"20MA, 50MA, RSI, Lower_BB, CCI, OBV",32,0.7,0.0001,16,60,1,150,relu,0.027485478628032335,5.52265066218792,0.555024223784041,54.85232067510548,0.9726645101947448
15,"20MA, 50MA, RSI, Lower_BB, CCI, OBV",32,0.4,0.0005,32,60,1,100,tanh,0.014831089795203933,2.905459863326837,0.8704385231517443,83.96624472573839,1.004587732772221
16,"20MA, 50MA, RSI, Lower_BB, CCI, OBV",32,0.4,0.001,16,60,1,100,relu,0.013551651339508237,2.559161023450234,0.8918281642431378,87.76371308016878,0.9081240513411716
17,"20MA, 50MA, RSI, Lower_BB, CCI, OBV",32,0.4,0.001,16,60,1,150,relu,0.014774314503917167,2.8802557881457402,0.8714285799915708,83.12236286919831,0.9266876539890145
18,"20MA, 50MA, RSI, Lower_BB, CCI, OBV",32,0.5,0.001,16,60,1,150,relu,0.012867018162764893,2.4365053300726967,0.9024818196116896,90.71729957805907,0.8687335984199214
19,"20MA, 50MA, RSI, Lower_BB, CCI, OBV",64,0.5,0.001,16,60,1,100,relu,0.015520057922212482,3.0695876024546664,0.8581215495513305,82.27848101265823,0.899791047657317
20,"20MA, 50MA, RSI, Lower_BB, CCI, OBV",32,0.4,0.001,16,60,1,150,relu,0.017297128360866994,3.4835937030416346,0.8237708373448656,74.68354430379746,0.9632865771470821
21,"20MA, 50MA, RSI, Lower_BB, CCI, OBV",32,0.5,0.001,16,60,1,150,relu,0.01720577778298991,3.5086856792695276,0.8256273449681928,75.10548523206751,0.8967754284034798
22,"20MA, 50MA, RSI, Lower_BB, CCI, OBV",32,0.5,0.001,16,60,1,150,relu,0.020056818930494952,4.1624552089117435,0.7630515518741839,65.40084388185655,0.9842798591825118
23,"20MA, 50MA, RSI, Lower_BB, CCI, OBV",32,0.30000000000000004,0.001,16,60,1,150,relu,0.01323357720872281,2.5259672419029657,0.896029904924714,87.86610878661088,0.9051843970551632
24,"20MA, 50MA, RSI, Lower_BB, CCI, OBV",32,0.30000000000000004,0.001,16,60,1,150,relu,0.015611614245717827,3.079243915567568,0.8564426660757659,81.85654008438819,0.9378295066706014
0,"20MA, 50MA, RSI, Lower_BB, CCI, OBV",32,0.7,0.0001,32,60,30,50,sigmoid,0.0655874008978326,13.741081176266635,-1.3185099085931857,16.666666666666664,1.0269855382117825
1,"20MA, 50MA, RSI, Lower_BB, CCI, OBV",128,0.2,0.001,16,60,30,150,relu,0.07019513362254538,15.670034806545338,-1.6557190231309504,10.256410256410255,1.0
2,"20MA, 50MA, RSI, Lower_BB, CCI, OBV",32,0.6000000000000001,0.0005,64,60,30,100,sigmoid,0.05211907799407699,11.058466500855374,-0.4640690600462196,22.22222222222222,0.9411954747471134
3,"20MA, 50MA, RSI, Lower_BB, CCI, OBV",64,0.4,0.0005,64,60,30,150,relu,0.04264246948393613,8.801184952061579,0.012133217446023026,33.89830508474576,1.0804555395712296
4,"20MA, 50MA, RSI, Lower_BB, CCI, OBV",64,0.6000000000000001,0.001,64,60,30,50,sigmoid,0.06390002777496398,14.108024882894219,-1.2007474542676602,10.683760683760683,1.041480420738682
5,"20MA, 50MA, RSI, Lower_BB, CCI, OBV",128,0.2,0.0005,16,60,30,50,relu,0.09331893951874694,22.26466888510469,-3.6936176020254665,1.282051282051282,1.0
6,"20MA, 50MA, RSI, Lower_BB, CCI, OBV",32,0.30000000000000004,0.001,64,60,30,50,tanh,0.05380708650333131,11.679148716672461,-0.5604399773842319,19.65811965811966,0.9202457869015823
7,"20MA, 50MA, RSI, Lower_BB, CCI, OBV",128,0.30000000000000004,0.0001,16,60,30,150,tanh,0.04967093151976527,10.692386509064638,-0.3297583430119311,24.358974358974358,1.0
8,"20MA, 50MA, RSI, Lower_BB, CCI, OBV",128,0.2,0.001,32,60,30,50,sigmoid,0.2598727719880607,67.58652892663159,-35.399018427243455,0.0,1.0
9,"20MA, 50MA, RSI, Lower_BB, CCI, OBV",32,0.7,0.001,32,60,30,50,sigmoid,0.09269359021727597,21.983080043085906,-3.6309225910879386,1.282051282051282,1.0
10,"20MA, 50MA, RSI, Lower_BB, CCI, OBV",64,0.4,0.0005,64,60,30,150,relu,0.04255942234492209,8.756231236497552,0.023753334108525648,33.33333333333333,0.9779212385495142
11,"20MA, 50MA, RSI, Lower_BB, CCI, OBV",64,0.4,0.0005,64,60,30,150,relu,0.044354428983788136,8.98252141681333,-0.06033256421314759,31.196581196581196,1.1331723539632172
12,"20MA, 50MA, RSI, Lower_BB, CCI, OBV",64,0.5,0.0005,64,60,30,150,relu,0.04051871698007477,8.421555122011329,0.11512997349746812,34.61538461538461,0.9821980471568938
13,"20MA, 50MA, RSI, Lower_BB, CCI, OBV",64,0.5,0.0005,64,60,30,150,relu,0.043141115916323504,8.900168545349883,-0.003115320965655366,32.9059829059829,0.999763545030364
14,"20MA, 50MA, RSI, Lower_BB, CCI, OBV",64,0.5,0.0005,64,60,30,100,relu,0.04349484989356823,8.982210608352046,-0.019632775219592835,32.05128205128205,1.0624534486516723
15,"20MA, 50MA, RSI, Lower_BB, CCI, OBV",64,0.5,0.0005,64,60,30,150,relu,0.04405455549104651,9.19510239122891,-0.04604353926895888,30.34188034188034,1.0050626371266098
16,"20MA, 50MA, RSI, Lower_BB, CCI, OBV",64,0.8,0.0005,64,60,30,150,relu,0.040369000294618616,8.38454642510739,0.12165708298148303,35.04273504273504,0.9350173242010058
17,"20MA, 50MA, RSI, Lower_BB, CCI, OBV",64,0.8,0.0001,64,60,30,150,tanh,0.03842598213454847,8.013616955578811,0.20417410324855478,35.8974358974359,1.2489677949818359
18,"20MA, 50MA, RSI, Lower_BB, CCI, OBV",64,0.8,0.0001,32,60,30,100,tanh,0.04757044322156362,9.96943321815802,-0.2196704725699592,27.350427350427353,0.9260463962515966
19,"20MA, 50MA, RSI, Lower_BB, CCI, OBV",64,0.8,0.0001,16,60,30,150,tanh,0.058713441771575156,12.42065497347213,-0.8579892335753714,20.94017094017094,0.9477345924256871
20,"20MA, 50MA, RSI, Lower_BB, CCI, OBV",64,0.7,0.0001,64,60,30,150,tanh,0.0392715919416589,8.237077846066283,0.16876250041750307,35.47008547008547,1.2298839991469244
21,"20MA, 50MA, RSI, Lower_BB, CCI, OBV",64,0.7,0.0001,64,60,30,150,tanh,0.03945702160253409,8.228685060368141,0.16089421832698947,34.61538461538461,1.2696306512912914
22,"20MA, 50MA, RSI, Lower_BB, CCI, OBV",64,0.7,0.0001,64,60,30,150,tanh,0.04186534280797695,8.626839836088523,0.05533588583498705,32.05128205128205,1.1122094069922528
23,"20MA, 50MA, RSI, Lower_BB, CCI, OBV",64,0.6000000000000001,0.0001,64,60,30,150,tanh,0.03838433413390801,8.042815093226482,0.20589828015975764,35.8974358974359,1.2353560239492634
24,"20MA, 50MA, RSI, Lower_BB, CCI, OBV",64,0.6000000000000001,0.0001,64,60,30,150,tanh,0.04075060906031981,8.521826706374195,0.10497261714791517,33.76068376068376,1.204289507752415
0,"20MA, 50MA, RSI, Lower_BB, ATR, Williams_%R",128,0.2,0.0005,64,60,1,150,sigmoid,0.0662844587139304,16.14715237884558,-1.5879339584858876,1.6877637130801686,1.041480420738682
1,"20MA, 50MA, RSI, Lower_BB, ATR, Williams_%R",64,0.6000000000000001,0.0005,64,60,1,100,sigmoid,0.03549117978259889,8.273095624454331,0.25805684319787736,20.253164556962027,0.9136261716983306
2,"20MA, 50MA, RSI, Lower_BB, ATR, Williams_%R",64,0.5,0.0001,64,60,1,100,tanh,0.026351933125487042,5.3206592965536,0.5909704159902422,57.383966244725734,1.214093600903853
3,"20MA, 50MA, RSI, Lower_BB, ATR, Williams_%R",32,0.5,0.0001,64,60,1,50,tanh,0.02108197034560793,4.2078343616754745,0.7561182897543732,73.75,1.340237582158033
4,"20MA, 50MA, RSI, Lower_BB, ATR, Williams_%R",32,0.7,0.001,32,60,1,100,relu,0.021001913931547395,4.141754802000648,0.7401949970654474,67.08860759493672,1.02165695056736
5,"20MA, 50MA, RSI, Lower_BB, ATR, Williams_%R",32,0.8,0.0005,32,60,1,50,relu,0.01961789615965487,3.9616766822836187,0.7733088195703246,70.042194092827,0.9165900885003219
6,"20MA, 50MA, RSI, Lower_BB, ATR, Williams_%R",64,0.6000000000000001,0.0005,64,60,1,50,tanh,0.021037149318189303,4.308528276143803,0.7393225043037956,68.77637130801688,1.1215084210181845
7,"20MA, 50MA, RSI, Lower_BB, ATR, Williams_%R",128,0.8,0.0001,16,60,1,100,sigmoid,0.04133386157621157,9.086344919295822,-0.00633301874873915,21.09704641350211,0.9294556640338003
8,"20MA, 50MA, RSI, Lower_BB, ATR, Williams_%R",32,0.7,0.0001,16,60,1,50,sigmoid,0.04345610088117535,9.384413065661224,-0.11232391333274694,20.253164556962027,1.0310998397902758
9,"20MA, 50MA, RSI, Lower_BB, ATR, Williams_%R",128,0.2,0.001,32,60,1,150,relu,0.02645494060041113,5.6897403222884035,0.5877664421651737,49.36708860759494,0.9205105332821338
10,"20MA, 50MA, RSI, Lower_BB, ATR, Williams_%R",32,0.4,0.0005,32,60,1,50,relu,0.021668571716131516,4.3727611529786055,0.7234393848150417,65.82278481012658,0.9988681966973818
11,"20MA, 50MA, RSI, Lower_BB, ATR, Williams_%R",32,0.8,0.001,32,60,1,100,relu,0.02424767724057235,4.897632474593373,0.6536860019318096,59.07172995780591,1.0159140511111757
12,"20MA, 50MA, RSI, Lower_BB, ATR, Williams_%R",32,0.8,0.001,32,60,1,50,relu,0.020655914588998018,4.062682286457391,0.7486848792319925,68.77637130801688,0.9899243372000125
13,"20MA, 50MA, RSI, Lower_BB, ATR, Williams_%R",32,0.8,0.001,32,60,1,50,relu,0.01775125191810452,3.471804184860473,0.8143958272390646,75.52742616033755,0.9520451416374394
14,"20MA, 50MA, RSI, Lower_BB, ATR, Williams_%R",32,0.7,0.001,32,60,1,50,relu,0.02239517880849786,4.492957441515998,0.7045807238267634,65.82278481012658,0.8468466504894746
15,"20MA, 50MA, RSI, Lower_BB, ATR, Williams_%R",32,0.4,0.0005,32,60,1,50,relu,0.02127521398875842,4.234467579242873,0.7333892632394804,68.77637130801688,1.0254004639014558
16,"20MA, 50MA, RSI, Lower_BB, ATR, Williams_%R",32,0.6000000000000001,0.001,32,60,1,50,relu,0.02345047404391925,4.719629521078908,0.6760835428811631,62.869198312236286,0.9203979082560106
17,"20MA, 50MA, RSI, Lower_BB, ATR, Williams_%R",32,0.8,0.0005,16,60,1,150,relu,0.016024055054144514,3.1590764720400415,0.8487572317174069,81.43459915611815,1.061520508847015
18,"20MA, 50MA, RSI, Lower_BB, ATR, Williams_%R",64,0.7,0.001,16,60,1,150,relu,0.016077892335986204,3.0372748636782783,0.8477392399526494,81.43459915611815,1.156869903027642
19,"20MA, 50MA, RSI, Lower_BB, ATR, Williams_%R",64,0.7,0.0005,16,60,1,150,tanh,0.028368680021291046,5.9159281081928645,0.5259676086618873,43.88185654008439,1.1108217763022261
20,"20MA, 50MA, RSI, Lower_BB, ATR, Williams_%R",64,0.4,0.001,16,60,1,150,relu,0.015911281577948473,3.1335244824563993,0.8508785616846649,81.85654008438819,1.1339498927338807
21,"20MA, 50MA, RSI, Lower_BB, ATR, Williams_%R",64,0.4,0.001,16,60,1,150,relu,0.01923640964376623,3.8489345558200947,0.7820395003014122,75.52742616033755,1.03407838430807
22,"20MA, 50MA, RSI, Lower_BB, ATR, Williams_%R",64,0.30000000000000004,0.001,16,60,1,150,relu,0.016084340348822262,3.189368136602432,0.847617087597701,81.0126582278481,0.9327027639060532
23,"20MA, 50MA, RSI, Lower_BB, ATR, Williams_%R",64,0.30000000000000004,0.001,16,60,1,150,relu,0.02970116156808417,6.738608649526815,0.4803910420455748,30.37974683544304,1.0
24,"20MA, 50MA, RSI, Lower_BB, ATR, Williams_%R",64,0.5,0.001,16,60,1,150,relu,0.02104200459519569,4.4416110154144635,0.7392021640917066,69.62025316455697,1.0173260057842304
0,"20MA, 50MA, RSI, Lower_BB, ATR, Williams_%R",64,0.7,0.001,16,60,30,100,tanh,0.06462815088540097,14.229500907849149,-1.2511870135518697,12.393162393162394,1.0
1,"20MA, 50MA, RSI, Lower_BB, ATR, Williams_%R",128,0.2,0.001,32,60,30,150,tanh,0.058528416513827966,12.838313299524057,-0.8462974215184691,15.81196581196581,0.9731662615505853
2,"20MA, 50MA, RSI, Lower_BB, ATR, Williams_%R",64,0.4,0.0001,64,60,30,150,relu,0.04352357723942586,9.116540568751535,-0.02098010790756888,29.059829059829063,1.256474782875578
3,"20MA, 50MA, RSI, Lower_BB, ATR, Williams_%R",32,0.2,0.0001,32,60,30,100,tanh,0.045917959782615786,9.565422388139314,-0.13640537963629407,29.914529914529915,1.0128834841142647
4,"20MA, 50MA, RSI, Lower_BB, ATR, Williams_%R",64,0.2,0.001,16,60,30,100,tanh,0.06382800660637862,14.198566563748205,-1.1957893631144403,10.256410256410255,1.0
5,"20MA, 50MA, RSI, Lower_BB, ATR, Williams_%R",128,0.2,0.0001,32,60,30,150,relu,0.05139619452105132,10.947044294685426,-0.4237378882945777,23.076923076923077,0.9402658514282052
6,"20MA, 50MA, RSI, Lower_BB, ATR, Williams_%R",32,0.7,0.0001,64,60,30,50,sigmoid,0.0604526106937361,12.413925519647176,-0.9696916153702162,19.230769230769234,1.045841117332372
7,"20MA, 50MA, RSI, Lower_BB, ATR, Williams_%R",128,0.5,0.001,64,60,30,50,sigmoid,0.07964882618825113,17.972807987369958,-2.4192186523934622,3.8461538461538463,1.0720384302523018
8,"20MA, 50MA, RSI, Lower_BB, ATR, Williams_%R",32,0.30000000000000004,0.0001,64,60,30,150,relu,0.039396158411028975,8.227444610866016,0.16348089441610758,32.47863247863248,1.2212357942747543
9,"20MA, 50MA, RSI, Lower_BB, ATR, Williams_%R",128,0.4,0.0005,16,60,30,150,sigmoid,0.16986481869807107,43.003049633518984,-14.551597021486085,0.0,1.0
10,"20MA, 50MA, RSI, Lower_BB, ATR, Williams_%R",32,0.5,0.0005,64,60,30,150,relu,0.04363047619880398,9.032568281637351,-0.02600155836590634,35.04273504273504,0.8590533200975193
11,"20MA, 50MA, RSI, Lower_BB, ATR, Williams_%R",64,0.4,0.0001,64,60,30,150,relu,0.04435980877587468,9.275941395517586,-0.06058979736045611,29.914529914529915,1.1770856587302505
12,"20MA, 50MA, RSI, Lower_BB, ATR, Williams_%R",64,0.4,0.0001,64,60,30,150,relu,0.04322668063713385,9.038395507511938,-0.007098361184969315,31.196581196581196,1.2718820794417691
13,"20MA, 50MA, RSI, Lower_BB, ATR, Williams_%R",32,0.30000000000000004,0.0001,64,60,30,150,relu,0.039387200622521094,8.201657264686967,0.16386126192517647,34.18803418803419,1.0752725296200158
14,"20MA, 50MA, RSI, Lower_BB, ATR, Williams_%R",32,0.30000000000000004,0.0001,64,60,30,150,relu,0.0459158895122926,9.34496011224033,-0.13630290934766576,28.205128205128204,1.0876491659359444
15,"20MA, 50MA, RSI, Lower_BB, ATR, Williams_%R",32,0.30000000000000004,0.0001,64,60,30,50,relu,0.04281760804587975,8.97837349509662,0.011872652825917096,29.48717948717949,1.1764388599506297
16,"20MA, 50MA, RSI, Lower_BB, ATR, Williams_%R",32,0.8,0.0005,64,60,30,150,relu,0.04338999518820511,9.051112999700258,-0.014722565183556302,34.18803418803419,0.9069470608671764
17,"20MA, 50MA, RSI, Lower_BB, ATR, Williams_%R",32,0.30000000000000004,0.0001,64,60,30,150,relu,0.0398489714749748,8.466633259088452,0.14414075306430008,31.196581196581196,1.324235436307365
18,"20MA, 50MA, RSI, Lower_BB, ATR, Williams_%R",32,0.6000000000000001,0.0001,32,60,30,50,relu,0.050175013946631535,10.546204154083634,-0.35688523921088633,24.358974358974358,0.9033588100868781
19,"20MA, 50MA, RSI, Lower_BB, ATR, Williams_%R",32,0.30000000000000004,0.0005,16,60,30,100,sigmoid,0.11012039654243955,26.88354081449794,-5.5358736439537255,0.0,1.0
20,"20MA, 50MA, RSI, Lower_BB, ATR, Williams_%R",32,0.6000000000000001,0.0001,64,60,30,150,relu,0.04010888510042699,8.412333757783559,0.132939714179246,33.33333333333333,1.205044049172576
21,"20MA, 50MA, RSI, Lower_BB, ATR, Williams_%R",32,0.30000000000000004,0.0001,64,60,30,150,relu,0.039003962835660086,8.114751226624502,0.1800533757451197,34.61538461538461,1.1285659674279374
22,"20MA, 50MA, RSI, Lower_BB, ATR, Williams_%R",32,0.30000000000000004,0.0001,64,60,30,150,relu,0.039376039482123426,8.22637161911839,0.16433506760112437,32.9059829059829,1.1562069709390064
23,"20MA, 50MA, RSI, Lower_BB, ATR, Williams_%R",32,0.4,0.0001,64,60,30,150,relu,0.03951882579072569,8.192100126035394,0.1582634638687822,33.76068376068376,1.2768320539030906
24,"20MA, 50MA, RSI, Lower_BB, ATR, Williams_%R",32,0.30000000000000004,0.0001,64,60,30,150,relu,0.03962142070080454,8.258690326344832,0.15388732265251992,33.33333333333333,1.2951157981019854
0,"20MA, 50MA, RSI, Lower_BB, ATR, OBV",64,0.4,0.001,16,60,1,150,tanh,0.011501483347717592,2.188183392365467,0.9220820583957213,91.13924050632912,0.8828304475951562
1,"20MA, 50MA, RSI, Lower_BB, ATR, OBV",128,0.6000000000000001,0.001,16,60,1,150,tanh,0.012228492456841315,2.439898200066221,0.9119203457683194,89.87341772151899,1.1254134384990786
2,"20MA, 50MA, RSI, Lower_BB, ATR, OBV",128,0.6000000000000001,0.0005,16,60,1,50,tanh,0.018571770680272347,3.769354446994927,0.7968408505066047,72.15189873417721,0.8745141619347927
3,"20MA, 50MA, RSI, Lower_BB, ATR, OBV",64,0.4,0.001,32,60,1,150,tanh,0.016032119781813,3.2184379674079784,0.8486049558206286,79.74683544303798,1.1081265599457304
4,"20MA, 50MA, RSI, Lower_BB, ATR, OBV",32,0.2,0.001,16,60,1,100,tanh,0.02347331237660063,4.596960760574142,0.6754523134998457,61.60337552742617,0.9819868650375416
5,"20MA, 50MA, RSI, Lower_BB, ATR, OBV",32,0.2,0.001,64,60,1,100,sigmoid,0.025775653546207217,5.551246799201,0.6086646029010279,51.47679324894515,0.9499514585860478
6,"20MA, 50MA, RSI, Lower_BB, ATR, OBV",64,0.4,0.0005,16,60,1,150,tanh,0.012203769375093937,2.368650566215128,0.912276137654574,90.71729957805907,1.09245054331612
7,"20MA, 50MA, RSI, Lower_BB, ATR, OBV",32,0.7,0.0001,16,60,1,150,sigmoid,0.04621310705927871,10.48381102070157,-0.2579404957313256,13.924050632911392,1.056034375616937
8,"20MA, 50MA, RSI, Lower_BB, ATR, OBV",32,0.30000000000000004,0.0005,16,60,1,150,relu,0.014075619434726438,2.6834977416958066,0.8833016290563968,86.07594936708861,1.20822325239392
9,"20MA, 50MA, RSI, Lower_BB, ATR, OBV",64,0.7,0.001,64,60,1,50,tanh,0.050290472570783014,12.15158540895044,-0.48970815211527596,5.9071729957805905,1.041480420738682
10,"20MA, 50MA, RSI, Lower_BB, ATR, OBV",64,0.5,0.0001,32,60,1,100,relu,0.03949627514241083,8.742379524373685,0.08115545705278826,24.47257383966245,0.8837967650928453
11,"20MA, 50MA, RSI, Lower_BB, ATR, OBV",64,0.4,0.0005,16,60,1,150,tanh,0.012901437623712387,2.4577878906674635,0.9019593966954785,89.45147679324894,1.130438735202045
12,"20MA, 50MA, RSI, Lower_BB, ATR, OBV",64,0.4,0.0005,16,60,1,150,tanh,0.012408711376511177,2.3398672888718925,0.9093050454920654,90.71729957805907,0.8057361397624673
13,"20MA, 50MA, RSI, Lower_BB, ATR, OBV",64,0.5,0.0005,16,60,1,150,tanh,0.012922564343823993,2.48011318834386,0.9016380414553824,88.18565400843882,0.7685824814259515
14,"20MA, 50MA, RSI, Lower_BB, ATR, OBV",64,0.30000000000000004,0.0001,64,60,1,150,sigmoid,0.03930597425870292,8.86653930389692,0.08998847637983853,23.20675105485232,1.0114860643500645
15,"20MA, 50MA, RSI, Lower_BB, ATR, OBV",64,0.8,0.001,32,60,1,50,relu,0.020247158733815177,4.017442629703367,0.7585329166153454,69.62025316455697,0.8355206765117765
16,"20MA, 50MA, RSI, Lower_BB, ATR, OBV",128,0.30000000000000004,0.0005,16,60,1,150,tanh,0.01495704118142431,2.8808040653396096,0.868228606127454,82.27848101265823,0.8625074516652322
17,"20MA, 50MA, RSI, Lower_BB, ATR, OBV",64,0.4,0.001,16,60,1,150,tanh,0.019001033474770244,3.7117159959169275,0.7873407845962567,72.15189873417721,0.9200032903675339
18,"20MA, 50MA, RSI, Lower_BB, ATR, OBV",64,0.6000000000000001,0.0005,32,60,1,50,sigmoid,0.05366135362753086,12.755524720696986,-0.696106070486358,5.063291139240507,1.0278568742371286
19,"20MA, 50MA, RSI, Lower_BB, ATR, OBV",128,0.5,0.0001,64,60,1,100,relu,0.038623479976105816,8.719088826962148,0.12131631359017203,25.31645569620253,0.9151251484269683
20,"20MA, 50MA, RSI, Lower_BB, ATR, OBV",64,0.30000000000000004,0.001,16,60,1,150,tanh,0.01758976926689757,3.419286563231768,0.8177573397075117,75.52742616033755,0.872346881028228
21,"20MA, 50MA, RSI, Lower_BB, ATR, OBV",128,0.6000000000000001,0.001,16,60,1,150,tanh,0.011380249202111921,2.096437655482796,0.9237160266793003,91.56118143459916,0.9815675630902926
22,"20MA, 50MA, RSI, Lower_BB, ATR, OBV",128,0.6000000000000001,0.001,16,60,1,150,tanh,0.012358208458544276,2.3919742537875166,0.9100417922461338,88.60759493670885,0.8290784664951121
23,"20MA, 50MA, RSI, Lower_BB, ATR, OBV",128,0.5,0.001,16,60,1,150,tanh,0.011794688196093259,2.3526775562916256,0.9180587301689891,91.13924050632912,1.2400547884272728
24,"20MA, 50MA, RSI, Lower_BB, ATR, OBV",128,0.5,0.001,16,60,1,150,tanh,0.013303167246752796,2.5379460329982853,0.8957586893583671,86.49789029535864,0.9465950762644452
0,"20MA, 50MA, RSI, Lower_BB, ATR, OBV",128,0.30000000000000004,0.001,64,60,30,100,relu,0.04899701656144123,10.381260581820005,-0.2939198856885419,23.504273504273502,0.9735472984290405
1,"20MA, 50MA, RSI, Lower_BB, ATR, OBV",128,0.8,0.0001,64,60,30,50,sigmoid,0.0671369396870551,14.093880802870165,-1.429356193730217,17.52136752136752,1.0269855382117825
2,"20MA, 50MA, RSI, Lower_BB, ATR, OBV",64,0.7,0.001,16,60,30,100,relu,0.07713763505803858,17.55372060307331,-2.2070132476213873,7.264957264957266,1.0
3,"20MA, 50MA, RSI, Lower_BB, ATR, OBV",32,0.30000000000000004,0.001,32,60,30,150,tanh,0.06477022005765748,14.21545107799555,-1.2610952593834672,14.529914529914532,1.0
4,"20MA, 50MA, RSI, Lower_BB, ATR, OBV",32,0.4,0.0005,16,60,30,100,tanh,0.06980465441615696,15.541760702273372,-1.6262549078928479,10.683760683760683,1.0
5,"20MA, 50MA, RSI, Lower_BB, ATR, OBV",64,0.5,0.0001,64,60,30,50,relu,0.04092074059823536,8.45313643894253,0.09748363707960361,32.9059829059829,1.235065480069429
6,"20MA, 50MA, RSI, Lower_BB, ATR, OBV",64,0.6000000000000001,0.0001,32,60,30,150,sigmoid,0.07282897135018415,16.257133993736574,-1.858751899481018,12.393162393162394,1.0
7,"20MA, 50MA, RSI, Lower_BB, ATR, OBV",128,0.2,0.0001,32,60,30,100,tanh,0.05246465444846836,11.016293522758057,-0.483548496833077,24.786324786324787,0.9794955387554839
8,"20MA, 50MA, RSI, Lower_BB, ATR, OBV",32,0.8,0.0001,16,60,30,50,tanh,0.05632615686732487,12.156487526041435,-0.7099694639448173,19.65811965811966,0.9544134595912723
9,"20MA, 50MA, RSI, Lower_BB, ATR, OBV",64,0.2,0.001,32,60,30,150,relu,0.05470589980334945,11.568651878700205,-0.6130077190617012,24.358974358974358,0.9194979258622007
10,"20MA, 50MA, RSI, Lower_BB, ATR, OBV",64,0.5,0.0005,64,60,30,50,relu,0.04823199712018945,10.050221513259475,-0.2538298478294645,28.205128205128204,0.9143402117378048
11,"20MA, 50MA, RSI, Lower_BB, ATR, OBV",64,0.5,0.0005,64,60,30,50,relu,0.04740148178299652,9.90316209330118,-0.2110217701633601,29.48717948717949,0.9483637851892119
12,"20MA, 50MA, RSI, Lower_BB, ATR, OBV",64,0.5,0.0005,64,60,30,50,relu,0.048000303605209016,10.020369721973271,-0.24181265966034737,29.48717948717949,0.956888337216976
13,"20MA, 50MA, RSI, Lower_BB, ATR, OBV",64,0.6000000000000001,0.0005,64,60,30,50,relu,0.04619194566662968,9.57654308336489,-0.15000737551652343,31.196581196581196,0.9534288428475346
14,"20MA, 50MA, RSI, Lower_BB, ATR, OBV",64,0.6000000000000001,0.0001,64,60,30,50,relu,0.04448194720560487,9.290759058892803,-0.06643820425480418,27.77777777777778,1.1093092645288802
15,"20MA, 50MA, RSI, Lower_BB, ATR, OBV",64,0.6000000000000001,0.0001,64,60,30,50,relu,0.0468720022811095,9.638730821494242,-0.18411839155149612,27.350427350427353,1.1172047180475055
16,"20MA, 50MA, RSI, Lower_BB, ATR, OBV",64,0.7,0.0001,64,60,30,50,sigmoid,0.06144689743774373,12.477588796235262,-1.0350169611021958,21.367521367521366,1.2608883020162345
17,"20MA, 50MA, RSI, Lower_BB, ATR, OBV",64,0.4,0.0001,64,60,30,50,relu,0.04065047025241581,8.344476994880909,0.10936601663186019,32.47863247863248,1.2095519470064284
18,"20MA, 50MA, RSI, Lower_BB, ATR, OBV",32,0.4,0.0001,64,60,30,50,relu,0.035764379601805264,7.756513217200118,0.310602814681314,32.05128205128205,1.2670264501739126
19,"20MA, 50MA, RSI, Lower_BB, ATR, OBV",32,0.4,0.0001,16,60,30,150,sigmoid,0.071646446705055,16.216488032419083,-1.7666704229104857,5.982905982905983,1.041480420738682
20,"20MA, 50MA, RSI, Lower_BB, ATR, OBV",32,0.4,0.0001,64,60,30,50,relu,0.04172849920467523,8.373044540600173,0.06150136595381106,35.47008547008547,1.1876251813762502
21,"20MA, 50MA, RSI, Lower_BB, ATR, OBV",32,0.30000000000000004,0.0001,64,60,30,50,relu,0.03845306865007048,8.223525337519275,0.20305175077848203,33.76068376068376,1.2445456055349036
22,"20MA, 50MA, RSI, Lower_BB, ATR, OBV",32,0.30000000000000004,0.0001,64,60,30,50,relu,0.03550683030538237,7.447479314925857,0.32049614736995446,38.88888888888889,1.6282810137873356
23,"20MA, 50MA, RSI, Lower_BB, ATR, OBV",32,0.30000000000000004,0.0001,64,60,30,50,relu,0.046105161389640686,9.342007534045168,-0.1456902243813376,30.34188034188034,0.9853134278444874
24,"20MA, 50MA, RSI, Lower_BB, ATR, OBV",32,0.30000000000000004,0.0001,64,60,30,50,relu,0.06591048423146749,13.74981190219415,-1.3414081135230735,17.94871794871795,1.0366805227187008
0,"20MA, 50MA, RSI, Lower_BB, Williams_%R, OBV",64,0.5,0.001,64,60,1,150,tanh,0.035365963250532796,8.469198315829988,0.26328291136554516,14.345991561181433,1.041480420738682
1,"20MA, 50MA, RSI, Lower_BB, Williams_%R, OBV",64,0.5,0.0001,32,60,1,100,relu,0.035195905117520056,7.584704513849882,0.2703509227388545,35.86497890295359,0.9266938053905575
2,"20MA, 50MA, RSI, Lower_BB, Williams_%R, OBV",32,0.6000000000000001,0.0001,16,60,1,150,relu,0.026256133868590156,5.27687704101258,0.5939389651546303,55.69620253164557,1.0633759186360963
3,"20MA, 50MA, RSI, Lower_BB, Williams_%R, OBV",64,0.30000000000000004,0.001,64,60,1,150,sigmoid,0.04329793906361611,10.357039732205626,-0.10424187108514893,6.329113924050633,1.041480420738682
4,"20MA, 50MA, RSI, Lower_BB, Williams_%R, OBV",32,0.8,0.0005,64,60,1,150,relu,0.028876234396712237,6.5745030094838635,0.5088536985130314,34.59915611814346,0.9029558081664216
5,"20MA, 50MA, RSI, Lower_BB, Williams_%R, OBV",128,0.7,0.0001,64,60,1,150,sigmoid,0.05917302638263734,13.998539047941128,-1.0624210111278236,7.172995780590717,1.0
6,"20MA, 50MA, RSI, Lower_BB, Williams_%R, OBV",64,0.4,0.0005,64,60,1,100,tanh,0.04091597685153201,9.65511432803084,0.013912145794573005,12.658227848101266,0.895305377594118
7,"20MA, 50MA, RSI, Lower_BB, Williams_%R, OBV",64,0.7,0.0001,32,60,1,150,relu,0.030375049075016123,6.835957091487558,0.4565448137392334,33.755274261603375,0.9186004257216176
8,"20MA, 50MA, RSI, Lower_BB, Williams_%R, OBV",32,0.7,0.0005,32,60,1,100,tanh,0.015063461608259828,2.9230299764106507,0.8663468093555188,83.54430379746836,1.178715531608205
9,"20MA, 50MA, RSI, Lower_BB, Williams_%R, OBV",32,0.7,0.0001,32,60,1,100,relu,0.03049292880537504,6.484988054201447,0.45231853858171367,42.616033755274266,0.9823599600338397
10,"20MA, 50MA, RSI, Lower_BB, Williams_%R, OBV",128,0.2,0.0005,16,60,1,50,tanh,0.020270887648565137,4.193424269401747,0.7579666041327265,67.51054852320675,0.9813320434703957
11,"20MA, 50MA, RSI, Lower_BB, Williams_%R, OBV",128,0.2,0.0005,16,60,1,50,tanh,0.020527606791114657,4.206674113434841,0.7517973572327501,67.51054852320675,1.0371261414433242
12,"20MA, 50MA, RSI, Lower_BB, Williams_%R, OBV",128,0.2,0.0005,16,60,1,50,tanh,0.017878650959554845,3.6578312430496087,0.8117221402663233,76.37130801687763,1.0069694103470692
13,"20MA, 50MA, RSI, Lower_BB, Williams_%R, OBV",128,0.4,0.0005,16,60,1,50,tanh,0.019453783941020156,4.023414955044091,0.7770856958987439,69.19831223628692,0.9914549478430695
14,"20MA, 50MA, RSI, Lower_BB, Williams_%R, OBV",32,0.8,0.0005,32,60,1,100,tanh,0.017824930630312118,3.6505229300514954,0.8128518847025389,73.83966244725738,0.8428782952290862
15,"20MA, 50MA, RSI, Lower_BB, Williams_%R, OBV",32,0.8,0.0005,32,60,1,100,tanh,0.01698125944717574,3.345927848956597,0.8301484338022096,78.90295358649789,0.9655146928740056
16,"20MA, 50MA, RSI, Lower_BB, Williams_%R, OBV",32,0.8,0.001,32,60,1,100,tanh,0.025124222033538077,5.193301968585482,0.6281951876060742,53.16455696202531,0.9695261783765905
17,"20MA, 50MA, RSI, Lower_BB, Williams_%R, OBV",32,0.6000000000000001,0.0005,32,60,1,100,sigmoid,0.04708349821026093,11.308654801604433,-0.30577156280344986,6.751054852320674,1.0278568742371286
18,"20MA, 50MA, RSI, Lower_BB, Williams_%R, OBV",32,0.6000000000000001,0.0005,32,60,1,100,tanh,0.017192505020663704,3.5186745577536316,0.8258962679025402,76.79324894514767,0.8626048881199875
19,"20MA, 50MA, RSI, Lower_BB, Williams_%R, OBV",32,0.7,0.0005,32,60,1,100,tanh,0.01938162417246078,3.914904850025769,0.7787363374227081,72.15189873417721,0.989200436008637
20,"20MA, 50MA, RSI, Lower_BB, Williams_%R, OBV",32,0.8,0.001,32,60,1,100,tanh,0.02061958433476528,4.230145310166928,0.7495681432315767,68.35443037974683,1.0490087592496224
21,"20MA, 50MA, RSI, Lower_BB, Williams_%R, OBV",32,0.6000000000000001,0.0005,32,60,1,100,tanh,0.020142455823093982,4.1578103659274195,0.7610238276979313,64.13502109704642,0.928730248295349
22,"20MA, 50MA, RSI, Lower_BB, Williams_%R, OBV",32,0.6000000000000001,0.0005,32,60,1,100,tanh,0.014632944485865733,2.8489908371245716,0.8738773140457954,86.91983122362869,1.1044321939718544
23,"20MA, 50MA, RSI, Lower_BB, Williams_%R, OBV",32,0.7,0.0005,32,60,1,100,tanh,0.019038878679612792,3.8981706570310806,0.7864928153012816,68.35443037974683,0.9762976090854864
24,"20MA, 50MA, RSI, Lower_BB, Williams_%R, OBV",32,0.6000000000000001,0.0005,32,60,1,100,sigmoid,0.027709833853956374,5.827461994195619,0.5477301836679473,48.9451476793249,0.9895817074058352
0,"20MA, 50MA, RSI, Lower_BB, Williams_%R, OBV",64,0.6000000000000001,0.0001,16,60,30,100,tanh,0.06223290785382318,13.680354329460052,-1.0874126082095192,12.82051282051282,1.1057892768131274
1,"20MA, 50MA, RSI, Lower_BB, Williams_%R, OBV",128,0.2,0.0001,64,60,30,150,sigmoid,0.05927633296088572,12.280533809576173,-0.8937854345031622,20.085470085470085,1.073715425938983
2,"20MA, 50MA, RSI, Lower_BB, Williams_%R, OBV",64,0.4,0.0001,16,60,30,100,tanh,0.05508309004506536,11.703589577059578,-0.6353273676259108,20.085470085470085,0.9284897057010607
3,"20MA, 50MA, RSI, Lower_BB, Williams_%R, OBV",32,0.5,0.0005,32,60,30,50,relu,0.05680981420049965,12.179292936176774,-0.7394616252128103,19.230769230769234,1.0278568742371286
4,"20MA, 50MA, RSI, Lower_BB, Williams_%R, OBV",128,0.4,0.001,64,60,30,150,tanh,0.045814192473843336,9.661098167327381,-0.1312749911663893,26.495726495726498,0.941556748023523
5,"20MA, 50MA, RSI, Lower_BB, Williams_%R, OBV",128,0.7,0.0001,16,60,30,50,tanh,0.07654013675369524,17.615252397724365,-2.157523430788479,5.982905982905983,1.0
6,"20MA, 50MA, RSI, Lower_BB, Williams_%R, OBV",64,0.8,0.0005,16,60,30,50,tanh,0.08581692889612162,20.176468103416063,-2.9693011622141263,3.418803418803419,1.0
7,"20MA, 50MA, RSI, Lower_BB, Williams_%R, OBV",128,0.2,0.0005,32,60,30,150,sigmoid,0.1427876438974101,35.90737016037718,-9.988777230056721,0.0,1.0
8,"20MA, 50MA, RSI, Lower_BB, Williams_%R, OBV",32,0.2,0.001,16,60,30,150,relu,0.06960852103546528,15.488546732985778,-1.6115174204571585,9.401709401709402,1.0
9,"20MA, 50MA, RSI, Lower_BB, Williams_%R, OBV",64,0.5,0.001,32,60,30,150,relu,0.05185076369609372,10.854519957754388,-0.4490335102596039,25.64102564102564,0.9504868950858759
10,"20MA, 50MA, RSI, Lower_BB, Williams_%R, OBV",128,0.4,0.001,64,60,30,150,tanh,0.039806575764417734,8.492685899815957,0.14596089836352888,35.04273504273504,0.9293241040920793
11,"20MA, 50MA, RSI, Lower_BB, Williams_%R, OBV",128,0.4,0.001,64,60,30,150,tanh,0.0436188080133875,9.212242680427126,-0.025452860452330084,28.205128205128204,1.0339935313676778
12,"20MA, 50MA, RSI, Lower_BB, Williams_%R, OBV",128,0.4,0.001,64,60,30,150,tanh,0.045198790500139245,9.567271486949545,-0.10108726875759588,26.495726495726498,0.9818784572738712
13,"20MA, 50MA, RSI, Lower_BB, Williams_%R, OBV",128,0.30000000000000004,0.001,64,60,30,150,tanh,0.04513290142456991,9.563561547084008,-0.09787936246545281,26.06837606837607,0.9194557476855478
14,"20MA, 50MA, RSI, Lower_BB, Williams_%R, OBV",128,0.5,0.001,64,60,30,150,tanh,0.04428658610120681,9.357626343337715,-0.05709135453144132,26.923076923076923,1.0966967046622618
15,"20MA, 50MA, RSI, Lower_BB, Williams_%R, OBV",128,0.30000000000000004,0.001,64,60,30,100,sigmoid,0.0799549158925994,18.30841928538735,-2.4455492008746673,4.700854700854701,1.041480420738682
16,"20MA, 50MA, RSI, Lower_BB, Williams_%R, OBV",32,0.6000000000000001,0.001,64,60,30,150,tanh,0.04190944305396036,8.782434229439069,0.05334465113157183,31.196581196581196,1.1339287768625022
17,"20MA, 50MA, RSI, Lower_BB, Williams_%R, OBV",32,0.6000000000000001,0.001,64,60,30,150,tanh,0.04305475006853964,8.940670688678496,0.0008970085450229481,33.76068376068376,0.9749328457148929
18,"20MA, 50MA, RSI, Lower_BB, Williams_%R, OBV",32,0.6000000000000001,0.001,64,60,30,100,relu,0.04750722123700715,9.777928980818569,-0.21643069836253703,29.914529914529915,1.0052575335251415
19,"20MA, 50MA, RSI, Lower_BB, Williams_%R, OBV",32,0.7,0.0005,64,60,30,50,sigmoid,0.043490205610814126,9.146247466799366,-0.019415038632204507,27.77777777777778,1.0575161084080948
20,"20MA, 50MA, RSI, Lower_BB, Williams_%R, OBV",32,0.8,0.001,32,60,30,150,tanh,0.06476725081836249,13.716627655239058,-1.2608879548845722,17.094017094017094,1.0
21,"20MA, 50MA, RSI, Lower_BB, Williams_%R, OBV",32,0.6000000000000001,0.001,64,60,30,150,tanh,0.0442591867102704,9.199296491556671,-0.05578374867807745,29.48717948717949,1.074463519573906
22,"20MA, 50MA, RSI, Lower_BB, Williams_%R, OBV",32,0.7,0.001,64,60,30,150,tanh,0.06104047043982113,12.480781876720808,-1.0081856456131315,20.94017094017094,1.0341892341137569
23,"20MA, 50MA, RSI, Lower_BB, Williams_%R, OBV",32,0.6000000000000001,0.001,64,60,30,150,tanh,0.03991795244374229,8.289181681619286,0.14117510065414673,38.46153846153847,1.169404065710053
24,"20MA, 50MA, RSI, Lower_BB, Williams_%R, OBV",32,0.5,0.001,64,60,30,150,tanh,0.03773656633644568,8.039823968665647,0.23247438849694235,33.33333333333333,1.006748705715916
0,"20MA, 50MA, RSI, CCI, ATR, Williams_%R",128,0.30000000000000004,0.0005,32,60,1,50,sigmoid,0.055408605755282,12.953839288121504,-0.8083571407562087,10.126582278481013,0.9202457869015823
1,"20MA, 50MA, RSI, CCI, ATR, Williams_%R",32,0.5,0.001,16,60,1,100,sigmoid,0.030519198823836417,6.908709480115596,0.451374463990592,33.755274261603375,0.8859785004075719
2,"20MA, 50MA, RSI, CCI, ATR, Williams_%R",32,0.4,0.0005,64,60,1,150,relu,0.03288484301997757,7.451334345127562,0.363026584459047,32.91139240506329,0.8743295152943652
3,"20MA, 50MA, RSI, CCI, ATR, Williams_%R",128,0.8,0.0001,64,60,1,150,tanh,0.027647780034039303,6.011111868618884,0.5497535552416702,48.10126582278481,0.9985478279733606
4,"20MA, 50MA, RSI, CCI, ATR, Williams_%R",64,0.7,0.0001,32,60,1,50,sigmoid,0.03801733184521404,7.915028289520337,0.14867962341262897,35.0210970464135,1.0455485721931435
5,"20MA, 50MA, RSI, CCI, ATR, Williams_%R",32,0.2,0.0005,32,60,1,100,sigmoid,0.034437098925017104,8.04457627863199,0.3014735147131373,22.362869198312236,0.8192755829160858
6,"20MA, 50MA, RSI, CCI, ATR, Williams_%R",128,0.2,0.001,16,60,1,150,relu,0.01882776583797243,4.039909929022566,0.791201517617435,68.35443037974683,1.0314828700244285
7,"20MA, 50MA, RSI, CCI, ATR, Williams_%R",128,0.4,0.0005,64,60,1,150,tanh,0.020192883482067468,4.6612168296652525,0.7598257519338438,63.71308016877637,1.1131945775204146
8,"20MA, 50MA, RSI, CCI, ATR, Williams_%R",128,0.6000000000000001,0.001,64,60,1,150,relu,0.0133689576427927,2.511117436021013,0.8947250956004521,88.60759493670885,0.9978110919878674
9,"20MA, 50MA, RSI, CCI, ATR, Williams_%R",128,0.4,0.001,16,60,1,150,tanh,0.01938728240379143,4.1775317263926475,0.7786071280515799,64.55696202531645,1.0969271163251277
10,"20MA, 50MA, RSI, CCI, ATR, Williams_%R",64,0.6000000000000001,0.001,64,60,1,100,relu,0.01939684311852361,4.148522601047489,0.7783887172438649,65.82278481012658,1.0248672010016515
11,"20MA, 50MA, RSI, CCI, ATR, Williams_%R",128,0.6000000000000001,0.001,16,60,1,150,relu,0.01876853448143337,4.013574832438378,0.7925131935512253,67.08860759493672,1.0100305402118246
12,"20MA, 50MA, RSI, CCI, ATR, Williams_%R",128,0.6000000000000001,0.001,16,60,1,150,relu,0.028032488487513194,6.27340503562655,0.5371363603457333,42.19409282700422,1.0
13,"20MA, 50MA, RSI, CCI, ATR, Williams_%R",128,0.6000000000000001,0.001,16,60,1,150,relu,0.018868146928107933,4.030429758988645,0.7903049107439083,67.08860759493672,1.0314828700244285
14,"20MA, 50MA, RSI, CCI, ATR, Williams_%R",128,0.8,0.001,64,60,1,150,relu,0.019494513285238175,4.437157714420811,0.7761513113369807,64.55696202531645,1.1131945775204146
15,"20MA, 50MA, RSI, CCI, ATR, Williams_%R",64,0.7,0.001,64,60,1,50,relu,0.022882815458839016,4.836652269914567,0.6915756362644527,62.447257383966246,0.8476593269222908
16,"20MA, 50MA, RSI, CCI, ATR, Williams_%R",128,0.5,0.0001,16,60,1,150,relu,0.025186024287568606,5.512262294960982,0.6263637567810587,48.9451476793249,0.8837085067958372
17,"20MA, 50MA, RSI, CCI, ATR, Williams_%R",128,0.7,0.001,64,60,1,150,relu,0.014066972597589865,2.7436471763550268,0.8834449636882153,89.0295358649789,0.8346736035693486
18,"20MA, 50MA, RSI, CCI, ATR, Williams_%R",32,0.7,0.001,64,60,1,100,relu,0.018108782264673228,3.665815237919771,0.8053150303011989,74.89539748953975,1.0462559543180925
19,"20MA, 50MA, RSI, CCI, ATR, Williams_%R",64,0.8,0.0001,64,60,1,50,tanh,0.02389709722591729,4.884310489760504,0.6636278259773023,62.447257383966246,1.0668725061028317
20,"20MA, 50MA, RSI, CCI, ATR, Williams_%R",128,0.7,0.001,64,60,1,150,relu,0.028954928914650534,6.79445586157785,0.5061730728626523,33.33333333333333,0.9324430213463267
21,"20MA, 50MA, RSI, CCI, ATR, Williams_%R",32,0.7,0.001,64,60,1,100,relu,0.01491381198361543,2.9698420578293936,0.8689892030513435,85.23206751054853,1.1407901836419636
22,"20MA, 50MA, RSI, CCI, ATR, Williams_%R",32,0.7,0.001,64,60,1,100,relu,0.014788009529963718,2.8421914987280403,0.8711901113945241,84.38818565400844,1.2024178890524062
23,"20MA, 50MA, RSI, CCI, ATR, Williams_%R",32,0.6000000000000001,0.001,64,60,1,100,relu,0.02111145689988316,4.504136702540125,0.7374777178262379,62.869198312236286,1.072583847824906
24,"20MA, 50MA, RSI, CCI, ATR, Williams_%R",32,0.8,0.001,64,60,1,100,relu,0.014537105969918916,2.7704419788099703,0.8755239857450379,85.23206751054853,1.1778083280677178
0,"20MA, 50MA, RSI, CCI, ATR, Williams_%R",32,0.8,0.0005,64,60,30,100,sigmoid,0.051183110465528786,10.953271418625148,-0.4119569787772188,22.64957264957265,0.9830978225554087
1,"20MA, 50MA, RSI, CCI, ATR, Williams_%R",64,0.5,0.001,16,60,30,50,tanh,0.07767405126824371,17.738822535737103,-2.2517715647555088,8.11965811965812,1.0
2,"20MA, 50MA, RSI, CCI, ATR, Williams_%R",32,0.6000000000000001,0.0005,32,60,30,100,tanh,0.06415899212886716,14.267485336436081,-1.2186213111458852,14.102564102564102,0.9179250000574591
3,"20MA, 50MA, RSI, CCI, ATR, Williams_%R",64,0.8,0.0001,32,60,30,50,relu,0.06349878396023795,14.05344007903708,-1.1731961703449958,13.247863247863249,1.0278568742371286
4,"20MA, 50MA, RSI, CCI, ATR, Williams_%R",32,0.8,0.001,32,60,30,100,relu,0.05930076759869739,12.843524776111284,-0.8953470526499312,19.230769230769234,1.0
5,"20MA, 50MA, RSI, CCI, ATR, Williams_%R",32,0.8,0.0001,16,60,30,150,tanh,0.05465680699568218,11.617100292606459,-0.6101140075258857,19.65811965811966,1.1124309256933582
6,"20MA, 50MA, RSI, CCI, ATR, Williams_%R",128,0.7,0.0001,64,60,30,100,tanh,0.05454115192290042,11.879188882577681,-0.6033071396423748,21.367521367521366,0.8700971505254883
7,"20MA, 50MA, RSI, CCI, ATR, Williams_%R",128,0.7,0.0005,16,60,30,150,sigmoid,0.17137629639264323,43.56870224041997,-14.829588324552716,0.0,1.0
8,"20MA, 50MA, RSI, CCI, ATR, Williams_%R",32,0.2,0.001,64,60,30,150,sigmoid,0.04240143162469189,8.896206047731104,0.030988001377671215,30.34188034188034,1.0405388463942
9,"20MA, 50MA, RSI, CCI, ATR, Williams_%R",64,0.7,0.0001,64,60,30,150,sigmoid,0.050344353943065384,10.310534136452585,-0.36605963368064387,29.914529914529915,1.0797807227908327
10,"20MA, 50MA, RSI, CCI, ATR, Williams_%R",32,0.2,0.001,64,60,30,150,sigmoid,0.047389999255728635,9.956946071217029,-0.2104351257914583,24.786324786324787,0.9615558317589333
11,"20MA, 50MA, RSI, CCI, ATR, Williams_%R",32,0.2,0.001,64,60,30,150,sigmoid,0.04120640369071775,8.513050117732316,0.0848389242817813,36.75213675213676,0.936456265851082
12,"20MA, 50MA, RSI, CCI, ATR, Williams_%R",32,0.2,0.001,64,60,30,150,sigmoid,0.04194622495651281,8.831067847214689,0.05168225420717398,31.196581196581196,1.3019923942580898
13,"20MA, 50MA, RSI, CCI, ATR, Williams_%R",32,0.30000000000000004,0.001,64,60,30,150,sigmoid,0.03899419609182549,8.479433599937174,0.18046395997357834,34.61538461538461,1.2524599929340745
14,"20MA, 50MA, RSI, CCI, ATR, Williams_%R",32,0.4,0.001,64,60,30,150,sigmoid,0.04125019546943097,8.859699841354612,0.08289273032980882,29.48717948717949,0.9172701659743492
15,"20MA, 50MA, RSI, CCI, ATR, Williams_%R",128,0.30000000000000004,0.001,64,60,30,150,sigmoid,0.09164825047812201,21.5244942288219,-3.52706230975813,4.700854700854701,1.0
16,"20MA, 50MA, RSI, CCI, ATR, Williams_%R",32,0.4,0.001,64,60,30,50,relu,0.047820439620207426,9.984237201026232,-0.23252359768045583,30.76923076923077,0.8978221933424325
17,"20MA, 50MA, RSI, CCI, ATR, Williams_%R",32,0.30000000000000004,0.001,64,60,30,150,sigmoid,0.06826542536771837,14.793457958560513,-1.5117112782366644,16.666666666666664,0.9324430213463267
18,"20MA, 50MA, RSI, CCI, ATR, Williams_%R",128,0.30000000000000004,0.001,16,60,30,150,sigmoid,0.1300516103476786,31.632968224018356,-8.1159006344639,0.0,1.0
19,"20MA, 50MA, RSI, CCI, ATR, Williams_%R",64,0.4,0.0005,32,60,30,50,relu,0.06240629070723865,13.802517604710562,-1.099060006000339,11.538461538461538,1.0314828700244285
20,"20MA, 50MA, RSI, CCI, ATR, Williams_%R",32,0.5,0.001,64,60,30,150,sigmoid,0.046905635352076626,10.318954810796683,-0.18581833285517146,23.931623931623932,0.8030277569237323
21,"20MA, 50MA, RSI, CCI, ATR, Williams_%R",32,0.4,0.001,64,60,30,150,sigmoid,0.05483620796506348,12.062196736005008,-0.6207011635702036,18.803418803418804,0.977107945742882
22,"20MA, 50MA, RSI, CCI, ATR, Williams_%R",32,0.30000000000000004,0.001,64,60,30,150,sigmoid,0.05921520887323239,12.89849084419527,-0.8898818116237412,20.085470085470085,0.8492999113390693
23,"20MA, 50MA, RSI, CCI, ATR, Williams_%R",32,0.2,0.001,64,60,30,150,sigmoid,0.041069581459896816,8.818732588377411,0.09090625785563478,32.47863247863248,0.898634118003468
24,"20MA, 50MA, RSI, CCI, ATR, Williams_%R",32,0.2,0.001,64,60,30,150,sigmoid,0.05375091335958329,11.570929796972512,-0.5571835637695113,22.22222222222222,0.895305377594118
0,"20MA, 50MA, RSI, CCI, ATR, OBV",128,0.6000000000000001,0.0001,32,60,1,50,sigmoid,0.07441255362044386,18.005848496213073,-2.2615360119666468,1.6877637130801686,1.041480420738682
1,"20MA, 50MA, RSI, CCI, ATR, OBV",64,0.4,0.0001,64,60,1,50,relu,0.02534954243966411,5.019441274272208,0.6214964034681834,57.80590717299579,1.2981254439810137
2,"20MA, 50MA, RSI, CCI, ATR, OBV",32,0.6000000000000001,0.0005,32,60,1,100,sigmoid,0.04096391274598376,9.859173690072423,0.011600252182796367,8.438818565400844,0.895305377594118
3,"20MA, 50MA, RSI, CCI, ATR, OBV",32,0.2,0.001,64,60,1,50,sigmoid,0.0416515524947792,9.196625875455014,-0.02186176261895101,27.004219409282697,0.9576234100466158
4,"20MA, 50MA, RSI, CCI, ATR, OBV",128,0.6000000000000001,0.0005,64,60,1,150,sigmoid,0.04027570360901801,9.722468620899699,0.044532248573128874,8.438818565400844,0.8389306574757176
5,"20MA, 50MA, RSI, CCI, ATR, OBV",64,0.7,0.0005,64,60,1,150,tanh,0.033009729141830264,7.552395078072878,0.35817935495312947,30.37974683544304,0.9175080701265431
6,"20MA, 50MA, RSI, CCI, ATR, OBV",32,0.7,0.0001,32,60,1,150,relu,0.03263304459441128,7.010758876001358,0.372743818392104,39.24050632911392,0.9587768881899094
7,"20MA, 50MA, RSI, CCI, ATR, OBV",128,0.30000000000000004,0.0001,64,60,1,50,tanh,0.02831990486868137,6.149920289074971,0.5275962446000773,45.56962025316456,1.181083667708039
8,"20MA, 50MA, RSI, CCI, ATR, OBV",32,0.30000000000000004,0.001,32,60,1,150,relu,0.02051607909805769,4.188848683594486,0.7520760453942472,69.19831223628692,0.8629214446837079
9,"20MA, 50MA, RSI, CCI, ATR, OBV",128,0.7,0.001,32,60,1,50,sigmoid,0.1234389529599416,31.55610457748374,-7.9749950898632616,0.0,1.0
10,"20MA, 50MA, RSI, CCI, ATR, OBV",32,0.4,0.001,16,60,1,100,relu,0.012665366907446912,2.3896474429124472,0.9055144681151649,91.13924050632912,0.9489952433362612
11,"20MA, 50MA, RSI, CCI, ATR, OBV",32,0.4,0.001,16,60,1,100,relu,0.015831530524392727,3.0769723675045597,0.852369678227805,81.0126582278481,0.917183041023568
12,"20MA, 50MA, RSI, CCI, ATR, OBV",32,0.5,0.001,16,60,1,100,relu,0.020189569738392046,4.113053670108621,0.7599045728306033,73.83966244725738,0.7170179541046495
13,"20MA, 50MA, RSI, CCI, ATR, OBV",32,0.4,0.001,16,60,1,100,relu,0.02296074357921109,4.788482617310996,0.6894713622664889,59.49367088607595,0.8585875647970621
14,"20MA, 50MA, RSI, CCI, ATR, OBV",32,0.4,0.001,16,60,1,100,relu,0.026158200095262353,5.632217889264108,0.5969624814984336,47.67932489451477,0.9372550542709658
15,"20MA, 50MA, RSI, CCI, ATR, OBV",32,0.2,0.001,16,60,1,100,relu,0.023117708235336147,4.804734094409104,0.6852111669275842,59.49367088607595,0.9540429703210717
16,"20MA, 50MA, RSI, CCI, ATR, OBV",64,0.5,0.001,16,60,1,100,relu,0.025060687621880032,5.379877710090875,0.6300732582330463,49.36708860759494,1.0953976799124505
17,"20MA, 50MA, RSI, CCI, ATR, OBV",32,0.30000000000000004,0.001,16,60,1,100,tanh,0.016652160729846512,3.441290345828397,0.8366681243628845,78.48101265822784,0.9706287302710319
18,"20MA, 50MA, RSI, CCI, ATR, OBV",32,0.8,0.001,16,60,1,100,relu,0.017192558726374603,3.445352091404182,0.8258951801751503,75.10548523206751,0.8084634067359452
19,"20MA, 50MA, RSI, CCI, ATR, OBV",64,0.4,0.0005,16,60,1,100,relu,0.019866131878857968,4.060797614990787,0.7675356344179862,68.77637130801688,0.8788114327919601
20,"20MA, 50MA, RSI, CCI, ATR, OBV",32,0.5,0.001,16,60,1,100,tanh,0.01361823225272507,2.626360202876089,0.890762630306222,88.18565400843882,1.0876704387698395
21,"20MA, 50MA, RSI, CCI, ATR, OBV",32,0.5,0.001,16,60,1,100,tanh,0.019635002439880582,4.175800002224974,0.7729133099281968,66.66666666666666,0.9114173525497558
22,"20MA, 50MA, RSI, CCI, ATR, OBV",32,0.4,0.001,16,60,1,100,tanh,0.018899276728067682,4.109097873381586,0.7896124048867119,69.62025316455697,0.9114120116899452
23,"20MA, 50MA, RSI, CCI, ATR, OBV",32,0.5,0.001,16,60,1,100,tanh,0.014350279425805221,2.7397494021758986,0.878702883627068,86.91983122362869,0.9691507293400382
24,"20MA, 50MA, RSI, CCI, ATR, OBV",32,0.5,0.001,16,60,1,100,tanh,0.019137327995077256,4.032223214413343,0.784279031348619,68.35443037974683,0.9526898866812357
0,"20MA, 50MA, RSI, CCI, ATR, OBV",32,0.7,0.0001,32,60,30,50,sigmoid,0.06734660480723638,14.09465036035988,-1.4445533891714009,13.247863247863249,1.0089951794039274
1,"20MA, 50MA, RSI, CCI, ATR, OBV",32,0.5,0.001,64,60,30,100,sigmoid,0.05558164814451989,11.960171802014077,-0.6650640936326118,17.94871794871795,1.0396212452139562
2,"20MA, 50MA, RSI, CCI, ATR, OBV",64,0.7,0.0005,64,60,30,50,tanh,0.050570779856181226,10.726002452392411,-0.3783750909715986,25.213675213675213,0.9441478649641076
3,"20MA, 50MA, RSI, CCI, ATR, OBV",32,0.30000000000000004,0.0005,16,60,30,50,sigmoid,0.11319395705518441,27.48158720458635,-5.905809579480611,0.4273504273504274,1.0
4,"20MA, 50MA, RSI, CCI, ATR, OBV",32,0.5,0.0005,32,60,30,50,sigmoid,0.07304930925781596,16.2943891138355,-1.8760758913467184,5.555555555555555,1.041480420738682
5,"20MA, 50MA, RSI, CCI, ATR, OBV",32,0.6000000000000001,0.0005,64,60,30,100,tanh,0.05192540729201237,11.116561232711708,-0.4532085278539433,24.358974358974358,1.0023233585799687
6,"20MA, 50MA, RSI, CCI, ATR, OBV",128,0.30000000000000004,0.0001,32,60,30,150,relu,0.0605103908508074,13.019971193721968,-0.973458648044375,18.803418803418804,0.9668056719059492
7,"20MA, 50MA, RSI, CCI, ATR, OBV",32,0.7,0.0005,64,60,30,150,tanh,0.04749729713747088,10.039777761293255,-0.215922534840564,30.76923076923077,1.0287706356895945
8,"20MA, 50MA, RSI, CCI, ATR, OBV",32,0.4,0.0001,64,60,30,150,sigmoid,0.044141850495538586,9.073168293391971,-0.050193159897004014,31.62393162393162,1.2107688525215854
9,"20MA, 50MA, RSI, CCI, ATR, OBV",128,0.4,0.0001,64,60,30,50,sigmoid,0.06831366301948434,14.34797032819202,-1.5352969493053483,16.101694915254235,1.017990100918537
10,"20MA, 50MA, RSI, CCI, ATR, OBV",64,0.2,0.001,16,60,30,150,relu,0.07566536793586826,17.22092925341417,-2.0857618879134745,7.264957264957266,1.0
11,"20MA, 50MA, RSI, CCI, ATR, OBV",32,0.8,0.0001,64,60,30,150,tanh,0.039442793601868614,8.155538301434612,0.15482036952943046,38.559322033898304,1.1880394884188166
12,"20MA, 50MA, RSI, CCI, ATR, OBV",32,0.8,0.0001,64,60,30,150,tanh,0.0368121428210943,7.652568507218921,0.26379987937366856,40.25423728813559,1.2500485816635256
13,"20MA, 50MA, RSI, CCI, ATR, OBV",128,0.8,0.0001,64,60,30,150,tanh,0.04416776906240528,9.027029444652275,-0.05980170629280801,35.16949152542373,0.9468533292516739
14,"20MA, 50MA, RSI, CCI, ATR, OBV",32,0.8,0.0001,64,60,30,150,tanh,0.03731912834706167,7.785857846584886,0.24936104748304588,36.75213675213676,1.1642146351057372
15,"20MA, 50MA, RSI, CCI, ATR, OBV",64,0.8,0.0001,16,60,30,150,tanh,0.06648769367695455,14.838996204779194,-1.382597332013527,11.965811965811966,0.9072870592946767
16,"20MA, 50MA, RSI, CCI, ATR, OBV",32,0.6000000000000001,0.0001,64,60,30,150,tanh,0.03567627859381652,7.543264361186706,0.31399511613721065,35.47008547008547,0.9741784376935954
17,"20MA, 50MA, RSI, CCI, ATR, OBV",32,0.6000000000000001,0.001,64,60,30,100,relu,0.04232395862609433,8.851393591817294,0.034525791441813,34.18803418803419,1.163040470686349
18,"20MA, 50MA, RSI, CCI, ATR, OBV",64,0.6000000000000001,0.0001,32,60,30,150,tanh,0.050880673441813566,10.715429602222336,-0.40643410575135075,24.576271186440678,1.0001282431370486
19,"20MA, 50MA, RSI, CCI, ATR, OBV",128,0.7,0.0001,16,60,30,150,tanh,0.06533896700465416,14.54275850686598,-1.300978933225052,14.957264957264957,1.0
20,"20MA, 50MA, RSI, CCI, ATR, OBV",32,0.6000000000000001,0.001,64,60,30,100,tanh,0.046640252151126486,9.977051517228691,-0.18177681942141355,25.423728813559322,0.8829131694553478
21,"20MA, 50MA, RSI, CCI, ATR, OBV",32,0.8,0.0001,64,60,30,150,tanh,0.03828299702822913,7.893315823476785,0.21008570433339002,37.60683760683761,1.0755573750762055
22,"20MA, 50MA, RSI, CCI, ATR, OBV",32,0.7,0.0001,64,60,30,150,tanh,0.03468573810508035,7.401376611228426,0.3515597037168863,36.324786324786324,1.2798993148835474
23,"20MA, 50MA, RSI, CCI, ATR, OBV",32,0.7,0.0001,64,60,30,150,tanh,0.036013402431059105,7.623854183737021,0.3009690216555527,35.47008547008547,1.1105263319153664
24,"20MA, 50MA, RSI, CCI, ATR, OBV",32,0.7,0.0001,64,60,30,150,tanh,0.03780505493065582,7.758528444383576,0.2296858755342801,38.46153846153847,1.1344239585947087
0,"20MA, 50MA, RSI, CCI, Williams_%R, OBV",128,0.7,0.0005,16,60,1,50,tanh,0.018211921281618332,3.6917368035548335,0.8046374613826187,72.57383966244726,0.9423800066347834
1,"20MA, 50MA, RSI, CCI, Williams_%R, OBV",32,0.5,0.0005,32,60,1,150,relu,0.029538389492408865,6.750657072330332,0.48607069005235803,32.48945147679325,0.9951016140277801
2,"20MA, 50MA, RSI, CCI, Williams_%R, OBV",32,0.8,0.0001,16,60,1,100,tanh,0.02764086570694292,5.644769731635291,0.5499787278892534,50.210970464135016,0.8837013894084812
3,"20MA, 50MA, RSI, CCI, Williams_%R, OBV",32,0.7,0.0001,16,60,1,50,sigmoid,0.06522161268009052,15.181264791907676,-1.505606270129563,3.375527426160337,1.1114661420909104
4,"20MA, 50MA, RSI, CCI, Williams_%R, OBV",64,0.8,0.001,64,60,1,150,tanh,0.037960006909504934,9.082591714490203,0.1512450371439421,12.236286919831224,0.9324430213463267
5,"20MA, 50MA, RSI, CCI, Williams_%R, OBV",64,0.7,0.0001,32,60,1,100,sigmoid,0.04620743390402124,10.647129042774443,-0.25763166327445197,16.877637130801688,0.9018820564006516
6,"20MA, 50MA, RSI, CCI, Williams_%R, OBV",128,0.8,0.001,64,60,1,50,tanh,0.04845592081958357,11.936409855792027,-0.38300408557787313,5.063291139240507,1.1057892768131274
7,"20MA, 50MA, RSI, CCI, Williams_%R, OBV",64,0.8,0.0001,32,60,1,150,sigmoid,0.07328043030752249,17.768631175342854,-2.1630480026110908,2.109704641350211,1.1114661420909104
8,"20MA, 50MA, RSI, CCI, Williams_%R, OBV",128,0.6000000000000001,0.001,32,60,1,100,tanh,0.011976416377859109,2.2234078010860405,0.9155142363215942,91.13924050632912,1.0156732973203768
9,"20MA, 50MA, RSI, CCI, Williams_%R, OBV",128,0.2,0.001,16,60,1,100,sigmoid,0.14458456682331033,36.17173198172888,-11.313276658856052,0.0,1.0
10,"20MA, 50MA, RSI, CCI, Williams_%R, OBV",128,0.4,0.001,32,60,1,100,relu,0.02185374036543354,4.54155081587385,0.7186924946987527,59.49367088607595,1.0345428618577355
11,"20MA, 50MA, RSI, CCI, Williams_%R, OBV",128,0.5,0.0005,16,60,1,50,tanh,0.01982541220358207,3.959770852855942,0.7684876237052329,68.77637130801688,1.0423744549164637
12,"20MA, 50MA, RSI, CCI, Williams_%R, OBV",128,0.6000000000000001,0.0005,32,60,1,50,tanh,0.015497914523986087,3.012662807898545,0.858526113740259,83.12236286919831,1.1372916839078304
13,"20MA, 50MA, RSI, CCI, Williams_%R, OBV",128,0.6000000000000001,0.0005,32,60,1,50,tanh,0.024083402333059133,5.174037998435212,0.6583625724616672,50.210970464135016,0.8553526364735384
14,"20MA, 50MA, RSI, CCI, Williams_%R, OBV",128,0.4,0.001,32,60,1,100,tanh,0.012305259004853934,2.303287081597953,0.9108110030566201,91.13924050632912,1.138438879023331
15,"20MA, 50MA, RSI, CCI, Williams_%R, OBV",128,0.30000000000000004,0.001,32,60,1,100,tanh,0.013468487654438626,2.561681108564273,0.8931517468910983,89.87341772151899,1.1296292900500562
16,"20MA, 50MA, RSI, CCI, Williams_%R, OBV",128,0.4,0.001,32,60,1,100,relu,0.01945035099960191,4.025797779123278,0.7771643627770165,67.51054852320675,1.0617007185176999
17,"20MA, 50MA, RSI, CCI, Williams_%R, OBV",128,0.4,0.001,64,60,1,100,tanh,0.03394353124712923,7.987977908913931,0.3213532030434637,23.628691983122362,0.9951016140277801
18,"20MA, 50MA, RSI, CCI, Williams_%R, OBV",64,0.2,0.001,32,60,1,100,tanh,0.016101233563368064,3.178006425913551,0.8472968271426624,82.70042194092827,0.9786340619282535
19,"20MA, 50MA, RSI, CCI, Williams_%R, OBV",32,0.6000000000000001,0.001,32,60,1,100,relu,0.017855765736494555,3.599211908710984,0.8122038346783995,74.26160337552743,0.9499841672581258
20,"20MA, 50MA, RSI, CCI, Williams_%R, OBV",128,0.30000000000000004,0.001,64,60,1,100,tanh,0.028104207764562544,6.686682184783578,0.5347649183078169,28.270042194092827,0.9951016140277801
21,"20MA, 50MA, RSI, CCI, Williams_%R, OBV",128,0.30000000000000004,0.001,32,60,1,100,tanh,0.015433280986448708,3.028465439459324,0.8597036773973634,84.38818565400844,0.9103296942490706
22,"20MA, 50MA, RSI, CCI, Williams_%R, OBV",128,0.30000000000000004,0.001,32,60,1,100,tanh,0.01441479695636871,2.8045271838473758,0.8776097505673578,86.49789029535864,1.008225839924211
23,"20MA, 50MA, RSI, CCI, Williams_%R, OBV",128,0.4,0.001,32,60,1,100,tanh,0.014478643421841297,2.861969208245711,0.8765231601321094,87.34177215189874,0.994420186084549
24,"20MA, 50MA, RSI, CCI, Williams_%R, OBV",128,0.5,0.001,32,60,1,100,tanh,0.015669703261798406,3.142505232109892,0.8553723579615711,83.12236286919831,1.082605941373833
0,"20MA, 50MA, RSI, CCI, Williams_%R, OBV",128,0.5,0.0005,64,60,30,150,sigmoid,0.07777925913042985,17.906868242652227,-2.2605864423304873,5.128205128205128,1.1057892768131274
1,"20MA, 50MA, RSI, CCI, Williams_%R, OBV",128,0.5,0.001,16,60,30,150,relu,0.09081134103093925,21.449423160132145,-3.4447597613630547,0.8547008547008548,1.0
2,"20MA, 50MA, RSI, CCI, Williams_%R, OBV",64,0.30000000000000004,0.0005,32,60,30,50,sigmoid,0.1340540962167539,33.28446109703237,-8.685639316710397,0.0,1.0
3,"20MA, 50MA, RSI, CCI, Williams_%R, OBV",64,0.2,0.001,64,60,30,100,tanh,0.04487725466464062,9.349154383265947,-0.08547712844280775,29.914529914529915,1.024701595226676
4,"20MA, 50MA, RSI, CCI, Williams_%R, OBV",64,0.5,0.001,16,60,30,100,relu,0.08460470630557809,19.63834001852901,-2.857955009555429,5.128205128205128,1.0
5,"20MA, 50MA, RSI, CCI, Williams_%R, OBV",32,0.2,0.0001,32,60,30,100,tanh,0.04757328033956339,9.917492862973965,-0.21981596006199777,29.914529914529915,0.9734492017820056
6,"20MA, 50MA, RSI, CCI, Williams_%R, OBV",64,0.8,0.0001,16,60,30,150,sigmoid,0.08311393129008118,19.014215674725172,-2.7231948409042848,4.700854700854701,1.1057892768131274
7,"20MA, 50MA, RSI, CCI, Williams_%R, OBV",32,0.5,0.0001,32,60,30,100,relu,0.046986815743904585,9.653117080432995,-0.19940461671345777,31.779661016949152,0.9749596490022883
8,"20MA, 50MA, RSI, CCI, Williams_%R, OBV",32,0.7,0.0001,16,60,30,50,tanh,0.0608086604538539,13.228584778267653,-0.9929618588991667,16.23931623931624,0.9202457869015823
9,"20MA, 50MA, RSI, CCI, Williams_%R, OBV",64,0.5,0.0001,16,60,30,150,relu,0.06058600678088235,13.112833285158496,-0.9783939375841388,14.957264957264957,1.041480420738682
10,"20MA, 50MA, RSI, CCI, Williams_%R, OBV",64,0.2,0.001,64,60,30,100,tanh,0.04745532198998504,9.897497305110237,-0.21377437153558332,25.213675213675213,0.9834040021533268
11,"20MA, 50MA, RSI, CCI, Williams_%R, OBV",32,0.30000000000000004,0.001,32,60,30,100,relu,0.05690600059716936,12.210992348397525,-0.7592591392704475,21.1864406779661,1.1057892768131274
12,"20MA, 50MA, RSI, CCI, Williams_%R, OBV",32,0.7,0.0001,64,60,30,100,tanh,0.03667796776022298,7.818046726846978,0.2749321591598971,34.61538461538461,1.1097790774128047
13,"20MA, 50MA, RSI, CCI, Williams_%R, OBV",32,0.7,0.001,64,60,30,100,tanh,0.04114802080874341,8.702825531703976,0.08743036083490097,34.61538461538461,1.0616114326914166
14,"20MA, 50MA, RSI, CCI, Williams_%R, OBV",32,0.7,0.0005,64,60,30,100,tanh,0.04372476822241489,9.070743643359174,-0.030441037854463948,32.47863247863248,1.0067081334240013
15,"20MA, 50MA, RSI, CCI, Williams_%R, OBV",32,0.7,0.0001,64,60,30,100,tanh,0.03825171651979016,8.148629210921719,0.2113760330981097,33.33333333333333,1.2362134606289963
16,"20MA, 50MA, RSI, CCI, Williams_%R, OBV",32,0.8,0.0001,64,60,30,50,tanh,0.037203496940166024,7.974341214156472,0.2540054737213556,34.18803418803419,1.0670676354231563
17,"20MA, 50MA, RSI, CCI, Williams_%R, OBV",32,0.8,0.0001,64,60,30,50,tanh,0.03508500478250004,7.601511301026232,0.33654542314747415,38.46153846153847,1.225400072917126
18,"20MA, 50MA, RSI, CCI, Williams_%R, OBV",128,0.6000000000000001,0.0001,64,60,30,50,tanh,0.04938840390278762,10.566694379992708,-0.3146740683835807,24.786324786324787,0.9003853339588239
19,"20MA, 50MA, RSI, CCI, Williams_%R, OBV",32,0.8,0.0001,64,60,30,50,tanh,0.03508172124669528,7.596226543009603,0.3366696001246058,37.17948717948718,1.2800179751781207
20,"20MA, 50MA, RSI, CCI, Williams_%R, OBV",32,0.8,0.0001,64,60,30,50,sigmoid,0.07069018391367224,14.846488122920595,-1.6933099617348457,12.82051282051282,1.1114661420909104
21,"20MA, 50MA, RSI, CCI, Williams_%R, OBV",32,0.6000000000000001,0.0001,64,60,30,50,tanh,0.0357484577208016,7.484203297402319,0.311216501079164,38.034188034188034,1.2426901642523418
22,"20MA, 50MA, RSI, CCI, Williams_%R, OBV",32,0.6000000000000001,0.0001,64,60,30,50,tanh,0.036699117450511756,7.807306903234698,0.2740957234180432,34.61538461538461,1.2821877904332681
23,"20MA, 50MA, RSI, CCI, Williams_%R, OBV",32,0.6000000000000001,0.0001,64,60,30,50,tanh,0.03851049891876291,8.081700966414086,0.20066946338124136,36.75213675213676,1.322323472830184
24,"20MA, 50MA, RSI, CCI, Williams_%R, OBV",32,0.8,0.0001,64,60,30,50,tanh,0.03557772758513164,7.550167817544562,0.3177798772698661,37.60683760683761,1.3786170664507966
0,"20MA, 50MA, RSI, ATR, Williams_%R, OBV",32,0.6000000000000001,0.0005,16,60,1,100,relu,0.013879044311494792,2.625709663494767,0.8865384046476286,89.45147679324894,1.162745107004424
1,"20MA, 50MA, RSI, ATR, Williams_%R, OBV",128,0.5,0.0001,64,60,1,50,relu,0.02886120600892119,6.4806518739665515,0.5093647912168,42.19409282700422,1.0454411968561759
2,"20MA, 50MA, RSI, ATR, Williams_%R, OBV",128,0.5,0.0005,32,60,1,50,relu,0.017080620804687217,3.4460808284883377,0.8281549353845956,81.85654008438819,0.8193499155827998
3,"20MA, 50MA, RSI, ATR, Williams_%R, OBV",32,0.5,0.001,64,60,1,150,relu,0.0363825450287241,8.285499810526364,0.22032086513724491,27.848101265822784,0.9186004257216176
4,"20MA, 50MA, RSI, ATR, Williams_%R, OBV",32,0.8,0.001,16,60,1,50,tanh,0.01777650330248648,3.5552363923120853,0.8138674030106461,77.21518987341773,1.1274545568420855
5,"20MA, 50MA, RSI, ATR, Williams_%R, OBV",32,0.7,0.0005,16,60,1,100,relu,0.013660992198832449,2.627825495017989,0.89007556355987,87.76371308016878,1.1171411166217455
6,"20MA, 50MA, RSI, ATR, Williams_%R, OBV",128,0.6000000000000001,0.0001,32,60,1,150,tanh,0.03261254532140019,7.170980782517386,0.3735316245709307,35.86497890295359,0.9448539770354965
7,"20MA, 50MA, RSI, ATR, Williams_%R, OBV",32,0.4,0.001,32,60,1,100,tanh,0.012726581684074605,2.4146479115612496,0.9045989181291506,90.29535864978902,1.233506304972889
8,"20MA, 50MA, RSI, ATR, Williams_%R, OBV",64,0.30000000000000004,0.0005,32,60,1,50,sigmoid,0.052986887154489334,12.62141344062445,-0.6668278307268043,2.928870292887029,1.041480420738682
9,"20MA, 50MA, RSI, ATR, Williams_%R, OBV",64,0.5,0.0005,32,60,1,100,tanh,0.02151382058381022,4.482510881967119,0.7273755226229752,61.18143459915611,0.9832012969141222
10,"20MA, 50MA, RSI, ATR, Williams_%R, OBV",32,0.2,0.001,32,60,1,100,sigmoid,0.07877121864287913,19.878755290456308,-2.6548107175448,0.8438818565400843,1.0
11,"20MA, 50MA, RSI, ATR, Williams_%R, OBV",32,0.8,0.001,16,60,1,100,tanh,0.013018663490120706,2.474121834835102,0.9001696568635292,89.87341772151899,0.9272460105777794
12,"20MA, 50MA, RSI, ATR, Williams_%R, OBV",32,0.30000000000000004,0.001,16,60,1,100,tanh,0.01734686633788819,3.364098977119197,0.8227558845544232,80.16877637130801,1.147376398727068
13,"20MA, 50MA, RSI, ATR, Williams_%R, OBV",32,0.8,0.001,16,60,1,100,tanh,0.027953542907192118,5.664510870680779,0.539739738558471,50.210970464135016,0.9872046744510857
14,"20MA, 50MA, RSI, ATR, Williams_%R, OBV",32,0.4,0.001,64,60,1,100,tanh,0.032478906598818455,7.430765785690989,0.37865535220704205,30.37974683544304,0.9001798837264121
15,"20MA, 50MA, RSI, ATR, Williams_%R, OBV",64,0.7,0.001,32,60,1,100,tanh,0.015994516517806815,3.221917438904183,0.8493143157182954,81.85654008438819,1.0951691043617486
16,"20MA, 50MA, RSI, ATR, Williams_%R, OBV",32,0.4,0.001,16,60,1,150,tanh,0.011715359337262804,2.183296910921041,0.9191572666279972,91.9831223628692,0.8065064160686596
17,"20MA, 50MA, RSI, ATR, Williams_%R, OBV",32,0.4,0.0001,16,60,1,150,sigmoid,0.04111986041081462,8.888481534576162,0.004060345886946037,25.738396624472575,0.9505206823800537
18,"20MA, 50MA, RSI, ATR, Williams_%R, OBV",128,0.30000000000000004,0.001,32,60,1,150,tanh,0.016463231424719168,3.3038685251316666,0.8403533067829044,79.32489451476793,1.106719327146817
19,"20MA, 50MA, RSI, ATR, Williams_%R, OBV",64,0.4,0.001,64,60,1,150,tanh,0.036704390877693796,8.770708159865027,0.206465517459535,16.033755274261605,1.041480420738682
20,"20MA, 50MA, RSI, ATR, Williams_%R, OBV",32,0.2,0.0001,16,60,1,150,sigmoid,0.04419532068242507,9.980962456749335,-0.15048865410163037,14.767932489451477,0.895305377594118
21,"20MA, 50MA, RSI, ATR, Williams_%R, OBV",32,0.4,0.001,16,60,1,100,tanh,0.02140362261531618,4.410602197503209,0.73016124087998,62.447257383966246,0.9782478145089293
22,"20MA, 50MA, RSI, ATR, Williams_%R, OBV",32,0.6000000000000001,0.001,16,60,1,100,tanh,0.018254047516127952,3.7078969402203343,0.8037326247846592,75.10548523206751,0.9713505904301426
23,"20MA, 50MA, RSI, ATR, Williams_%R, OBV",32,0.30000000000000004,0.001,16,60,1,150,tanh,0.013816659243909974,2.669963190066289,0.8875561117679499,88.18565400843882,1.411567708768646
24,"20MA, 50MA, RSI, ATR, Williams_%R, OBV",32,0.4,0.001,16,60,1,100,tanh,0.02707080670600161,5.679920770603854,0.5683495909058012,48.9451476793249,0.9606063906918068
0,"20MA, 50MA, RSI, ATR, Williams_%R, OBV",32,0.2,0.0005,64,60,30,100,tanh,0.04592318240714121,9.52092748287497,-0.13666389966434744,32.05128205128205,0.9334877233664385
1,"20MA, 50MA, RSI, ATR, Williams_%R, OBV",64,0.8,0.0005,16,60,30,150,relu,0.07199659120724364,15.968186279471988,-1.793778580856546,11.11111111111111,1.0
2,"20MA, 50MA, RSI, ATR, Williams_%R, OBV",32,0.7,0.0005,32,60,30,50,sigmoid,0.07606308396547644,17.038416048430584,-2.1182862087267536,5.982905982905983,1.041480420738682
3,"20MA, 50MA, RSI, ATR, Williams_%R, OBV",128,0.2,0.0005,16,60,30,100,tanh,0.07567529339050641,17.14149152023908,-2.086571494719741,8.11965811965812,1.0
4,"20MA, 50MA, RSI, ATR, Williams_%R, OBV",64,0.2,0.0005,32,60,30,100,tanh,0.07521706314749758,17.064870360433225,-2.0493049519929563,6.41025641025641,1.0
5,"20MA, 50MA, RSI, ATR, Williams_%R, OBV",32,0.30000000000000004,0.001,16,60,30,100,tanh,0.07370311165402749,16.50693247675303,-1.9277889108258743,7.6923076923076925,1.0
6,"20MA, 50MA, RSI, ATR, Williams_%R, OBV",128,0.5,0.0005,32,60,30,50,relu,0.06839821898170985,15.196785882188738,-1.5214926170460261,11.11111111111111,1.0
7,"20MA, 50MA, RSI, ATR, Williams_%R, OBV",64,0.7,0.001,32,60,30,50,relu,0.06521490113720321,14.359952360198431,-1.3105074231845402,14.83050847457627,1.0
8,"20MA, 50MA, RSI, ATR, Williams_%R, OBV",64,0.6000000000000001,0.001,32,60,30,100,relu,0.05851460823857891,12.596966165874266,-0.8454263514585647,19.65811965811966,1.0
9,"20MA, 50MA, RSI, ATR, Williams_%R, OBV",32,0.8,0.001,16,60,30,50,tanh,0.08497261681770957,19.81325036073959,-2.8915812323859953,3.418803418803419,1.0
10,"20MA, 50MA, RSI, ATR, Williams_%R, OBV",32,0.4,0.0001,64,60,30,150,sigmoid,0.13487383789432467,33.07462914349904,-8.804456990669099,0.0,1.0
11,"20MA, 50MA, RSI, ATR, Williams_%R, OBV",64,0.5,0.0001,64,60,30,100,relu,0.03907494339021283,8.279329702549884,0.17706633447377063,33.33333333333333,1.1818652587683494
12,"20MA, 50MA, RSI, ATR, Williams_%R, OBV",64,0.4,0.0001,64,60,30,100,relu,0.04130829109035744,8.661493811912145,0.13805901044806357,32.76595744680851,1.2947836581734438
13,"20MA, 50MA, RSI, ATR, Williams_%R, OBV",64,0.4,0.0001,64,60,30,100,relu,0.0435240100315653,9.043486591941189,-0.02913296843963531,32.20338983050847,1.0349527179795284
14,"20MA, 50MA, RSI, ATR, Williams_%R, OBV",64,0.5,0.0001,64,60,30,100,relu,0.04024395525144342,8.505624744601322,0.12709007965711172,33.76068376068376,1.353558815434134
15,"20MA, 50MA, RSI, ATR, Williams_%R, OBV",64,0.5,0.0001,64,60,30,100,relu,0.040767826719081544,8.499312962617516,0.1042161361069619,35.04273504273504,1.3506257702294746
16,"20MA, 50MA, RSI, ATR, Williams_%R, OBV",64,0.6000000000000001,0.0001,64,60,30,150,relu,0.041070704419345745,8.551727967770944,0.09085654274638655,32.9059829059829,1.2729786572035389
17,"20MA, 50MA, RSI, ATR, Williams_%R, OBV",128,0.5,0.0001,64,60,30,100,sigmoid,0.05690105139648998,11.851040440975382,-0.7450533013458993,20.51282051282051,0.9114120116899452
18,"20MA, 50MA, RSI, ATR, Williams_%R, OBV",64,0.6000000000000001,0.0001,64,60,30,100,relu,0.041733349256031706,8.696043344394898,0.0612831922268412,32.9059829059829,1.1240875984452094
19,"20MA, 50MA, RSI, ATR, Williams_%R, OBV",64,0.30000000000000004,0.0001,64,60,30,150,relu,0.03901606429659124,8.138389183402527,0.17954449969178166,34.61538461538461,1.30656690227652
20,"20MA, 50MA, RSI, ATR, Williams_%R, OBV",128,0.30000000000000004,0.0001,64,60,30,150,sigmoid,0.0655549934561489,13.7506144268018,-1.3162192731774498,16.23931623931624,1.0089951794039274
21,"20MA, 50MA, RSI, ATR, Williams_%R, OBV",64,0.30000000000000004,0.0001,64,60,30,150,relu,0.04110908268796592,8.610405251854946,0.08915666180616633,31.62393162393162,1.251668473427536
22,"20MA, 50MA, RSI, ATR, Williams_%R, OBV",64,0.4,0.0001,64,60,30,150,relu,0.03954236998387505,8.238209771062659,0.15726019969310356,33.76068376068376,1.238249335074502
23,"20MA, 50MA, RSI, ATR, Williams_%R, OBV",64,0.4,0.0001,64,60,30,150,relu,0.04224840001046085,8.73178460232841,0.037969929480610065,32.9059829059829,1.3102846210460015
24,"20MA, 50MA, RSI, ATR, Williams_%R, OBV",64,0.30000000000000004,0.0001,64,60,30,150,relu,0.04326616939419908,9.174070947378597,-0.008939225530937511,29.48717948717949,1.2463840414742438
0,"20MA, 50MA, MACD, Upper_BB, Lower_BB, CCI",128,0.8,0.001,64,60,1,50,tanh,0.01817882987182002,3.540644113848669,0.805346771330999,77.63713080168776,0.9336390037541239
1,"20MA, 50MA, MACD, Upper_BB, Lower_BB, CCI",128,0.2,0.0005,64,60,1,100,sigmoid,0.019144251813206985,3.839589168106663,0.7841229089321539,75.10548523206751,0.7921226373048177
2,"20MA, 50MA, MACD, Upper_BB, Lower_BB, CCI",32,0.8,0.001,64,60,1,50,sigmoid,0.04078115187681514,9.862497525411664,0.020400086946416485,9.70464135021097,0.8846615976515444
3,"20MA, 50MA, MACD, Upper_BB, Lower_BB, CCI",32,0.5,0.001,16,60,1,50,relu,0.02258587027577749,4.741236396402968,0.699528406712266,56.9620253164557,0.7859907465687361
4,"20MA, 50MA, MACD, Upper_BB, Lower_BB, CCI",32,0.8,0.0001,64,60,1,150,sigmoid,0.03615230561588909,7.165187163359335,0.2301577174543462,37.552742616033754,1.2332744324646774
5,"20MA, 50MA, MACD, Upper_BB, Lower_BB, CCI",32,0.7,0.001,32,60,1,150,sigmoid,0.03366415018934209,8.342960958521498,0.3324787856009549,8.860759493670885,0.9324430213463267
6,"20MA, 50MA, MACD, Upper_BB, Lower_BB, CCI",128,0.8,0.001,32,60,1,150,relu,0.02204105554011224,4.840755986410586,0.7138494803385123,57.80590717299579,0.8743295152943652
7,"20MA, 50MA, MACD, Upper_BB, Lower_BB, CCI",128,0.7,0.0005,64,60,1,150,relu,0.014129210499878293,2.682224751869537,0.8814805245113249,88.28451882845188,1.10993009627647
8,"20MA, 50MA, MACD, Upper_BB, Lower_BB, CCI",64,0.6000000000000001,0.0005,16,60,1,100,relu,0.01869850858045135,3.894699806680034,0.7940585827977533,70.46413502109705,0.853201743718729
9,"20MA, 50MA, MACD, Upper_BB, Lower_BB, CCI",128,0.4,0.001,64,60,1,100,relu,0.015042094707684469,2.9619384539150113,0.8667257035466687,86.49789029535864,1.1992514256893525
10,"20MA, 50MA, MACD, Upper_BB, Lower_BB, CCI",64,0.4,0.0005,32,60,1,150,tanh,0.02204318382879288,4.737675629736038,0.7137942161689763,58.64978902953587,0.8438997069448143
11,"20MA, 50MA, MACD, Upper_BB, Lower_BB, CCI",128,0.30000000000000004,0.0001,64,60,1,100,relu,0.038161717364888596,8.991337549160566,0.1422009073133279,18.143459915611814,0.9120464590203814
12,"20MA, 50MA, MACD, Upper_BB, Lower_BB, CCI",128,0.5,0.0005,64,60,1,100,relu,0.017098454105193863,3.521006942313603,0.8277959127802912,77.63713080168776,0.8739086713870594
13,"20MA, 50MA, MACD, Upper_BB, Lower_BB, CCI",128,0.6000000000000001,0.0005,64,60,1,150,relu,0.017583530510520473,3.801071112597601,0.8178865927876919,73.83966244725738,0.8451995331578959
14,"20MA, 50MA, MACD, Upper_BB, Lower_BB, CCI",128,0.4,0.0001,64,60,1,100,relu,0.02596061162178564,5.715887688870887,0.6030282505723614,48.9451476793249,1.1709032286447254
15,"20MA, 50MA, MACD, Upper_BB, Lower_BB, CCI",128,0.6000000000000001,0.001,16,60,1,150,relu,0.012194539019969397,2.2666097923152067,0.9124087878480616,91.56118143459916,1.319240627344987
16,"20MA, 50MA, MACD, Upper_BB, Lower_BB, CCI",64,0.6000000000000001,0.0005,16,60,1,150,tanh,0.014479785930090302,2.927008244658181,0.8765036722740221,86.91983122362869,0.9324430213463267
17,"20MA, 50MA, MACD, Upper_BB, Lower_BB, CCI",128,0.7,0.0005,16,60,1,150,relu,0.01343218802696858,2.5616690816071825,0.8937269154235853,88.60759493670885,1.0167185596842252
18,"20MA, 50MA, MACD, Upper_BB, Lower_BB, CCI",128,0.7,0.001,16,60,1,150,relu,0.011823340388459747,2.1989195800095307,0.917660135704351,93.67088607594937,0.9147699296351206
19,"20MA, 50MA, MACD, Upper_BB, Lower_BB, CCI",64,0.6000000000000001,0.001,16,60,1,150,tanh,0.010892939520188473,2.0797710288463507,0.9301092105935468,93.24894514767934,1.3154043530422697
20,"20MA, 50MA, MACD, Upper_BB, Lower_BB, CCI",64,0.7,0.001,16,60,1,150,tanh,0.01098708637140106,2.111651557837994,0.9288958681435642,92.82700421940928,1.3480771800576
21,"20MA, 50MA, MACD, Upper_BB, Lower_BB, CCI",64,0.7,0.001,16,60,1,150,tanh,0.01142289748321136,2.147538241515484,0.9231431962579209,92.40506329113924,1.1181074552523866
22,"20MA, 50MA, MACD, Upper_BB, Lower_BB, CCI",64,0.7,0.001,16,60,1,150,tanh,0.01116153440328735,2.114386272135225,0.926620023971102,92.82700421940928,1.193072839757322
23,"20MA, 50MA, MACD, Upper_BB, Lower_BB, CCI",64,0.6000000000000001,0.001,16,60,1,150,tanh,0.011430470419638435,2.1568859727653966,0.9224320813651311,92.05020920502092,1.2161571371918933
24,"20MA, 50MA, MACD, Upper_BB, Lower_BB, CCI",64,0.5,0.001,16,60,1,150,tanh,0.012270137724555851,2.415190095057548,0.9113193973157229,91.56118143459916,1.1455584529685248
0,"20MA, 50MA, MACD, Upper_BB, Lower_BB, CCI",32,0.8,0.0005,16,60,30,50,relu,0.0712648255555755,16.27842251361596,-1.7372758580754972,5.982905982905983,1.0
1,"20MA, 50MA, MACD, Upper_BB, Lower_BB, CCI",64,0.4,0.001,16,60,30,50,relu,0.08821172859050083,20.97395919953264,-3.1939261560796117,2.1367521367521367,1.0
2,"20MA, 50MA, MACD, Upper_BB, Lower_BB, CCI",32,0.8,0.0001,16,60,30,100,relu,0.052657727115160875,11.171019188723916,-0.4944876600104755,25.213675213675213,0.895305377594118
3,"20MA, 50MA, MACD, Upper_BB, Lower_BB, CCI",32,0.8,0.001,64,60,30,150,relu,0.04638727831665933,9.640002970674107,-0.1597540506871984,30.76923076923077,0.895305377594118
4,"20MA, 50MA, MACD, Upper_BB, Lower_BB, CCI",64,0.8,0.0005,64,60,30,50,tanh,0.05456978869205133,11.914354421792767,-0.6049912107791793,19.230769230769234,0.895305377594118
5,"20MA, 50MA, MACD, Upper_BB, Lower_BB, CCI",64,0.2,0.0001,64,60,30,150,tanh,0.042287101531226313,8.780096890527387,0.08968542116712552,32.91139240506329,1.0404055143098239
6,"20MA, 50MA, MACD, Upper_BB, Lower_BB, CCI",32,0.4,0.0001,16,60,30,150,tanh,0.05397067548401966,11.571547831279503,-0.5824478073051251,23.30508474576271,0.9324430213463267
7,"20MA, 50MA, MACD, Upper_BB, Lower_BB, CCI",64,0.7,0.0005,16,60,30,50,sigmoid,0.09902526380374914,23.661845424612412,-4.327282207889078,1.2711864406779663,1.0
8,"20MA, 50MA, MACD, Upper_BB, Lower_BB, CCI",64,0.2,0.0005,32,60,30,150,sigmoid,0.09790065984469322,23.27110484593342,-4.165820984856083,4.700854700854701,1.0
9,"20MA, 50MA, MACD, Upper_BB, Lower_BB, CCI",128,0.30000000000000004,0.0005,64,60,30,150,tanh,0.045047417038414174,9.523851534576378,-0.10243622661912699,26.69491525423729,0.920603473614577
10,"20MA, 50MA, MACD, Upper_BB, Lower_BB, CCI",128,0.6000000000000001,0.0001,32,60,30,100,tanh,0.054010675833565454,11.645717926351299,-0.5722707591176226,23.076923076923077,0.9324430213463267
11,"20MA, 50MA, MACD, Upper_BB, Lower_BB, CCI",128,0.2,0.0001,64,60,30,150,tanh,0.04398409726085642,9.213626753948677,-0.04270025555793944,31.62393162393162,0.9498063029082138
12,"20MA, 50MA, MACD, Upper_BB, Lower_BB, CCI",128,0.2,0.0001,64,60,30,150,tanh,0.04234641261217242,8.864885507513987,0.033501100192838695,34.18803418803419,1.133043108352175
13,"20MA, 50MA, MACD, Upper_BB, Lower_BB, CCI",128,0.30000000000000004,0.0001,64,60,30,150,tanh,0.040130411899380644,8.470776846479788,0.13200874632750392,32.47863247863248,1.042760491583903
14,"20MA, 50MA, MACD, Upper_BB, Lower_BB, CCI",64,0.4,0.0001,64,60,30,150,tanh,0.041401254160499425,8.60921025810535,0.07616351684440337,34.61538461538461,0.9475013816421353
15,"20MA, 50MA, MACD, Upper_BB, Lower_BB, CCI",128,0.5,0.0001,64,60,30,150,tanh,0.04289524400552314,8.900797701337526,0.0082861020292464,34.18803418803419,1.1001467160621217
16,"20MA, 50MA, MACD, Upper_BB, Lower_BB, CCI",128,0.4,0.0001,32,60,30,100,sigmoid,0.05794184568979358,12.770455272164682,-0.8094757393596228,18.803418803418804,0.9033588100868781
17,"20MA, 50MA, MACD, Upper_BB, Lower_BB, CCI",64,0.5,0.001,64,60,30,150,tanh,0.03910166092827851,8.419292422805338,0.17594058603434248,34.18803418803419,0.8032325000341195
18,"20MA, 50MA, MACD, Upper_BB, Lower_BB, CCI",64,0.6000000000000001,0.001,64,60,30,150,tanh,0.04494971153644534,9.454118798408025,-0.08898508677922456,26.923076923076923,0.9324430213463267
19,"20MA, 50MA, MACD, Upper_BB, Lower_BB, CCI",128,0.5,0.001,64,60,30,100,sigmoid,0.10091254032363034,24.359948789252684,-4.488559698660804,1.282051282051282,1.0
20,"20MA, 50MA, MACD, Upper_BB, Lower_BB, CCI",128,0.30000000000000004,0.001,32,60,30,150,tanh,0.06330484602611088,13.986698593473475,-1.1599416942688783,14.102564102564102,1.0
21,"20MA, 50MA, MACD, Upper_BB, Lower_BB, CCI",64,0.30000000000000004,0.001,64,60,30,150,tanh,0.04492222761142617,9.513703370277838,-0.0876538019536317,28.205128205128204,0.9732293933394587
22,"20MA, 50MA, MACD, Upper_BB, Lower_BB, CCI",64,0.4,0.0001,64,60,30,150,tanh,0.042887083427682215,8.825868428093294,0.008663402069290838,32.47863247863248,1.0041247054939488
23,"20MA, 50MA, MACD, Upper_BB, Lower_BB, CCI",64,0.6000000000000001,0.0001,64,60,30,150,tanh,0.04180679124941966,8.637003249213999,0.05797639342357064,32.47863247863248,1.0609631021060197
24,"20MA, 50MA, MACD, Upper_BB, Lower_BB, CCI",64,0.5,0.001,64,60,30,150,tanh,0.04491198730975403,9.420972936706947,-0.08715798355094728,28.205128205128204,0.9475518752513145
0,"20MA, 50MA, MACD, Upper_BB, Lower_BB, ATR",128,0.4,0.001,32,60,1,150,relu,0.024158539816817752,5.170900095813563,0.6562275070167339,54.43037974683544,0.8331134685808116
1,"20MA, 50MA, MACD, Upper_BB, Lower_BB, ATR",32,0.5,0.001,64,60,1,150,relu,0.03623690700209351,8.49628813889291,0.22655042716264995,20.675105485232066,0.8704698232480963
2,"20MA, 50MA, MACD, Upper_BB, Lower_BB, ATR",64,0.6000000000000001,0.0001,64,60,1,150,relu,0.025647336898238268,5.2296574939235185,0.6125512051352967,62.0253164556962,1.1801687137441748
3,"20MA, 50MA, MACD, Upper_BB, Lower_BB, ATR",128,0.2,0.0005,64,60,1,100,tanh,0.02651236783966641,5.701045227595236,0.5859747821386665,50.210970464135016,0.97555145665506
4,"20MA, 50MA, MACD, Upper_BB, Lower_BB, ATR",64,0.8,0.0005,64,60,1,50,sigmoid,0.05352726719011074,12.021861045018623,-0.6876403622638594,13.924050632911392,1.0269855382117825
5,"20MA, 50MA, MACD, Upper_BB, Lower_BB, ATR",32,0.6000000000000001,0.0001,64,60,1,50,relu,0.02612064338265141,5.523165997740022,0.5981189752840794,55.27426160337553,1.5295288281676311
6,"20MA, 50MA, MACD, Upper_BB, Lower_BB, ATR",64,0.7,0.0005,16,60,1,100,tanh,0.012041928932807314,2.266099757057511,0.9145874120843503,91.13924050632912,0.9164568235898937
7,"20MA, 50MA, MACD, Upper_BB, Lower_BB, ATR",32,0.8,0.0001,64,60,1,50,sigmoid,0.06316363770268467,13.04841426775672,-1.3499792566002293,19.831223628691983,1.261038636148568
8,"20MA, 50MA, MACD, Upper_BB, Lower_BB, ATR",32,0.5,0.0001,32,60,1,100,sigmoid,0.030745953260002283,6.547425715439127,0.44319171801332036,43.459915611814345,1.2408155577304048
9,"20MA, 50MA, MACD, Upper_BB, Lower_BB, ATR",128,0.4,0.001,32,60,1,150,sigmoid,0.03645855912732759,8.566577554492516,0.21705949243839573,14.345991561181433,0.9234921604290856
10,"20MA, 50MA, MACD, Upper_BB, Lower_BB, ATR",64,0.7,0.0005,16,60,1,100,tanh,0.021464644220096408,4.768897486372188,0.7286204300894933,56.540084388185655,0.8594446868072125
11,"20MA, 50MA, MACD, Upper_BB, Lower_BB, ATR",64,0.7,0.0005,16,60,1,100,tanh,0.014752231922451186,2.9319295265796796,0.8718126339582486,86.91983122362869,0.8451777447270564
12,"20MA, 50MA, MACD, Upper_BB, Lower_BB, ATR",64,0.7,0.0005,16,60,1,100,tanh,0.013218532961381825,2.5339228803621223,0.8970808293877851,89.87341772151899,0.848863362173639
13,"20MA, 50MA, MACD, Upper_BB, Lower_BB, ATR",64,0.7,0.0005,16,60,1,100,tanh,0.014485880556604545,2.8712484324421736,0.8763996897431559,86.07594936708861,0.8451777447270564
14,"20MA, 50MA, MACD, Upper_BB, Lower_BB, ATR",64,0.8,0.0005,16,60,1,100,tanh,0.013606843511111277,2.615032736407962,0.8909452613486332,89.87341772151899,0.8676470985144445
15,"20MA, 50MA, MACD, Upper_BB, Lower_BB, ATR",64,0.6000000000000001,0.0005,16,60,1,100,tanh,0.01587634739673702,3.159777831113548,0.8515326531238627,80.16877637130801,0.9470304952791541
16,"20MA, 50MA, MACD, Upper_BB, Lower_BB, ATR",64,0.2,0.0005,16,60,1,100,tanh,0.013227601186125407,2.586375297777082,0.8969395710040982,89.87341772151899,0.8673353434283474
17,"20MA, 50MA, MACD, Upper_BB, Lower_BB, ATR",64,0.7,0.0005,16,60,1,100,tanh,0.018363686133434743,3.956257041788088,0.801367877299235,70.88607594936708,0.8942148061993437
18,"20MA, 50MA, MACD, Upper_BB, Lower_BB, ATR",64,0.4,0.0005,16,60,1,100,tanh,0.012907570181644124,2.48656415382209,0.9018661694764142,90.29535864978902,0.9679539499054625
19,"20MA, 50MA, MACD, Upper_BB, Lower_BB, ATR",128,0.30000000000000004,0.001,16,60,1,50,tanh,0.012073896576591962,2.275919644956104,0.9141333214745225,91.56118143459916,1.0497366829613513
20,"20MA, 50MA, MACD, Upper_BB, Lower_BB, ATR",128,0.30000000000000004,0.001,16,60,1,50,tanh,0.012703266367401551,2.3521702874746535,0.9049481507834645,89.87341772151899,0.975612401823485
21,"20MA, 50MA, MACD, Upper_BB, Lower_BB, ATR",128,0.30000000000000004,0.001,16,60,1,50,tanh,0.012381230504306902,2.2885642996534994,0.9097063146514786,91.13924050632912,1.1694508957842626
22,"20MA, 50MA, MACD, Upper_BB, Lower_BB, ATR",128,0.30000000000000004,0.001,16,60,1,50,tanh,0.012951080490173825,2.6194156716788464,0.901203452976974,89.0295358649789,1.587993681500633
23,"20MA, 50MA, MACD, Upper_BB, Lower_BB, ATR",128,0.30000000000000004,0.001,16,60,1,50,tanh,0.012596812591561174,2.396194378462201,0.906534550807702,90.29535864978902,1.0778296214657306
24,"20MA, 50MA, MACD, Upper_BB, Lower_BB, ATR",128,0.2,0.001,16,60,1,50,tanh,0.01337049977476103,2.4889798098117795,0.8947008069216452,89.45147679324894,0.87272928514275
0,"20MA, 50MA, MACD, Upper_BB, Lower_BB, ATR",128,0.5,0.0001,32,60,30,50,tanh,0.05802709162817747,12.801279730094151,-0.8148039757906771,15.81196581196581,1.0
1,"20MA, 50MA, MACD, Upper_BB, Lower_BB, ATR",32,0.7,0.0001,16,60,30,50,tanh,0.06447732387624082,14.469218845081958,-1.2406917851918142,11.965811965811966,1.0
2,"20MA, 50MA, MACD, Upper_BB, Lower_BB, ATR",128,0.30000000000000004,0.0001,64,60,30,150,sigmoid,0.06207038227909209,13.038096070534186,-1.076523998061957,18.37606837606838,1.152605592503416
3,"20MA, 50MA, MACD, Upper_BB, Lower_BB, ATR",32,0.30000000000000004,0.0005,16,60,30,150,tanh,0.07383394633092182,17.219952821492416,-1.938192713333613,4.700854700854701,0.945917451255228
4,"20MA, 50MA, MACD, Upper_BB, Lower_BB, ATR",32,0.6000000000000001,0.0001,64,60,30,50,tanh,0.0625954593224368,13.659618458791423,-1.1118048138500578,14.529914529914532,1.0089951794039274
5,"20MA, 50MA, MACD, Upper_BB, Lower_BB, ATR",64,0.7,0.0001,16,60,30,100,sigmoid,0.10036836648509527,23.97598655733541,-4.4295248636751285,0.8547008547008548,1.0720384302523018
6,"20MA, 50MA, MACD, Upper_BB, Lower_BB, ATR",128,0.2,0.0005,64,60,30,50,sigmoid,0.06752744676804408,14.586328760943326,-1.4576994526599747,14.102564102564102,1.0
7,"20MA, 50MA, MACD, Upper_BB, Lower_BB, ATR",32,0.2,0.0005,32,60,30,150,tanh,0.04894343458973122,10.453952517247748,-0.2910914330876393,23.931623931623932,0.9218436090134684
8,"20MA, 50MA, MACD, Upper_BB, Lower_BB, ATR",64,0.5,0.0005,32,60,30,100,tanh,0.0611265473206851,13.628682231945996,-1.0138533684981663,13.675213675213676,0.9015216973330338
9,"20MA, 50MA, MACD, Upper_BB, Lower_BB, ATR",64,0.5,0.0001,16,60,30,100,relu,0.05922072330703944,12.97326551261057,-0.8902338196166293,15.81196581196581,1.0064312419283918
10,"20MA, 50MA, MACD, Upper_BB, Lower_BB, ATR",32,0.2,0.001,32,60,30,150,relu,0.04626972819819075,10.151178935075329,-0.15388362694704316,23.504273504273502,0.8679458830828382
11,"20MA, 50MA, MACD, Upper_BB, Lower_BB, ATR",32,0.2,0.001,32,60,30,150,relu,0.05839909604548039,12.972349683943532,-0.8381475250085826,15.81196581196581,0.9381913728631178
12,"20MA, 50MA, MACD, Upper_BB, Lower_BB, ATR",32,0.30000000000000004,0.001,32,60,30,150,relu,0.062043575792476664,13.906495800510571,-1.0747307984464136,13.675213675213676,0.9961219798601414
13,"20MA, 50MA, MACD, Upper_BB, Lower_BB, ATR",32,0.4,0.001,32,60,30,150,relu,0.0571736457705872,12.595299295588147,-0.7618133134246743,16.666666666666664,0.9072870592946767
14,"20MA, 50MA, MACD, Upper_BB, Lower_BB, ATR",32,0.2,0.001,32,60,30,150,relu,0.060818769827859366,13.721263178054027,-0.9936245694873602,14.102564102564102,0.9145729930896068
15,"20MA, 50MA, MACD, Upper_BB, Lower_BB, ATR",32,0.8,0.0005,32,60,30,150,tanh,0.05588819194328996,12.78098963457713,-0.6834810571324748,14.529914529914532,0.9623064224870806
16,"20MA, 50MA, MACD, Upper_BB, Lower_BB, ATR",32,0.4,0.001,32,60,30,150,relu,0.0531759946063815,11.766247361668645,-0.5240504998929947,19.65811965811966,0.8411217728947405
17,"20MA, 50MA, MACD, Upper_BB, Lower_BB, ATR",32,0.2,0.0005,32,60,30,150,tanh,0.05321902780322384,11.720653823937264,-0.5265182037207643,19.65811965811966,0.8664123778212904
18,"20MA, 50MA, MACD, Upper_BB, Lower_BB, ATR",64,0.4,0.0005,32,60,30,150,relu,0.05162793963416466,11.244540303349188,-0.43660608444859994,21.367521367521366,0.8708743108577919
19,"20MA, 50MA, MACD, Upper_BB, Lower_BB, ATR",128,0.30000000000000004,0.001,64,60,30,100,sigmoid,0.08372451173816912,19.107722668764733,-2.778099239126181,5.128205128205128,1.0096924059572767
20,"20MA, 50MA, MACD, Upper_BB, Lower_BB, ATR",32,0.2,0.001,32,60,30,150,tanh,0.1107506917056739,25.6945840805912,-5.610906410504907,4.273504273504273,1.0
21,"20MA, 50MA, MACD, Upper_BB, Lower_BB, ATR",64,0.4,0.0005,32,60,30,150,relu,0.05031483809618899,10.618752403520643,-0.3644583185655612,26.923076923076923,0.847995360582795
22,"20MA, 50MA, MACD, Upper_BB, Lower_BB, ATR",64,0.4,0.0005,32,60,30,150,relu,0.05502361415745712,11.93704796098849,-0.6317977894162539,18.803418803418804,1.0099816539895534
23,"20MA, 50MA, MACD, Upper_BB, Lower_BB, ATR",64,0.30000000000000004,0.0005,32,60,30,150,relu,0.06147481504279885,14.049465821391852,-1.0368665485753268,9.82905982905983,0.9764216046570473
24,"20MA, 50MA, MACD, Upper_BB, Lower_BB, ATR",64,0.6000000000000001,0.0005,32,60,30,150,relu,0.08922619446658019,19.640192214106353,-3.290944085761465,5.555555555555555,1.0
0,"20MA, 50MA, MACD, Upper_BB, Lower_BB, Williams_%R",32,0.2,0.0001,16,60,1,100,tanh,0.02703929165096017,5.613071145610012,0.5693540358900229,52.320675105485236,0.9936986518328432
1,"20MA, 50MA, MACD, Upper_BB, Lower_BB, Williams_%R",64,0.7,0.0001,64,60,1,50,tanh,0.022393860154925768,4.6306622798577495,0.7046155120477802,62.869198312236286,1.3593439921207426
2,"20MA, 50MA, MACD, Upper_BB, Lower_BB, Williams_%R",64,0.8,0.001,16,60,1,100,tanh,0.014408901386521688,2.8222084698979844,0.8777098439241063,86.49789029535864,1.2428052556599147
3,"20MA, 50MA, MACD, Upper_BB, Lower_BB, Williams_%R",64,0.7,0.001,16,60,1,50,tanh,0.018538025461738324,3.6830092510548105,0.7975784669244884,75.52742616033755,1.0668704562902815
4,"20MA, 50MA, MACD, Upper_BB, Lower_BB, Williams_%R",32,0.2,0.0001,32,60,1,150,tanh,0.022581479739369054,4.591478625779718,0.6996452145420466,62.0253164556962,1.0886502868667958
5,"20MA, 50MA, MACD, Upper_BB, Lower_BB, Williams_%R",32,0.30000000000000004,0.0001,32,60,1,50,relu,0.038824980561020905,8.707326022579757,0.11212412635598579,18.9873417721519,0.962879301936023
6,"20MA, 50MA, MACD, Upper_BB, Lower_BB, Williams_%R",32,0.6000000000000001,0.001,64,60,1,50,relu,0.03189401679269555,7.487797968507372,0.400832569191658,22.78481012658228,0.8926192874341852
7,"20MA, 50MA, MACD, Upper_BB, Lower_BB, Williams_%R",128,0.4,0.0005,32,60,1,150,relu,0.026693596227392088,6.0896671156602435,0.5802952010462358,41.35021097046413,0.8846615976515444
8,"20MA, 50MA, MACD, Upper_BB, Lower_BB, Williams_%R",64,0.5,0.001,16,60,1,50,sigmoid,0.02628344661012055,4.853013251253605,0.5930937220108832,61.18143459915611,1.1024071084837506
9,"20MA, 50MA, MACD, Upper_BB, Lower_BB, Williams_%R",32,0.6000000000000001,0.001,16,60,1,150,sigmoid,0.023435209762958976,4.453844970657993,0.6765050902342642,66.24472573839662,1.0626658850815078
10,"20MA, 50MA, MACD, Upper_BB, Lower_BB, Williams_%R",128,0.8,0.0005,16,60,1,100,tanh,0.01355084201638805,2.629628109137017,0.8918410841967664,87.76371308016878,1.1544498465656632
11,"20MA, 50MA, MACD, Upper_BB, Lower_BB, Williams_%R",128,0.8,0.0005,16,60,1,100,tanh,0.012312334011231467,2.338249248898011,0.9107084137287857,90.71729957805907,0.9927770447744609
12,"20MA, 50MA, MACD, Upper_BB, Lower_BB, Williams_%R",128,0.8,0.0005,16,60,1,100,tanh,0.013695516982157954,2.646724850011265,0.8895192477512093,86.49789029535864,1.1914899681497904
13,"20MA, 50MA, MACD, Upper_BB, Lower_BB, Williams_%R",128,0.8,0.0005,16,60,1,100,tanh,0.013177161474167379,2.544363671370584,0.8977240559736815,89.45147679324894,1.000332477855251
14,"20MA, 50MA, MACD, Upper_BB, Lower_BB, Williams_%R",128,0.7,0.0005,16,60,1,100,tanh,0.01290814687992744,2.4496891338783318,0.9018574002231656,90.71729957805907,1.1438857308222112
15,"20MA, 50MA, MACD, Upper_BB, Lower_BB, Williams_%R",128,0.6000000000000001,0.0005,64,60,1,100,sigmoid,0.06074587786824223,14.923428307598444,-1.1735187268497507,2.9535864978902953,1.0
16,"20MA, 50MA, MACD, Upper_BB, Lower_BB, Williams_%R",128,0.7,0.0005,16,60,1,100,tanh,0.016065543611610632,3.2321523218856862,0.8479730397642309,81.0126582278481,1.13421027258834
17,"20MA, 50MA, MACD, Upper_BB, Lower_BB, Williams_%R",128,0.5,0.0005,16,60,1,100,tanh,0.015953743711609313,3.2031958513746,0.8500815845866896,81.0126582278481,1.062792420900232
18,"20MA, 50MA, MACD, Upper_BB, Lower_BB, Williams_%R",128,0.7,0.0005,64,60,1,100,sigmoid,0.02118732095613008,4.444292222650767,0.7355875792749529,65.82278481012658,1.0591572516942098
19,"20MA, 50MA, MACD, Upper_BB, Lower_BB, Williams_%R",128,0.6000000000000001,0.0005,32,60,1,100,relu,0.02627166154371908,5.939701631374559,0.5934585404065156,44.72573839662447,0.8662208647206978
20,"20MA, 50MA, MACD, Upper_BB, Lower_BB, Williams_%R",128,0.4,0.0005,16,60,1,150,tanh,0.013908896176002095,2.77350007951201,0.8860498000120771,86.91983122362869,1.136103204417401
21,"20MA, 50MA, MACD, Upper_BB, Lower_BB, Williams_%R",128,0.8,0.0005,16,60,1,100,tanh,0.011741412201658396,2.20081445342087,0.9187973072621127,91.9831223628692,0.949227862355796
22,"20MA, 50MA, MACD, Upper_BB, Lower_BB, Williams_%R",128,0.8,0.0005,16,60,1,100,tanh,0.01340363557459826,2.6004779829927394,0.8941782390876817,90.29535864978902,1.1025831173623086
23,"20MA, 50MA, MACD, Upper_BB, Lower_BB, Williams_%R",128,0.7,0.0005,16,60,1,100,tanh,0.013889666346135057,2.731564234388198,0.8863646672989078,87.76371308016878,0.88966070682416
24,"20MA, 50MA, MACD, Upper_BB, Lower_BB, Williams_%R",128,0.8,0.0005,16,60,1,100,tanh,0.01475085821777231,2.876081768231103,0.8718365060593305,84.38818565400844,1.1800550525828841
0,"20MA, 50MA, MACD, Upper_BB, Lower_BB, Williams_%R",128,0.30000000000000004,0.001,32,60,30,50,sigmoid,0.23395351139461207,60.60246903458333,-28.500355533077315,0.0,1.0
1,"20MA, 50MA, MACD, Upper_BB, Lower_BB, Williams_%R",32,0.30000000000000004,0.0001,32,60,30,100,sigmoid,0.052242987751476226,11.101504243063745,-0.47103879540017335,27.77777777777778,1.2454988791224928
2,"20MA, 50MA, MACD, Upper_BB, Lower_BB, Williams_%R",128,0.4,0.0005,64,60,30,150,relu,0.03642850067236053,8.02094502238563,0.2847617892910459,33.76068376068376,1.0370865643748328
3,"20MA, 50MA, MACD, Upper_BB, Lower_BB, Williams_%R",64,0.2,0.001,64,60,30,50,relu,0.05631735744781803,12.345724655547988,-0.7094352338757521,19.65811965811966,0.9202457869015823
4,"20MA, 50MA, MACD, Upper_BB, Lower_BB, Williams_%R",64,0.4,0.001,16,60,30,150,tanh,0.07149818276457369,16.244649504303382,-1.7552316691430616,6.41025641025641,1.0
5,"20MA, 50MA, MACD, Upper_BB, Lower_BB, Williams_%R",128,0.2,0.0005,16,60,30,150,tanh,0.0620711754462336,13.676407754068599,-1.0765770681758062,15.384615384615385,1.0
6,"20MA, 50MA, MACD, Upper_BB, Lower_BB, Williams_%R",32,0.5,0.0005,32,60,30,50,sigmoid,0.07277971895510853,16.439031446451516,-1.8548866034183078,7.264957264957266,1.0
7,"20MA, 50MA, MACD, Upper_BB, Lower_BB, Williams_%R",128,0.7,0.0001,64,60,30,50,tanh,0.052279117777790624,11.41126249095244,-0.47307417089698944,19.65811965811966,0.9270417124373711
8,"20MA, 50MA, MACD, Upper_BB, Lower_BB, Williams_%R",64,0.2,0.001,16,60,30,150,relu,0.06913717177697985,15.60024153362202,-1.5762697473290528,8.547008547008547,1.0
9,"20MA, 50MA, MACD, Upper_BB, Lower_BB, Williams_%R",32,0.30000000000000004,0.001,32,60,30,100,sigmoid,0.09396482283315657,22.322113794436888,-3.7588138052547055,1.282051282051282,1.0720384302523018
10,"20MA, 50MA, MACD, Upper_BB, Lower_BB, Williams_%R",128,0.7,0.0005,64,60,30,150,relu,0.04217785548301702,8.896768229421467,0.041179958589125376,30.76923076923077,0.8625553776742328
11,"20MA, 50MA, MACD, Upper_BB, Lower_BB, Williams_%R",128,0.8,0.0005,64,60,30,150,relu,0.0419894736790281,9.00712567104454,0.049725717016037674,29.48717948717949,0.872878517796626
12,"20MA, 50MA, MACD, Upper_BB, Lower_BB, Williams_%R",128,0.8,0.0005,64,60,30,150,relu,0.043332877322245805,9.162145063458784,-0.012052795840542974,30.34188034188034,0.9291956290857244
13,"20MA, 50MA, MACD, Upper_BB, Lower_BB, Williams_%R",128,0.6000000000000001,0.0005,64,60,30,150,relu,0.04245295607471096,8.932718905719657,0.028631564650311914,29.48717948717949,0.8664043460785391
14,"20MA, 50MA, MACD, Upper_BB, Lower_BB, Williams_%R",128,0.5,0.0005,64,60,30,150,relu,0.052731414662210055,10.863734314239517,-0.498673263476455,25.213675213675213,0.9324430213463267
15,"20MA, 50MA, MACD, Upper_BB, Lower_BB, Williams_%R",128,0.8,0.0005,64,60,30,150,relu,0.05415610497773903,11.749228747614186,-0.5807491506296187,20.94017094017094,0.895305377594118
16,"20MA, 50MA, MACD, Upper_BB, Lower_BB, Williams_%R",128,0.5,0.0005,64,60,30,100,relu,0.03695716416845803,8.087384527071803,0.263851565972438,33.33333333333333,0.8872490446349768
17,"20MA, 50MA, MACD, Upper_BB, Lower_BB, Williams_%R",128,0.5,0.0001,64,60,30,100,relu,0.04398802290017776,9.287819916533136,-0.04288638863981231,28.63247863247863,0.9525001853951495
18,"20MA, 50MA, MACD, Upper_BB, Lower_BB, Williams_%R",32,0.4,0.0005,64,60,30,100,relu,0.04099056428289497,8.760321197544883,0.09440105448443536,29.48717948717949,1.0164206714124917
19,"20MA, 50MA, MACD, Upper_BB, Lower_BB, Williams_%R",64,0.4,0.0005,16,60,30,100,tanh,0.06293339855062129,14.090985168660456,-1.1346687131965143,14.102564102564102,1.0
20,"20MA, 50MA, MACD, Upper_BB, Lower_BB, Williams_%R",128,0.6000000000000001,0.0001,64,60,30,100,relu,0.04496090172372831,9.470058542123207,-0.08952735784138333,27.350427350427353,0.9888395349904263
21,"20MA, 50MA, MACD, Upper_BB, Lower_BB, Williams_%R",32,0.4,0.0005,64,60,30,100,relu,0.041976014938437924,8.927975491447402,0.0503347956377731,29.48717948717949,1.0460249296852795
22,"20MA, 50MA, MACD, Upper_BB, Lower_BB, Williams_%R",32,0.4,0.0005,64,60,30,100,relu,0.042262500313254084,8.825241262345788,0.03732767183694896,30.34188034188034,0.990271629261942
23,"20MA, 50MA, MACD, Upper_BB, Lower_BB, Williams_%R",32,0.5,0.0005,64,60,30,100,relu,0.041755983704865614,8.798513852936395,0.06026467347509479,32.9059829059829,0.9802013311397443
24,"20MA, 50MA, MACD, Upper_BB, Lower_BB, Williams_%R",32,0.6000000000000001,0.0005,64,60,30,100,relu,0.04298703805253569,9.048713823730408,0.004037107149983177,32.47863247863248,0.9211245351228412
0,"20MA, 50MA, MACD, Upper_BB, Lower_BB, OBV",64,0.8,0.0001,32,60,1,50,sigmoid,0.05595140440723903,13.2021240550204,-0.8439610580414061,5.485232067510549,1.0089951794039274
1,"20MA, 50MA, MACD, Upper_BB, Lower_BB, OBV",32,0.5,0.001,16,60,1,50,relu,0.01949006236495116,3.920082444052179,0.7762535163949259,69.19831223628692,0.8894470192193001
2,"20MA, 50MA, MACD, Upper_BB, Lower_BB, OBV",128,0.7,0.0005,64,60,1,50,relu,0.04917678184351684,11.90915731494962,-0.42445905671296136,7.172995780590717,1.0
3,"20MA, 50MA, MACD, Upper_BB, Lower_BB, OBV",128,0.7,0.001,32,60,1,100,relu,0.012783949110440515,2.4312377311299764,0.9037369035263162,89.87341772151899,1.1701722434374497
4,"20MA, 50MA, MACD, Upper_BB, Lower_BB, OBV",128,0.6000000000000001,0.0001,16,60,1,50,relu,0.10113519438242878,25.45696463717294,-5.02468560111349,0.8438818565400843,1.0
5,"20MA, 50MA, MACD, Upper_BB, Lower_BB, OBV",64,0.6000000000000001,0.0001,16,60,1,150,sigmoid,0.021830494150989498,4.432491824805036,0.7192906400487097,66.24472573839662,1.208147547371426
6,"20MA, 50MA, MACD, Upper_BB, Lower_BB, OBV",64,0.30000000000000004,0.001,64,60,1,100,sigmoid,0.03653590867136037,8.455783836095048,0.21373383535901336,20.675105485232066,0.8704698232480963
7,"20MA, 50MA, MACD, Upper_BB, Lower_BB, OBV",64,0.6000000000000001,0.0005,32,60,1,100,relu,0.01559776285993212,3.0681533603586884,0.8566972952064058,82.27848101265823,0.9762621274641977
8,"20MA, 50MA, MACD, Upper_BB, Lower_BB, OBV",64,0.4,0.0005,32,60,1,150,tanh,0.012594718175437116,2.477865533310395,0.9065656283947829,89.0295358649789,1.0607934245909247
9,"20MA, 50MA, MACD, Upper_BB, Lower_BB, OBV",32,0.5,0.0005,64,60,1,150,sigmoid,0.025313243301469918,5.1646348894630085,0.6225796196559032,61.18143459915611,1.3378527521738715
10,"20MA, 50MA, MACD, Upper_BB, Lower_BB, OBV",64,0.2,0.0005,32,60,1,150,tanh,0.01236640781026056,2.271133734681142,0.9099223827578505,91.9831223628692,0.9402100540975965
11,"20MA, 50MA, MACD, Upper_BB, Lower_BB, OBV",64,0.2,0.0005,32,60,1,150,tanh,0.013696730130074443,2.689527869909923,0.8894996741300398,87.76371308016878,0.9046113017518909
12,"20MA, 50MA, MACD, Upper_BB, Lower_BB, OBV",64,0.30000000000000004,0.0005,32,60,1,150,tanh,0.012766444464052014,2.4036112726040852,0.9040003429074278,90.29535864978902,0.8623141076300701
13,"20MA, 50MA, MACD, Upper_BB, Lower_BB, OBV",64,0.2,0.0005,32,60,1,150,tanh,0.012383093268102732,2.284365021655552,0.9096791431259048,91.9831223628692,1.1384473051698785
14,"20MA, 50MA, MACD, Upper_BB, Lower_BB, OBV",64,0.2,0.0005,32,60,1,150,tanh,0.012088341178872893,2.196476478443823,0.9139277454312197,92.40506329113924,1.107704123527185
15,"20MA, 50MA, MACD, Upper_BB, Lower_BB, OBV",32,0.30000000000000004,0.0005,32,60,1,150,tanh,0.014211187086928425,2.786753607725381,0.8810428707849778,87.76371308016878,0.8590747435289692
16,"20MA, 50MA, MACD, Upper_BB, Lower_BB, OBV",64,0.2,0.0005,32,60,1,150,tanh,0.012958116522659659,2.442877579945302,0.9010960759066645,89.87341772151899,0.9664998752956557
17,"20MA, 50MA, MACD, Upper_BB, Lower_BB, OBV",64,0.4,0.0005,32,60,1,150,tanh,0.01358337078703435,2.5914405575473287,0.8913211903969009,89.0295358649789,0.9457612307138185
18,"20MA, 50MA, MACD, Upper_BB, Lower_BB, OBV",32,0.4,0.001,16,60,1,150,tanh,0.01102333541232806,2.0519263220700674,0.9284259149051679,92.82700421940928,1.469484749179359
19,"20MA, 50MA, MACD, Upper_BB, Lower_BB, OBV",32,0.4,0.001,16,60,1,100,tanh,0.029068771630862363,6.764073948874967,0.502282259189704,30.37974683544304,1.0
20,"20MA, 50MA, MACD, Upper_BB, Lower_BB, OBV",32,0.30000000000000004,0.001,16,60,1,150,tanh,0.011605990851263313,2.1523565218337284,0.9206596322994085,91.13924050632912,1.1410442444663336
21,"20MA, 50MA, MACD, Upper_BB, Lower_BB, OBV",32,0.30000000000000004,0.001,16,60,1,150,tanh,0.011762218932866029,2.217449637755888,0.9185092567971741,91.56118143459916,1.3248585127882366
22,"20MA, 50MA, MACD, Upper_BB, Lower_BB, OBV",32,0.30000000000000004,0.001,16,60,1,150,tanh,0.012700570121804975,2.40951189952864,0.9049884956718841,89.87341772151899,1.1219598166965288
23,"20MA, 50MA, MACD, Upper_BB, Lower_BB, OBV",32,0.4,0.001,16,60,1,150,tanh,0.011910226304900464,2.2634148497406215,0.9164455108700578,90.71729957805907,1.0773045407810622
24,"20MA, 50MA, MACD, Upper_BB, Lower_BB, OBV",32,0.5,0.001,16,60,1,150,tanh,0.011647722621801452,2.193019784640159,0.920088036684017,91.56118143459916,1.070760409314264
0,"20MA, 50MA, MACD, Upper_BB, Lower_BB, OBV",64,0.2,0.001,32,60,30,50,tanh,0.0696936991575857,15.95610851931574,-1.6179126216763553,7.264957264957266,1.0
1,"20MA, 50MA, MACD, Upper_BB, Lower_BB, OBV",32,0.30000000000000004,0.0001,64,60,30,150,relu,0.038183630405007295,7.911299069415853,0.2141809558680966,35.8974358974359,1.303519294247476
2,"20MA, 50MA, MACD, Upper_BB, Lower_BB, OBV",128,0.8,0.001,64,60,30,50,sigmoid,0.09413893661494865,22.09207159533088,-3.776466001148692,0.8547008547008548,1.0720384302523018
3,"20MA, 50MA, MACD, Upper_BB, Lower_BB, OBV",128,0.30000000000000004,0.0005,16,60,30,100,tanh,0.07446966410168045,17.122528058713744,-1.9890068077378262,5.128205128205128,1.0
4,"20MA, 50MA, MACD, Upper_BB, Lower_BB, OBV",64,0.4,0.0001,16,60,30,100,relu,0.06160007933065391,13.528154130836278,-1.0451758566238407,14.529914529914532,1.0
5,"20MA, 50MA, MACD, Upper_BB, Lower_BB, OBV",128,0.4,0.0001,32,60,30,50,sigmoid,0.08964496833846139,20.764055945766096,-3.3313168068904266,1.7094017094017095,1.0096924059572767
6,"20MA, 50MA, MACD, Upper_BB, Lower_BB, OBV",32,0.6000000000000001,0.0005,64,60,30,100,sigmoid,0.04356145933527732,8.940082567187115,-0.022758164793960756,32.05128205128205,1.158700439596014
7,"20MA, 50MA, MACD, Upper_BB, Lower_BB, OBV",128,0.6000000000000001,0.001,16,60,30,150,tanh,0.08481508754664788,19.955503990282157,-2.8771655364241973,2.564102564102564,1.0
8,"20MA, 50MA, MACD, Upper_BB, Lower_BB, OBV",128,0.7,0.001,32,60,30,100,tanh,0.0592680050756788,12.948941504217215,-0.8932533462633174,16.666666666666664,1.0
9,"20MA, 50MA, MACD, Upper_BB, Lower_BB, OBV",32,0.8,0.001,32,60,30,100,relu,0.05183871474107465,11.057903959991549,-0.4483601427038617,23.931623931623932,0.8389306574757176
10,"20MA, 50MA, MACD, Upper_BB, Lower_BB, OBV",32,0.2,0.0001,64,60,30,150,relu,0.0391768497596523,8.092881244397097,0.1727683608885926,36.324786324786324,1.1625280645260712
11,"20MA, 50MA, MACD, Upper_BB, Lower_BB, OBV",32,0.2,0.0001,64,60,30,150,relu,0.03964758650346105,8.3317136622436,0.1527694158603249,35.47008547008547,1.3115581864801167
12,"20MA, 50MA, MACD, Upper_BB, Lower_BB, OBV",32,0.30000000000000004,0.0001,64,60,30,150,relu,0.037981891792947454,7.837951969018481,0.22246258097402993,38.46153846153847,1.11424439379818
13,"20MA, 50MA, MACD, Upper_BB, Lower_BB, OBV",32,0.4,0.0001,64,60,30,150,relu,0.03864704154503078,8.026722996744148,0.19499121035017963,36.75213675213676,1.1042597426230265
14,"20MA, 50MA, MACD, Upper_BB, Lower_BB, OBV",32,0.30000000000000004,0.0001,64,60,30,150,relu,0.03846903503839054,7.945569665328706,0.20238979960741665,37.60683760683761,1.1393778710346107
15,"20MA, 50MA, MACD, Upper_BB, Lower_BB, OBV",32,0.5,0.0001,64,60,30,150,relu,0.03896190972599328,8.114123756802789,0.18182051499760654,35.8974358974359,1.173692709762796
16,"20MA, 50MA, MACD, Upper_BB, Lower_BB, OBV",32,0.30000000000000004,0.0005,64,60,30,150,relu,0.040974506145346645,8.707963937036228,0.0951104559874586,29.914529914529915,0.9845476182832165
17,"20MA, 50MA, MACD, Upper_BB, Lower_BB, OBV",64,0.5,0.0001,64,60,30,150,relu,0.03981585269775833,8.267082211392593,0.14556278388737676,36.75213675213676,1.1681655649062075
18,"20MA, 50MA, MACD, Upper_BB, Lower_BB, OBV",32,0.30000000000000004,0.0001,64,60,30,150,relu,0.03760683267417931,7.791815777757835,0.23774263395240913,36.324786324786324,1.1972643326179184
19,"20MA, 50MA, MACD, Upper_BB, Lower_BB, OBV",32,0.4,0.0001,16,60,30,150,sigmoid,0.08209329118757758,19.098807749481306,-2.632314536620278,4.273504273504273,1.1114661420909104
20,"20MA, 50MA, MACD, Upper_BB, Lower_BB, OBV",64,0.2,0.0005,64,60,30,50,relu,0.04477431539176136,9.48857133925344,-0.08050311321804937,28.205128205128204,1.0567675350248278
21,"20MA, 50MA, MACD, Upper_BB, Lower_BB, OBV",32,0.30000000000000004,0.0001,64,60,30,150,relu,0.036916833870726744,7.672225700224357,0.26545736483503257,38.46153846153847,1.4251506533938734
22,"20MA, 50MA, MACD, Upper_BB, Lower_BB, OBV",32,0.30000000000000004,0.0001,64,60,30,150,relu,0.038182345733426715,7.930068481817548,0.21423383205615654,36.75213675213676,1.1900668146165043
23,"20MA, 50MA, MACD, Upper_BB, Lower_BB, OBV",32,0.4,0.0001,64,60,30,150,relu,0.03869771893050679,8.07238748965023,0.1928786301066896,35.47008547008547,1.3556610035426457
24,"20MA, 50MA, MACD, Upper_BB, Lower_BB, OBV",32,0.30000000000000004,0.0001,64,60,30,150,relu,0.04006446691288763,8.34072759418983,0.1348590854472591,35.47008547008547,1.158700439596014
0,"20MA, 50MA, MACD, Upper_BB, CCI, ATR",128,0.7,0.001,64,60,1,150,tanh,0.02125840175711098,4.818780805836654,0.7338104623347783,56.540084388185655,0.8567967305240171
1,"20MA, 50MA, MACD, Upper_BB, CCI, ATR",64,0.6000000000000001,0.001,64,60,1,50,relu,0.019551676208428903,3.8599938433134575,0.7748366228846396,78.05907172995781,0.941832754300894
2,"20MA, 50MA, MACD, Upper_BB, CCI, ATR",128,0.8,0.0005,16,60,1,100,relu,0.012267485305487229,2.186605809985449,0.9113577331035461,92.82700421940928,1.177406037164422
3,"20MA, 50MA, MACD, Upper_BB, CCI, ATR",128,0.6000000000000001,0.0005,64,60,1,100,sigmoid,0.0666001425553121,16.776738769347833,-1.6126430496281063,2.109704641350211,1.041480420738682
4,"20MA, 50MA, MACD, Upper_BB, CCI, ATR",32,0.4,0.001,64,60,1,150,sigmoid,0.03890502123034189,9.414870527047007,0.10845950464302756,9.282700421940929,0.9202457869015823
5,"20MA, 50MA, MACD, Upper_BB, CCI, ATR",32,0.5,0.0005,64,60,1,50,sigmoid,0.06302552067168707,15.012423832048993,-1.3397133090997242,3.375527426160337,1.0089951794039274
6,"20MA, 50MA, MACD, Upper_BB, CCI, ATR",32,0.6000000000000001,0.001,64,60,1,50,relu,0.022458188466770057,4.5976887334897025,0.7029160393193529,61.60337552742617,0.9107901053038396
7,"20MA, 50MA, MACD, Upper_BB, CCI, ATR",64,0.2,0.001,64,60,1,100,sigmoid,0.018124528501524816,3.521180868859065,0.8065079187285038,78.48101265822784,0.8502173288940261
8,"20MA, 50MA, MACD, Upper_BB, CCI, ATR",32,0.8,0.001,16,60,1,150,sigmoid,0.022834293132410477,4.672083480110036,0.6928822587619412,60.337552742616026,0.9612283870913083
9,"20MA, 50MA, MACD, Upper_BB, CCI, ATR",64,0.30000000000000004,0.0001,16,60,1,100,sigmoid,0.04126792914917379,9.393855085123034,-0.003125137474094597,15.18987341772152,0.8516819795995685
10,"20MA, 50MA, MACD, Upper_BB, CCI, ATR",128,0.8,0.0005,32,60,1,100,relu,0.023049822108057012,4.93497455473233,0.6870572338402726,56.118143459915615,0.882056476618849
11,"20MA, 50MA, MACD, Upper_BB, CCI, ATR",64,0.2,0.0001,16,60,1,100,tanh,0.024688814972889748,5.047229582533697,0.640970403527026,60.75949367088608,1.015593277736175
12,"20MA, 50MA, MACD, Upper_BB, CCI, ATR",128,0.2,0.0005,32,60,1,100,relu,0.024740414666306085,5.425687611475263,0.6394680894928412,51.0548523206751,0.9050957822308541
13,"20MA, 50MA, MACD, Upper_BB, CCI, ATR",64,0.4,0.0005,16,60,1,100,relu,0.012983512943495371,2.409044482174909,0.900708015327093,90.29535864978902,1.2525286248467784
14,"20MA, 50MA, MACD, Upper_BB, CCI, ATR",128,0.4,0.0005,16,60,1,100,relu,0.015214978078455165,3.153949494579981,0.8636445744685401,81.43459915611815,0.8990049719727604
15,"20MA, 50MA, MACD, Upper_BB, CCI, ATR",64,0.4,0.0005,16,60,1,100,relu,0.012890729838103831,2.417525710849042,0.9021220703667758,93.67088607594937,1.1666800981944008
16,"20MA, 50MA, MACD, Upper_BB, CCI, ATR",64,0.5,0.0005,16,60,1,100,relu,0.01426839192019955,2.83597130665663,0.8800832579449036,87.76371308016878,0.963462145288619
17,"20MA, 50MA, MACD, Upper_BB, CCI, ATR",128,0.7,0.0005,16,60,1,100,relu,0.01294176098770606,2.3301774698464848,0.9013455883590424,92.40506329113924,1.1112384908607407
18,"20MA, 50MA, MACD, Upper_BB, CCI, ATR",64,0.30000000000000004,0.0001,16,60,1,50,tanh,0.02303417745409478,4.461751000340672,0.6874818982708906,64.9789029535865,1.0233597288178133
19,"20MA, 50MA, MACD, Upper_BB, CCI, ATR",128,0.7,0.0005,32,60,1,150,relu,0.022192040543598572,4.649592439286565,0.7099156926825478,62.0253164556962,0.7861616565319235
20,"20MA, 50MA, MACD, Upper_BB, CCI, ATR",128,0.30000000000000004,0.0005,16,60,1,100,relu,0.01596161863637666,3.2929889445559706,0.8499335456510112,80.16877637130801,0.9463113291075704
21,"20MA, 50MA, MACD, Upper_BB, CCI, ATR",128,0.7,0.0005,16,60,1,100,relu,0.012882478835992844,2.4397314731746347,0.9022473282157498,90.29535864978902,1.0841662628141975
22,"20MA, 50MA, MACD, Upper_BB, CCI, ATR",128,0.8,0.0005,16,60,1,100,relu,0.012509751584737053,2.2993647478273007,0.9078220315156041,91.9831223628692,1.074930314375571
23,"20MA, 50MA, MACD, Upper_BB, CCI, ATR",128,0.8,0.0005,16,60,1,100,relu,0.013309228321709164,2.56958042570334,0.8956636806560702,89.0295358649789,1.100354879304311
24,"20MA, 50MA, MACD, Upper_BB, CCI, ATR",128,0.8,0.0005,16,60,1,100,relu,0.014882460234434148,3.005263812058987,0.8695394447136273,84.81012658227847,0.90307961581276
0,"20MA, 50MA, MACD, Upper_BB, CCI, ATR",32,0.8,0.0001,64,60,30,50,relu,0.0892946846995529,20.42496252878895,-3.297534091226252,2.1367521367521367,1.0775420265239959
1,"20MA, 50MA, MACD, Upper_BB, CCI, ATR",64,0.30000000000000004,0.0005,64,60,30,50,tanh,0.05632058791491907,12.345252975285344,-0.7096313521923263,18.803418803418804,0.895305377594118
2,"20MA, 50MA, MACD, Upper_BB, CCI, ATR",64,0.4,0.0005,32,60,30,100,relu,0.058755133838473216,12.847784848954097,-0.86062886471395,18.803418803418804,1.0314828700244285
3,"20MA, 50MA, MACD, Upper_BB, CCI, ATR",32,0.7,0.0005,32,60,30,50,relu,0.05743321888181541,12.527043737404087,-0.7778471867584587,17.94871794871795,0.9234921604290856
4,"20MA, 50MA, MACD, Upper_BB, CCI, ATR",64,0.7,0.0001,32,60,30,100,relu,0.053584646259474976,11.399491245761348,-0.5475648265201352,23.504273504273502,0.8374330591394812
5,"20MA, 50MA, MACD, Upper_BB, CCI, ATR",128,0.8,0.0001,32,60,30,50,sigmoid,0.11231430077389866,27.28200097938003,-5.798893365309736,0.8547008547008548,1.0720384302523018
6,"20MA, 50MA, MACD, Upper_BB, CCI, ATR",64,0.30000000000000004,0.001,16,60,30,100,tanh,0.071129888187982,16.035078874584777,-1.72691980626065,8.974358974358974,1.0
7,"20MA, 50MA, MACD, Upper_BB, CCI, ATR",64,0.30000000000000004,0.0001,64,60,30,50,tanh,0.0455770098886521,9.666020833112338,-0.11959196622852764,27.350427350427353,0.9581425367383989
8,"20MA, 50MA, MACD, Upper_BB, CCI, ATR",128,0.2,0.0005,64,60,30,150,sigmoid,0.062002061998739165,13.604989426908464,-1.071955293319549,12.393162393162394,1.041480420738682
9,"20MA, 50MA, MACD, Upper_BB, CCI, ATR",128,0.4,0.0001,64,60,30,150,sigmoid,0.054892309133893154,11.54804555886601,-0.6240190348562902,19.65811965811966,1.033391668655072
10,"20MA, 50MA, MACD, Upper_BB, CCI, ATR",64,0.5,0.001,16,60,30,50,tanh,0.07882748069090423,18.24031857543204,-2.349063699583124,4.700854700854701,1.0
11,"20MA, 50MA, MACD, Upper_BB, CCI, ATR",64,0.6000000000000001,0.0001,32,60,30,100,tanh,0.052861780629303995,11.270422720206522,-0.5060926547860201,23.504273504273502,0.8552609365550549
12,"20MA, 50MA, MACD, Upper_BB, CCI, ATR",64,0.6000000000000001,0.0001,64,60,30,100,tanh,0.04386987291260177,9.128774247412071,-0.03729161406809056,30.34188034188034,1.0143838537902485
13,"20MA, 50MA, MACD, Upper_BB, CCI, ATR",64,0.5,0.0001,64,60,30,100,tanh,0.04369165356573258,9.022129612750788,-0.028880833819614482,32.47863247863248,1.0619302841427434
14,"20MA, 50MA, MACD, Upper_BB, CCI, ATR",64,0.6000000000000001,0.0001,64,60,30,100,tanh,0.0429858688276464,8.951424839678012,0.004091285749808882,32.05128205128205,1.0175017576556102
15,"20MA, 50MA, MACD, Upper_BB, CCI, ATR",32,0.5,0.0001,64,60,30,100,tanh,0.04149593082292109,8.636731581433988,0.07193341487005078,34.18803418803419,1.0923253322652664
16,"20MA, 50MA, MACD, Upper_BB, CCI, ATR",32,0.6000000000000001,0.001,64,60,30,100,tanh,0.04637254417591262,9.863687275945733,-0.1590174148603336,26.923076923076923,0.8269744872887921
17,"20MA, 50MA, MACD, Upper_BB, CCI, ATR",32,0.7,0.0001,16,60,30,150,tanh,0.05006625350306501,10.433322275754985,-0.3510091871668677,27.350427350427353,0.9496612401382319
18,"20MA, 50MA, MACD, Upper_BB, CCI, ATR",32,0.4,0.0001,64,60,30,100,tanh,0.03973801554032671,8.264014365483376,0.14890024630066934,34.18803418803419,1.211266337129662
19,"20MA, 50MA, MACD, Upper_BB, CCI, ATR",32,0.4,0.001,64,60,30,100,sigmoid,0.036935226383543546,8.121823274972764,0.26472526249163275,35.47008547008547,1.3041629667052694
20,"20MA, 50MA, MACD, Upper_BB, CCI, ATR",32,0.4,0.001,16,60,30,100,sigmoid,0.08813625834860525,20.808629456182622,-3.1867529325775275,2.9914529914529915,1.0
21,"20MA, 50MA, MACD, Upper_BB, CCI, ATR",32,0.5,0.001,64,60,30,100,sigmoid,0.058595446362799876,12.795856182413157,-0.8505287987284131,18.37606837606838,0.9278253722901191
22,"20MA, 50MA, MACD, Upper_BB, CCI, ATR",32,0.4,0.001,64,60,30,100,sigmoid,0.039451475453808706,8.662812716756669,0.16113009413306523,29.914529914529915,1.0122958921084906
23,"20MA, 50MA, MACD, Upper_BB, CCI, ATR",32,0.2,0.001,64,60,30,100,sigmoid,0.05712941923011746,12.557254467762224,-0.759088674484417,19.65811965811966,0.8780440646415647
24,"20MA, 50MA, MACD, Upper_BB, CCI, ATR",32,0.4,0.001,64,60,30,100,sigmoid,0.03789929033478434,8.171417537832507,0.2258408164344321,36.75213675213676,1.1698960649087273
0,"20MA, 50MA, MACD, Upper_BB, CCI, Williams_%R",32,0.7,0.0001,64,60,1,150,sigmoid,0.13441391202546843,33.40352731398644,-9.64187622447352,0.0,1.0
1,"20MA, 50MA, MACD, Upper_BB, CCI, Williams_%R",128,0.30000000000000004,0.001,32,60,1,100,relu,0.03695470151493961,8.92297337499258,0.19560537729968208,8.016877637130802,0.9324430213463267
2,"20MA, 50MA, MACD, Upper_BB, CCI, Williams_%R",32,0.8,0.0005,64,60,1,50,relu,0.027933064481014694,6.285223137026236,0.5404138537036378,44.303797468354425,0.9147193944962695
3,"20MA, 50MA, MACD, Upper_BB, CCI, Williams_%R",64,0.2,0.001,64,60,1,100,relu,0.01840715385616035,4.0332686772088095,0.8004264209251403,67.51054852320675,0.895305377594118
4,"20MA, 50MA, MACD, Upper_BB, CCI, Williams_%R",64,0.8,0.0001,64,60,1,150,sigmoid,0.04228645243998597,9.73984650165604,-0.05325193446371923,16.033755274261605,0.927606344876191
5,"20MA, 50MA, MACD, Upper_BB, CCI, Williams_%R",64,0.2,0.001,32,60,1,50,tanh,0.019559017390677214,4.085164758718505,0.7746675043196923,67.51054852320675,1.0376272677892309
6,"20MA, 50MA, MACD, Upper_BB, CCI, Williams_%R",64,0.2,0.0005,16,60,1,100,sigmoid,0.0390900329975431,9.015048700497786,0.09995994986987766,10.970464135021098,1.1114661420909104
7,"20MA, 50MA, MACD, Upper_BB, CCI, Williams_%R",128,0.4,0.0005,64,60,1,150,sigmoid,0.05592369757145401,13.844072493928127,-0.8421352709341012,3.79746835443038,0.895305377594118
8,"20MA, 50MA, MACD, Upper_BB, CCI, Williams_%R",128,0.8,0.0005,64,60,1,50,sigmoid,0.057693775710538256,14.221289433676093,-0.9605940702631286,3.79746835443038,1.0
9,"20MA, 50MA, MACD, Upper_BB, CCI, Williams_%R",64,0.5,0.001,16,60,1,50,tanh,0.017836725268679163,3.5124374693985696,0.8126041334288472,75.10548523206751,0.9655472117368674
10,"20MA, 50MA, MACD, Upper_BB, CCI, Williams_%R",64,0.6000000000000001,0.001,16,60,1,50,tanh,0.016184418507091656,3.1534485914266392,0.8457149088412961,81.85654008438819,1.0531793150370252
11,"20MA, 50MA, MACD, Upper_BB, CCI, Williams_%R",64,0.6000000000000001,0.001,16,60,1,50,tanh,0.015736852900123298,3.030613280029817,0.85413015157985,83.54430379746836,1.0611509704169944
12,"20MA, 50MA, MACD, Upper_BB, CCI, Williams_%R",64,0.6000000000000001,0.001,16,60,1,50,tanh,0.01569177811005322,3.0014258793877193,0.8549645797127065,83.96624472573839,1.1301990734879428
13,"20MA, 50MA, MACD, Upper_BB, CCI, Williams_%R",64,0.6000000000000001,0.001,16,60,1,50,tanh,0.014821287987551793,2.8477523866669694,0.8706097198803329,87.76371308016878,1.0795729805100354
14,"20MA, 50MA, MACD, Upper_BB, CCI, Williams_%R",64,0.6000000000000001,0.001,16,60,1,50,tanh,0.01807882288779104,3.6441709052908813,0.8074825673697681,73.41772151898735,0.9681629183864429
15,"20MA, 50MA, MACD, Upper_BB, CCI, Williams_%R",32,0.5,0.001,16,60,1,50,tanh,0.02406515772446312,5.045656679632236,0.6588799977084377,54.43037974683544,0.8999892496095417
16,"20MA, 50MA, MACD, Upper_BB, CCI, Williams_%R",64,0.7,0.0001,16,60,1,50,tanh,0.023128876938583065,4.744326425940131,0.6849069298202922,59.07172995780591,1.1150567062389531
17,"20MA, 50MA, MACD, Upper_BB, CCI, Williams_%R",64,0.4,0.001,16,60,1,50,tanh,0.01583926155594591,3.1153965845848264,0.8522254580150113,81.85654008438819,1.034235371859392
18,"20MA, 50MA, MACD, Upper_BB, CCI, Williams_%R",32,0.7,0.001,32,60,1,100,tanh,0.02481493189891073,5.550819863463702,0.6372930006700972,48.52320675105485,0.8743295152943652
19,"20MA, 50MA, MACD, Upper_BB, CCI, Williams_%R",128,0.4,0.0001,16,60,1,150,tanh,0.029637639353578854,6.71959084476434,0.4826112525712998,37.552742616033754,0.8743295152943652
20,"20MA, 50MA, MACD, Upper_BB, CCI, Williams_%R",64,0.5,0.001,16,60,1,50,relu,0.023578697341847712,5.099997777021158,0.6725316158863861,52.320675105485236,0.8999892496095417
21,"20MA, 50MA, MACD, Upper_BB, CCI, Williams_%R",64,0.6000000000000001,0.001,16,60,1,50,tanh,0.01744186880846576,3.4326049871245954,0.82080916541181,76.37130801687763,0.9388335360748841
22,"20MA, 50MA, MACD, Upper_BB, CCI, Williams_%R",64,0.6000000000000001,0.001,16,60,1,50,tanh,0.020445789470572528,4.203941242630967,0.7537719474340191,65.40084388185655,0.925575887292313
23,"20MA, 50MA, MACD, Upper_BB, CCI, Williams_%R",64,0.7,0.001,16,60,1,50,tanh,0.016726836022573553,3.2878037240727775,0.8351999420965075,78.90295358649789,1.0798604887176937
24,"20MA, 50MA, MACD, Upper_BB, CCI, Williams_%R",64,0.5,0.001,16,60,1,50,tanh,0.016287334698754975,3.132678915742852,0.8437464823292652,81.85654008438819,1.054091797382564
0,"20MA, 50MA, MACD, Upper_BB, CCI, Williams_%R",128,0.8,0.0001,16,60,30,50,sigmoid,0.11825309905316361,28.82276045585336,-6.536907348079083,0.4273504273504274,1.0
1,"20MA, 50MA, MACD, Upper_BB, CCI, Williams_%R",64,0.30000000000000004,0.0001,16,60,30,100,tanh,0.06292166545042759,13.865925327997852,-1.1338728258713422,14.102564102564102,1.1057892768131274
2,"20MA, 50MA, MACD, Upper_BB, CCI, Williams_%R",64,0.6000000000000001,0.0005,32,60,30,150,relu,0.05547925149544634,11.82591263376495,-0.6589347348154289,23.504273504273502,1.041480420738682
3,"20MA, 50MA, MACD, Upper_BB, CCI, Williams_%R",128,0.7,0.001,16,60,30,50,tanh,0.08855780715782759,21.042526193094343,-3.2268985317903667,2.1367521367521367,1.0
4,"20MA, 50MA, MACD, Upper_BB, CCI, Williams_%R",32,0.7,0.0001,16,60,30,50,tanh,0.05891464055665825,12.82961760830473,-0.8707449391126265,17.94871794871795,0.895305377594118
5,"20MA, 50MA, MACD, Upper_BB, CCI, Williams_%R",32,0.5,0.001,16,60,30,100,relu,0.07589846521951515,17.380612692834347,-2.104803376959155,5.982905982905983,1.0
6,"20MA, 50MA, MACD, Upper_BB, CCI, Williams_%R",128,0.6000000000000001,0.0005,16,60,30,100,tanh,0.0725145724532284,16.48677611943713,-1.8341230075534884,7.264957264957266,1.0
7,"20MA, 50MA, MACD, Upper_BB, CCI, Williams_%R",32,0.5,0.001,32,60,30,50,sigmoid,0.10876475738140189,26.330003890883063,-5.375944163465867,0.8547008547008548,1.0
8,"20MA, 50MA, MACD, Upper_BB, CCI, Williams_%R",64,0.4,0.0001,32,60,30,100,sigmoid,0.07243468173233132,16.22905694576906,-1.8278816302195637,7.6923076923076925,1.1114661420909104
9,"20MA, 50MA, MACD, Upper_BB, CCI, Williams_%R",32,0.4,0.0001,32,60,30,150,sigmoid,0.052757390693205765,11.063296754421375,-0.5001501505255954,24.786324786324787,1.0591634821406426
10,"20MA, 50MA, MACD, Upper_BB, CCI, Williams_%R",32,0.2,0.0001,64,60,30,150,sigmoid,0.05073053204694124,10.358044661843104,-0.3870973706188632,28.205128205128204,1.1475797592546249
11,"20MA, 50MA, MACD, Upper_BB, CCI, Williams_%R",32,0.2,0.0001,64,60,30,150,sigmoid,0.04903081773817856,10.243613508151272,-0.2957057536338341,29.48717948717949,1.1118818374619845
12,"20MA, 50MA, MACD, Upper_BB, CCI, Williams_%R",32,0.2,0.0001,64,60,30,150,sigmoid,0.050610141652176914,10.686207677458395,-0.38052164414401823,26.923076923076923,1.1679087405859854
13,"20MA, 50MA, MACD, Upper_BB, CCI, Williams_%R",32,0.2,0.0001,64,60,30,150,sigmoid,0.044920456687639755,9.489498369725464,-0.08756804868068402,32.47863247863248,1.1479193142093655
14,"20MA, 50MA, MACD, Upper_BB, CCI, Williams_%R",32,0.30000000000000004,0.0001,64,60,30,150,sigmoid,0.05471865117370002,11.06407173739526,-0.6137597569946187,26.495726495726498,1.0460797983089527
15,"20MA, 50MA, MACD, Upper_BB, CCI, Williams_%R",32,0.2,0.0005,64,60,30,150,sigmoid,0.04357220964942714,9.191975290839677,-0.023263029802414792,26.495726495726498,1.1410666067054431
16,"20MA, 50MA, MACD, Upper_BB, CCI, Williams_%R",32,0.30000000000000004,0.0005,64,60,30,150,relu,0.043684507162317365,9.141334739615665,-0.028544284589895552,33.76068376068376,1.079568759135401
17,"20MA, 50MA, MACD, Upper_BB, CCI, Williams_%R",32,0.30000000000000004,0.0005,64,60,30,150,relu,0.04215725775687387,8.918747401680623,0.04211621720304892,32.05128205128205,1.0393710924125825
18,"20MA, 50MA, MACD, Upper_BB, CCI, Williams_%R",64,0.4,0.0005,64,60,30,150,relu,0.045600029198702,9.443797747528397,-0.12072318317223707,29.48717948717949,0.9162002451400806
19,"20MA, 50MA, MACD, Upper_BB, CCI, Williams_%R",128,0.30000000000000004,0.0005,64,60,30,150,relu,0.04592589514428792,9.694097800407544,-0.13679819181460595,26.06837606837607,0.9202457869015823
20,"20MA, 50MA, MACD, Upper_BB, CCI, Williams_%R",32,0.4,0.0005,64,60,30,150,relu,0.04660903845960342,10.309191787439635,-0.17086925257628716,21.794871794871796,0.8826490468318979
21,"20MA, 50MA, MACD, Upper_BB, CCI, Williams_%R",32,0.30000000000000004,0.0005,64,60,30,150,relu,0.04352606689927343,9.091671269884735,-0.021096916591157866,31.196581196581196,0.8878458604760484
22,"20MA, 50MA, MACD, Upper_BB, CCI, Williams_%R",32,0.30000000000000004,0.0005,64,60,30,150,relu,0.043985190042324006,9.218891699583946,-0.04275206781469487,32.9059829059829,0.8276894986481474
23,"20MA, 50MA, MACD, Upper_BB, CCI, Williams_%R",32,0.2,0.0005,64,60,30,150,relu,0.04170031014247393,8.757342999965658,0.0627689150438463,34.18803418803419,1.0363456049552044
24,"20MA, 50MA, MACD, Upper_BB, CCI, Williams_%R",32,0.30000000000000004,0.0005,64,60,30,150,relu,0.042182506035346526,8.845841769617122,0.04096850693733867,34.61538461538461,0.9687587799970393
0,"20MA, 50MA, MACD, Upper_BB, CCI, OBV",128,0.7,0.001,16,60,1,50,relu,0.01677247002591441,3.4283561272281773,0.8342995034188772,78.90295358649789,0.8880398858151715
1,"20MA, 50MA, MACD, Upper_BB, CCI, OBV",32,0.2,0.001,64,60,1,100,tanh,0.03469921757224278,8.3170799708078,0.29079934960617204,19.40928270042194,0.8846615976515444
2,"20MA, 50MA, MACD, Upper_BB, CCI, OBV",32,0.8,0.001,16,60,1,100,sigmoid,0.02345251091370705,4.705508362334929,0.6760272707309662,62.0253164556962,0.9861438353069792
3,"20MA, 50MA, MACD, Upper_BB, CCI, OBV",32,0.4,0.0001,16,60,1,100,relu,0.020137988603911583,3.9832017762451684,0.7611298168154587,70.88607594936708,0.9181292268312206
4,"20MA, 50MA, MACD, Upper_BB, CCI, OBV",32,0.6000000000000001,0.0001,64,60,1,100,sigmoid,0.041321730985904435,8.299675640063164,-0.005742431671112325,29.957805907172997,1.0731054840863412
5,"20MA, 50MA, MACD, Upper_BB, CCI, OBV",128,0.6000000000000001,0.001,16,60,1,150,tanh,0.01154436545541828,2.1454383730027002,0.9214999570643153,92.82700421940928,1.1171197417974739
6,"20MA, 50MA, MACD, Upper_BB, CCI, OBV",32,0.8,0.0001,16,60,1,100,sigmoid,0.04338291877103724,10.069129378990734,-0.10858065671668604,13.080168776371309,0.8846615976515444
7,"20MA, 50MA, MACD, Upper_BB, CCI, OBV",64,0.5,0.0001,64,60,1,100,relu,0.027072576857052232,6.025510304614954,0.5682931381066558,47.257383966244724,1.031789895507584
8,"20MA, 50MA, MACD, Upper_BB, CCI, OBV",64,0.8,0.0005,64,60,1,150,sigmoid,0.041970051628452375,10.131432091516873,-0.03754936275147047,10.126582278481013,0.8289570847387311
9,"20MA, 50MA, MACD, Upper_BB, CCI, OBV",128,0.30000000000000004,0.0005,16,60,1,150,tanh,0.011011306183618128,2.000049417053321,0.9285820402944078,93.24894514767934,1.137605165663532
10,"20MA, 50MA, MACD, Upper_BB, CCI, OBV",128,0.2,0.0005,32,60,1,150,tanh,0.011594828787324183,2.1399703591184207,0.9208121701403393,92.82700421940928,0.9512961499356662
11,"20MA, 50MA, MACD, Upper_BB, CCI, OBV",128,0.4,0.0005,16,60,1,150,tanh,0.012294760106151622,2.279555369248852,0.9102583503481092,91.21338912133892,0.9745967748496485
12,"20MA, 50MA, MACD, Upper_BB, CCI, OBV",128,0.4,0.001,32,60,1,150,tanh,0.01769479969703636,3.655459440379955,0.8155744604118844,76.37130801687763,1.1737416024337977
13,"20MA, 50MA, MACD, Upper_BB, CCI, OBV",128,0.6000000000000001,0.0005,16,60,1,150,tanh,0.01742407090932338,3.644977368433894,0.8211746759286277,76.37130801687763,0.8389306574757176
14,"20MA, 50MA, MACD, Upper_BB, CCI, OBV",128,0.30000000000000004,0.001,16,60,1,50,tanh,0.017586012227415026,3.6897076562789177,0.8178351826555538,75.52742616033755,0.9114120116899452
15,"20MA, 50MA, MACD, Upper_BB, CCI, OBV",128,0.6000000000000001,0.0005,16,60,1,150,tanh,0.012913172906267102,2.5027869331519246,0.901780958061871,89.87341772151899,0.9324430213463267
16,"20MA, 50MA, MACD, Upper_BB, CCI, OBV",128,0.5,0.001,32,60,1,150,tanh,0.017043912194366913,3.4927604142917144,0.8288927791662081,78.90295358649789,1.080978306274433
17,"20MA, 50MA, MACD, Upper_BB, CCI, OBV",64,0.30000000000000004,0.0005,16,60,1,150,tanh,0.01330987919278513,2.463670065397651,0.8956534755335331,91.13924050632912,0.9886693347298504
18,"20MA, 50MA, MACD, Upper_BB, CCI, OBV",128,0.30000000000000004,0.001,16,60,1,50,tanh,0.021464826292958494,4.766072038721594,0.7286158261404074,57.80590717299579,0.895305377594118
19,"20MA, 50MA, MACD, Upper_BB, CCI, OBV",128,0.7,0.0005,32,60,1,150,relu,0.021665476258803332,4.786629718535318,0.7235183951389832,60.75949367088608,0.895305377594118
20,"20MA, 50MA, MACD, Upper_BB, CCI, OBV",64,0.5,0.001,16,60,1,150,tanh,0.0202235084927601,4.490709784375012,0.7590966914642745,61.18143459915611,0.9324430213463267
21,"20MA, 50MA, MACD, Upper_BB, CCI, OBV",128,0.2,0.0005,32,60,1,150,tanh,0.02498003636506609,6.038639606037516,0.6324504514645917,38.39662447257383,0.895305377594118
22,"20MA, 50MA, MACD, Upper_BB, CCI, OBV",128,0.2,0.0005,32,60,1,150,tanh,0.014686188253921206,2.8062953440863967,0.8729578184282091,86.91983122362869,1.131652761804891
23,"20MA, 50MA, MACD, Upper_BB, CCI, OBV",128,0.30000000000000004,0.0005,32,60,1,150,tanh,0.01513004668751435,2.9149627176846766,0.865162622433874,85.65400843881856,1.1300632104747361
24,"20MA, 50MA, MACD, Upper_BB, CCI, OBV",128,0.2,0.0005,32,60,1,150,tanh,0.011665136156768265,2.164804002531268,0.9198489187023364,94.09282700421942,1.1971080733200785
0,"20MA, 50MA, MACD, Upper_BB, CCI, OBV",32,0.30000000000000004,0.001,64,60,30,150,tanh,0.04602882171656061,9.367951307539467,-0.14189935992008862,32.47863247863248,0.8799420478113392
1,"20MA, 50MA, MACD, Upper_BB, CCI, OBV",32,0.6000000000000001,0.0005,16,60,30,100,sigmoid,0.11642000734745042,28.49668179522115,-6.305052795006847,0.4273504273504274,1.0
2,"20MA, 50MA, MACD, Upper_BB, CCI, OBV",32,0.30000000000000004,0.001,32,60,30,150,tanh,0.05198947181198571,11.073924525332211,-0.45679661867561383,24.786324786324787,1.041480420738682
3,"20MA, 50MA, MACD, Upper_BB, CCI, OBV",32,0.7,0.001,64,60,30,150,tanh,0.036074802584017136,7.861139656220882,0.29858339884269547,34.61538461538461,0.8342766630524431
4,"20MA, 50MA, MACD, Upper_BB, CCI, OBV",32,0.8,0.0005,64,60,30,50,relu,0.043277327088378593,8.916447875850647,-0.009459673125140178,32.47863247863248,0.9632499555689336
5,"20MA, 50MA, MACD, Upper_BB, CCI, OBV",128,0.8,0.0005,32,60,30,150,relu,0.04429416512809867,9.31704716931305,-0.057453198152975116,28.63247863247863,0.9324430213463267
6,"20MA, 50MA, MACD, Upper_BB, CCI, OBV",32,0.30000000000000004,0.001,32,60,30,100,relu,0.055819231082451994,12.016366479408324,-0.6793291003755,22.22222222222222,1.1057892768131274
7,"20MA, 50MA, MACD, Upper_BB, CCI, OBV",128,0.7,0.0001,16,60,30,100,tanh,0.05927123402072946,13.001462322562137,-0.893459642309198,19.230769230769234,1.0314828700244285
8,"20MA, 50MA, MACD, Upper_BB, CCI, OBV",64,0.8,0.0001,64,60,30,100,relu,0.03951928681168554,8.169758843081738,0.15824382459855701,37.60683760683761,1.2715095846144913
9,"20MA, 50MA, MACD, Upper_BB, CCI, OBV",128,0.30000000000000004,0.0001,32,60,30,50,tanh,0.05858551577890081,12.896059355178192,-0.8499016075247159,16.666666666666664,0.895305377594118
10,"20MA, 50MA, MACD, Upper_BB, CCI, OBV",64,0.5,0.001,64,60,30,150,sigmoid,0.04854859708118531,10.358227252199246,-0.27034441727209657,26.923076923076923,0.9192902681686698
11,"20MA, 50MA, MACD, Upper_BB, CCI, OBV",64,0.7,0.0001,64,60,30,100,relu,0.04028744903452229,8.305166499073627,0.12520225970964927,36.75213675213676,1.3836132714508358
12,"20MA, 50MA, MACD, Upper_BB, CCI, OBV",64,0.6000000000000001,0.0001,64,60,30,150,tanh,0.04144949874788569,8.628975688744806,0.07400918217687857,34.18803418803419,1.0581965839140315
13,"20MA, 50MA, MACD, Upper_BB, CCI, OBV",64,0.8,0.001,64,60,30,100,relu,0.045723003489100744,9.557790096426386,-0.12677607293930082,27.350427350427353,0.9202457869015823
14,"20MA, 50MA, MACD, Upper_BB, CCI, OBV",64,0.7,0.0001,64,60,30,50,sigmoid,0.06604246741907321,13.541570343834724,-1.350794660040234,18.803418803418804,1.1842029349809322
15,"20MA, 50MA, MACD, Upper_BB, CCI, OBV",32,0.5,0.001,64,60,30,150,tanh,0.043416629946195516,9.16968675239936,-0.01596871351810436,31.196581196581196,0.9586676823197786
16,"20MA, 50MA, MACD, Upper_BB, CCI, OBV",64,0.6000000000000001,0.0001,16,60,30,100,relu,0.05812334026510171,12.607142378082678,-0.8208293431581324,18.37606837606838,0.9324430213463267
17,"20MA, 50MA, MACD, Upper_BB, CCI, OBV",32,0.5,0.0001,64,60,30,150,tanh,0.037180953162506906,7.800451189520226,0.2549092833496692,38.034188034188034,1.4094087109562736
18,"20MA, 50MA, MACD, Upper_BB, CCI, OBV",32,0.4,0.001,64,60,30,150,tanh,0.04567936977182587,9.536519384517753,-0.1246265217100575,27.350427350427353,0.9166297587652632
19,"20MA, 50MA, MACD, Upper_BB, CCI, OBV",32,0.5,0.0005,16,60,30,150,tanh,0.05713506421598435,12.287793600251042,-0.7594363244845566,20.94017094017094,1.0
20,"20MA, 50MA, MACD, Upper_BB, CCI, OBV",32,0.2,0.001,64,60,30,150,tanh,0.04128265378883298,8.802071063347514,0.08144888397006078,33.33333333333333,0.9027552740547619
21,"20MA, 50MA, MACD, Upper_BB, CCI, OBV",32,0.7,0.0001,64,60,30,150,tanh,0.038162462686989855,8.021700693342607,0.21505197756504446,35.8974358974359,1.4124909325122175
22,"20MA, 50MA, MACD, Upper_BB, CCI, OBV",32,0.6000000000000001,0.0001,64,60,30,150,tanh,0.036559053284007804,8.081126498386764,0.27962605569416543,32.9059829059829,1.650753589097732
23,"20MA, 50MA, MACD, Upper_BB, CCI, OBV",32,0.6000000000000001,0.0001,64,60,30,150,tanh,0.03748075167818717,7.9388363996494835,0.24284516760928543,35.47008547008547,1.3420793815003895
24,"20MA, 50MA, MACD, Upper_BB, CCI, OBV",32,0.4,0.0001,64,60,30,150,tanh,0.037009437452167344,7.791509915486055,0.26176763388199953,36.75213675213676,1.4306623276860642
0,"20MA, 50MA, MACD, Upper_BB, ATR, Williams_%R",64,0.30000000000000004,0.001,64,60,1,50,sigmoid,0.060620478635590905,14.242585878617742,-1.1645542911927036,12.658227848101266,0.9219895434428143
1,"20MA, 50MA, MACD, Upper_BB, ATR, Williams_%R",64,0.8,0.0001,16,60,1,100,tanh,0.03061819551369182,6.6323507208498595,0.44780948184016245,40.08438818565401,0.9477048973396782
2,"20MA, 50MA, MACD, Upper_BB, ATR, Williams_%R",64,0.4,0.001,16,60,1,100,tanh,0.011550092145475763,2.134499817550019,0.9214220563918663,94.09282700421942,0.958564304326151
3,"20MA, 50MA, MACD, Upper_BB, ATR, Williams_%R",32,0.5,0.0005,64,60,1,100,relu,0.025957468331058966,5.871417587740881,0.603124374815944,43.459915611814345,0.9442146226161551
4,"20MA, 50MA, MACD, Upper_BB, ATR, Williams_%R",128,0.5,0.0001,64,60,1,100,relu,0.041931742375197034,9.752067347394474,-0.03565612700978771,15.18987341772152,0.9013257998488232
5,"20MA, 50MA, MACD, Upper_BB, ATR, Williams_%R",32,0.5,0.0005,16,60,1,50,sigmoid,0.15724574668346036,40.16282108667057,-13.564231561903759,0.0,1.0
6,"20MA, 50MA, MACD, Upper_BB, ATR, Williams_%R",64,0.7,0.001,16,60,1,150,sigmoid,0.035008855941873286,7.020811225406491,0.2780857768219668,40.08438818565401,1.0079241997044568
7,"20MA, 50MA, MACD, Upper_BB, ATR, Williams_%R",64,0.2,0.001,32,60,1,100,sigmoid,0.03935992963508366,9.509586922652922,0.08748841296555632,6.329113924050633,0.9900190860167036
8,"20MA, 50MA, MACD, Upper_BB, ATR, Williams_%R",64,0.7,0.0001,64,60,1,100,tanh,0.022055397401742945,4.346827667458013,0.7134769694720071,66.24472573839662,1.3171502543256
9,"20MA, 50MA, MACD, Upper_BB, ATR, Williams_%R",64,0.8,0.0005,64,60,1,150,tanh,0.022602224696937755,4.58124956631485,0.6990931064072259,61.60337552742617,1.0447054763433476
10,"20MA, 50MA, MACD, Upper_BB, ATR, Williams_%R",128,0.30000000000000004,0.001,32,60,1,50,tanh,0.021573390923510745,4.6495992457214586,0.7258636742866198,62.447257383966246,0.8937699363254036
11,"20MA, 50MA, MACD, Upper_BB, ATR, Williams_%R",128,0.30000000000000004,0.001,32,60,1,50,tanh,0.02031395041427076,4.339142062488477,0.756937177268656,66.24472573839662,0.9038908255852266
12,"20MA, 50MA, MACD, Upper_BB, ATR, Williams_%R",128,0.30000000000000004,0.001,32,60,1,50,tanh,0.01849083058313482,3.8066197205866814,0.798607821335119,71.72995780590718,0.9247345282890855
13,"20MA, 50MA, MACD, Upper_BB, ATR, Williams_%R",128,0.2,0.001,32,60,1,50,tanh,0.020077289526453778,4.281049237683068,0.7625676315443759,65.82278481012658,0.8937699363254036
14,"20MA, 50MA, MACD, Upper_BB, ATR, Williams_%R",128,0.4,0.001,16,60,1,150,tanh,0.011394689520275881,2.145713688389113,0.9235223114609553,93.67088607594937,1.1099684273804775
15,"20MA, 50MA, MACD, Upper_BB, ATR, Williams_%R",32,0.4,0.001,16,60,1,150,tanh,0.021058045161102136,4.75645989980289,0.7388043940634239,56.540084388185655,1.0314828700244285
16,"20MA, 50MA, MACD, Upper_BB, ATR, Williams_%R",128,0.4,0.001,16,60,1,150,relu,0.011641260535653043,2.1240515699647755,0.92017668143643,93.24894514767934,1.2418799033786208
17,"20MA, 50MA, MACD, Upper_BB, ATR, Williams_%R",64,0.6000000000000001,0.001,16,60,1,150,tanh,0.012612701149176835,2.3915444119961604,0.9062986232331128,90.29535864978902,1.0172246502307771
18,"20MA, 50MA, MACD, Upper_BB, ATR, Williams_%R",128,0.4,0.0005,16,60,1,100,tanh,0.012376655715996061,2.3408876713954507,0.9097730282437814,91.56118143459916,1.0760666116480282
19,"20MA, 50MA, MACD, Upper_BB, ATR, Williams_%R",32,0.6000000000000001,0.0001,16,60,1,150,relu,0.02644020754419191,5.598736981812274,0.588225469390775,54.008438818565395,0.9228292230542274
20,"20MA, 50MA, MACD, Upper_BB, ATR, Williams_%R",128,0.4,0.001,16,60,1,150,tanh,0.012205248454945252,2.3099986108939397,0.9122548723461136,92.40506329113924,1.1320885409208328
21,"20MA, 50MA, MACD, Upper_BB, ATR, Williams_%R",128,0.4,0.001,16,60,1,150,relu,0.010758514183116748,1.9741014786663629,0.9318235545309581,94.51476793248945,1.6811927847998158
22,"20MA, 50MA, MACD, Upper_BB, ATR, Williams_%R",128,0.4,0.001,16,60,1,150,relu,0.012994522157787337,2.587590502317998,0.9005395570379752,89.45147679324894,1.0940038798027354
23,"20MA, 50MA, MACD, Upper_BB, ATR, Williams_%R",128,0.5,0.001,16,60,1,150,relu,0.01166231735165227,2.2726691401278263,0.9198876500086289,91.9831223628692,1.2529189587173566
24,"20MA, 50MA, MACD, Upper_BB, ATR, Williams_%R",128,0.6000000000000001,0.001,16,60,1,150,relu,0.011174497097267408,2.0671100592739258,0.9264494820923705,93.24894514767934,1.3372168381330354
0,"20MA, 50MA, MACD, Upper_BB, ATR, Williams_%R",128,0.6000000000000001,0.0005,32,60,30,150,sigmoid,0.14413478231084906,36.37653384816491,-10.2862919613745,0.0,1.0
1,"20MA, 50MA, MACD, Upper_BB, ATR, Williams_%R",32,0.30000000000000004,0.0001,32,60,30,100,relu,0.0439625737480511,9.251763810275323,-0.041680019491253884,28.63247863247863,1.0070486677052057
2,"20MA, 50MA, MACD, Upper_BB, ATR, Williams_%R",64,0.2,0.0001,64,60,30,100,relu,0.04393655786445226,9.203594167320501,-0.04044750714142964,31.196581196581196,1.111285885061954
3,"20MA, 50MA, MACD, Upper_BB, ATR, Williams_%R",128,0.7,0.0001,16,60,30,50,sigmoid,0.10845929809256728,26.161633381984483,-5.340181540168594,0.8547008547008548,1.0
4,"20MA, 50MA, MACD, Upper_BB, ATR, Williams_%R",128,0.4,0.001,16,60,30,100,sigmoid,0.15300594238692972,38.09715267436451,-11.617831123043231,0.0,1.0
5,"20MA, 50MA, MACD, Upper_BB, ATR, Williams_%R",32,0.30000000000000004,0.0001,64,60,30,150,sigmoid,0.04713883786900148,9.853991151903795,-0.19763879960893704,27.77777777777778,1.2202476944110954
6,"20MA, 50MA, MACD, Upper_BB, ATR, Williams_%R",32,0.6000000000000001,0.001,64,60,30,150,tanh,0.044259368622898754,9.593292722763877,-0.05579242758999037,30.34188034188034,0.8118037803611197
7,"20MA, 50MA, MACD, Upper_BB, ATR, Williams_%R",128,0.8,0.001,32,60,30,100,tanh,0.06586811489143475,14.69305528137542,-1.3383988189633702,11.965811965811966,1.0
8,"20MA, 50MA, MACD, Upper_BB, ATR, Williams_%R",64,0.30000000000000004,0.0005,64,60,30,100,relu,0.04619124458144639,10.165691815963477,-0.14997246696259725,27.350427350427353,0.9716906031928239
9,"20MA, 50MA, MACD, Upper_BB, ATR, Williams_%R",128,0.2,0.0001,64,60,30,100,relu,0.04703676528479829,10.025668621867627,-0.19245777524323127,24.358974358974358,0.9801782211752615
10,"20MA, 50MA, MACD, Upper_BB, ATR, Williams_%R",64,0.5,0.0001,64,60,30,50,relu,0.045475694621800386,9.675835185694917,-0.1146199119968252,27.77777777777778,1.0701668150405437
11,"20MA, 50MA, MACD, Upper_BB, ATR, Williams_%R",32,0.2,0.0001,32,60,30,100,relu,0.04761791805747173,9.96318088738793,-0.22210612568833143,29.48717948717949,0.9362782234794947
12,"20MA, 50MA, MACD, Upper_BB, ATR, Williams_%R",64,0.30000000000000004,0.0001,32,60,30,100,relu,0.055472699086926924,11.886829720913488,-0.6585428990969668,22.64957264957265,0.895305377594118
13,"20MA, 50MA, MACD, Upper_BB, ATR, Williams_%R",64,0.4,0.0001,32,60,30,100,relu,0.05467672633535093,11.717070285978732,-0.6112878138230766,22.64957264957265,0.9187771471663809
14,"20MA, 50MA, MACD, Upper_BB, ATR, Williams_%R",32,0.2,0.0001,16,60,30,100,relu,0.05320749173339801,11.419066915599348,-0.5258564812996882,21.367521367521366,0.895305377594118
15,"20MA, 50MA, MACD, Upper_BB, ATR, Williams_%R",64,0.4,0.0005,64,60,30,50,relu,0.05380932095664449,11.483553560963642,-0.5605695812301563,22.22222222222222,0.8766427755284331
16,"20MA, 50MA, MACD, Upper_BB, ATR, Williams_%R",32,0.30000000000000004,0.0001,32,60,30,100,tanh,0.04845614180918179,10.156573616568101,-0.265510571987873,29.059829059829063,0.8973649707399912
17,"20MA, 50MA, MACD, Upper_BB, ATR, Williams_%R",64,0.2,0.0001,64,60,30,100,relu,0.042617831089175745,8.90651282186748,0.021071884649547123,31.62393162393162,1.088121180249296
18,"20MA, 50MA, MACD, Upper_BB, ATR, Williams_%R",64,0.2,0.001,64,60,30,50,relu,0.04765582752415616,10.13108951671154,-0.2240527808623194,26.495726495726498,0.8118494380640291
19,"20MA, 50MA, MACD, Upper_BB, ATR, Williams_%R",64,0.5,0.0005,64,60,30,150,tanh,0.04393123570787538,9.8095806190737,-0.040195457848976934,26.495726495726498,0.9629266210169046
20,"20MA, 50MA, MACD, Upper_BB, ATR, Williams_%R",64,0.5,0.0005,64,60,30,150,tanh,0.041603555918727914,8.79503675682844,0.06711304895630676,35.04273504273504,0.9396285590721596
21,"20MA, 50MA, MACD, Upper_BB, ATR, Williams_%R",64,0.5,0.0005,64,60,30,150,tanh,0.04422183325516473,9.63969201640468,-0.054002399680049384,29.48717948717949,0.9057929151531211
22,"20MA, 50MA, MACD, Upper_BB, ATR, Williams_%R",64,0.5,0.0005,64,60,30,150,tanh,0.04330935161923546,9.237903327034616,-0.01095419395316477,32.47863247863248,0.9391554112822698
23,"20MA, 50MA, MACD, Upper_BB, ATR, Williams_%R",64,0.6000000000000001,0.0005,64,60,30,150,tanh,0.04055356865500466,8.826168518465636,0.11360709874731323,33.76068376068376,0.9506640401567794
24,"20MA, 50MA, MACD, Upper_BB, ATR, Williams_%R",64,0.6000000000000001,0.0005,64,60,30,150,tanh,0.05138998426563226,11.30849678724422,-0.42339384563390925,21.794871794871796,0.9453626927843459
0,"20MA, 50MA, MACD, Upper_BB, ATR, OBV",64,0.2,0.0001,64,60,1,150,relu,0.026367712103407447,5.614724445728865,0.590480432881694,52.320675105485236,1.29959107518021
1,"20MA, 50MA, MACD, Upper_BB, ATR, OBV",64,0.4,0.001,32,60,1,150,relu,0.012005457717975482,2.2463978165915592,0.9151040043230666,92.82700421940928,0.9177624440232918
2,"20MA, 50MA, MACD, Upper_BB, ATR, OBV",64,0.5,0.0005,64,60,1,50,sigmoid,0.037635861866998827,8.449683720814697,0.1656783892812943,29.535864978902953,0.939559532404592
3,"20MA, 50MA, MACD, Upper_BB, ATR, OBV",64,0.2,0.0001,64,60,1,100,relu,0.03135641576388011,6.725277535669099,0.4208612964312344,42.19409282700422,1.2403023815718879
4,"20MA, 50MA, MACD, Upper_BB, ATR, OBV",128,0.7,0.0005,64,60,1,150,relu,0.031247504256634796,7.365243816957628,0.42487740141828256,25.31645569620253,0.8116775099822588
5,"20MA, 50MA, MACD, Upper_BB, ATR, OBV",32,0.7,0.0005,16,60,1,100,tanh,0.012199439512741942,2.206631383521514,0.9123383749610279,91.13924050632912,1.1270441972964118
6,"20MA, 50MA, MACD, Upper_BB, ATR, OBV",128,0.7,0.0005,32,60,1,50,tanh,0.016354012259685892,3.1517833480860284,0.8424645132866914,84.81012658227847,1.0669893454559425
7,"20MA, 50MA, MACD, Upper_BB, ATR, OBV",32,0.2,0.0005,64,60,1,50,sigmoid,0.04402111468286053,10.044674249775177,-0.14143669936162295,19.831223628691983,1.0817117163147971
8,"20MA, 50MA, MACD, Upper_BB, ATR, OBV",64,0.7,0.001,32,60,1,100,sigmoid,0.01867953350604169,3.9548866210511666,0.7944763456286643,73.83966244725738,1.0350703981333715
9,"20MA, 50MA, MACD, Upper_BB, ATR, OBV",64,0.4,0.0001,32,60,1,150,sigmoid,0.038867901719638755,8.779880278691078,0.11015994116968886,27.004219409282697,0.9309816501513234
10,"20MA, 50MA, MACD, Upper_BB, ATR, OBV",32,0.4,0.001,16,60,1,150,relu,0.011785013661405552,2.2024138237746937,0.9181930988817735,91.9831223628692,1.234239618704682
11,"20MA, 50MA, MACD, Upper_BB, ATR, OBV",32,0.4,0.001,16,60,1,150,relu,0.013851363285858287,2.721710851209528,0.8869905397147663,87.76371308016878,1.0361849368460228
12,"20MA, 50MA, MACD, Upper_BB, ATR, OBV",32,0.5,0.001,16,60,1,150,relu,0.011305210219457615,2.0997569189708343,0.924718711123945,92.40506329113924,0.9073017073967352
13,"20MA, 50MA, MACD, Upper_BB, ATR, OBV",32,0.5,0.001,16,60,1,150,relu,0.01252343601848622,2.338610885996304,0.9076202540111227,89.45147679324894,0.9098302856923343
14,"20MA, 50MA, MACD, Upper_BB, ATR, OBV",32,0.6000000000000001,0.001,16,60,1,150,relu,0.011232072461343971,2.093480516266464,0.9256896076718142,92.82700421940928,1.085369013342943
15,"20MA, 50MA, MACD, Upper_BB, ATR, OBV",32,0.6000000000000001,0.001,16,60,1,150,relu,0.011225036208861616,2.071427547325507,0.925782680951249,92.40506329113924,1.0302971064026847
16,"20MA, 50MA, MACD, Upper_BB, ATR, OBV",32,0.8,0.001,16,60,1,150,tanh,0.011379805955721738,2.0845772688476973,0.9237219688931699,91.9831223628692,1.0263741379510516
17,"20MA, 50MA, MACD, Upper_BB, ATR, OBV",32,0.6000000000000001,0.001,16,60,1,150,relu,0.012427813126748264,2.35609780618812,0.9090256021632618,91.13924050632912,1.0229585063171676
18,"20MA, 50MA, MACD, Upper_BB, ATR, OBV",128,0.6000000000000001,0.001,16,60,1,100,relu,0.02174632103520405,4.421799068937435,0.7214511618410322,62.0253164556962,0.9367578466917852
19,"20MA, 50MA, MACD, Upper_BB, ATR, OBV",32,0.6000000000000001,0.001,16,60,1,50,tanh,0.026799793870693034,5.692611875868589,0.5769490560034958,49.789029535864984,0.9355600316476135
20,"20MA, 50MA, MACD, Upper_BB, ATR, OBV",32,0.8,0.0001,16,60,1,150,relu,0.025024853378554562,5.32086797350498,0.6311304173722228,53.58649789029536,0.8496311179048501
21,"20MA, 50MA, MACD, Upper_BB, ATR, OBV",32,0.5,0.001,16,60,1,150,relu,0.014370685876072334,2.837698389587702,0.8783576633804194,86.49789029535864,1.0023299580077951
22,"20MA, 50MA, MACD, Upper_BB, ATR, OBV",32,0.6000000000000001,0.001,16,60,1,150,relu,0.011433900199436832,2.137161538209663,0.9229950655639931,91.56118143459916,0.9528261368994736
23,"20MA, 50MA, MACD, Upper_BB, ATR, OBV",32,0.30000000000000004,0.001,16,60,1,150,relu,0.013665097278413474,2.6691762108536494,0.8900094898293224,87.76371308016878,1.0544521863794956
24,"20MA, 50MA, MACD, Upper_BB, ATR, OBV",32,0.5,0.001,16,60,1,150,relu,0.013105452375257877,2.52094179117163,0.8988341827568539,88.18565400843882,1.1102807684998055
0,"20MA, 50MA, MACD, Upper_BB, ATR, OBV",32,0.7,0.0005,16,60,30,150,relu,0.06537827941670243,14.616882962302777,-1.3037486202485336,10.683760683760683,1.0
1,"20MA, 50MA, MACD, Upper_BB, ATR, OBV",64,0.7,0.001,32,60,30,100,sigmoid,0.13305727229104114,33.26731351356382,-8.542130382190436,0.0,1.0
2,"20MA, 50MA, MACD, Upper_BB, ATR, OBV",32,0.30000000000000004,0.001,64,60,30,100,sigmoid,0.043595644511034114,9.229416327222763,-0.024364028644963343,29.48717948717949,1.0900783235932408
3,"20MA, 50MA, MACD, Upper_BB, ATR, OBV",32,0.5,0.0005,16,60,30,150,sigmoid,0.10168920924850844,24.61555509508368,-4.573369732157889,1.282051282051282,1.0
4,"20MA, 50MA, MACD, Upper_BB, ATR, OBV",128,0.2,0.0005,16,60,30,150,relu,0.06544499918023741,14.544144841234722,-1.3084530570819228,12.393162393162394,1.0
5,"20MA, 50MA, MACD, Upper_BB, ATR, OBV",64,0.6000000000000001,0.0001,32,60,30,150,tanh,0.051098574148341104,11.042568293920628,-0.40729672775256365,20.94017094017094,0.8374360179353912
6,"20MA, 50MA, MACD, Upper_BB, ATR, OBV",32,0.30000000000000004,0.0005,64,60,30,50,sigmoid,0.056564737561855566,12.038272046506226,-0.724485977593371,14.102564102564102,1.176564802158214
7,"20MA, 50MA, MACD, Upper_BB, ATR, OBV",64,0.8,0.0005,32,60,30,50,sigmoid,0.09344410780552807,22.292391491781746,-3.706217103849256,2.1367521367521367,1.0
8,"20MA, 50MA, MACD, Upper_BB, ATR, OBV",32,0.8,0.0001,32,60,30,50,relu,0.05333827084867261,11.19728927089774,-0.533366528930632,19.230769230769234,1.2900290298920467
9,"20MA, 50MA, MACD, Upper_BB, ATR, OBV",32,0.6000000000000001,0.0001,64,60,30,100,sigmoid,0.0451555963731989,9.152695518085254,-0.09898377097870559,29.914529914529915,1.2290284604919697
10,"20MA, 50MA, MACD, Upper_BB, ATR, OBV",128,0.4,0.001,64,60,30,100,tanh,0.04684396263416895,9.95600784275727,-0.18270209487397504,27.350427350427353,0.8936812414947298
11,"20MA, 50MA, MACD, Upper_BB, ATR, OBV",32,0.4,0.0001,64,60,30,100,sigmoid,0.06258427491280703,12.649392092465552,-1.1110502166242457,22.64957264957265,1.2601166734185563
12,"20MA, 50MA, MACD, Upper_BB, ATR, OBV",32,0.2,0.001,64,60,30,100,sigmoid,0.04525556729951889,9.738998449484015,-0.10385528424513235,25.64102564102564,0.9699051349508323
13,"20MA, 50MA, MACD, Upper_BB, ATR, OBV",32,0.5,0.001,64,60,30,100,sigmoid,0.049053754117946005,10.665007555285797,-0.296918286965272,23.504273504273502,1.0737546285627322
14,"20MA, 50MA, MACD, Upper_BB, ATR, OBV",128,0.4,0.0001,64,60,30,100,sigmoid,0.060414869033728946,12.703856726056257,-0.9672329547867744,15.384615384615385,1.073715425938983
15,"20MA, 50MA, MACD, Upper_BB, ATR, OBV",32,0.6000000000000001,0.001,64,60,30,100,tanh,0.05583371653021836,12.262924465497592,-0.6802008067694811,20.085470085470085,0.9677283299130076
16,"20MA, 50MA, MACD, Upper_BB, ATR, OBV",32,0.30000000000000004,0.0001,64,60,30,100,sigmoid,0.059297837139477276,11.882819222530472,-0.8951597329832859,26.06837606837607,1.299007831761274
17,"20MA, 50MA, MACD, Upper_BB, ATR, OBV",32,0.5,0.0001,64,60,30,100,sigmoid,0.060617118439073886,12.015521683554413,-0.9804263184209812,26.923076923076923,1.3040957778903193
18,"20MA, 50MA, MACD, Upper_BB, ATR, OBV",128,0.6000000000000001,0.001,64,60,30,100,relu,0.056187133114060504,11.941544910133281,-0.7015388161279126,20.51282051282051,1.0314828700244285
19,"20MA, 50MA, MACD, Upper_BB, ATR, OBV",64,0.30000000000000004,0.0001,16,60,30,50,tanh,0.07265988955324174,16.70054520717838,-1.8454933897221686,5.555555555555555,1.041480420738682
20,"20MA, 50MA, MACD, Upper_BB, ATR, OBV",32,0.2,0.001,64,60,30,100,sigmoid,0.04286847169101271,9.248841550438371,0.00952363740124429,27.350427350427353,1.1084703862112972
21,"20MA, 50MA, MACD, Upper_BB, ATR, OBV",32,0.2,0.001,64,60,30,100,sigmoid,0.049258722250272904,10.530949791668254,-0.30777911891047216,24.786324786324787,0.8933386294185112
22,"20MA, 50MA, MACD, Upper_BB, ATR, OBV",32,0.30000000000000004,0.001,64,60,30,100,sigmoid,0.06049474220673914,13.29608992281552,-0.9724380643618538,14.957264957264957,1.0262164956892548
23,"20MA, 50MA, MACD, Upper_BB, ATR, OBV",32,0.2,0.001,64,60,30,100,sigmoid,0.0478151272160761,10.393427626087952,-0.23224976917481488,22.22222222222222,0.9862632483616819
24,"20MA, 50MA, MACD, Upper_BB, ATR, OBV",32,0.4,0.001,64,60,30,100,sigmoid,0.04822376262361498,10.402564770124318,-0.25340175955382915,26.06837606837607,0.9611262301051473
0,"20MA, 50MA, MACD, Upper_BB, Williams_%R, OBV",64,0.6000000000000001,0.0001,16,60,1,150,relu,0.0232622721526736,4.925256140680752,0.6812618659765026,56.540084388185655,0.9786418845163167
1,"20MA, 50MA, MACD, Upper_BB, Williams_%R, OBV",128,0.8,0.0005,16,60,1,150,relu,0.017166520253888404,3.457485997159928,0.8264221512505672,79.32489451476793,0.8783628726946139
2,"20MA, 50MA, MACD, Upper_BB, Williams_%R, OBV",128,0.7,0.0001,16,60,1,150,relu,0.020664394948950743,4.486067702500529,0.7484784802201103,63.29113924050633,0.8560978455971903
3,"20MA, 50MA, MACD, Upper_BB, Williams_%R, OBV",64,0.7,0.0001,32,60,1,100,sigmoid,0.04581831052481271,10.946035732247605,-0.2365392425667321,8.016877637130802,0.9136261716983306
4,"20MA, 50MA, MACD, Upper_BB, Williams_%R, OBV",64,0.7,0.001,16,60,1,50,sigmoid,0.05403672785031252,12.861899519647292,-0.7199184159183067,2.5316455696202533,1.041480420738682
5,"20MA, 50MA, MACD, Upper_BB, Williams_%R, OBV",32,0.30000000000000004,0.001,16,60,1,50,sigmoid,0.024633205755260307,5.335818380447808,0.6425859423815178,53.58649789029536,0.9256013303795381
6,"20MA, 50MA, MACD, Upper_BB, Williams_%R, OBV",128,0.5,0.0001,64,60,1,150,tanh,0.02295102452248835,4.792838615294328,0.6897341940584379,64.13502109704642,1.1009346439484209
7,"20MA, 50MA, MACD, Upper_BB, Williams_%R, OBV",128,0.4,0.0001,16,60,1,100,relu,0.03330116103464015,7.437182195901644,0.34679648704488175,29.957805907172997,0.848850681375555
8,"20MA, 50MA, MACD, Upper_BB, Williams_%R, OBV",64,0.8,0.0001,64,60,1,50,sigmoid,0.04345382759754284,8.739778268426296,-0.11220754018578072,27.004219409282697,1.1081786874905737
9,"20MA, 50MA, MACD, Upper_BB, Williams_%R, OBV",64,0.2,0.0005,16,60,1,150,sigmoid,0.18047758181151008,46.650558720373795,-18.185639850399088,0.0,1.0
10,"20MA, 50MA, MACD, Upper_BB, Williams_%R, OBV",32,0.8,0.0005,32,60,1,150,tanh,0.015232318743933769,3.1132726265815363,0.8633335860166372,83.12236286919831,0.8916178897612084
11,"20MA, 50MA, MACD, Upper_BB, Williams_%R, OBV",32,0.8,0.0005,32,60,1,150,tanh,0.012247082267913996,2.247994267342662,0.9116523440147458,91.13924050632912,1.1847886952385396
12,"20MA, 50MA, MACD, Upper_BB, Williams_%R, OBV",32,0.8,0.0005,32,60,1,150,tanh,0.014120368596828643,2.7138656765609257,0.8825584354128884,87.76371308016878,1.0294633878978932
13,"20MA, 50MA, MACD, Upper_BB, Williams_%R, OBV",32,0.6000000000000001,0.0005,32,60,1,150,tanh,0.018468152392394976,3.863163420887999,0.7991015157075243,70.46413502109705,0.9295530556240823
14,"20MA, 50MA, MACD, Upper_BB, Williams_%R, OBV",32,0.6000000000000001,0.0005,32,60,1,150,tanh,0.016926828412606204,3.512118482936498,0.8312355592198237,77.63713080168776,1.1211280426100412
15,"20MA, 50MA, MACD, Upper_BB, Williams_%R, OBV",32,0.5,0.0005,32,60,1,100,tanh,0.013627828993784325,2.5786318678947757,0.8906086173466898,88.18565400843882,1.2241087064107319
16,"20MA, 50MA, MACD, Upper_BB, Williams_%R, OBV",32,0.4,0.0005,32,60,1,100,tanh,0.01580975375285262,3.0906505669933226,0.8527755392629326,86.07594936708861,1.0684038929021484
17,"20MA, 50MA, MACD, Upper_BB, Williams_%R, OBV",32,0.5,0.0005,32,60,1,100,tanh,0.013910968377603368,2.608484928858267,0.8860158439923453,88.60759493670885,1.1172892851648744
18,"20MA, 50MA, MACD, Upper_BB, Williams_%R, OBV",32,0.4,0.001,32,60,1,100,tanh,0.013681479027933475,2.6066119209747862,0.8897456180143491,89.45147679324894,1.0334103478138112
19,"20MA, 50MA, MACD, Upper_BB, Williams_%R, OBV",32,0.5,0.0005,64,60,1,100,tanh,0.025876873365747736,5.923138454835872,0.6055850555055526,45.9915611814346,0.8452057614267291
20,"20MA, 50MA, MACD, Upper_BB, Williams_%R, OBV",32,0.30000000000000004,0.0005,32,60,1,100,tanh,0.013331094967380424,2.5062686327952206,0.8953205564004718,91.56118143459916,1.1203380405511492
21,"20MA, 50MA, MACD, Upper_BB, Williams_%R, OBV",32,0.2,0.0005,32,60,1,100,tanh,0.020057088180846058,4.192422474874098,0.763045190059651,65.82278481012658,0.9049747151400432
22,"20MA, 50MA, MACD, Upper_BB, Williams_%R, OBV",32,0.4,0.0005,32,60,1,100,tanh,0.014594092658007438,2.8185662053114315,0.874546159852199,86.07594936708861,1.1177513498359135
23,"20MA, 50MA, MACD, Upper_BB, Williams_%R, OBV",32,0.30000000000000004,0.0005,32,60,1,100,tanh,0.014079595976313856,2.6768248650939146,0.883235682192993,88.60759493670885,1.155418485025611
24,"20MA, 50MA, MACD, Upper_BB, Williams_%R, OBV",32,0.30000000000000004,0.0005,32,60,1,100,tanh,0.014159388972881009,2.6961739676452496,0.8819084600521266,86.07594936708861,1.072373040807733
0,"20MA, 50MA, MACD, Upper_BB, Williams_%R, OBV",32,0.30000000000000004,0.0001,64,60,30,150,relu,0.037227112975790136,8.092661860176111,0.2530580883218889,32.9059829059829,1.8442706457393192
1,"20MA, 50MA, MACD, Upper_BB, Williams_%R, OBV",64,0.7,0.0005,64,60,30,100,tanh,0.04281020855892121,9.054539685527043,0.012214148017991588,32.05128205128205,0.915532238275878
2,"20MA, 50MA, MACD, Upper_BB, Williams_%R, OBV",64,0.4,0.001,64,60,30,50,tanh,0.0480742269371651,10.255412899984485,-0.24564053617286574,25.213675213675213,0.9202457869015823
3,"20MA, 50MA, MACD, Upper_BB, Williams_%R, OBV",32,0.8,0.0001,64,60,30,50,sigmoid,0.07202336115528257,14.945165057452511,-1.7958565462257066,13.675213675213676,1.1526354576536904
4,"20MA, 50MA, MACD, Upper_BB, Williams_%R, OBV",64,0.2,0.0001,16,60,30,150,sigmoid,0.09248633527883121,21.936297390162586,-3.6102370489795836,2.1367521367521367,1.0720384302523018
5,"20MA, 50MA, MACD, Upper_BB, Williams_%R, OBV",64,0.7,0.0001,32,60,30,50,sigmoid,0.07581612414208679,16.786276878753377,-2.0980703243842975,8.11965811965812,1.1114661420909104
6,"20MA, 50MA, MACD, Upper_BB, Williams_%R, OBV",128,0.6000000000000001,0.0005,16,60,30,150,tanh,0.07601680373096519,17.38733464321973,-2.1144927492563608,5.982905982905983,1.0
7,"20MA, 50MA, MACD, Upper_BB, Williams_%R, OBV",128,0.6000000000000001,0.0001,16,60,30,50,tanh,0.07711775353640644,17.76558715963671,-2.205360303856882,4.700854700854701,1.0
8,"20MA, 50MA, MACD, Upper_BB, Williams_%R, OBV",32,0.7,0.0005,16,60,30,150,relu,0.06842302728597294,15.316525112635976,-1.5233220594278825,9.401709401709402,1.1057892768131274
9,"20MA, 50MA, MACD, Upper_BB, Williams_%R, OBV",128,0.6000000000000001,0.001,64,60,30,150,tanh,0.04442558804390239,9.438158321057944,-0.0637375361858814,27.77777777777778,0.9202457869015823
10,"20MA, 50MA, MACD, Upper_BB, Williams_%R, OBV",32,0.30000000000000004,0.0001,32,60,30,100,relu,0.046391455481768276,9.773367158671478,-0.15996293133093142,26.495726495726498,1.0463166576366412
11,"20MA, 50MA, MACD, Upper_BB, Williams_%R, OBV",64,0.4,0.0005,64,60,30,100,relu,0.04020971248745596,8.712317248319819,0.12857493031058742,30.76923076923077,0.9100338145911843
12,"20MA, 50MA, MACD, Upper_BB, Williams_%R, OBV",32,0.4,0.0005,64,60,30,100,relu,0.040989411830451954,8.686414326050299,0.09445197571785235,33.76068376068376,1.0281026765329573
13,"20MA, 50MA, MACD, Upper_BB, Williams_%R, OBV",64,0.2,0.0005,64,60,30,100,relu,0.04256426672119222,9.04944737251244,0.023531076611554846,31.62393162393162,0.9918861118919631
14,"20MA, 50MA, MACD, Upper_BB, Williams_%R, OBV",32,0.4,0.001,64,60,30,150,relu,0.04628163394142694,9.732374322481927,-0.15447751890084538,29.059829059829063,0.8389306574757176
15,"20MA, 50MA, MACD, Upper_BB, Williams_%R, OBV",64,0.30000000000000004,0.0001,64,60,30,100,relu,0.04119608407642783,8.664969740690694,0.08529724754665668,32.9059829059829,1.247254412666525
16,"20MA, 50MA, MACD, Upper_BB, Williams_%R, OBV",32,0.5,0.0005,32,60,30,150,relu,0.04998748092417907,10.553168931607628,-0.346761265681355,24.786324786324787,0.9324430213463267
17,"20MA, 50MA, MACD, Upper_BB, Williams_%R, OBV",32,0.30000000000000004,0.0005,64,60,30,100,relu,0.04264500478926372,8.98423222866828,0.019823131301817898,29.48717948717949,1.1040693583679382
18,"20MA, 50MA, MACD, Upper_BB, Williams_%R, OBV",64,0.5,0.0001,64,60,30,100,relu,0.04015826462108292,8.41488362033951,0.1308034604908933,34.18803418803419,1.3339781793437233
19,"20MA, 50MA, MACD, Upper_BB, Williams_%R, OBV",128,0.5,0.0001,32,60,30,150,relu,0.0505249480820688,10.658661773649767,-0.3758778089718735,26.495726495726498,0.8389306574757176
20,"20MA, 50MA, MACD, Upper_BB, Williams_%R, OBV",64,0.2,0.0001,64,60,30,150,sigmoid,0.04584053708833654,9.965703251674142,-0.13257640327275744,25.64102564102564,1.2681241049271954
21,"20MA, 50MA, MACD, Upper_BB, Williams_%R, OBV",64,0.4,0.0001,64,60,30,100,relu,0.04080410164194658,8.584460163848366,0.10262130263820679,33.76068376068376,1.1796493699933215
22,"20MA, 50MA, MACD, Upper_BB, Williams_%R, OBV",64,0.5,0.0001,64,60,30,100,relu,0.042099677467607156,8.87274481405744,0.044731072223488044,31.62393162393162,1.1613348731816227
23,"20MA, 50MA, MACD, Upper_BB, Williams_%R, OBV",64,0.30000000000000004,0.001,64,60,30,100,relu,0.05126443559626774,10.941378630384447,-0.4164474761287329,23.931623931623932,0.9820847460746956
24,"20MA, 50MA, MACD, Upper_BB, Williams_%R, OBV",64,0.4,0.0001,64,60,30,100,relu,0.03958992004864821,8.376628987254872,0.1552321762952943,34.18803418803419,1.3399594562051433
0,"20MA, 50MA, MACD, Lower_BB, CCI, ATR",128,0.5,0.0001,16,60,1,150,tanh,0.030866726870935515,6.697877876824299,0.4388087135474802,39.24050632911392,0.878905805885977
1,"20MA, 50MA, MACD, Lower_BB, CCI, ATR",32,0.8,0.001,32,60,1,100,sigmoid,0.029425802700029008,6.896272137167108,0.48998094937721637,28.270042194092827,0.9202457869015823
2,"20MA, 50MA, MACD, Lower_BB, CCI, ATR",128,0.6000000000000001,0.0005,16,60,1,100,tanh,0.0137184787802868,2.697198696878235,0.8891484748400422,89.0295358649789,0.8091911004497222
3,"20MA, 50MA, MACD, Lower_BB, CCI, ATR",128,0.5,0.001,32,60,1,50,sigmoid,0.05277841732632628,12.428685828232716,-0.6407502789344752,6.329113924050633,1.041480420738682
4,"20MA, 50MA, MACD, Lower_BB, CCI, ATR",64,0.30000000000000004,0.0001,32,60,1,150,tanh,0.025828219166466514,5.466379780720077,0.6070668344195745,55.27426160337553,0.9232351329182474
5,"20MA, 50MA, MACD, Lower_BB, CCI, ATR",32,0.8,0.0001,64,60,1,50,sigmoid,0.055190524423710155,10.903131951533265,-0.7941502198460744,28.270042194092827,1.219261853262977
6,"20MA, 50MA, MACD, Lower_BB, CCI, ATR",128,0.2,0.0001,32,60,1,50,sigmoid,0.07993552633051206,19.43375058936417,-2.7636518146073348,2.109704641350211,1.0096924059572767
7,"20MA, 50MA, MACD, Lower_BB, CCI, ATR",64,0.30000000000000004,0.0001,64,60,1,100,sigmoid,0.04507306135086229,9.19675185585311,-0.19664098561349652,27.42616033755274,1.3174885286031675
8,"20MA, 50MA, MACD, Lower_BB, CCI, ATR",128,0.7,0.001,16,60,1,50,tanh,0.013438566558216914,2.527395303542026,0.8936259598475725,89.0295358649789,0.9135502184427385
9,"20MA, 50MA, MACD, Lower_BB, CCI, ATR",128,0.7,0.0001,64,60,1,150,sigmoid,0.044175395039365704,10.485821027827749,-0.14945148282781706,15.611814345991561,0.8669216253471724
10,"20MA, 50MA, MACD, Lower_BB, CCI, ATR",64,0.6000000000000001,0.001,16,60,1,50,relu,0.01626503851269207,3.1065237017767293,0.84417398909972,79.74683544303798,0.9302251187405908
11,"20MA, 50MA, MACD, Lower_BB, CCI, ATR",128,0.6000000000000001,0.0005,16,60,1,100,tanh,0.012605634124415564,2.364474527346102,0.90640359748503,90.29535864978902,0.8581498924577025
12,"20MA, 50MA, MACD, Lower_BB, CCI, ATR",128,0.6000000000000001,0.0005,16,60,1,100,tanh,0.012046315729323685,2.207719722712093,0.9145251702469586,91.9831223628692,0.9364604113028161
13,"20MA, 50MA, MACD, Lower_BB, CCI, ATR",128,0.4,0.0005,16,60,1,100,tanh,0.011761782617847943,2.1614933849169145,0.9185153024210204,92.82700421940928,1.0425353671273565
14,"20MA, 50MA, MACD, Lower_BB, CCI, ATR",128,0.4,0.0005,16,60,1,100,relu,0.018161650432860287,3.754638493451709,0.8057145016180616,71.30801687763713,0.9265522985300646
15,"20MA, 50MA, MACD, Lower_BB, CCI, ATR",32,0.4,0.0005,16,60,1,100,tanh,0.025542032719291997,5.311228146122731,0.6157262886183841,53.16455696202531,0.8341626588147459
16,"20MA, 50MA, MACD, Lower_BB, CCI, ATR",128,0.4,0.0005,16,60,1,100,tanh,0.014882309188546208,2.9366222823606303,0.869542092855145,84.38818565400844,0.8331956399206518
17,"20MA, 50MA, MACD, Lower_BB, CCI, ATR",128,0.2,0.0005,16,60,1,100,tanh,0.012919896240608042,2.420801090430028,0.901678654565621,89.45147679324894,1.0504457784355326
18,"20MA, 50MA, MACD, Lower_BB, CCI, ATR",64,0.5,0.0005,16,60,1,100,relu,0.016889613894282163,3.3778637222433963,0.8319768183890917,75.9493670886076,0.9106159629201813
19,"20MA, 50MA, MACD, Lower_BB, CCI, ATR",32,0.30000000000000004,0.0005,64,60,1,100,tanh,0.026045031272363444,5.665718468290884,0.6004422787947911,51.0548523206751,0.8063442526710369
20,"20MA, 50MA, MACD, Lower_BB, CCI, ATR",128,0.5,0.0005,16,60,1,150,tanh,0.01374966063609925,2.6706073226640386,0.8886439750810372,88.60759493670885,0.7741754076239545
21,"20MA, 50MA, MACD, Lower_BB, CCI, ATR",128,0.6000000000000001,0.0005,16,60,1,100,tanh,0.01228082223480458,2.3308955624086516,0.9111648886439732,91.13924050632912,0.8374475974736815
22,"20MA, 50MA, MACD, Lower_BB, CCI, ATR",128,0.7,0.0005,16,60,1,100,tanh,0.012579121123368623,2.3685840787440444,0.9067968996931608,90.29535864978902,1.1908790792771118
23,"20MA, 50MA, MACD, Lower_BB, CCI, ATR",128,0.6000000000000001,0.0005,16,60,1,100,tanh,0.013559486298114877,2.62209443311947,0.8917030478519419,88.18565400843882,0.829954327300337
24,"20MA, 50MA, MACD, Lower_BB, CCI, ATR",128,0.4,0.0005,16,60,1,100,tanh,0.014177439565914145,2.72426285014288,0.8816071785429082,86.49789029535864,0.8398589271683059
0,"20MA, 50MA, MACD, Lower_BB, CCI, ATR",64,0.5,0.0005,64,60,30,50,relu,0.04856859609785925,10.196054317105705,-0.2713912393631861,29.48717948717949,0.8752974405251436
1,"20MA, 50MA, MACD, Lower_BB, CCI, ATR",64,0.30000000000000004,0.0001,64,60,30,50,sigmoid,0.06063601050399095,12.54051538348806,-0.9816609588609408,18.803418803418804,1.173331880178034
2,"20MA, 50MA, MACD, Lower_BB, CCI, ATR",128,0.4,0.001,32,60,30,50,sigmoid,0.2605651491939548,67.7475626126065,-35.59323210372825,0.0,1.0
3,"20MA, 50MA, MACD, Lower_BB, CCI, ATR",128,0.5,0.001,16,60,30,50,tanh,0.08538563706143269,20.239972149873644,-2.9295042277508228,2.564102564102564,1.0
4,"20MA, 50MA, MACD, Lower_BB, CCI, ATR",32,0.6000000000000001,0.001,16,60,30,100,tanh,0.07144124907740723,16.209906876677614,-1.7508454585791706,7.6923076923076925,1.0
5,"20MA, 50MA, MACD, Lower_BB, CCI, ATR",32,0.4,0.0001,16,60,30,50,tanh,0.05881600596034217,12.974258966002402,-0.8644861990519666,14.957264957264957,1.041480420738682
6,"20MA, 50MA, MACD, Lower_BB, CCI, ATR",64,0.2,0.0005,32,60,30,150,sigmoid,0.0862831647559839,20.336625954602404,-3.012548053500538,2.9914529914529915,1.0
7,"20MA, 50MA, MACD, Lower_BB, CCI, ATR",128,0.5,0.0001,64,60,30,100,sigmoid,0.05722191194427443,12.020792578818186,-0.764789225842684,17.52136752136752,1.017990100918537
8,"20MA, 50MA, MACD, Lower_BB, CCI, ATR",64,0.4,0.0001,16,60,30,100,relu,0.0609834618597543,13.478874183500395,-1.0044363183087652,12.82051282051282,1.0314828700244285
9,"20MA, 50MA, MACD, Lower_BB, CCI, ATR",64,0.30000000000000004,0.0005,16,60,30,150,sigmoid,0.08896498632529919,20.886227744606163,-3.2658575306048405,2.564102564102564,1.0
10,"20MA, 50MA, MACD, Lower_BB, CCI, ATR",64,0.8,0.0005,64,60,30,50,relu,0.047352208742081715,9.928114974901963,-0.2085054052890838,28.63247863247863,0.8752974405251436
11,"20MA, 50MA, MACD, Lower_BB, CCI, ATR",64,0.8,0.0005,64,60,30,50,relu,0.04996503597983642,10.527513188093382,-0.345552115120475,28.63247863247863,0.8552609365550549
12,"20MA, 50MA, MACD, Lower_BB, CCI, ATR",64,0.8,0.0005,64,60,30,50,relu,0.05018890160524567,10.743313090242689,-0.35763647235881235,25.213675213675213,0.8389306574757176
13,"20MA, 50MA, MACD, Lower_BB, CCI, ATR",64,0.7,0.0005,64,60,30,50,relu,0.04964513222592279,10.497841994748894,-0.3283773374368202,27.350427350427353,0.8552609365550549
14,"20MA, 50MA, MACD, Lower_BB, CCI, ATR",64,0.6000000000000001,0.0005,64,60,30,50,relu,0.03728298378951315,7.901985768022637,0.25081437049602007,34.61538461538461,1.0102686680934336
15,"20MA, 50MA, MACD, Lower_BB, CCI, ATR",32,0.7,0.0005,64,60,30,150,relu,0.042184743800752024,8.741242983455948,0.04086675174902865,33.76068376068376,0.9845243653471801
16,"20MA, 50MA, MACD, Lower_BB, CCI, ATR",32,0.7,0.0005,64,60,30,150,relu,0.04005000162184622,8.480402730673195,0.1354836915833052,33.76068376068376,0.9732937988262412
17,"20MA, 50MA, MACD, Lower_BB, CCI, ATR",32,0.6000000000000001,0.0005,32,60,30,150,relu,0.0487103401453259,10.256011394210859,-0.2788230007455679,24.786324786324787,0.8522366921317313
18,"20MA, 50MA, MACD, Lower_BB, CCI, ATR",32,0.7,0.0005,64,60,30,150,relu,0.04334477336317303,9.372417114801078,-0.012608543568203956,33.76068376068376,0.9993406829982361
19,"20MA, 50MA, MACD, Lower_BB, CCI, ATR",32,0.6000000000000001,0.001,64,60,30,150,relu,0.0491330090020406,10.294874737020084,-0.30111246723147644,24.358974358974358,1.0481965175416725
20,"20MA, 50MA, MACD, Lower_BB, CCI, ATR",32,0.7,0.0005,32,60,30,150,tanh,0.05511522812979661,12.055626721081978,-0.6372361792548833,18.37606837606838,0.9557741304744455
21,"20MA, 50MA, MACD, Lower_BB, CCI, ATR",32,0.7,0.0005,64,60,30,150,relu,0.042980322879718716,9.370611774028886,0.00434824933904987,28.63247863247863,0.9199196964986696
22,"20MA, 50MA, MACD, Lower_BB, CCI, ATR",32,0.6000000000000001,0.0005,64,60,30,150,relu,0.042707023755136256,8.903733966749677,0.0169701003579128,34.18803418803419,0.8755635302337896
23,"20MA, 50MA, MACD, Lower_BB, CCI, ATR",32,0.7,0.0005,64,60,30,150,relu,0.04091157126981046,8.474764337497911,0.09788805506692655,35.04273504273504,0.9539662475630223
24,"20MA, 50MA, MACD, Lower_BB, CCI, ATR",32,0.6000000000000001,0.0005,64,60,30,150,relu,0.03995393392506527,8.52326425205921,0.13962613747325037,32.9059829059829,0.9968261614118222
0,"20MA, 50MA, MACD, Lower_BB, CCI, Williams_%R",128,0.4,0.0001,64,60,1,50,relu,0.03031477024826141,6.262137974080985,0.4587002089173383,54.85232067510548,1.3860649465386448
1,"20MA, 50MA, MACD, Lower_BB, CCI, Williams_%R",128,0.8,0.0005,16,60,1,100,sigmoid,0.03998486576169938,8.185145753042276,0.05828262821223873,32.91139240506329,1.1012622773194167
2,"20MA, 50MA, MACD, Lower_BB, CCI, Williams_%R",64,0.4,0.0005,16,60,1,50,tanh,0.02260488233552864,4.712879788879748,0.699022660617977,59.49367088607595,0.895305146704425
3,"20MA, 50MA, MACD, Lower_BB, CCI, Williams_%R",64,0.7,0.001,64,60,1,100,tanh,0.01844660720987744,3.8874420473317373,0.7995701978431561,72.57383966244726,0.8994070768178233
4,"20MA, 50MA, MACD, Lower_BB, CCI, Williams_%R",32,0.30000000000000004,0.001,64,60,1,50,sigmoid,0.058595901959107584,13.699801972548295,-1.02238476315692,5.485232067510549,1.0
5,"20MA, 50MA, MACD, Lower_BB, CCI, Williams_%R",128,0.8,0.0001,64,60,1,100,tanh,0.024338174253129466,5.1158615580107005,0.6510965293001123,58.64978902953587,0.9493779770294745
6,"20MA, 50MA, MACD, Lower_BB, CCI, Williams_%R",128,0.8,0.001,64,60,1,100,sigmoid,0.07618367966613233,18.96182742168845,-2.4186385663001317,1.2658227848101267,1.0
7,"20MA, 50MA, MACD, Lower_BB, CCI, Williams_%R",128,0.7,0.001,32,60,1,100,sigmoid,0.057689594848683357,14.201898967246384,-0.9603078322570819,1.6877637130801686,1.0
8,"20MA, 50MA, MACD, Lower_BB, CCI, Williams_%R",64,0.8,0.001,32,60,1,100,sigmoid,0.04616572768676166,11.24165746095273,-0.25536110363700426,3.375527426160337,1.0314828781435266
9,"20MA, 50MA, MACD, Lower_BB, CCI, Williams_%R",32,0.30000000000000004,0.0001,64,60,1,100,relu,0.022110207987345098,4.461151384382805,0.7120514120877222,64.13502109704642,1.2836957796665704
10,"20MA, 50MA, MACD, Lower_BB, CCI, Williams_%R",64,0.6000000000000001,0.001,32,60,1,150,tanh,0.020700790252052174,4.402978583692058,0.7475919816902541,61.18143459915611,0.8505811863516574
11,"20MA, 50MA, MACD, Lower_BB, CCI, Williams_%R",64,0.6000000000000001,0.001,32,60,1,150,tanh,0.02100432058195638,4.458504685267446,0.7401357280874405,60.337552742616026,0.8505811863516574
12,"20MA, 50MA, MACD, Lower_BB, CCI, Williams_%R",64,0.6000000000000001,0.001,32,60,1,150,tanh,0.02087087365217474,4.416641458265783,0.7434272345954601,61.60337552742617,0.8577330296982174
13,"20MA, 50MA, MACD, Lower_BB, CCI, Williams_%R",64,0.6000000000000001,0.001,32,60,1,150,tanh,0.021099194422819167,4.555144535507929,0.7377828786631344,59.91561181434599,0.8123335859908891
14,"20MA, 50MA, MACD, Lower_BB, CCI, Williams_%R",64,0.5,0.001,16,60,1,150,tanh,0.01369522292372472,2.597544035330743,0.889524109996015,86.91983122362869,1.1196945807693326
15,"20MA, 50MA, MACD, Lower_BB, CCI, Williams_%R",64,0.5,0.0005,16,60,1,150,tanh,0.015188333293681638,3.0482278449291447,0.8641218783198732,83.54430379746836,0.9340006792326876
16,"20MA, 50MA, MACD, Lower_BB, CCI, Williams_%R",64,0.5,0.0005,16,60,1,150,relu,0.015345712895680477,3.0019825293022806,0.8612913852354929,80.59071729957806,1.010273340739586
17,"20MA, 50MA, MACD, Lower_BB, CCI, Williams_%R",32,0.2,0.0005,16,60,1,150,tanh,0.025680965558535704,5.557256963268467,0.6115349120829578,46.835443037974684,0.8264078887455127
18,"20MA, 50MA, MACD, Lower_BB, CCI, Williams_%R",64,0.5,0.0005,16,60,1,150,tanh,0.012722270530614886,2.480149446150034,0.9046636436017829,90.71729957805907,0.8915221498623683
19,"20MA, 50MA, MACD, Lower_BB, CCI, Williams_%R",64,0.4,0.0005,16,60,1,150,tanh,0.02101406357383431,4.706318094371499,0.7398945926801215,58.22784810126582,0.9234919295393925
20,"20MA, 50MA, MACD, Lower_BB, CCI, Williams_%R",32,0.5,0.0005,16,60,1,150,relu,0.024414701987325517,5.538291697584113,0.6488989305728434,46.835443037974684,1.041480718349987
21,"20MA, 50MA, MACD, Lower_BB, CCI, Williams_%R",64,0.5,0.0005,16,60,1,150,tanh,0.01608537191771889,3.2315930384612876,0.8475977036006351,80.59071729957806,0.906576679140467
22,"20MA, 50MA, MACD, Lower_BB, CCI, Williams_%R",64,0.5,0.0005,16,60,1,150,tanh,0.019014484853096703,4.067610907038217,0.7870398103267382,69.19831223628692,1.0314828781435266
23,"20MA, 50MA, MACD, Lower_BB, CCI, Williams_%R",64,0.4,0.0005,16,60,1,150,tanh,0.018340350446619438,4.008233402304106,0.8018725924121973,67.9324894514768,1.105789122388121
24,"20MA, 50MA, MACD, Lower_BB, CCI, Williams_%R",64,0.5,0.0005,16,60,1,150,tanh,0.016003398073296603,3.252520845344194,0.8491470826197625,79.32489451476793,0.9324430473321649
0,"20MA, 50MA, MACD, Lower_BB, CCI, Williams_%R",64,0.8,0.001,32,60,30,150,tanh,0.050424543371861065,10.732686526255112,-0.37041354210224187,22.22222222222222,1.0
1,"20MA, 50MA, MACD, Lower_BB, CCI, Williams_%R",64,0.4,0.001,16,60,30,50,sigmoid,0.21784558733706766,56.02639842388004,-24.577920199491867,0.0,1.0
2,"20MA, 50MA, MACD, Lower_BB, CCI, Williams_%R",64,0.7,0.0001,16,60,30,150,relu,0.05800563368102767,12.572477700285614,-0.813460267018077,19.230769230769234,1.0314828781435266
3,"20MA, 50MA, MACD, Lower_BB, CCI, Williams_%R",64,0.8,0.0001,32,60,30,100,sigmoid,0.06626086223512972,14.410802182654441,-1.3663656870535341,14.102564102564102,1.0
4,"20MA, 50MA, MACD, Lower_BB, CCI, Williams_%R",128,0.8,0.0005,16,60,30,100,tanh,0.06487307639437027,14.494379977244565,-1.2682800874913114,11.538461538461538,1.0
5,"20MA, 50MA, MACD, Lower_BB, CCI, Williams_%R",64,0.30000000000000004,0.0005,16,60,30,150,sigmoid,0.12169370205307509,30.222007614913014,-6.981856202097458,0.0,1.0
6,"20MA, 50MA, MACD, Lower_BB, CCI, Williams_%R",64,0.30000000000000004,0.0005,16,60,30,100,relu,0.06972534080061855,15.77218797307752,-1.620287739526761,8.11965811965812,1.0
7,"20MA, 50MA, MACD, Lower_BB, CCI, Williams_%R",64,0.30000000000000004,0.0005,64,60,30,50,tanh,0.052968098101646405,11.479321967590504,-0.5121554946535156,23.931623931623932,0.8389306574757176
8,"20MA, 50MA, MACD, Lower_BB, CCI, Williams_%R",32,0.4,0.0001,32,60,30,50,relu,0.04706348384789214,9.84419627123567,-0.19381172033426286,24.358974358974358,0.9039833773930184
9,"20MA, 50MA, MACD, Lower_BB, CCI, Williams_%R",128,0.2,0.0001,32,60,30,150,relu,0.04864543609895016,10.267853584760564,-0.27541610222354773,25.64102564102564,0.9133708364251268
10,"20MA, 50MA, MACD, Lower_BB, CCI, Williams_%R",32,0.6000000000000001,0.0001,64,60,30,50,relu,0.05511469346359625,11.198195154321137,-0.6372028275538091,21.794871794871796,1.2481143115149755
11,"20MA, 50MA, MACD, Lower_BB, CCI, Williams_%R",32,0.2,0.0001,32,60,30,50,relu,0.0464784214692877,9.665765083145635,-0.16431484059614498,29.059829059829063,0.9614609861056262
12,"20MA, 50MA, MACD, Lower_BB, CCI, Williams_%R",32,0.5,0.0001,32,60,30,50,relu,0.048995409533936815,10.304088636826982,-0.2938337560401698,26.06837606837607,0.9070559096973795
13,"20MA, 50MA, MACD, Lower_BB, CCI, Williams_%R",32,0.2,0.0001,32,60,30,50,relu,0.049202248874025384,10.38350582484171,-0.3047809287230321,26.923076923076923,0.9356401565314553
14,"20MA, 50MA, MACD, Lower_BB, CCI, Williams_%R",32,0.5,0.0001,32,60,30,50,relu,0.047039388602484224,9.977587226516189,-0.192589633887706,27.77777777777778,0.9247124846878961
15,"20MA, 50MA, MACD, Lower_BB, CCI, Williams_%R",32,0.6000000000000001,0.0001,32,60,30,50,relu,0.04891867950015508,10.242601510033527,-0.2897844717316189,26.495726495726498,0.9270410333607728
16,"20MA, 50MA, MACD, Lower_BB, CCI, Williams_%R",32,0.5,0.001,32,60,30,50,relu,0.06410559833878056,14.312959201274397,-1.214927981127115,10.683760683760683,1.0
17,"20MA, 50MA, MACD, Lower_BB, CCI, Williams_%R",32,0.4,0.0001,64,60,30,50,relu,0.04612442442708582,9.448618900029084,-0.1466466668865789,30.34188034188034,1.1685966570752064
18,"20MA, 50MA, MACD, Lower_BB, CCI, Williams_%R",32,0.4,0.0001,64,60,30,50,sigmoid,0.07503539998593255,15.938511088444512,-2.034590523859092,10.256410256410255,1.111466173065864
19,"20MA, 50MA, MACD, Lower_BB, CCI, Williams_%R",128,0.2,0.001,64,60,30,100,tanh,0.04623274215722258,9.80633941442357,-0.15203851742055963,26.495726495726498,0.9234919295393925
20,"20MA, 50MA, MACD, Lower_BB, CCI, Williams_%R",128,0.30000000000000004,0.001,64,60,30,100,tanh,0.04554945069301342,9.58363049991316,-0.11823731743926125,27.77777777777778,0.9234919295393925
21,"20MA, 50MA, MACD, Lower_BB, CCI, Williams_%R",128,0.30000000000000004,0.001,64,60,30,100,tanh,0.04617600446084403,9.712817206219334,-0.14921264551274804,27.350427350427353,0.9234919295393925
22,"20MA, 50MA, MACD, Lower_BB, CCI, Williams_%R",128,0.30000000000000004,0.001,64,60,30,100,tanh,0.047789738135960914,10.09171770359131,-0.23094031323931685,23.504273504273502,0.9234919295393925
23,"20MA, 50MA, MACD, Lower_BB, CCI, Williams_%R",128,0.4,0.001,64,60,30,100,tanh,0.044075024997276405,9.28985775964644,-0.04701481767537685,29.914529914529915,0.9234919295393925
24,"20MA, 50MA, MACD, Lower_BB, CCI, Williams_%R",128,0.4,0.001,64,60,30,100,tanh,0.04631786249924425,9.769406767053981,-0.15628452058863318,25.64102564102564,0.9234919295393925
0,"20MA, 50MA, MACD, Lower_BB, CCI, OBV",32,0.30000000000000004,0.0001,64,60,1,100,sigmoid,0.039853923692053705,7.651873041484368,0.06444038372408689,38.39662447257383,1.04439336376264
1,"20MA, 50MA, MACD, Lower_BB, CCI, OBV",64,0.6000000000000001,0.0005,16,60,1,100,relu,0.021607980254515963,4.473813879722301,0.7249841996438178,62.447257383966246,0.839785576763141
2,"20MA, 50MA, MACD, Lower_BB, CCI, OBV",32,0.8,0.0005,64,60,1,150,sigmoid,0.031165792365849963,6.794841429773191,0.4278819586496101,42.19409282700422,0.9123498278791349
3,"20MA, 50MA, MACD, Lower_BB, CCI, OBV",64,0.4,0.0001,64,60,1,150,sigmoid,0.036658947403213,8.414875621155216,0.20843008660472784,24.050632911392405,0.9077951193822519
4,"20MA, 50MA, MACD, Lower_BB, CCI, OBV",128,0.30000000000000004,0.0001,64,60,1,50,tanh,0.02673676913721005,5.677861322170137,0.5789369331058496,54.008438818565395,1.1557495733481096
5,"20MA, 50MA, MACD, Lower_BB, CCI, OBV",32,0.7,0.001,32,60,1,50,tanh,0.021163486081125466,4.1999382085561505,0.7361824328902019,66.66666666666666,0.8261095601277595
6,"20MA, 50MA, MACD, Lower_BB, CCI, OBV",32,0.5,0.001,32,60,1,50,sigmoid,0.06195775704117091,14.377903521880908,-1.2611046952569644,2.9535864978902953,1.111466173065864
7,"20MA, 50MA, MACD, Lower_BB, CCI, OBV",32,0.7,0.001,16,60,1,100,tanh,0.012695657283356733,2.37196961053641,0.9050620876171815,89.45147679324894,0.8362285751425507
8,"20MA, 50MA, MACD, Lower_BB, CCI, OBV",128,0.8,0.0005,32,60,1,150,tanh,0.025502903145386897,5.740537520568392,0.6169031859135599,43.459915611814345,0.9324430473321649
9,"20MA, 50MA, MACD, Lower_BB, CCI, OBV",32,0.5,0.0001,32,60,1,100,sigmoid,0.04504584683586058,10.512352611021312,-0.19519511344700313,12.658227848101266,0.9722595731013227
10,"20MA, 50MA, MACD, Lower_BB, CCI, OBV",64,0.6000000000000001,0.001,16,60,1,100,relu,0.012011402843181817,2.2299420269672705,0.9150199929585627,90.29535864978902,0.9803957155298866
11,"20MA, 50MA, MACD, Lower_BB, CCI, OBV",64,0.6000000000000001,0.001,16,60,1,100,relu,0.014786579788348663,2.95318992782721,0.8712151550675349,84.81012658227847,0.8389306574757176
12,"20MA, 50MA, MACD, Lower_BB, CCI, OBV",64,0.7,0.001,16,60,1,100,relu,0.012628762596593849,2.3648851917127227,0.9060599265095052,91.13924050632912,1.0526103000364855
13,"20MA, 50MA, MACD, Lower_BB, CCI, OBV",64,0.6000000000000001,0.001,16,60,1,100,relu,0.014210903896792254,2.7279016286541746,0.881047738771775,86.49789029535864,0.8234086441880374
14,"20MA, 50MA, MACD, Lower_BB, CCI, OBV",64,0.7,0.001,16,60,1,100,relu,0.013846264785118852,2.6483793616479314,0.8870738395479152,89.0295358649789,0.8280273915179847
15,"20MA, 50MA, MACD, Lower_BB, CCI, OBV",64,0.2,0.001,16,60,1,100,relu,0.016762567127327398,3.49932100376794,0.8344952901183833,77.63713080168776,0.9324430473321649
16,"20MA, 50MA, MACD, Lower_BB, CCI, OBV",64,0.5,0.001,16,60,1,100,relu,0.013585706348212902,2.567552014349843,0.8912839302518301,88.18565400843882,1.0455598594524471
17,"20MA, 50MA, MACD, Lower_BB, CCI, OBV",128,0.7,0.001,16,60,1,100,relu,0.01427001288306748,2.7513615835725465,0.8800561381891683,86.91983122362869,0.8683469093910844
18,"20MA, 50MA, MACD, Lower_BB, CCI, OBV",64,0.8,0.001,16,60,1,150,relu,0.01564876247779467,3.1938743270173786,0.8557588106631557,81.85654008438819,0.9028813020741634
19,"20MA, 50MA, MACD, Lower_BB, CCI, OBV",64,0.6000000000000001,0.0005,16,60,1,50,relu,0.022427527253782244,4.729262925963661,0.7037269943086399,59.07172995780591,0.9172527729083447
20,"20MA, 50MA, MACD, Lower_BB, CCI, OBV",64,0.4,0.001,16,60,1,100,relu,0.014253618718599112,2.7129359401691913,0.8803315759020801,85.65400843881856,0.9066212942215629
21,"20MA, 50MA, MACD, Lower_BB, CCI, OBV",32,0.6000000000000001,0.001,16,60,1,100,tanh,0.012834255420935465,2.4126235591436904,0.9029779037902625,89.0295358649789,1.114653435800703
22,"20MA, 50MA, MACD, Lower_BB, CCI, OBV",32,0.7,0.001,16,60,1,100,tanh,0.017643529447553805,3.64829564970029,0.8166418449203947,74.26160337552743,0.9398373506461385
23,"20MA, 50MA, MACD, Lower_BB, CCI, OBV",128,0.7,0.001,16,60,1,100,tanh,0.01577232732365313,3.2984302148660065,0.8534719196233098,80.59071729957806,0.9234919295393925
24,"20MA, 50MA, MACD, Lower_BB, CCI, OBV",64,0.8,0.001,16,60,1,100,tanh,0.01561404359633831,3.229375797931099,0.8563981375644936,82.70042194092827,0.9234919295393925
0,"20MA, 50MA, MACD, Lower_BB, CCI, OBV",64,0.30000000000000004,0.001,16,60,30,50,relu,0.09680316977099235,23.25856525730819,-4.050645071452504,0.8547008547008548,1.0
1,"20MA, 50MA, MACD, Lower_BB, CCI, OBV",32,0.2,0.0001,32,60,30,100,sigmoid,0.08795590890861378,19.872686229750844,-3.1696320770689734,1.7094017094017095,1.0775420480718905
2,"20MA, 50MA, MACD, Lower_BB, CCI, OBV",64,0.8,0.001,16,60,30,150,sigmoid,0.22164370082687657,57.04320680925217,-25.477591621371833,0.0,1.0
3,"20MA, 50MA, MACD, Lower_BB, CCI, OBV",64,0.6000000000000001,0.001,32,60,30,50,tanh,0.06784273416638338,15.344383978654955,-1.4807007508361543,8.547008547008547,1.0
4,"20MA, 50MA, MACD, Lower_BB, CCI, OBV",32,0.2,0.0005,64,60,30,100,tanh,0.04247345024913191,8.747068916571273,0.027694423847817506,35.8974358974359,1.004378669876574
5,"20MA, 50MA, MACD, Lower_BB, CCI, OBV",128,0.5,0.0005,32,60,30,50,relu,0.06616619799638493,14.873704701506474,-1.3596090533001246,8.11965811965812,1.0
6,"20MA, 50MA, MACD, Lower_BB, CCI, OBV",128,0.8,0.0001,16,60,30,100,tanh,0.068197737328159,15.292069777744352,-1.506730383718041,8.547008547008547,1.0
7,"20MA, 50MA, MACD, Lower_BB, CCI, OBV",128,0.30000000000000004,0.001,16,60,30,100,tanh,0.07921360425994374,18.40624980244458,-2.381950464215981,2.9914529914529915,1.0
8,"20MA, 50MA, MACD, Lower_BB, CCI, OBV",128,0.4,0.0001,64,60,30,150,tanh,0.0349500547652157,7.460861451132496,0.34164003324504166,40.17094017094017,1.0137933421058396
9,"20MA, 50MA, MACD, Lower_BB, CCI, OBV",64,0.7,0.0005,32,60,30,100,tanh,0.04633823532963148,9.792798903867043,-0.15730192371787743,25.64102564102564,0.990018692443854
10,"20MA, 50MA, MACD, Lower_BB, CCI, OBV",128,0.5,0.0001,64,60,30,150,relu,0.040475294418551404,8.364537592958147,0.11702638449117819,34.18803418803419,1.0229583029912939
11,"20MA, 50MA, MACD, Lower_BB, CCI, OBV",128,0.5,0.0001,64,60,30,150,relu,0.042892408379034866,8.822117069419814,0.008418174801656964,34.61538461538461,0.9784171537083989
12,"20MA, 50MA, MACD, Lower_BB, CCI, OBV",128,0.4,0.0001,64,60,30,150,relu,0.048004152449633866,9.849313499781058,-0.24201061042359018,31.196581196581196,0.934115706711932
13,"20MA, 50MA, MACD, Lower_BB, CCI, OBV",128,0.4,0.0001,64,60,30,150,relu,0.03952807344658775,8.234006426740937,0.1578702904979753,33.33333333333333,1.2203383373627636
14,"20MA, 50MA, MACD, Lower_BB, CCI, OBV",128,0.4,0.0001,64,60,30,150,sigmoid,0.06250508651301506,13.21090528989178,-1.1057092972707494,14.957264957264957,1.0089951817236888
15,"20MA, 50MA, MACD, Lower_BB, CCI, OBV",128,0.4,0.0001,64,60,30,150,tanh,0.03735668353598894,7.812579243154409,0.24785024204119133,35.04273504273504,1.0458584938394588
16,"20MA, 50MA, MACD, Lower_BB, CCI, OBV",32,0.30000000000000004,0.0001,64,60,30,150,tanh,0.03639384200819865,7.567728158529774,0.28612281205337886,37.60683760683761,1.3209752699578556
17,"20MA, 50MA, MACD, Lower_BB, CCI, OBV",32,0.30000000000000004,0.0001,64,60,30,150,tanh,0.036139681552604615,7.511237925412511,0.2960588776279178,39.31623931623932,1.1231788666842195
18,"20MA, 50MA, MACD, Lower_BB, CCI, OBV",32,0.6000000000000001,0.0001,64,60,30,150,tanh,0.03462448867758155,7.2053479664294855,0.3538483902052153,41.452991452991455,1.5717090829386404
19,"20MA, 50MA, MACD, Lower_BB, CCI, OBV",32,0.6000000000000001,0.0005,64,60,30,150,tanh,0.03807939583869913,7.971316825291595,0.21846615173900508,38.88888888888889,1.0497673941228078
20,"20MA, 50MA, MACD, Lower_BB, CCI, OBV",32,0.6000000000000001,0.0001,64,60,30,50,tanh,0.03780616362952098,7.702790187577404,0.22964143981858698,39.31623931623932,1.1237213186694113
21,"20MA, 50MA, MACD, Lower_BB, CCI, OBV",32,0.7,0.0001,64,60,30,150,tanh,0.037741167243881144,7.813251008676876,0.2322879649676971,37.17948717948718,1.2071827297288993
22,"20MA, 50MA, MACD, Lower_BB, CCI, OBV",32,0.30000000000000004,0.0001,64,60,30,150,tanh,0.03579664729885929,7.442635511221796,0.30935893311279117,40.17094017094017,1.2534180982775607
23,"20MA, 50MA, MACD, Lower_BB, CCI, OBV",32,0.5,0.0001,64,60,30,150,tanh,0.03487417125758665,7.32249129845394,0.344495790056105,41.02564102564102,1.3515062508221998
24,"20MA, 50MA, MACD, Lower_BB, CCI, OBV",32,0.5,0.0001,64,60,30,150,tanh,0.0365306646618684,7.597926072524458,0.2807450794683639,38.034188034188034,1.3058939879903646
0,"20MA, 50MA, MACD, Lower_BB, ATR, Williams_%R",32,0.7,0.001,64,60,1,150,relu,0.013529728990248726,2.5878066758032143,0.8921779729803707,91.13924050632912,1.1473153637145488
1,"20MA, 50MA, MACD, Lower_BB, ATR, Williams_%R",128,0.30000000000000004,0.0001,64,60,1,100,relu,0.056076581243502906,13.74764486740758,-0.8522190837163814,5.485232067510549,1.0
2,"20MA, 50MA, MACD, Lower_BB, ATR, Williams_%R",64,0.30000000000000004,0.001,64,60,1,150,sigmoid,0.017252849566310315,3.3729063238897803,0.8246721253071245,80.59071729957806,1.110603003251549
3,"20MA, 50MA, MACD, Lower_BB, ATR, Williams_%R",32,0.7,0.001,32,60,1,100,relu,0.021189700914050084,4.305260479844054,0.7355284558715227,64.55696202531645,0.8965135198047357
4,"20MA, 50MA, MACD, Lower_BB, ATR, Williams_%R",128,0.30000000000000004,0.001,64,60,1,50,tanh,0.01968941233332317,3.9994179625193764,0.771653265524635,69.62025316455697,1.0209671824866537
5,"20MA, 50MA, MACD, Lower_BB, ATR, Williams_%R",32,0.6000000000000001,0.001,16,60,1,150,tanh,0.016871229114074092,3.450906217058224,0.8323425935061349,78.90295358649789,1.0
6,"20MA, 50MA, MACD, Lower_BB, ATR, Williams_%R",64,0.30000000000000004,0.001,64,60,1,50,tanh,0.021525050503757095,4.279418220008495,0.7270911273416603,68.35443037974683,0.9664078766225693
7,"20MA, 50MA, MACD, Lower_BB, ATR, Williams_%R",32,0.5,0.0005,16,60,1,50,sigmoid,0.04393160075000495,9.997796999142217,-0.13679813753133208,13.502109704641349,1.027857424938288
8,"20MA, 50MA, MACD, Lower_BB, ATR, Williams_%R",128,0.7,0.0001,64,60,1,50,relu,0.023915501416693494,5.068117807893439,0.6631098767066996,54.85232067510548,1.3273940612164492
9,"20MA, 50MA, MACD, Lower_BB, ATR, Williams_%R",64,0.8,0.001,64,60,1,100,sigmoid,0.05527788108314574,13.709317751430165,-0.7998324256486291,2.9535864978902953,1.041480718349987
10,"20MA, 50MA, MACD, Lower_BB, ATR, Williams_%R",32,0.5,0.0005,32,60,1,150,relu,0.023974804318228665,4.980843093143525,0.6614370426960104,59.07172995780591,0.9235223509653832
11,"20MA, 50MA, MACD, Lower_BB, ATR, Williams_%R",32,0.6000000000000001,0.001,16,60,1,150,tanh,0.01667008100395928,3.497843477864403,0.8363165698343427,78.90295358649789,1.0314828781435266
12,"20MA, 50MA, MACD, Lower_BB, ATR, Williams_%R",32,0.6000000000000001,0.001,16,60,1,150,tanh,0.014275155671983588,2.8571972515633757,0.8799696691549636,86.07594936708861,1.019219932002876
13,"20MA, 50MA, MACD, Lower_BB, ATR, Williams_%R",32,0.8,0.0005,16,60,1,150,tanh,0.01758513554569049,3.748126680492752,0.8178535389795463,74.26160337552743,0.9714958369047642
14,"20MA, 50MA, MACD, Lower_BB, ATR, Williams_%R",32,0.6000000000000001,0.001,16,60,1,150,relu,0.017732803231175008,3.6375743570635124,0.8147816174726842,73.83966244725738,1.052590785870965
15,"20MA, 50MA, MACD, Lower_BB, ATR, Williams_%R",32,0.7,0.0001,32,60,1,150,relu,0.03360368299470481,7.416425760147109,0.33487533165217065,35.44303797468354,0.8689148728560856
16,"20MA, 50MA, MACD, Lower_BB, ATR, Williams_%R",32,0.4,0.001,16,60,1,150,tanh,0.028764466066675317,6.62676468047225,0.5126489218980145,28.691983122362867,1.0
17,"20MA, 50MA, MACD, Lower_BB, ATR, Williams_%R",32,0.6000000000000001,0.001,16,60,1,150,relu,0.018057078469479387,3.716192399510022,0.8079455971166979,74.26160337552743,1.0173661150494813
18,"20MA, 50MA, MACD, Lower_BB, ATR, Williams_%R",64,0.4,0.0001,64,60,1,150,tanh,0.025914150266409607,5.335769034300889,0.6044483115070773,57.383966244725734,0.9966537946412125
19,"20MA, 50MA, MACD, Lower_BB, ATR, Williams_%R",128,0.8,0.0005,32,60,1,100,sigmoid,0.09058250064916049,22.693843648063154,-3.8330123932356264,0.8438818565400843,1.0
20,"20MA, 50MA, MACD, Lower_BB, ATR, Williams_%R",32,0.2,0.001,64,60,1,150,relu,0.038982632174971665,9.445176426815301,0.10489987576231086,10.126582278481013,0.9136263605849217
21,"20MA, 50MA, MACD, Lower_BB, ATR, Williams_%R",32,0.5,0.001,16,60,1,150,tanh,0.01556793654095895,3.170715967618042,0.8572449756365326,82.27848101265823,1.052590785870965
22,"20MA, 50MA, MACD, Lower_BB, ATR, Williams_%R",32,0.5,0.001,16,60,1,150,tanh,0.015746143279073605,3.2326174290623615,0.8539580258281754,81.85654008438819,1.052590785870965
23,"20MA, 50MA, MACD, Lower_BB, ATR, Williams_%R",32,0.7,0.001,16,60,1,150,tanh,0.01608157179167438,3.2600502548819534,0.8476697043635243,81.85654008438819,1.019219932002876
24,"20MA, 50MA, MACD, Lower_BB, ATR, Williams_%R",32,0.5,0.001,16,60,1,150,tanh,0.01611856140715666,3.2949123885338603,0.846968141192917,80.59071729957806,1.0538222940128612
0,"20MA, 50MA, MACD, Lower_BB, ATR, Williams_%R",32,0.8,0.0001,16,60,30,50,sigmoid,0.0758412085789064,17.207691830954737,-2.100117707303187,11.965811965811966,1.111466173065864
1,"20MA, 50MA, MACD, Lower_BB, ATR, Williams_%R",32,0.6000000000000001,0.001,16,60,30,100,sigmoid,0.08653434217342487,20.257470931727934,-3.035939863706682,1.7094017094017095,1.0
2,"20MA, 50MA, MACD, Lower_BB, ATR, Williams_%R",32,0.8,0.0001,16,60,30,100,sigmoid,0.08518178097656923,19.891258242091773,-2.9107596489778973,2.9914529914529915,1.0096926865373226
3,"20MA, 50MA, MACD, Lower_BB, ATR, Williams_%R",128,0.8,0.0005,16,60,30,150,sigmoid,0.10526059058373193,25.63525778898442,-4.971718098347429,1.7094017094017095,1.0
4,"20MA, 50MA, MACD, Lower_BB, ATR, Williams_%R",32,0.7,0.0005,16,60,30,100,relu,0.060389392980166524,13.379824636049243,-0.9655722939090106,13.247863247863249,1.0
5,"20MA, 50MA, MACD, Lower_BB, ATR, Williams_%R",128,0.4,0.0005,16,60,30,50,relu,0.08312260230254041,19.564953135964334,-2.7239681307611847,2.1367521367521367,1.0
6,"20MA, 50MA, MACD, Lower_BB, ATR, Williams_%R",128,0.2,0.0001,64,60,30,100,relu,0.04669205729227231,9.840424805066512,-0.17504287354294146,30.34188034188034,0.8937066776153335
7,"20MA, 50MA, MACD, Lower_BB, ATR, Williams_%R",64,0.30000000000000004,0.0001,16,60,30,150,sigmoid,0.08776963916283123,20.320030111042815,-3.1519901947085653,6.837606837606838,1.0096926865373226
8,"20MA, 50MA, MACD, Lower_BB, ATR, Williams_%R",128,0.2,0.0005,64,60,30,150,tanh,0.04437723591931521,9.441338774831827,-0.06142225661415801,29.059829059829063,0.8658491925629287
9,"20MA, 50MA, MACD, Lower_BB, ATR, Williams_%R",64,0.6000000000000001,0.0001,16,60,30,50,tanh,0.06660078108957776,15.066900572999891,-1.3907069197257584,8.11965811965812,1.041480718349987
10,"20MA, 50MA, MACD, Lower_BB, ATR, Williams_%R",128,0.2,0.001,32,60,30,150,tanh,0.0572278250778166,12.440068824616832,-0.7651522697073054,17.94871794871795,1.0
11,"20MA, 50MA, MACD, Lower_BB, ATR, Williams_%R",128,0.2,0.0005,64,60,30,100,relu,0.04732991605052244,10.040773986551278,-0.20736661158229985,26.923076923076923,0.9218851085581901
12,"20MA, 50MA, MACD, Lower_BB, ATR, Williams_%R",128,0.4,0.0001,64,60,30,150,tanh,0.03778118697320029,8.175332553886776,0.23065897893782394,30.34188034188034,1.0902522890623272
13,"20MA, 50MA, MACD, Lower_BB, ATR, Williams_%R",128,0.4,0.0005,64,60,30,150,tanh,0.045455742064904214,9.687177926542715,-0.11364096367668153,27.350427350427353,1.0538222940128612
14,"20MA, 50MA, MACD, Lower_BB, ATR, Williams_%R",128,0.4,0.001,64,60,30,150,tanh,0.06044305902924154,13.406985442496161,-0.9690673238890817,14.529914529914532,1.0
15,"20MA, 50MA, MACD, Lower_BB, ATR, Williams_%R",128,0.30000000000000004,0.0001,64,60,30,150,tanh,0.044554424096379074,9.541264673918842,-0.06991521180088633,29.059829059829063,1.027298282499896
16,"20MA, 50MA, MACD, Lower_BB, ATR, Williams_%R",64,0.5,0.0005,32,60,30,150,tanh,0.06176161532995574,13.733506626383285,-1.0559141976852695,14.529914529914532,0.9613774115939625
17,"20MA, 50MA, MACD, Lower_BB, ATR, Williams_%R",128,0.30000000000000004,0.0001,64,60,30,150,tanh,0.04500099004802909,9.644147601739002,-0.09147006886650844,27.77777777777778,0.9370415414681756
18,"20MA, 50MA, MACD, Lower_BB, ATR, Williams_%R",128,0.5,0.0005,64,60,30,150,tanh,0.06513178188244469,14.264342300516585,-1.2864073789409054,13.675213675213676,1.0
19,"20MA, 50MA, MACD, Lower_BB, ATR, Williams_%R",64,0.5,0.001,64,60,30,150,tanh,0.04734641950545119,10.177124645997694,-0.2082087510182684,26.495726495726498,0.9240471938389566
20,"20MA, 50MA, MACD, Lower_BB, ATR, Williams_%R",128,0.30000000000000004,0.0005,32,60,30,50,tanh,0.06726044156242467,15.145577419666772,-1.4382999045358544,10.683760683760683,1.0
21,"20MA, 50MA, MACD, Lower_BB, ATR, Williams_%R",128,0.30000000000000004,0.0001,64,60,30,150,tanh,0.04237540950569189,9.07408120582036,0.03217795611522023,33.76068376068376,1.014223848604196
22,"20MA, 50MA, MACD, Lower_BB, ATR, Williams_%R",128,0.2,0.0001,64,60,30,150,tanh,0.042922884350650094,9.061784450304913,0.007008594110217481,34.18803418803419,1.0353987089250507
23,"20MA, 50MA, MACD, Lower_BB, ATR, Williams_%R",128,0.4,0.0001,64,60,30,150,tanh,0.04499782341085619,9.698340457398162,-0.09131646477543809,26.923076923076923,0.9620513446131259
24,"20MA, 50MA, MACD, Lower_BB, ATR, Williams_%R",128,0.30000000000000004,0.0001,64,60,30,150,tanh,0.03933182740045289,8.493636872786245,0.166211419456322,31.196581196581196,1.134024852542028
0,"20MA, 50MA, MACD, Lower_BB, ATR, OBV",32,0.5,0.0005,64,60,1,100,tanh,0.028744091338543797,6.16279407381152,0.5133390879498371,46.41350210970464,1.0271028147631653
1,"20MA, 50MA, MACD, Lower_BB, ATR, OBV",32,0.30000000000000004,0.0005,16,60,1,100,sigmoid,0.03157708751433264,6.878265789722658,0.41268182758281124,36.708860759493675,0.8380191062102256
2,"20MA, 50MA, MACD, Lower_BB, ATR, OBV",64,0.7,0.0001,32,60,1,150,tanh,0.031009581237135278,7.015837934189858,0.4336027969319439,32.91139240506329,0.8756896041855132
3,"20MA, 50MA, MACD, Lower_BB, ATR, OBV",64,0.7,0.001,64,60,1,50,sigmoid,0.04565470378072832,10.598936750286901,-0.22772289801107948,11.39240506329114,0.9136263605849217
4,"20MA, 50MA, MACD, Lower_BB, ATR, OBV",32,0.2,0.0001,64,60,1,50,tanh,0.02341014848868479,4.878213864108039,0.6771969466286092,64.13502109704642,1.4584427383585041
5,"20MA, 50MA, MACD, Lower_BB, ATR, OBV",64,0.8,0.0005,32,60,1,100,relu,0.02434634969857045,5.348802748792137,0.6508620893341946,51.0548523206751,0.8501616275298244
6,"20MA, 50MA, MACD, Lower_BB, ATR, OBV",64,0.5,0.001,64,60,1,100,tanh,0.0340236157062527,7.894447804507218,0.3181478314490871,24.47257383966245,0.848849472656904
7,"20MA, 50MA, MACD, Lower_BB, ATR, OBV",64,0.6000000000000001,0.001,64,60,1,150,sigmoid,0.04338990626683237,10.255838601282443,-0.1089366094362918,12.236286919831224,0.8560982433687457
8,"20MA, 50MA, MACD, Lower_BB, ATR, OBV",32,0.7,0.0005,64,60,1,150,tanh,0.03147794994549338,6.867451965239679,0.4163638578120552,38.81856540084388,0.9580057349519324
9,"20MA, 50MA, MACD, Lower_BB, ATR, OBV",32,0.30000000000000004,0.0001,16,60,1,50,tanh,0.02913583238136284,6.1649360114136265,0.49998370570764583,45.9915611814346,1.0021790571270184
10,"20MA, 50MA, MACD, Lower_BB, ATR, OBV",128,0.2,0.0001,32,60,1,50,relu,0.05614952360339098,13.458230397144504,-0.8570408149261795,5.485232067510549,1.0
11,"20MA, 50MA, MACD, Lower_BB, ATR, OBV",128,0.8,0.0001,32,60,1,100,relu,0.05701131957304009,13.803787322789054,-0.9144828649309769,4.641350210970464,1.0
12,"20MA, 50MA, MACD, Lower_BB, ATR, OBV",64,0.4,0.0005,32,60,1,50,relu,0.032969952100246114,7.478347430444346,0.3597259069941121,27.848101265822784,0.8172055255309405
13,"20MA, 50MA, MACD, Lower_BB, ATR, OBV",32,0.2,0.0001,32,60,1,50,relu,0.027968101099177457,6.000174659442535,0.5392606991813974,45.56962025316456,1.1550210898572593
14,"20MA, 50MA, MACD, Lower_BB, ATR, OBV",128,0.8,0.0005,16,60,1,100,relu,0.017704836825466367,3.665263524314567,0.8153653726476053,74.68354430379746,0.9183740385247711
15,"20MA, 50MA, MACD, Lower_BB, ATR, OBV",128,0.4,0.0005,16,60,1,100,tanh,0.011885495958882714,2.252914665500457,0.9167922239163353,91.56118143459916,1.0807290284817073
16,"20MA, 50MA, MACD, Lower_BB, ATR, OBV",128,0.4,0.0005,16,60,1,100,relu,0.013444989857824772,2.5191226035900214,0.893524360996207,87.76371308016878,0.8798679928648364
17,"20MA, 50MA, MACD, Lower_BB, ATR, OBV",128,0.4,0.0005,16,60,1,100,relu,0.012692961271080879,2.343153450177842,0.9051024048051336,91.56118143459916,0.9305331264766715
18,"20MA, 50MA, MACD, Lower_BB, ATR, OBV",128,0.4,0.0005,16,60,1,100,tanh,0.013732616614283414,2.7323082855277825,0.8889199955415434,88.18565400843882,0.9979738604195257
19,"20MA, 50MA, MACD, Lower_BB, ATR, OBV",128,0.30000000000000004,0.0005,16,60,1,100,sigmoid,0.22798806916160427,59.24620424856777,-29.616358762638157,0.0,1.0
20,"20MA, 50MA, MACD, Lower_BB, ATR, OBV",128,0.6000000000000001,0.0005,16,60,1,100,tanh,0.0117129434852291,2.2024481396553757,0.9191906910461878,91.13924050632912,0.9417670514549685
21,"20MA, 50MA, MACD, Lower_BB, ATR, OBV",128,0.6000000000000001,0.0005,16,60,1,100,tanh,0.01138356204325988,2.13326123989635,0.9236716885333605,92.40506329113924,1.1207842448985081
22,"20MA, 50MA, MACD, Lower_BB, ATR, OBV",128,0.6000000000000001,0.0005,16,60,1,100,tanh,0.01270139441589013,2.4315420714423412,0.904976263867946,89.87341772151899,1.1206786490173077
23,"20MA, 50MA, MACD, Lower_BB, ATR, OBV",128,0.6000000000000001,0.0005,16,60,1,100,tanh,0.011689213490868893,2.1986400940341406,0.9195177927606232,90.71729957805907,0.8466622739155755
24,"20MA, 50MA, MACD, Lower_BB, ATR, OBV",128,0.6000000000000001,0.0005,16,60,1,100,tanh,0.011884919502900474,2.2342677290727577,0.9168002950068935,91.13924050632912,1.0224980525481417
0,"20MA, 50MA, MACD, Lower_BB, ATR, OBV",32,0.30000000000000004,0.001,16,60,30,150,sigmoid,0.13764464705989576,34.206029905760964,-9.211424872344901,0.0,1.0
1,"20MA, 50MA, MACD, Lower_BB, ATR, OBV",32,0.4,0.0001,64,60,30,50,relu,0.042253068073490996,8.448352915947764,0.037758259127949945,35.8974358974359,1.1679654452847246
2,"20MA, 50MA, MACD, Lower_BB, ATR, OBV",64,0.8,0.0005,16,60,30,50,relu,0.08752449119263206,20.7402852600228,-3.1288288713804153,2.1367521367521367,1.0
3,"20MA, 50MA, MACD, Lower_BB, ATR, OBV",64,0.30000000000000004,0.001,32,60,30,100,relu,0.06170325220127568,13.377679407066514,-1.052030462109145,14.957264957264957,1.0
4,"20MA, 50MA, MACD, Lower_BB, ATR, OBV",128,0.2,0.001,32,60,30,150,sigmoid,0.13054814016873545,32.38339762765504,-8.185632616593038,0.0,1.0
5,"20MA, 50MA, MACD, Lower_BB, ATR, OBV",32,0.2,0.0005,32,60,30,50,relu,0.05939630814521989,13.014033036286103,-0.9014573860276702,14.529914529914532,0.9370332121554097
6,"20MA, 50MA, MACD, Lower_BB, ATR, OBV",64,0.5,0.0001,16,60,30,50,sigmoid,0.09345481949336498,21.75861455774358,-3.707291570361847,1.282051282051282,1.0720382721023265
7,"20MA, 50MA, MACD, Lower_BB, ATR, OBV",64,0.2,0.0001,64,60,30,100,relu,0.03806251162997577,7.783977886524851,0.21915905428650995,38.034188034188034,1.1567328656423281
8,"20MA, 50MA, MACD, Lower_BB, ATR, OBV",32,0.30000000000000004,0.0005,64,60,30,100,sigmoid,0.041476351551454474,8.696003594871698,0.07280989712007813,33.33333333333333,1.165004336849407
9,"20MA, 50MA, MACD, Lower_BB, ATR, OBV",32,0.30000000000000004,0.0001,16,60,30,50,sigmoid,0.0752002723830426,17.000444970843095,-2.047940752716062,8.547008547008547,1.111466173065864
10,"20MA, 50MA, MACD, Lower_BB, ATR, OBV",128,0.7,0.0001,64,60,30,100,tanh,0.04321935420625544,9.203592763845231,-0.0067560310378120825,28.205128205128204,1.0652332361734391
11,"20MA, 50MA, MACD, Lower_BB, ATR, OBV",64,0.5,0.0005,64,60,30,100,tanh,0.03885379865357317,8.319197342814434,0.18635555456911101,34.18803418803419,0.9302823356840918
12,"20MA, 50MA, MACD, Lower_BB, ATR, OBV",64,0.6000000000000001,0.0005,64,60,30,100,tanh,0.03888227188962336,8.294787605845084,0.1851625912074718,35.8974358974359,0.9501135365119789
13,"20MA, 50MA, MACD, Lower_BB, ATR, OBV",64,0.5,0.0005,64,60,30,100,tanh,0.04286660351332528,9.056629656514156,0.009610923812900185,30.76923076923077,0.8818200539152614
14,"20MA, 50MA, MACD, Lower_BB, ATR, OBV",64,0.5,0.0001,64,60,30,100,tanh,0.039562556769893266,8.27551296081493,0.15640034293164873,35.04273504273504,1.0868005668544982
15,"20MA, 50MA, MACD, Lower_BB, ATR, OBV",64,0.7,0.0005,64,60,30,100,relu,0.044819935362846126,9.523218148090772,-0.08270500699133998,29.48717948717949,0.90501960312831
16,"20MA, 50MA, MACD, Lower_BB, ATR, OBV",64,0.4,0.0001,64,60,30,150,tanh,0.0407718184513455,8.553571312620827,0.10404157660173474,34.18803418803419,1.1925484337098455
17,"20MA, 50MA, MACD, Lower_BB, ATR, OBV",128,0.6000000000000001,0.0005,64,60,30,100,tanh,0.0393858591417713,8.355669514324049,0.1639190269532138,32.9059829059829,1.0395616730084067
18,"20MA, 50MA, MACD, Lower_BB, ATR, OBV",64,0.8,0.0001,64,60,30,100,relu,0.040689234208984765,8.348792316915583,0.10766746890215162,35.47008547008547,1.1218806367986336
19,"20MA, 50MA, MACD, Lower_BB, ATR, OBV",64,0.4,0.001,32,60,30,100,tanh,0.06120120613097543,13.56356702339225,-1.0187737812697386,13.675213675213676,1.0
20,"20MA, 50MA, MACD, Lower_BB, ATR, OBV",128,0.6000000000000001,0.0001,64,60,30,150,relu,0.04401465605591622,9.266203749972867,-0.04414861899956657,28.63247863247863,1.0193986536418536
21,"20MA, 50MA, MACD, Lower_BB, ATR, OBV",64,0.6000000000000001,0.0005,64,60,30,100,tanh,0.04163610146015881,8.857791662626527,0.06565382988261881,33.76068376068376,0.9627893962342925
22,"20MA, 50MA, MACD, Lower_BB, ATR, OBV",64,0.7,0.0005,64,60,30,100,tanh,0.12281838538744771,30.269775544635575,-7.130073293521033,0.0,1.0
23,"20MA, 50MA, MACD, Lower_BB, ATR, OBV",64,0.6000000000000001,0.0005,64,60,30,100,tanh,0.041344061119468145,8.824008640684918,0.07871508225973456,32.47863247863248,0.9269020467204462
24,"20MA, 50MA, MACD, Lower_BB, ATR, OBV",64,0.2,0.0005,64,60,30,100,tanh,0.04241072972502313,8.955154119922671,0.03056390997660785,30.34188034188034,0.9853776245778372
0,"20MA, 50MA, MACD, Lower_BB, Williams_%R, OBV",128,0.4,0.001,64,60,1,150,tanh,0.018205298226690165,3.938924498375772,0.8047797374507706,68.77637130801688,0.9324430473321649
1,"20MA, 50MA, MACD, Lower_BB, Williams_%R, OBV",128,0.7,0.0001,64,60,1,100,sigmoid,0.047790900052026096,11.253481963645594,-0.3453017795374216,11.39240506329114,0.9810052246439651
2,"20MA, 50MA, MACD, Lower_BB, Williams_%R, OBV",128,0.5,0.0001,32,60,1,50,tanh,0.025925314972547246,5.428106832999225,0.6041074035746816,53.16455696202531,0.922286256146029
3,"20MA, 50MA, MACD, Lower_BB, Williams_%R, OBV",128,0.6000000000000001,0.0001,32,60,1,100,relu,0.043509405241735404,10.230801245432497,-0.11505320566522004,8.860759493670885,1.0204636530326405
4,"20MA, 50MA, MACD, Lower_BB, Williams_%R, OBV",64,0.7,0.0005,32,60,1,100,relu,0.023869186999133214,5.184044522592009,0.6644134464227092,52.742616033755276,0.9361900115024542
5,"20MA, 50MA, MACD, Lower_BB, Williams_%R, OBV",128,0.6000000000000001,0.0005,16,60,1,100,relu,0.014400939208426888,2.8024509987624735,0.8778450890673621,87.76371308016878,1.1346084367158034
6,"20MA, 50MA, MACD, Lower_BB, Williams_%R, OBV",128,0.4,0.0001,16,60,1,150,tanh,0.02240178636552886,4.628498530443405,0.7044066906244648,58.64978902953587,0.8800647847154957
7,"20MA, 50MA, MACD, Lower_BB, Williams_%R, OBV",32,0.7,0.0001,32,60,1,50,relu,0.03183563906104601,6.898341602843766,0.4030245911424747,37.552742616033754,0.9446733816639613
8,"20MA, 50MA, MACD, Lower_BB, Williams_%R, OBV",32,0.30000000000000004,0.0001,32,60,1,150,relu,0.03028213142326617,6.568669150499751,0.4598651775504259,43.037974683544306,0.9442188360375762
9,"20MA, 50MA, MACD, Lower_BB, Williams_%R, OBV",128,0.6000000000000001,0.001,64,60,1,150,sigmoid,0.04678327433695134,11.329888302511309,-0.28917099682150127,5.9071729957805905,1.027857424938288
10,"20MA, 50MA, MACD, Lower_BB, Williams_%R, OBV",64,0.2,0.0005,16,60,1,100,relu,0.014221494187851453,2.76984556609557,0.8808703808118715,87.76371308016878,0.8277348575253831
11,"20MA, 50MA, MACD, Lower_BB, Williams_%R, OBV",64,0.2,0.0005,16,60,1,100,relu,0.015637055323653035,3.1254628544820964,0.8559745494069158,82.27848101265823,0.9657784005580695
12,"20MA, 50MA, MACD, Lower_BB, Williams_%R, OBV",64,0.2,0.0005,16,60,1,100,relu,0.018822300823888742,3.8241040489621207,0.7913229360893135,71.30801687763713,0.9430281423788636
13,"20MA, 50MA, MACD, Lower_BB, Williams_%R, OBV",64,0.8,0.0005,16,60,1,100,relu,0.014984030805127231,2.958637127852517,0.8677527616470518,83.96624472573839,1.0900878835744006
14,"20MA, 50MA, MACD, Lower_BB, Williams_%R, OBV",64,0.5,0.0005,16,60,1,100,relu,0.020025636007227184,4.090784784337473,0.7637880127953751,68.35443037974683,0.8794543803065291
15,"20MA, 50MA, MACD, Lower_BB, Williams_%R, OBV",32,0.30000000000000004,0.0005,16,60,1,100,sigmoid,0.030571139622226743,6.766323583809878,0.4495060450360566,35.86497890295359,0.9136263605849217
16,"20MA, 50MA, MACD, Lower_BB, Williams_%R, OBV",64,0.4,0.0005,16,60,1,50,relu,0.021709168250422663,4.516077260297454,0.722402426066628,62.869198312236286,0.8536617741614375
17,"20MA, 50MA, MACD, Lower_BB, Williams_%R, OBV",128,0.6000000000000001,0.0005,16,60,1,100,relu,0.015957687904490345,3.21224338574838,0.8500076079323917,79.74683544303798,1.0669796928446702
18,"20MA, 50MA, MACD, Lower_BB, Williams_%R, OBV",64,0.8,0.001,16,60,1,100,tanh,0.01502622392729621,3.0032944458705106,0.8670069302837201,83.96624472573839,0.9450198648480204
19,"20MA, 50MA, MACD, Lower_BB, Williams_%R, OBV",32,0.30000000000000004,0.0005,16,60,1,50,sigmoid,0.056111817525448554,13.601075436503674,-0.8545475358961796,2.5316455696202533,1.041480718349987
20,"20MA, 50MA, MACD, Lower_BB, Williams_%R, OBV",128,0.5,0.0005,64,60,1,100,relu,0.03892471953226966,9.412534633118938,0.10755742379221689,9.282700421940929,1.027857424938288
21,"20MA, 50MA, MACD, Lower_BB, Williams_%R, OBV",64,0.8,0.0005,16,60,1,100,relu,0.014390661098853943,2.8570486153351378,0.878019393465355,85.65400843881856,0.9038667845622717
22,"20MA, 50MA, MACD, Lower_BB, Williams_%R, OBV",64,0.8,0.0005,16,60,1,100,relu,0.024299261258749,5.258718759840622,0.6522113232845657,50.63291139240506,0.928998904584569
23,"20MA, 50MA, MACD, Lower_BB, Williams_%R, OBV",64,0.7,0.0005,16,60,1,100,relu,0.016578628390017617,3.2977312581008658,0.8381075889144523,78.05907172995781,0.9817506800799398
24,"20MA, 50MA, MACD, Lower_BB, Williams_%R, OBV",64,0.6000000000000001,0.0005,16,60,1,100,relu,0.015435101266874893,3.0396310529409014,0.8596707307935376,83.96624472573839,0.8989455668165407
0,"20MA, 50MA, MACD, Lower_BB, Williams_%R, OBV",64,0.5,0.001,16,60,30,100,tanh,0.08257814368417075,19.372235405508988,-2.67534341968514,2.564102564102564,1.0
1,"20MA, 50MA, MACD, Lower_BB, Williams_%R, OBV",128,0.30000000000000004,0.0001,16,60,30,50,sigmoid,0.11238277820760185,27.267181701509674,-5.807179794369958,0.8547008547008548,1.0
2,"20MA, 50MA, MACD, Lower_BB, Williams_%R, OBV",32,0.2,0.001,32,60,30,100,tanh,0.05861286564727436,12.770284891441804,-0.8516274201902883,19.230769230769234,1.0
3,"20MA, 50MA, MACD, Lower_BB, Williams_%R, OBV",64,0.5,0.0001,16,60,30,100,tanh,0.05954872768852483,13.042101905776446,-0.9112287383084692,15.81196581196581,1.041480718349987
4,"20MA, 50MA, MACD, Lower_BB, Williams_%R, OBV",64,0.7,0.0005,32,60,30,100,tanh,0.057014713275170825,12.497256951872382,-0.7520301788585182,18.803418803418804,1.0
5,"20MA, 50MA, MACD, Lower_BB, Williams_%R, OBV",32,0.8,0.0005,16,60,30,50,relu,0.07768819407923966,17.98905465706989,-2.252952678578409,2.9914529914529915,1.0
6,"20MA, 50MA, MACD, Lower_BB, Williams_%R, OBV",128,0.8,0.001,64,60,30,50,tanh,0.04732221774855501,10.018273628462023,-0.20697388251625926,26.495726495726498,0.9324430473321649
7,"20MA, 50MA, MACD, Lower_BB, Williams_%R, OBV",32,0.7,0.0005,64,60,30,150,tanh,0.04013881563776953,8.426033192447816,0.13164601643034357,35.47008547008547,0.9598755939402814
8,"20MA, 50MA, MACD, Lower_BB, Williams_%R, OBV",128,0.7,0.001,32,60,30,100,sigmoid,0.26287341889788723,68.27075839201791,-36.24440499709213,0.0,1.0
9,"20MA, 50MA, MACD, Lower_BB, Williams_%R, OBV",32,0.5,0.0001,64,60,30,100,relu,0.03732086536214302,7.727506143667524,0.2492918965292409,38.88888888888889,1.5461522480378833
10,"20MA, 50MA, MACD, Lower_BB, Williams_%R, OBV",32,0.4,0.0001,64,60,30,150,relu,0.036253135774080944,7.676933653437307,0.29163213949273104,36.324786324786324,1.4642823708007675
11,"20MA, 50MA, MACD, Lower_BB, Williams_%R, OBV",32,0.4,0.0001,64,60,30,150,relu,0.036076839154006966,7.400092325507678,0.298504880751728,38.88888888888889,1.457374898076942
12,"20MA, 50MA, MACD, Lower_BB, Williams_%R, OBV",32,0.4,0.0001,64,60,30,150,relu,0.03735417934031803,7.760499847647625,0.24795107899236035,37.60683760683761,1.6099300622139525
13,"20MA, 50MA, MACD, Lower_BB, Williams_%R, OBV",32,0.30000000000000004,0.0001,64,60,30,150,relu,0.03649638553714218,7.67885877229098,0.28209429451570966,37.17948717948718,1.3378625454677153
14,"20MA, 50MA, MACD, Lower_BB, Williams_%R, OBV",32,0.4,0.0001,64,60,30,150,relu,0.03932417378996998,8.055536884215691,0.166535883004166,37.60683760683761,1.2342759700919763
15,"20MA, 50MA, MACD, Lower_BB, Williams_%R, OBV",32,0.4,0.0001,64,60,30,150,relu,0.03621982386042935,7.522027018282721,0.2929333371503835,38.034188034188034,1.497138173008411
16,"20MA, 50MA, MACD, Lower_BB, Williams_%R, OBV",32,0.2,0.0001,64,60,30,150,relu,0.03689496657735293,7.671298632813481,0.26632801511522464,37.60683760683761,1.4956467228662298
17,"20MA, 50MA, MACD, Lower_BB, Williams_%R, OBV",32,0.6000000000000001,0.0001,64,60,30,150,relu,0.03739477281157358,7.846615971095637,0.24631566016556483,36.75213675213676,1.2517543553113646
18,"20MA, 50MA, MACD, Lower_BB, Williams_%R, OBV",64,0.30000000000000004,0.0001,64,60,30,150,sigmoid,0.048371823888441044,9.966632159185682,-0.26110898376206126,27.350427350427353,1.0658240129149799
19,"20MA, 50MA, MACD, Lower_BB, Williams_%R, OBV",128,0.6000000000000001,0.0005,32,60,30,150,relu,0.052193195398779216,11.052713292982128,-0.4682346393866612,22.22222222222222,1.0314828781435266
20,"20MA, 50MA, MACD, Lower_BB, Williams_%R, OBV",32,0.4,0.0001,64,60,30,150,relu,0.036094891730008336,7.5239482575071985,0.29780265945490936,38.46153846153847,1.383226822541667
21,"20MA, 50MA, MACD, Lower_BB, Williams_%R, OBV",32,0.4,0.0001,64,60,30,150,relu,0.03421324834552936,7.1736642105161605,0.3691061221043498,40.598290598290596,1.3943111332660754
22,"20MA, 50MA, MACD, Lower_BB, Williams_%R, OBV",32,0.30000000000000004,0.0001,64,60,30,150,relu,0.036086586723868365,7.698752365697442,0.29812575682612275,41.02564102564102,1.3632286828528912
23,"20MA, 50MA, MACD, Lower_BB, Williams_%R, OBV",32,0.30000000000000004,0.0001,64,60,30,150,relu,0.03684700797100423,7.794866900683421,0.26823412972440086,35.04273504273504,1.3688700017514872
24,"20MA, 50MA, MACD, Lower_BB, Williams_%R, OBV",32,0.2,0.0001,64,60,30,150,relu,0.03613784504492237,7.531827045929126,0.2961304200641348,35.8974358974359,1.3943540192030908
0,"20MA, 50MA, MACD, CCI, ATR, Williams_%R",128,0.4,0.0001,32,60,1,100,relu,0.02692260523381336,5.702832519370632,0.5730633248610055,52.320675105485236,0.93298475346509
1,"20MA, 50MA, MACD, CCI, ATR, Williams_%R",32,0.30000000000000004,0.0005,32,60,1,50,relu,0.021155164906998092,4.230903978298059,0.7363898505463399,67.9324894514768,1.0181449136565413
2,"20MA, 50MA, MACD, CCI, ATR, Williams_%R",128,0.2,0.0001,32,60,1,150,relu,0.026486569234122577,5.552936032200644,0.5867805892418637,53.16455696202531,0.9687058704372832
3,"20MA, 50MA, MACD, CCI, ATR, Williams_%R",128,0.5,0.0005,16,60,1,50,relu,0.024964787184500153,5.435166395464783,0.6328994512928223,48.9451476793249,0.9324430473321649
4,"20MA, 50MA, MACD, CCI, ATR, Williams_%R",64,0.30000000000000004,0.0001,32,60,1,150,tanh,0.02242666905399443,4.544224850109932,0.7037496679242398,64.13502109704642,1.0648878936311696
5,"20MA, 50MA, MACD, CCI, ATR, Williams_%R",32,0.6000000000000001,0.001,64,60,1,150,relu,0.024325882685337186,5.78113260521159,0.6514488554594042,41.77215189873418,0.9324430473321649
6,"20MA, 50MA, MACD, CCI, ATR, Williams_%R",64,0.4,0.0005,64,60,1,50,tanh,0.020197152235831222,4.135749282631094,0.7597244526852737,72.15189873417721,0.9051901147485293
7,"20MA, 50MA, MACD, CCI, ATR, Williams_%R",32,0.5,0.001,16,60,1,150,sigmoid,0.0379816629296973,9.174412113045548,0.150277246401739,8.438818565400844,1.0314828781435266
8,"20MA, 50MA, MACD, CCI, ATR, Williams_%R",32,0.5,0.001,32,60,1,150,tanh,0.020039080193398007,4.139303457559856,0.7634707450767014,67.08860759493672,0.9373161967250341
9,"20MA, 50MA, MACD, CCI, ATR, Williams_%R",64,0.7,0.0005,16,60,1,100,sigmoid,0.028007697135166477,5.894524855089659,0.5379551858740506,46.835443037974684,0.9324430473321649
10,"20MA, 50MA, MACD, CCI, ATR, Williams_%R",32,0.8,0.001,32,60,1,150,tanh,0.02034724965118784,4.1669931511232186,0.7561399128660447,65.82278481012658,0.8172428322387684
11,"20MA, 50MA, MACD, CCI, ATR, Williams_%R",64,0.4,0.0005,64,60,1,50,tanh,0.025769353955816407,5.428228514979947,0.6088562826756971,52.742616033755276,0.8562973238468748
12,"20MA, 50MA, MACD, CCI, ATR, Williams_%R",64,0.5,0.001,64,60,1,50,tanh,0.019532718798139205,4.0026532563761315,0.7752732904713661,69.19831223628692,0.9503910427933487
13,"20MA, 50MA, MACD, CCI, ATR, Williams_%R",32,0.6000000000000001,0.001,64,60,1,50,tanh,0.017322274625686713,3.3586909226997497,0.8232582558727053,81.85654008438819,0.9103988370875202
14,"20MA, 50MA, MACD, CCI, ATR, Williams_%R",64,0.7,0.001,64,60,1,50,tanh,0.01861269989392344,3.7236650189372487,0.7943294014926126,76.56903765690377,0.9565061117599398
15,"20MA, 50MA, MACD, CCI, ATR, Williams_%R",32,0.8,0.001,64,60,1,50,tanh,0.01981162244829854,3.9633953483532567,0.7688098199329034,75.9493670886076,0.9719430251799788
16,"20MA, 50MA, MACD, CCI, ATR, Williams_%R",64,0.7,0.001,64,60,1,50,sigmoid,0.05436900806435958,13.258530824827558,-0.7411336797315027,5.063291139240507,0.9370332121554097
17,"20MA, 50MA, MACD, CCI, ATR, Williams_%R",64,0.7,0.001,64,60,1,50,tanh,0.01846063630340223,3.7278746161872838,0.7992652184345115,78.90295358649789,0.9000217054802222
18,"20MA, 50MA, MACD, CCI, ATR, Williams_%R",32,0.6000000000000001,0.001,64,60,1,100,tanh,0.017953048397741093,3.7593102694061056,0.8101521424104655,75.9493670886076,1.0393923696411498
19,"20MA, 50MA, MACD, CCI, ATR, Williams_%R",32,0.6000000000000001,0.001,64,60,1,100,tanh,0.020293009155750448,4.533554976570745,0.7574383155661699,61.60337552742617,0.9202460426256063
20,"20MA, 50MA, MACD, CCI, ATR, Williams_%R",32,0.6000000000000001,0.0001,64,60,1,100,sigmoid,0.035802237796668045,7.514501635413801,0.24499532146463854,40.50632911392405,1.1073288291284247
21,"20MA, 50MA, MACD, CCI, ATR, Williams_%R",32,0.6000000000000001,0.001,64,60,1,100,tanh,0.02964873138446022,6.651541431634181,0.4822244626205061,38.81856540084388,0.8983817736816445
22,"20MA, 50MA, MACD, CCI, ATR, Williams_%R",32,0.7,0.001,64,60,1,100,tanh,0.022095966901050746,4.504454360722927,0.7101458763390278,63.59832635983263,1.0629920362765921
23,"20MA, 50MA, MACD, CCI, ATR, Williams_%R",128,0.8,0.001,64,60,1,50,tanh,0.026478876296163592,6.21005381112073,0.5870205908529367,39.24050632911392,0.9202460426256063
24,"20MA, 50MA, MACD, CCI, ATR, Williams_%R",32,0.6000000000000001,0.001,64,60,1,50,tanh,0.0168189724608135,3.2493619128247255,0.8333795833402168,82.70042194092827,0.8839134480483862
0,"20MA, 50MA, MACD, CCI, ATR, Williams_%R",128,0.7,0.0001,16,60,30,50,sigmoid,0.15583241901011147,38.99280272418128,-12.08830232344885,0.0,1.0
1,"20MA, 50MA, MACD, CCI, ATR, Williams_%R",32,0.7,0.0005,16,60,30,50,relu,0.07506002620809464,17.143466865487188,-2.0365827239007634,6.837606837606838,1.0
2,"20MA, 50MA, MACD, CCI, ATR, Williams_%R",64,0.30000000000000004,0.001,64,60,30,150,sigmoid,0.05371219334139601,11.874060238752175,-0.5549393988519484,20.085470085470085,0.8511260125027608
3,"20MA, 50MA, MACD, CCI, ATR, Williams_%R",64,0.4,0.0005,32,60,30,100,tanh,0.056647080107684815,12.361161698187217,-0.7295087010948282,17.094017094017094,0.9921831161569323
4,"20MA, 50MA, MACD, CCI, ATR, Williams_%R",32,0.8,0.0005,64,60,30,100,relu,0.045894629731801743,9.834648097764685,-0.13524980048520874,28.205128205128204,0.921535359817792
5,"20MA, 50MA, MACD, CCI, ATR, Williams_%R",32,0.7,0.0005,64,60,30,150,tanh,0.045084323510288724,9.406401246211878,-0.09551621080567374,29.914529914529915,0.8934903307827672
6,"20MA, 50MA, MACD, CCI, ATR, Williams_%R",32,0.4,0.001,16,60,30,100,tanh,0.06873706859946453,15.337365783294826,-1.5465353395328951,11.11111111111111,1.0
7,"20MA, 50MA, MACD, CCI, ATR, Williams_%R",64,0.7,0.0001,32,60,30,150,tanh,0.05506600434695457,11.8395139612118,-0.6343114479888425,21.794871794871796,0.8403911755809842
8,"20MA, 50MA, MACD, CCI, ATR, Williams_%R",128,0.6000000000000001,0.0005,64,60,30,50,tanh,0.05663587339800605,12.364482036286379,-0.7288244580713443,18.803418803418804,1.0314828781435266
9,"20MA, 50MA, MACD, CCI, ATR, Williams_%R",128,0.8,0.0005,32,60,30,150,tanh,0.06118622754280942,13.481771176840143,-1.0177857392797178,15.384615384615385,1.0
10,"20MA, 50MA, MACD, CCI, ATR, Williams_%R",32,0.2,0.0001,64,60,30,150,relu,0.04116450813652856,8.476682446117078,0.08669979642920123,35.04273504273504,1.24951205388024
11,"20MA, 50MA, MACD, CCI, ATR, Williams_%R",32,0.2,0.0001,64,60,30,150,relu,0.041702072986121046,8.435871235533,0.06269058047696396,36.324786324786324,1.2357353913824245
12,"20MA, 50MA, MACD, CCI, ATR, Williams_%R",32,0.2,0.0001,64,60,30,150,relu,0.040416627918330394,8.514529673017073,0.11958416356898072,34.18803418803419,1.2057445412393037
13,"20MA, 50MA, MACD, CCI, ATR, Williams_%R",32,0.2,0.0001,64,60,30,150,relu,0.04072916149099006,8.456990229858357,0.1059153644981421,34.18803418803419,1.2270547741489641
14,"20MA, 50MA, MACD, CCI, ATR, Williams_%R",32,0.30000000000000004,0.0001,64,60,30,150,relu,0.03954946423551962,8.255549014702497,0.15695859956915803,35.8974358974359,1.48079963507729
15,"20MA, 50MA, MACD, CCI, ATR, Williams_%R",32,0.4,0.0001,64,60,30,150,relu,0.039673248058181274,8.215491857615175,0.15167315782121737,34.18803418803419,1.139014069026978
16,"20MA, 50MA, MACD, CCI, ATR, Williams_%R",32,0.4,0.0001,64,60,30,150,relu,0.04075777934594757,8.525863831492405,0.10465848747909501,35.47008547008547,1.32011144465027
17,"20MA, 50MA, MACD, CCI, ATR, Williams_%R",32,0.5,0.0001,64,60,30,150,relu,0.04082892462743046,8.42910655753518,0.10153000891358299,35.8974358974359,1.2274508509054385
18,"20MA, 50MA, MACD, CCI, ATR, Williams_%R",64,0.30000000000000004,0.001,32,60,30,100,sigmoid,0.128110657136101,32.04407486120171,-7.84582230883372,0.0,1.0
19,"20MA, 50MA, MACD, CCI, ATR, Williams_%R",128,0.5,0.0001,16,60,30,50,relu,0.1390454792574166,34.910297273248716,-9.420329216070195,0.0,1.0
20,"20MA, 50MA, MACD, CCI, ATR, Williams_%R",32,0.30000000000000004,0.0001,64,60,30,150,relu,0.04018684876893234,8.455859129130387,0.12956649730918068,34.18803418803419,1.2804786789878453
21,"20MA, 50MA, MACD, CCI, ATR, Williams_%R",32,0.30000000000000004,0.0001,64,60,30,150,relu,0.041180072072249635,8.437494481196298,0.08600904444391655,35.47008547008547,1.3205404585786849
22,"20MA, 50MA, MACD, CCI, ATR, Williams_%R",32,0.30000000000000004,0.0001,64,60,30,150,relu,0.042464902047528015,8.779609645556889,0.02808575667595614,34.18803418803419,1.1847798218494918
23,"20MA, 50MA, MACD, CCI, ATR, Williams_%R",32,0.4,0.0001,64,60,30,150,relu,0.03954337152432326,8.31529946452442,0.1572183255724967,35.8974358974359,1.3433334427179509
24,"20MA, 50MA, MACD, CCI, ATR, Williams_%R",32,0.4,0.0001,64,60,30,150,relu,0.040447049965958604,8.322311270595582,0.11825826706467346,35.8974358974359,1.1478780114721057
0,"20MA, 50MA, MACD, CCI, ATR, OBV",128,0.6000000000000001,0.0001,32,60,1,150,tanh,0.015520317430114628,2.9763543721926093,0.8581169564122764,83.54430379746836,0.8036642246548407
1,"20MA, 50MA, MACD, CCI, ATR, OBV",128,0.6000000000000001,0.0001,64,60,1,100,relu,0.0378572845056967,8.955506548572373,0.15583330277576768,22.78481012658228,0.9059770515947239
2,"20MA, 50MA, MACD, CCI, ATR, OBV",32,0.5,0.0005,64,60,1,50,sigmoid,0.04311368992454304,10.153861482638503,-0.09486276229258572,14.767932489451477,1.033857105057182
3,"20MA, 50MA, MACD, CCI, ATR, OBV",128,0.2,0.0005,32,60,1,50,sigmoid,0.07922162756180884,19.950962501044835,-2.696722222232979,1.2658227848101267,1.0
4,"20MA, 50MA, MACD, CCI, ATR, OBV",32,0.2,0.0001,64,60,1,150,sigmoid,0.0394989903267063,7.8424543009881456,0.0810301017267322,36.28691983122363,1.3202053863740904
5,"20MA, 50MA, MACD, CCI, ATR, OBV",32,0.7,0.0005,64,60,1,150,relu,0.02559770985641813,5.750463996325475,0.6140495767708274,46.41350210970464,0.8081914644783349
6,"20MA, 50MA, MACD, CCI, ATR, OBV",128,0.8,0.001,64,60,1,100,relu,0.03707683313425836,9.045677189765813,0.19028056754433942,8.438818565400844,0.9324430473321649
7,"20MA, 50MA, MACD, CCI, ATR, OBV",128,0.4,0.0005,32,60,1,50,relu,0.01601646129914207,3.0928257356474718,0.8489007061927535,83.54430379746836,0.8181577757908193
8,"20MA, 50MA, MACD, CCI, ATR, OBV",128,0.6000000000000001,0.0001,64,60,1,100,sigmoid,0.05559984344137253,12.62633546072742,-0.8208594927958834,10.126582278481013,1.1214354690485675
9,"20MA, 50MA, MACD, CCI, ATR, OBV",64,0.8,0.0001,64,60,1,50,tanh,0.022784245765668364,4.626529375800559,0.6942273688339643,63.29113924050633,1.3332718000183768
10,"20MA, 50MA, MACD, CCI, ATR, OBV",64,0.4,0.001,16,60,1,150,tanh,0.011119553878118167,2.040948309159292,0.927171054094279,92.40506329113924,0.9720410131381566
11,"20MA, 50MA, MACD, CCI, ATR, OBV",64,0.4,0.001,16,60,1,150,tanh,0.01184350752935062,2.2239422188029567,0.9173790892126336,91.56118143459916,0.8492391513997569
12,"20MA, 50MA, MACD, CCI, ATR, OBV",64,0.4,0.001,16,60,1,150,tanh,0.013873632289730651,2.620638271513351,0.88662699536298,88.18565400843882,0.8890387894158426
13,"20MA, 50MA, MACD, CCI, ATR, OBV",64,0.30000000000000004,0.001,16,60,1,150,tanh,0.012244926144188017,2.284921736260773,0.9116835431760123,91.56118143459916,0.9131760442158507
14,"20MA, 50MA, MACD, CCI, ATR, OBV",64,0.4,0.001,16,60,1,150,tanh,0.012588468316531336,2.358379252757545,0.9066584346932607,89.45147679324894,0.8692565734533431
15,"20MA, 50MA, MACD, CCI, ATR, OBV",64,0.30000000000000004,0.001,16,60,1,150,tanh,0.011799460385849518,2.168250774949012,0.9179924966528102,92.40506329113924,1.0720738997549113
16,"20MA, 50MA, MACD, CCI, ATR, OBV",64,0.30000000000000004,0.001,16,60,1,150,tanh,0.011321570178304407,2.1016024106436224,0.9245007524893472,91.9831223628692,0.9065349860579408
17,"20MA, 50MA, MACD, CCI, ATR, OBV",64,0.30000000000000004,0.001,16,60,1,150,tanh,0.011728357095024866,2.1911326956846437,0.9189778696140621,92.82700421940928,0.9401880268536452
18,"20MA, 50MA, MACD, CCI, ATR, OBV",64,0.5,0.001,16,60,1,150,tanh,0.012195131378866596,2.2435517065974255,0.9124003715885544,89.87341772151899,1.0270873766714124
19,"20MA, 50MA, MACD, CCI, ATR, OBV",64,0.2,0.001,16,60,1,100,tanh,0.012193248877871148,2.250465214689687,0.912427414127856,90.71729957805907,0.9835976590231911
20,"20MA, 50MA, MACD, CCI, ATR, OBV",64,0.30000000000000004,0.001,16,60,1,150,tanh,0.011968106422322312,2.226142411030748,0.9156315283341774,91.13924050632912,1.0168364343762777
21,"20MA, 50MA, MACD, CCI, ATR, OBV",64,0.30000000000000004,0.001,16,60,1,150,tanh,0.013606168751665633,2.641444289932423,0.8909561935361238,87.34177215189874,0.9616456226360987
22,"20MA, 50MA, MACD, CCI, ATR, OBV",64,0.5,0.001,16,60,1,150,tanh,0.012331744062061195,2.3070405125678826,0.9104267561029216,90.29535864978902,1.0392417333073094
23,"20MA, 50MA, MACD, CCI, ATR, OBV",64,0.30000000000000004,0.001,16,60,1,150,tanh,0.01772756382140001,3.803421368945791,0.8148910521319244,73.83966244725738,0.9324430473321649
24,"20MA, 50MA, MACD, CCI, ATR, OBV",64,0.4,0.001,16,60,1,150,tanh,0.0148074275033913,2.907443963725955,0.8708517495340174,84.38818565400844,1.1861762475541122
0,"20MA, 50MA, MACD, CCI, ATR, OBV",32,0.7,0.0001,64,60,30,50,relu,0.05983131250294867,12.095883016807143,-0.9294110138170779,21.794871794871796,1.227688057693237
1,"20MA, 50MA, MACD, CCI, ATR, OBV",128,0.30000000000000004,0.0005,64,60,30,150,sigmoid,0.05494442512981113,11.929814832351262,-0.6271026825226469,19.230769230769234,0.9946768345287477
2,"20MA, 50MA, MACD, CCI, ATR, OBV",32,0.7,0.0001,32,60,30,100,tanh,0.049048175589033946,10.251192927221314,-0.29662206891190324,29.059829059829063,0.9164686823461232
3,"20MA, 50MA, MACD, CCI, ATR, OBV",64,0.5,0.0005,32,60,30,100,relu,0.06577204289995206,14.665940851625011,-1.3315801871760047,10.256410256410255,1.0
4,"20MA, 50MA, MACD, CCI, ATR, OBV",128,0.8,0.001,32,60,30,150,tanh,0.05996044712215011,13.089314327415625,-0.9377485421729383,17.094017094017094,1.0
5,"20MA, 50MA, MACD, CCI, ATR, OBV",128,0.8,0.0005,64,60,30,100,sigmoid,0.06634513548358742,14.482742742603575,-1.3723887942940367,13.675213675213676,1.0262160062559367
6,"20MA, 50MA, MACD, CCI, ATR, OBV",128,0.7,0.0005,32,60,30,50,relu,0.06705911639185373,15.079545516174594,-1.4237250233524823,7.6923076923076925,1.0
7,"20MA, 50MA, MACD, CCI, ATR, OBV",128,0.8,0.0005,32,60,30,100,tanh,0.06094697804535197,13.394185796103523,-1.0020367573870916,16.23931623931624,1.0
8,"20MA, 50MA, MACD, CCI, ATR, OBV",128,0.7,0.001,64,60,30,50,relu,0.04718120609503055,9.894899163361872,-0.19979147170356937,27.350427350427353,0.9215527156561198
9,"20MA, 50MA, MACD, CCI, ATR, OBV",64,0.5,0.0001,64,60,30,150,tanh,0.03933809082138803,8.277567836692098,0.16594584396615508,34.61538461538461,1.1676744854333376
10,"20MA, 50MA, MACD, CCI, ATR, OBV",64,0.2,0.0001,16,60,30,150,tanh,0.054532675114606806,11.789939425664336,-0.6028072517989524,19.230769230769234,1.0314828781435266
11,"20MA, 50MA, MACD, CCI, ATR, OBV",64,0.5,0.001,64,60,30,50,relu,0.0494462767736047,10.418385519214038,-0.31775564214395424,26.495726495726498,0.9784559144736118
12,"20MA, 50MA, MACD, CCI, ATR, OBV",64,0.6000000000000001,0.001,64,60,30,150,tanh,0.0459461420005429,9.711458874698739,-0.13779964615642815,29.48717948717949,0.8361946103691312
13,"20MA, 50MA, MACD, CCI, ATR, OBV",64,0.4,0.001,16,60,30,150,tanh,0.06971918918675554,15.749161243857953,-1.6198254029605117,8.11965811965812,1.0
14,"20MA, 50MA, MACD, CCI, ATR, OBV",64,0.5,0.0001,64,60,30,150,tanh,0.03906701660152924,8.071742306466023,0.17740098034850282,35.8974358974359,1.3004656519683917
15,"20MA, 50MA, MACD, CCI, ATR, OBV",64,0.4,0.0001,64,60,30,150,tanh,0.039102128388187746,8.063572824391393,0.17592168127870667,36.324786324786324,1.1372456289291393
16,"20MA, 50MA, MACD, CCI, ATR, OBV",64,0.4,0.0001,16,60,30,150,tanh,0.06313756110630875,13.594254861428364,-1.1485392758725772,15.81196581196581,1.0
17,"20MA, 50MA, MACD, CCI, ATR, OBV",64,0.4,0.0001,64,60,30,150,sigmoid,0.049667686220399986,10.099967412618074,-0.3295832980568376,29.48717948717949,1.0399954674062795
18,"20MA, 50MA, MACD, CCI, ATR, OBV",32,0.30000000000000004,0.0001,64,60,30,150,tanh,0.03542938388274388,7.354183467600333,0.32345779669570685,40.17094017094017,1.3087887518998227
19,"20MA, 50MA, MACD, CCI, ATR, OBV",32,0.30000000000000004,0.0001,64,60,30,150,tanh,0.03581525228225492,7.430251118052242,0.30864083766406436,40.598290598290596,1.4137504695715684
20,"20MA, 50MA, MACD, CCI, ATR, OBV",32,0.2,0.0001,16,60,30,150,sigmoid,0.06178185348356756,13.282783805753425,-1.057261789525246,15.81196581196581,1.0341576136145556
21,"20MA, 50MA, MACD, CCI, ATR, OBV",32,0.30000000000000004,0.0001,64,60,30,150,tanh,0.03588658391948455,7.423294721003676,0.3058841969685028,39.743589743589745,1.1646787028108423
22,"20MA, 50MA, MACD, CCI, ATR, OBV",32,0.30000000000000004,0.0001,64,60,30,150,tanh,0.03576328677213277,7.49627754443645,0.3106456130353743,38.46153846153847,1.2311591304397287
23,"20MA, 50MA, MACD, CCI, ATR, OBV",32,0.30000000000000004,0.0001,64,60,30,150,tanh,0.036718366538433314,7.630310479628047,0.27333473847296497,38.88888888888889,1.371340935046983
24,"20MA, 50MA, MACD, CCI, ATR, OBV",32,0.2,0.0001,64,60,30,150,tanh,0.035276610270775714,7.413569131412595,0.3292797976599324,41.02564102564102,1.326908794268601
0,"20MA, 50MA, MACD, CCI, Williams_%R, OBV",128,0.6000000000000001,0.0005,16,60,1,150,tanh,0.011514362170611475,2.1561895856135416,0.9219075463786094,93.24894514767934,0.9526296487759076
1,"20MA, 50MA, MACD, CCI, Williams_%R, OBV",32,0.30000000000000004,0.0005,16,60,1,150,relu,0.02104796673790362,4.4039230378151615,0.739054630444864,64.13502109704642,0.8469100932982027
2,"20MA, 50MA, MACD, CCI, Williams_%R, OBV",64,0.8,0.0001,16,60,1,100,tanh,0.024529052647890785,4.993680297324065,0.6456023381399849,58.22784810126582,0.9235239708451091
3,"20MA, 50MA, MACD, CCI, Williams_%R, OBV",32,0.2,0.0005,64,60,1,100,relu,0.022926013516316776,4.9572822648794554,0.690410384032488,56.540084388185655,0.81323908562336
4,"20MA, 50MA, MACD, CCI, Williams_%R, OBV",128,0.7,0.0005,64,60,1,150,sigmoid,0.03777371203578021,9.038877436931,0.15955629695884077,18.565400843881857,0.8611008716490763
5,"20MA, 50MA, MACD, CCI, Williams_%R, OBV",128,0.5,0.0001,16,60,1,50,sigmoid,0.06250997291834373,14.954247532928253,-1.3015897709323978,2.109704641350211,1.041480718349987
6,"20MA, 50MA, MACD, CCI, Williams_%R, OBV",128,0.30000000000000004,0.0005,32,60,1,150,relu,0.022715272824062202,5.185658607834185,0.6960758492226203,52.742616033755276,0.9202460426256063
7,"20MA, 50MA, MACD, CCI, Williams_%R, OBV",128,0.30000000000000004,0.0001,32,60,1,100,relu,0.016508217262164004,3.1438836219022255,0.8394798159252088,83.54430379746836,0.8538333905986554
8,"20MA, 50MA, MACD, CCI, Williams_%R, OBV",64,0.6000000000000001,0.0001,64,60,1,150,relu,0.02563438070298481,5.5901451765741115,0.6129429725786113,52.320675105485236,1.0910244278161545
9,"20MA, 50MA, MACD, CCI, Williams_%R, OBV",64,0.4,0.001,64,60,1,50,relu,0.025940082846799262,5.832599558654397,0.6036562493834727,47.257383966244724,0.8221940017991272
10,"20MA, 50MA, MACD, CCI, Williams_%R, OBV",128,0.6000000000000001,0.001,16,60,1,150,tanh,0.011798046251755802,2.1862719015354455,0.9180121522393043,91.13924050632912,1.0227717675768802
11,"20MA, 50MA, MACD, CCI, Williams_%R, OBV",128,0.6000000000000001,0.001,16,60,1,150,tanh,0.011624679890343236,2.1355479943018776,0.9204039891977379,92.82700421940928,1.052594871624017
12,"20MA, 50MA, MACD, CCI, Williams_%R, OBV",128,0.6000000000000001,0.001,16,60,1,150,tanh,0.011846962638239646,2.2494515122002743,0.9173308761504398,91.56118143459916,1.1456173388273236
13,"20MA, 50MA, MACD, CCI, Williams_%R, OBV",128,0.8,0.001,16,60,1,150,tanh,0.013496275135827473,2.5655056481675844,0.8927105191908402,89.45147679324894,0.9738934216915494
14,"20MA, 50MA, MACD, CCI, Williams_%R, OBV",128,0.5,0.0005,16,60,1,150,tanh,0.011196071447220301,2.0599130444915903,0.9261652821365858,92.40506329113924,1.1907383872953892
15,"20MA, 50MA, MACD, CCI, Williams_%R, OBV",32,0.5,0.0005,16,60,1,50,tanh,0.019274188316559984,3.8828977419037285,0.7811827815797636,70.88607594936708,1.0020021623643303
16,"20MA, 50MA, MACD, CCI, Williams_%R, OBV",128,0.4,0.0005,32,60,1,150,tanh,0.014529721877746428,2.86387680647255,0.8756505411017353,86.91983122362869,0.952294019904421
17,"20MA, 50MA, MACD, CCI, Williams_%R, OBV",128,0.7,0.0005,16,60,1,150,tanh,0.011065552470851328,2.0373801713293007,0.9278767147270227,93.24894514767934,1.4424178106018761
18,"20MA, 50MA, MACD, CCI, Williams_%R, OBV",64,0.7,0.0005,16,60,1,100,sigmoid,0.04108759126324323,9.360507939755937,0.005623938251452021,11.39240506329114,1.041480718349987
19,"20MA, 50MA, MACD, CCI, Williams_%R, OBV",32,0.7,0.0005,32,60,1,50,tanh,0.016152070350563777,3.1131159724949007,0.8463312026957314,83.96624472573839,0.827789427974242
20,"20MA, 50MA, MACD, CCI, Williams_%R, OBV",128,0.4,0.0005,16,60,1,150,tanh,0.012988108447028988,2.612684508569768,0.9006378203867972,89.45147679324894,0.9951013851337389
21,"20MA, 50MA, MACD, CCI, Williams_%R, OBV",128,0.5,0.0005,16,60,1,150,tanh,0.011155174864260027,2.053759176412768,0.9267036982696562,92.82700421940928,1.07620933463279
22,"20MA, 50MA, MACD, CCI, Williams_%R, OBV",128,0.5,0.0005,16,60,1,150,tanh,0.011912395552877774,2.2032111149977287,0.9164151612773997,91.9831223628692,1.106096940715187
23,"20MA, 50MA, MACD, CCI, Williams_%R, OBV",128,0.5,0.0005,16,60,1,150,tanh,0.011266867847017832,2.0512084881630357,0.9252285680447074,92.82700421940928,1.1484750282793028
24,"20MA, 50MA, MACD, CCI, Williams_%R, OBV",128,0.4,0.0005,16,60,1,150,tanh,0.014002961487607272,2.858120959165504,0.8845034302214739,88.18565400843882,0.9324430473321649
0,"20MA, 50MA, MACD, CCI, Williams_%R, OBV",32,0.30000000000000004,0.0005,32,60,30,100,tanh,0.05670583403568721,12.192770492018738,-0.7330982286359606,21.794871794871796,1.0314828781435266
1,"20MA, 50MA, MACD, CCI, Williams_%R, OBV",32,0.5,0.0001,16,60,30,100,tanh,0.062183667052231266,13.780816686192848,-1.084108631096286,12.393162393162394,1.041480718349987
2,"20MA, 50MA, MACD, CCI, Williams_%R, OBV",32,0.8,0.0005,32,60,30,50,relu,0.06380174926733392,14.209361514417413,-1.1939810164645897,11.11111111111111,1.105789122388121
3,"20MA, 50MA, MACD, CCI, Williams_%R, OBV",32,0.7,0.0001,64,60,30,100,relu,0.035103066491212795,7.471237236743618,0.3358628000521724,38.88888888888889,1.4293693016186424
4,"20MA, 50MA, MACD, CCI, Williams_%R, OBV",128,0.7,0.0001,16,60,30,150,relu,0.05518983390248412,11.860396127577436,-0.6416700209945665,20.94017094017094,1.041480718349987
5,"20MA, 50MA, MACD, CCI, Williams_%R, OBV",32,0.4,0.0005,64,60,30,100,sigmoid,0.043997548897956804,9.459712354761947,-0.043337119118849854,30.34188034188034,1.1265008070931113
6,"20MA, 50MA, MACD, CCI, Williams_%R, OBV",32,0.8,0.001,32,60,30,150,relu,0.05844446031975837,12.832313664863296,-0.8410025870404301,18.803418803418804,1.0
7,"20MA, 50MA, MACD, CCI, Williams_%R, OBV",128,0.2,0.001,64,60,30,100,tanh,0.04756793080675389,10.086517688638539,-0.21954046126948223,25.213675213675213,0.990018692443854
8,"20MA, 50MA, MACD, CCI, Williams_%R, OBV",64,0.6000000000000001,0.0005,64,60,30,150,tanh,0.03692761225663581,7.959917886159783,0.2650290944824727,38.034188034188034,0.9183992899077099
9,"20MA, 50MA, MACD, CCI, Williams_%R, OBV",64,0.2,0.001,32,60,30,100,sigmoid,0.15786941447295802,40.03492710601766,-12.432711577464787,0.0,1.0
10,"20MA, 50MA, MACD, CCI, Williams_%R, OBV",64,0.6000000000000001,0.0001,64,60,30,50,relu,0.04387137528666327,9.003364645989482,-0.03736165647014489,31.62393162393162,1.1114649626325483
11,"20MA, 50MA, MACD, CCI, Williams_%R, OBV",64,0.6000000000000001,0.0005,64,60,30,150,tanh,0.04281221644141871,9.093508856593067,0.012122445008536431,31.196581196581196,0.909498164075346
12,"20MA, 50MA, MACD, CCI, Williams_%R, OBV",64,0.6000000000000001,0.0001,64,60,30,150,relu,0.0407946151717642,8.489910890484445,0.10303938319730066,35.8974358974359,1.2737034205270514
13,"20MA, 50MA, MACD, CCI, Williams_%R, OBV",64,0.7,0.0005,64,60,30,150,tanh,0.035385321506210626,7.7459229364775,0.32513953750724,36.75213675213676,0.9221454465125023
14,"20MA, 50MA, MACD, CCI, Williams_%R, OBV",128,0.7,0.0001,64,60,30,50,sigmoid,0.06973858879961777,14.597592409883681,-1.6212835573108615,14.529914529914532,1.0223684736590346
15,"20MA, 50MA, MACD, CCI, Williams_%R, OBV",32,0.7,0.0005,64,60,30,100,tanh,0.043336651331364225,8.97089104559226,-0.012228108887804234,34.61538461538461,0.9727421259316809
16,"20MA, 50MA, MACD, CCI, Williams_%R, OBV",64,0.5,0.0001,16,60,30,150,relu,0.04837311652976777,10.178162481564774,-0.2611763859495455,26.495726495726498,0.9202460426256063
17,"20MA, 50MA, MACD, CCI, Williams_%R, OBV",32,0.8,0.0001,64,60,30,150,tanh,0.03677814139355048,7.743439740428647,0.2709668953243294,36.75213675213676,1.2014199588904957
18,"20MA, 50MA, MACD, CCI, Williams_%R, OBV",64,0.4,0.0005,64,60,30,100,relu,0.04457245290015483,9.235312390450693,-0.0707812624558446,31.196581196581196,0.8581573855642911
19,"20MA, 50MA, MACD, CCI, Williams_%R, OBV",128,0.7,0.001,16,60,30,50,sigmoid,0.14866583674575093,36.883422735241176,-10.912147231532892,0.0,1.0
20,"20MA, 50MA, MACD, CCI, Williams_%R, OBV",32,0.5,0.0001,64,60,30,150,tanh,0.034826350225731606,7.381836384206632,0.3462922712021341,38.034188034188034,1.4824458518281254
21,"20MA, 50MA, MACD, CCI, Williams_%R, OBV",32,0.5,0.0001,64,60,30,150,tanh,0.03591835367879696,7.5085711122545264,0.3046546760354365,39.31623931623932,1.443369175140719
22,"20MA, 50MA, MACD, CCI, Williams_%R, OBV",32,0.4,0.0001,64,60,30,150,tanh,0.03871674180534522,8.02472079778874,0.19208569481184956,38.034188034188034,1.3585304039891266
23,"20MA, 50MA, MACD, CCI, Williams_%R, OBV",32,0.7,0.0001,64,60,30,150,tanh,0.036754544850652784,7.709613546645349,0.27190207811150613,37.60683760683761,1.43887458035571
24,"20MA, 50MA, MACD, CCI, Williams_%R, OBV",32,0.5,0.0001,64,60,30,150,tanh,0.03744193595513244,7.758764717050461,0.2444133334051497,38.034188034188034,1.327156036824554
0,"20MA, 50MA, MACD, ATR, Williams_%R, OBV",32,0.5,0.001,32,60,1,150,sigmoid,0.05545993917396685,13.835369596010342,-0.8117074703205698,2.109704641350211,1.0314828781435266
1,"20MA, 50MA, MACD, ATR, Williams_%R, OBV",128,0.30000000000000004,0.001,64,60,1,100,sigmoid,0.1063306652388826,26.995271600935617,-5.659572621269003,0.42194092827004215,1.0
2,"20MA, 50MA, MACD, ATR, Williams_%R, OBV",64,0.8,0.001,64,60,1,100,tanh,0.015444176576773251,3.061847163337558,0.8595056646912459,82.70042194092827,0.9162040978138961
3,"20MA, 50MA, MACD, ATR, Williams_%R, OBV",128,0.2,0.0005,16,60,1,50,sigmoid,0.18079244481901302,46.63307586058419,-18.252620602488303,0.0,1.0
4,"20MA, 50MA, MACD, ATR, Williams_%R, OBV",64,0.4,0.0005,64,60,1,50,relu,0.03962194108174485,9.416450718155874,0.07530013779246947,12.658227848101266,0.9078534536948326
5,"20MA, 50MA, MACD, ATR, Williams_%R, OBV",64,0.30000000000000004,0.001,32,60,1,100,sigmoid,0.03314974207604796,7.819862558010164,0.35272385054952204,17.72151898734177,0.9951013851337389
6,"20MA, 50MA, MACD, ATR, Williams_%R, OBV",64,0.7,0.001,64,60,1,150,tanh,0.012255084616921633,2.279401380127037,0.911536946544377,91.9831223628692,1.1406726822029614
7,"20MA, 50MA, MACD, ATR, Williams_%R, OBV",64,0.6000000000000001,0.0001,16,60,1,50,sigmoid,0.055013240941775225,12.983606640620376,-0.7826404585219395,5.9071729957805905,0.895305146704425
8,"20MA, 50MA, MACD, ATR, Williams_%R, OBV",64,0.8,0.001,32,60,1,50,tanh,0.015794676738424687,3.1333340506344944,0.8530563643298767,82.70042194092827,1.0382915356262647
9,"20MA, 50MA, MACD, ATR, Williams_%R, OBV",32,0.30000000000000004,0.0005,64,60,1,150,relu,0.02633024733158283,6.010679904030263,0.5916437805106729,42.19409282700422,0.8662200337422948
10,"20MA, 50MA, MACD, ATR, Williams_%R, OBV",32,0.6000000000000001,0.0001,64,60,1,150,tanh,0.02208412310633914,4.523222934014638,0.7127304354584011,68.35443037974683,1.1901114513165
11,"20MA, 50MA, MACD, ATR, Williams_%R, OBV",64,0.8,0.001,64,60,1,100,tanh,0.015528377265778348,3.0358511700239563,0.8579695559549464,82.70042194092827,1.0077578390426678
12,"20MA, 50MA, MACD, ATR, Williams_%R, OBV",64,0.7,0.001,64,60,1,150,tanh,0.015044580827818971,2.9720675578220637,0.8666817878122748,84.38818565400844,0.9409134930912681
13,"20MA, 50MA, MACD, ATR, Williams_%R, OBV",64,0.7,0.001,64,60,1,150,tanh,0.013621520216296541,2.6619560025694584,0.8907099924897249,89.45147679324894,1.0208448865898265
14,"20MA, 50MA, MACD, ATR, Williams_%R, OBV",64,0.6000000000000001,0.001,64,60,1,150,tanh,0.020092791804598904,4.295976167788106,0.7622010866605166,64.9789029535865,0.8894773197942304
15,"20MA, 50MA, MACD, ATR, Williams_%R, OBV",128,0.7,0.0001,16,60,1,150,tanh,0.013309785482006056,2.4803225561232396,0.8956550563228818,88.18565400843882,1.1258671096394388
16,"20MA, 50MA, MACD, ATR, Williams_%R, OBV",128,0.7,0.0001,16,60,1,150,relu,0.017938204483866852,3.568993008087977,0.8104659520947317,75.9493670886076,1.0534731028367303
17,"20MA, 50MA, MACD, ATR, Williams_%R, OBV",128,0.5,0.0001,16,60,1,150,tanh,0.02300092181853452,4.713272423759362,0.6883839768435666,59.07172995780591,0.9380000132242033
18,"20MA, 50MA, MACD, ATR, Williams_%R, OBV",128,0.7,0.0001,16,60,1,150,tanh,0.02396846581654204,5.017967913484194,0.661616038792759,55.69620253164557,0.9748696083775885
19,"20MA, 50MA, MACD, ATR, Williams_%R, OBV",128,0.6000000000000001,0.0001,16,60,1,150,tanh,0.021980875945537885,4.417466679221822,0.7154102280376067,62.869198312236286,1.00984026736404
20,"20MA, 50MA, MACD, ATR, Williams_%R, OBV",128,0.8,0.0001,16,60,1,150,relu,0.016557588723656747,3.2074826388187927,0.8385182382013596,78.48101265822784,1.2117163598601512
21,"20MA, 50MA, MACD, ATR, Williams_%R, OBV",64,0.7,0.001,64,60,1,150,tanh,0.01326981110388804,2.6110906263022895,0.8962808906757963,90.71729957805907,1.0457044341927166
22,"20MA, 50MA, MACD, ATR, Williams_%R, OBV",64,0.7,0.001,64,60,1,150,tanh,0.024366657296725974,5.503106980568975,0.6502794057309964,48.10126582278481,0.8846611709040281
23,"20MA, 50MA, MACD, ATR, Williams_%R, OBV",32,0.6000000000000001,0.0005,32,60,1,150,tanh,0.018828603831358873,3.720618415861696,0.7911831536758339,72.9957805907173,1.0064113852899932
24,"20MA, 50MA, MACD, ATR, Williams_%R, OBV",64,0.7,0.001,64,60,1,150,tanh,0.01433735184995876,2.801092563353369,0.8789214576678875,87.76371308016878,1.0655140154386513
0,"20MA, 50MA, MACD, ATR, Williams_%R, OBV",64,0.7,0.0001,64,60,30,150,tanh,0.03781055158930275,7.906037826731072,0.2294626066219908,35.47008547008547,1.3653836680892246
1,"20MA, 50MA, MACD, ATR, Williams_%R, OBV",64,0.2,0.0001,16,60,30,150,sigmoid,0.08581541581035627,19.585320165377645,-2.969157347096977,9.82905982905983,1.0545071230688698
2,"20MA, 50MA, MACD, ATR, Williams_%R, OBV",128,0.6000000000000001,0.0005,32,60,30,150,tanh,0.08743931465009949,20.667233563531802,-3.1207966454146794,2.1367521367521367,1.0
3,"20MA, 50MA, MACD, ATR, Williams_%R, OBV",64,0.7,0.001,16,60,30,150,relu,0.07314590274862924,16.736576715298636,-1.8836842265464426,6.41025641025641,1.0
4,"20MA, 50MA, MACD, ATR, Williams_%R, OBV",32,0.2,0.001,64,60,30,50,tanh,0.04561101593500658,9.433973996558835,-0.12126220909482077,34.61538461538461,0.9646964850333074
5,"20MA, 50MA, MACD, ATR, Williams_%R, OBV",64,0.30000000000000004,0.0001,16,60,30,100,sigmoid,0.07769083258827805,17.70264817647087,-2.2531736411299543,6.837606837606838,1.041480718349987
6,"20MA, 50MA, MACD, ATR, Williams_%R, OBV",32,0.8,0.001,32,60,30,150,relu,0.05181179547466974,10.976068286234133,-0.4468548966042565,22.64957264957265,1.0
7,"20MA, 50MA, MACD, ATR, Williams_%R, OBV",32,0.8,0.0001,32,60,30,50,tanh,0.04672160534654949,9.880094137210047,-0.17653054483401132,26.06837606837607,0.9124959427425494
8,"20MA, 50MA, MACD, ATR, Williams_%R, OBV",32,0.7,0.001,64,60,30,50,tanh,0.04544019309150852,9.55103093569027,-0.11287921119805966,32.47863247863248,0.9516085577606036
9,"20MA, 50MA, MACD, ATR, Williams_%R, OBV",128,0.7,0.0005,32,60,30,150,tanh,0.0588670082643954,12.93210660766118,-0.8677193697670957,16.666666666666664,1.0
10,"20MA, 50MA, MACD, ATR, Williams_%R, OBV",64,0.4,0.0001,64,60,30,100,relu,0.04025009754213061,8.148134960256606,0.12682444727958653,36.75213675213676,1.1981428154580904
11,"20MA, 50MA, MACD, ATR, Williams_%R, OBV",64,0.4,0.0001,64,60,30,100,relu,0.04039737771007791,8.315602899835607,0.12042263787573726,36.324786324786324,1.2031958288408262
12,"20MA, 50MA, MACD, ATR, Williams_%R, OBV",64,0.5,0.0001,64,60,30,100,relu,0.040550482239874064,8.434240723399485,0.1137428740873403,32.9059829059829,1.3509976710941511
13,"20MA, 50MA, MACD, ATR, Williams_%R, OBV",64,0.5,0.0001,64,60,30,100,relu,0.04045892703635481,8.25862465070326,0.11774035308866848,35.47008547008547,1.320952453276915
14,"20MA, 50MA, MACD, ATR, Williams_%R, OBV",64,0.4,0.0001,64,60,30,100,sigmoid,0.05564719128846407,11.324182036958694,-0.6689917545328286,22.64957264957265,1.2174174217225946
15,"20MA, 50MA, MACD, ATR, Williams_%R, OBV",64,0.6000000000000001,0.0001,64,60,30,150,tanh,0.03915405680007818,8.20798853192987,0.1737314427846165,35.04273504273504,1.1405322146838428
16,"20MA, 50MA, MACD, ATR, Williams_%R, OBV",128,0.6000000000000001,0.0005,64,60,30,150,tanh,0.043703647094237,9.264196989207177,-0.029444777291825153,29.914529914529915,1.0376077607926901
17,"20MA, 50MA, MACD, ATR, Williams_%R, OBV",64,0.6000000000000001,0.0001,64,60,30,150,tanh,0.037479995656685285,7.870029587352147,0.24287644604962622,35.47008547008547,1.2256111713716868
18,"20MA, 50MA, MACD, ATR, Williams_%R, OBV",64,0.7,0.0001,64,60,30,150,tanh,0.039201545832655296,8.180430884956083,0.17172590397287568,33.76068376068376,1.2128617943705655
19,"20MA, 50MA, MACD, ATR, Williams_%R, OBV",128,0.6000000000000001,0.0005,16,60,30,150,tanh,0.07115344675367616,16.03460184680456,-1.7287237992876223,7.6923076923076925,1.0
20,"20MA, 50MA, MACD, ATR, Williams_%R, OBV",64,0.8,0.0001,64,60,30,150,tanh,0.03805061903654084,8.012897181614317,0.21964692399197372,34.18803418803419,1.4222682700456222
21,"20MA, 50MA, MACD, ATR, Williams_%R, OBV",64,0.8,0.0001,64,60,30,150,tanh,0.03768998278874032,7.861392355933212,0.23436889034756136,35.04273504273504,1.2190570188762786
22,"20MA, 50MA, MACD, ATR, Williams_%R, OBV",64,0.8,0.0001,64,60,30,150,tanh,0.0391096523714591,8.137537795910541,0.17560451450175918,34.61538461538461,1.2190570188762786
23,"20MA, 50MA, MACD, ATR, Williams_%R, OBV",64,0.7,0.0001,64,60,30,150,tanh,0.03957562238366709,8.219256591379345,0.15584304996364196,32.9059829059829,1.1319798710689866
24,"20MA, 50MA, MACD, ATR, Williams_%R, OBV",64,0.6000000000000001,0.0001,64,60,30,150,tanh,0.037437193449712976,8.006920145275854,0.24460473092931467,35.47008547008547,1.1521063657374133
0,"20MA, 50MA, Upper_BB, Lower_BB, CCI, ATR",64,0.4,0.0001,32,60,1,50,sigmoid,0.07329654849647511,17.24764808790902,-2.1644362141870506,2.109704641350211,1.0775420480718905
1,"20MA, 50MA, Upper_BB, Lower_BB, CCI, ATR",128,0.4,0.0001,16,60,1,100,sigmoid,0.031260640699317284,6.5100440880246095,0.42439435179486573,43.88185654008439,0.8918704828392409
2,"20MA, 50MA, Upper_BB, Lower_BB, CCI, ATR",128,0.5,0.0005,64,60,1,150,sigmoid,0.03404357947974513,7.881682872975309,0.31734742646155456,20.253164556962027,0.908913581300126
3,"20MA, 50MA, Upper_BB, Lower_BB, CCI, ATR",32,0.8,0.0001,64,60,1,150,relu,0.023351571441437582,4.612094259173452,0.6788103659357089,59.91561181434599,1.1385764587197669
4,"20MA, 50MA, Upper_BB, Lower_BB, CCI, ATR",128,0.8,0.001,64,60,1,100,relu,0.018065478377606192,3.681974549444985,0.8077668733468664,76.37130801687763,0.8963672553925252
5,"20MA, 50MA, Upper_BB, Lower_BB, CCI, ATR",32,0.2,0.0001,32,60,1,50,relu,0.033647100986389386,7.243542708895968,0.3331554586472083,38.39662447257383,0.9372613288759735
6,"20MA, 50MA, Upper_BB, Lower_BB, CCI, ATR",32,0.6000000000000001,0.001,64,60,1,50,tanh,0.039710058537563105,9.354668592452255,0.07118258052791437,13.080168776371309,0.895305146704425
7,"20MA, 50MA, Upper_BB, Lower_BB, CCI, ATR",64,0.8,0.001,32,60,1,150,tanh,0.017944526424857266,3.5753322068205815,0.8103323340158649,73.41772151898735,0.8814700958477215
8,"20MA, 50MA, Upper_BB, Lower_BB, CCI, ATR",64,0.7,0.0001,32,60,1,100,sigmoid,0.05485918089024146,13.120216315210515,-0.7726701629456023,5.9071729957805905,1.0
9,"20MA, 50MA, Upper_BB, Lower_BB, CCI, ATR",128,0.4,0.0001,32,60,1,100,sigmoid,0.03221079676303865,6.834917094423868,0.3888719292820899,39.24050632911392,0.9488907769153769
10,"20MA, 50MA, Upper_BB, Lower_BB, CCI, ATR",64,0.2,0.001,16,60,1,150,tanh,0.016026108580253055,3.2327484298766933,0.8487186264752511,79.74683544303798,0.9212315564441925
11,"20MA, 50MA, Upper_BB, Lower_BB, CCI, ATR",64,0.2,0.001,16,60,1,150,tanh,0.014393028635388888,2.911714059851174,0.8779792539197778,84.38818565400844,0.9018818142384358
12,"20MA, 50MA, Upper_BB, Lower_BB, CCI, ATR",64,0.2,0.001,16,60,1,150,tanh,0.011791633145943909,2.270464174050476,0.9181012608640989,91.9831223628692,1.0048004559561152
13,"20MA, 50MA, Upper_BB, Lower_BB, CCI, ATR",64,0.30000000000000004,0.001,16,60,1,150,tanh,0.014386797068331285,2.9654582646269354,0.878084890596357,86.07594936708861,0.8669208043568911
14,"20MA, 50MA, Upper_BB, Lower_BB, CCI, ATR",64,0.30000000000000004,0.0005,16,60,1,150,tanh,0.015600876047944086,3.263401836533903,0.8566402384855485,81.85654008438819,0.8723348160028372
15,"20MA, 50MA, Upper_BB, Lower_BB, CCI, ATR",64,0.30000000000000004,0.001,16,60,1,150,tanh,0.013173659111456161,2.567436229131783,0.8977785258544787,89.0295358649789,1.04821205900949
16,"20MA, 50MA, Upper_BB, Lower_BB, CCI, ATR",64,0.30000000000000004,0.001,16,60,1,150,tanh,0.014842541089722239,2.83320230388153,0.8692113726682652,86.19246861924687,0.9333854323319425
17,"20MA, 50MA, Upper_BB, Lower_BB, CCI, ATR",64,0.5,0.001,16,60,1,150,tanh,0.017141709643165543,3.5983236313852416,0.8269237144062211,75.52742616033755,1.0
18,"20MA, 50MA, Upper_BB, Lower_BB, CCI, ATR",64,0.30000000000000004,0.0005,16,60,1,150,tanh,0.014602975752143855,2.770321437471718,0.8743935257028099,86.07594936708861,1.1091630383283972
19,"20MA, 50MA, Upper_BB, Lower_BB, CCI, ATR",32,0.2,0.001,16,60,1,50,tanh,0.01871802199453147,3.8019946793661767,0.793628745711835,70.46413502109705,1.0789147191874613
20,"20MA, 50MA, Upper_BB, Lower_BB, CCI, ATR",64,0.6000000000000001,0.001,16,60,1,150,relu,0.012309680810513904,2.328723305399838,0.9107469880313726,90.71729957805907,1.1010177553147895
21,"20MA, 50MA, Upper_BB, Lower_BB, CCI, ATR",64,0.6000000000000001,0.001,16,60,1,150,relu,0.016825436161232797,3.4750161315791415,0.8319315773196476,75.73221757322176,0.9887674509518515
22,"20MA, 50MA, Upper_BB, Lower_BB, CCI, ATR",64,0.6000000000000001,0.001,16,60,1,150,relu,0.012692064757542082,2.4230241298516675,0.905115809710821,90.29535864978902,1.0901450434756432
23,"20MA, 50MA, Upper_BB, Lower_BB, CCI, ATR",64,0.6000000000000001,0.001,16,60,1,150,relu,0.01202220804646602,2.242853253205671,0.9148670317646703,92.40506329113924,1.4363504445204192
24,"20MA, 50MA, Upper_BB, Lower_BB, CCI, ATR",64,0.7,0.001,16,60,1,150,relu,0.018320088680573346,4.001544784739162,0.8023101188054125,71.72995780590718,0.9243301981700933
0,"20MA, 50MA, Upper_BB, Lower_BB, CCI, ATR",32,0.8,0.0001,64,60,30,50,relu,0.05060752998751989,10.57158709166009,-0.3803778303864178,23.504273504273502,1.0303485238633217
1,"20MA, 50MA, Upper_BB, Lower_BB, CCI, ATR",128,0.5,0.0005,32,60,30,50,tanh,0.06573023279752165,14.71974426743036,-1.3286168423301463,10.256410256410255,1.0
2,"20MA, 50MA, Upper_BB, Lower_BB, CCI, ATR",64,0.30000000000000004,0.001,64,60,30,50,relu,0.047780949840857595,10.028816501868494,-0.23048762726641625,28.205128205128204,0.9253999391453895
3,"20MA, 50MA, Upper_BB, Lower_BB, CCI, ATR",64,0.4,0.0001,64,60,30,100,relu,0.04579388651759453,9.57276064286926,-0.1302713012915655,26.495726495726498,1.0708306925509408
4,"20MA, 50MA, Upper_BB, Lower_BB, CCI, ATR",64,0.5,0.0005,32,60,30,150,relu,0.05475422355633503,11.761070624875185,-0.6158570710054916,21.367521367521366,0.9286757997830537
5,"20MA, 50MA, Upper_BB, Lower_BB, CCI, ATR",64,0.5,0.001,16,60,30,100,sigmoid,0.19451675386109638,49.710116225227395,-19.393028216099847,0.0,1.0
6,"20MA, 50MA, Upper_BB, Lower_BB, CCI, ATR",128,0.5,0.0001,64,60,30,100,sigmoid,0.054621103366039654,11.726048079998955,-0.6080095770956186,18.803418803418804,0.9228115714904701
7,"20MA, 50MA, Upper_BB, Lower_BB, CCI, ATR",64,0.30000000000000004,0.0001,64,60,30,50,relu,0.04677885340019567,9.89001082271522,-0.1794155205439616,25.213675213675213,1.1522432121230333
8,"20MA, 50MA, Upper_BB, Lower_BB, CCI, ATR",128,0.30000000000000004,0.0001,64,60,30,50,tanh,0.05501409655934199,12.165619699807513,-0.6312317436037169,15.384615384615385,1.0
9,"20MA, 50MA, Upper_BB, Lower_BB, CCI, ATR",32,0.2,0.0001,64,60,30,50,tanh,0.04366519734742668,9.170389161972395,-0.027634197080530276,29.059829059829063,1.0192687369317228
10,"20MA, 50MA, Upper_BB, Lower_BB, CCI, ATR",32,0.8,0.0005,16,60,30,150,tanh,0.0555484394133024,12.074510978520149,-0.6630734028699796,17.094017094017094,1.0
11,"20MA, 50MA, Upper_BB, Lower_BB, CCI, ATR",32,0.2,0.0001,64,60,30,100,tanh,0.040452196411053236,8.36337741851975,0.11803386879013933,36.324786324786324,1.136016568567362
12,"20MA, 50MA, Upper_BB, Lower_BB, CCI, ATR",32,0.2,0.0001,64,60,30,100,tanh,0.04009605449496794,8.282084064871265,0.1334952005311807,35.04273504273504,1.0434391571008022
13,"20MA, 50MA, Upper_BB, Lower_BB, CCI, ATR",32,0.2,0.0001,64,60,30,100,tanh,0.03969286802631525,8.168356141957474,0.15083388894281202,37.17948717948718,1.1160246137738457
14,"20MA, 50MA, Upper_BB, Lower_BB, CCI, ATR",32,0.7,0.0001,16,60,30,100,tanh,0.05695684365317921,12.306934973350883,-0.7484753817353711,15.81196581196581,1.041480718349987
15,"20MA, 50MA, Upper_BB, Lower_BB, CCI, ATR",32,0.2,0.001,32,60,30,100,tanh,0.053686495404973424,11.687075158539479,-0.5658255366767779,17.796610169491526,1.0
16,"20MA, 50MA, Upper_BB, Lower_BB, CCI, ATR",32,0.4,0.0001,64,60,30,100,tanh,0.04075908599452471,8.473056845851719,0.10460107927457785,35.47008547008547,1.2401225774257656
17,"20MA, 50MA, Upper_BB, Lower_BB, CCI, ATR",32,0.6000000000000001,0.0001,64,60,30,100,sigmoid,0.05560974930970707,11.326439128752972,-0.6667465619476705,23.076923076923077,1.3195171826169514
18,"20MA, 50MA, Upper_BB, Lower_BB, CCI, ATR",32,0.4,0.001,16,60,30,150,tanh,0.05526316774798787,11.91517051874767,-0.6460356786400121,18.37606837606838,1.0
19,"20MA, 50MA, Upper_BB, Lower_BB, CCI, ATR",32,0.2,0.0005,32,60,30,100,tanh,0.05654768857445779,12.613152222061084,-0.7234449210444909,16.666666666666664,1.0594430748967019
20,"20MA, 50MA, Upper_BB, Lower_BB, CCI, ATR",128,0.30000000000000004,0.0001,64,60,30,100,sigmoid,0.057971887418216836,12.415600031155483,-0.8113508269076257,16.23931623931624,1.0446780051839974
21,"20MA, 50MA, Upper_BB, Lower_BB, CCI, ATR",32,0.2,0.0001,64,60,30,100,tanh,0.04033460665435537,8.268188505696765,0.12315395893836889,35.04273504273504,1.1024776652917054
22,"20MA, 50MA, Upper_BB, Lower_BB, CCI, ATR",32,0.2,0.0001,64,60,30,100,tanh,0.0426096069802745,8.75484720037056,0.02145061072104304,33.76068376068376,1.202492665165246
23,"20MA, 50MA, Upper_BB, Lower_BB, CCI, ATR",32,0.30000000000000004,0.0001,64,60,30,100,tanh,0.040853485260654805,8.411738845177785,0.10044873482599181,33.33333333333333,1.0564219636928984
24,"20MA, 50MA, Upper_BB, Lower_BB, CCI, ATR",32,0.2,0.0001,64,60,30,100,tanh,0.039846889696776994,8.189643932857674,0.13741457121376,35.59322033898305,1.0347234201060176
0,"20MA, 50MA, Upper_BB, Lower_BB, CCI, Williams_%R",32,0.7,0.0005,16,60,1,150,sigmoid,0.03921776656713277,8.588076782190026,0.09406922826868136,20.253164556962027,1.040597021320551
1,"20MA, 50MA, Upper_BB, Lower_BB, CCI, Williams_%R",64,0.7,0.0001,32,60,1,100,relu,0.02401176846379786,4.8650497899842176,0.6603922510228422,61.60337552742617,1.1630932285454223
2,"20MA, 50MA, Upper_BB, Lower_BB, CCI, Williams_%R",32,0.4,0.001,64,60,1,100,relu,0.03464717969249518,8.123569499211657,0.29292566428743994,21.09704641350211,0.8846611709040281
3,"20MA, 50MA, Upper_BB, Lower_BB, CCI, Williams_%R",32,0.5,0.0001,16,60,1,100,sigmoid,0.03298731900982986,7.1802646758117525,0.3590512010760646,36.708860759493675,0.9417343052910785
4,"20MA, 50MA, Upper_BB, Lower_BB, CCI, Williams_%R",128,0.30000000000000004,0.001,64,60,1,100,relu,0.01682831748848408,3.482743238553089,0.8331943752389096,79.32489451476793,0.9989842556844113
5,"20MA, 50MA, Upper_BB, Lower_BB, CCI, Williams_%R",32,0.5,0.0001,16,60,1,50,sigmoid,0.057283110284133076,13.289457232142482,-0.9327802476732121,7.172995780590717,1.0
6,"20MA, 50MA, Upper_BB, Lower_BB, CCI, Williams_%R",32,0.2,0.001,16,60,1,100,tanh,0.029701227470703792,6.605573729365995,0.4803892911631762,36.28691983122363,1.0
7,"20MA, 50MA, Upper_BB, Lower_BB, CCI, Williams_%R",32,0.4,0.0001,32,60,1,50,relu,0.029213000642166358,6.213623519459176,0.4973315428774814,45.14767932489451,0.9999242499083115
8,"20MA, 50MA, Upper_BB, Lower_BB, CCI, Williams_%R",32,0.6000000000000001,0.0001,64,60,1,100,sigmoid,0.03767569474027563,7.502236586055319,0.16391229666689155,35.86497890295359,1.2143594760271519
9,"20MA, 50MA, Upper_BB, Lower_BB, CCI, Williams_%R",32,0.5,0.0001,32,60,1,50,sigmoid,0.06114823280438444,14.514073354541265,-1.2024046633149075,7.172995780590717,1.0
10,"20MA, 50MA, Upper_BB, Lower_BB, CCI, Williams_%R",128,0.2,0.001,64,60,1,150,tanh,0.01325577469100153,2.6033796706347827,0.8965001966262516,90.29535864978902,1.0525732114429867
11,"20MA, 50MA, Upper_BB, Lower_BB, CCI, Williams_%R",128,0.2,0.001,64,60,1,150,tanh,0.013234526850027024,2.5777596991902803,0.8968317328652563,89.0295358649789,1.4568928079485932
12,"20MA, 50MA, Upper_BB, Lower_BB, CCI, Williams_%R",128,0.2,0.001,64,60,1,150,tanh,0.012652588912038647,2.4315392221688223,0.9057051241726837,91.13924050632912,1.4061585294452885
13,"20MA, 50MA, Upper_BB, Lower_BB, CCI, Williams_%R",128,0.30000000000000004,0.001,64,60,1,150,tanh,0.016239559674685048,3.2956778084565532,0.8446619689266126,83.12236286919831,0.8989437775895079
14,"20MA, 50MA, Upper_BB, Lower_BB, CCI, Williams_%R",128,0.2,0.0005,64,60,1,150,tanh,0.019145577483306562,3.946280080746773,0.7840932410934826,75.52742616033755,0.8587526931989163
15,"20MA, 50MA, Upper_BB, Lower_BB, CCI, Williams_%R",128,0.30000000000000004,0.001,64,60,1,150,tanh,0.014086153916771035,2.8144971543538837,0.8831270096169375,86.49789029535864,1.1336578324432993
16,"20MA, 50MA, Upper_BB, Lower_BB, CCI, Williams_%R",64,0.4,0.001,64,60,1,150,tanh,0.013404054793639823,2.598755145960986,0.8941717325469452,89.87341772151899,1.1247618183673995
17,"20MA, 50MA, Upper_BB, Lower_BB, CCI, Williams_%R",128,0.8,0.001,64,60,1,150,tanh,0.024259930836192056,5.2998232170935,0.6533362632915752,50.210970464135016,0.8481065693489174
18,"20MA, 50MA, Upper_BB, Lower_BB, CCI, Williams_%R",128,0.2,0.0005,64,60,1,150,tanh,0.013916119816416618,2.691084508515938,0.8859315301359321,88.60759493670885,1.1265708738313878
19,"20MA, 50MA, Upper_BB, Lower_BB, CCI, Williams_%R",128,0.30000000000000004,0.001,32,60,1,150,tanh,0.020832315047801926,4.400327260190021,0.7443743870010859,59.91561181434599,1.006623489042901
20,"20MA, 50MA, Upper_BB, Lower_BB, CCI, Williams_%R",64,0.2,0.001,64,60,1,150,tanh,0.013633636547330739,2.655786962652542,0.8905154792748435,89.0295358649789,1.0969851117307976
21,"20MA, 50MA, Upper_BB, Lower_BB, CCI, Williams_%R",128,0.2,0.001,64,60,1,150,tanh,0.013686767514150464,2.722411883475691,0.8896604831739443,90.29535864978902,0.8561411286008339
22,"20MA, 50MA, Upper_BB, Lower_BB, CCI, Williams_%R",128,0.30000000000000004,0.001,64,60,1,150,tanh,0.013515092019625512,2.647818601219098,0.8924111386515563,88.18565400843882,1.333619712725758
23,"20MA, 50MA, Upper_BB, Lower_BB, CCI, Williams_%R",128,0.2,0.001,64,60,1,150,tanh,0.013403612187408914,2.625248937415856,0.8941787213988952,89.45147679324894,1.1595098924834122
24,"20MA, 50MA, Upper_BB, Lower_BB, CCI, Williams_%R",128,0.4,0.001,64,60,1,150,tanh,0.015230173300174865,3.0881982789090894,0.8633722276577707,83.96624472573839,1.1536616249814118
0,"20MA, 50MA, Upper_BB, Lower_BB, CCI, Williams_%R",64,0.5,0.001,64,60,30,150,relu,0.04570187754718755,9.493657613700067,-0.12573398711024564,27.77777777777778,1.025201070788952
1,"20MA, 50MA, Upper_BB, Lower_BB, CCI, Williams_%R",64,0.6000000000000001,0.001,16,60,30,50,sigmoid,0.18390993699994074,46.827065666183,-17.22963968094962,0.0,1.0
2,"20MA, 50MA, Upper_BB, Lower_BB, CCI, Williams_%R",32,0.5,0.0001,32,60,30,100,tanh,0.04646607014782417,9.533950180628121,-0.16369610546601843,30.76923076923077,0.994817594548658
3,"20MA, 50MA, Upper_BB, Lower_BB, CCI, Williams_%R",64,0.8,0.001,64,60,30,50,relu,0.04986577095061144,10.51224420151549,-0.3402097377223323,24.358974358974358,0.9324430473321649
4,"20MA, 50MA, Upper_BB, Lower_BB, CCI, Williams_%R",32,0.2,0.0005,64,60,30,100,sigmoid,0.038074811505256684,8.27318840319145,0.21865431628378562,34.18803418803419,1.6317576400451623
5,"20MA, 50MA, Upper_BB, Lower_BB, CCI, Williams_%R",128,0.7,0.0005,16,60,30,50,relu,0.08534606935566186,20.09113054635972,-2.9258594024086353,1.7094017094017095,1.0
6,"20MA, 50MA, Upper_BB, Lower_BB, CCI, Williams_%R",32,0.5,0.0001,32,60,30,150,tanh,0.04551606697448128,9.32221748991872,-0.11659878001856394,32.9059829059829,0.9810862071218754
7,"20MA, 50MA, Upper_BB, Lower_BB, CCI, Williams_%R",64,0.4,0.001,16,60,30,100,relu,0.07403364122529907,16.85717287987539,-1.9541049025905486,5.982905982905983,1.0
8,"20MA, 50MA, Upper_BB, Lower_BB, CCI, Williams_%R",64,0.6000000000000001,0.0005,16,60,30,150,relu,0.0615918777836519,13.349259948028621,-1.0446293145604257,16.23931623931624,1.0
9,"20MA, 50MA, Upper_BB, Lower_BB, CCI, Williams_%R",128,0.2,0.0005,32,60,30,50,sigmoid,0.13850812239500823,34.76877818736581,-9.339943782191842,0.0,1.0
10,"20MA, 50MA, Upper_BB, Lower_BB, CCI, Williams_%R",32,0.2,0.0005,64,60,30,100,sigmoid,0.0487777686600015,10.333596212517305,-0.2823646943942544,26.06837606837607,1.1499638573350937
11,"20MA, 50MA, Upper_BB, Lower_BB, CCI, Williams_%R",32,0.30000000000000004,0.0001,32,60,30,150,tanh,0.047717200310111035,9.888431013212038,-0.22720637481732497,28.63247863247863,0.9435922934662775
12,"20MA, 50MA, Upper_BB, Lower_BB, CCI, Williams_%R",32,0.4,0.0001,64,60,30,150,tanh,0.04171775982051972,8.772711545470994,0.06198528301607986,32.9059829059829,1.119151122519592
13,"20MA, 50MA, Upper_BB, Lower_BB, CCI, Williams_%R",32,0.30000000000000004,0.0001,64,60,30,100,sigmoid,0.1363623048182277,33.490517705584125,-9.022045259856986,0.0,1.0
14,"20MA, 50MA, Upper_BB, Lower_BB, CCI, Williams_%R",32,0.30000000000000004,0.0005,64,60,30,150,tanh,0.041856574823053945,8.610558215827632,0.05573244718284065,33.33333333333333,1.0256226842160965
15,"20MA, 50MA, Upper_BB, Lower_BB, CCI, Williams_%R",32,0.4,0.0001,64,60,30,100,sigmoid,0.05538961617291873,11.187589613142896,-0.6535769307930859,25.213675213675213,1.2169661261224156
16,"20MA, 50MA, Upper_BB, Lower_BB, CCI, Williams_%R",32,0.2,0.0005,64,60,30,100,tanh,0.04288661172780137,8.90007024955203,0.008686169341175054,30.76923076923077,0.9493336474721246
17,"20MA, 50MA, Upper_BB, Lower_BB, CCI, Williams_%R",128,0.4,0.0001,64,60,30,150,tanh,0.04315999883263854,8.840797045342958,-0.003992669659711678,37.60683760683761,1.0311979984903694
18,"20MA, 50MA, Upper_BB, Lower_BB, CCI, Williams_%R",32,0.30000000000000004,0.0001,64,60,30,100,sigmoid,0.08260389567156401,18.041864046013288,-2.6776360882068073,7.264957264957266,1.0775420480718905
19,"20MA, 50MA, Upper_BB, Lower_BB, CCI, Williams_%R",32,0.2,0.0005,64,60,30,150,tanh,0.04319767850065637,8.882626629946769,-0.005746452087211029,33.76068376068376,0.9597120726289242
20,"20MA, 50MA, Upper_BB, Lower_BB, CCI, Williams_%R",128,0.4,0.0001,64,60,30,150,sigmoid,0.06316966190946521,13.435788905958148,-1.1507245794605794,16.666666666666664,1.0179903634473777
21,"20MA, 50MA, Upper_BB, Lower_BB, CCI, Williams_%R",32,0.30000000000000004,0.0005,64,60,30,150,tanh,0.04298196869207542,8.752205969415265,0.004272961376374784,32.9059829059829,0.9433148334468362
22,"20MA, 50MA, Upper_BB, Lower_BB, CCI, Williams_%R",32,0.30000000000000004,0.0005,64,60,30,150,tanh,0.04299615813044947,8.833165533068872,0.003615423342597679,31.196581196581196,0.9066102220607006
23,"20MA, 50MA, Upper_BB, Lower_BB, CCI, Williams_%R",32,0.4,0.0005,64,60,30,150,tanh,0.0416975048536363,8.613887293467148,0.062895918906681,36.75213675213676,1.0290677056853885
24,"20MA, 50MA, Upper_BB, Lower_BB, CCI, Williams_%R",32,0.6000000000000001,0.0005,64,60,30,150,tanh,0.04308471186908678,8.890680871252712,-0.000493057274533637,31.62393162393162,0.972253491714681
0,"20MA, 50MA, Upper_BB, Lower_BB, CCI, OBV",32,0.5,0.0001,32,60,1,100,sigmoid,0.03777335702779647,8.038777019248823,0.15957209433782926,27.42616033755274,1.0531174813758266
1,"20MA, 50MA, Upper_BB, Lower_BB, CCI, OBV",32,0.2,0.001,16,60,1,150,tanh,0.016707128977263837,3.393852718843789,0.8355882136984056,76.79324894514767,0.9302815952000818
2,"20MA, 50MA, Upper_BB, Lower_BB, CCI, OBV",32,0.7,0.001,16,60,1,50,relu,0.015815504972871874,3.07095984515656,0.8526685634883459,79.74683544303798,1.029113049588787
3,"20MA, 50MA, Upper_BB, Lower_BB, CCI, OBV",128,0.7,0.0001,16,60,1,100,tanh,0.019226880415707307,3.8106757427855844,0.7822556235627995,72.15189873417721,0.9554393839744618
4,"20MA, 50MA, Upper_BB, Lower_BB, CCI, OBV",128,0.4,0.001,16,60,1,100,tanh,0.014968354654455904,3.0013413337768644,0.8680293285092023,83.12236286919831,0.9116852571838295
5,"20MA, 50MA, Upper_BB, Lower_BB, CCI, OBV",64,0.2,0.0005,16,60,1,50,tanh,0.019592187411361296,3.9588451994926035,0.7739028176797745,67.51054852320675,0.8270073469694503
6,"20MA, 50MA, Upper_BB, Lower_BB, CCI, OBV",32,0.5,0.001,32,60,1,50,relu,0.01664882079902208,3.2240935690303987,0.8367338112616287,80.59071729957806,1.316600092740159
7,"20MA, 50MA, Upper_BB, Lower_BB, CCI, OBV",64,0.30000000000000004,0.0005,64,60,1,150,sigmoid,0.02912443919917807,6.496888805281801,0.5003746787773045,40.92827004219409,0.943585105472271
8,"20MA, 50MA, Upper_BB, Lower_BB, CCI, OBV",32,0.2,0.0001,32,60,1,150,sigmoid,0.03549366572598018,7.724353962019327,0.2579536948379254,28.691983122362867,1.098499152417188
9,"20MA, 50MA, Upper_BB, Lower_BB, CCI, OBV",64,0.6000000000000001,0.0001,64,60,1,150,relu,0.027876738359935475,5.850492476721163,0.5422659550654904,54.008438818565395,1.1515288200097211
10,"20MA, 50MA, Upper_BB, Lower_BB, CCI, OBV",128,0.4,0.001,16,60,1,100,tanh,0.019883167046533527,4.257837997698684,0.7671370367657783,64.9789029535865,0.9114120116899452
11,"20MA, 50MA, Upper_BB, Lower_BB, CCI, OBV",128,0.8,0.001,16,60,1,50,relu,0.015021209083982509,2.9428692853379905,0.8670956855315689,83.54430379746836,0.9794313385916262
12,"20MA, 50MA, Upper_BB, Lower_BB, CCI, OBV",128,0.8,0.001,16,60,1,50,relu,0.014751850245319905,2.8652007701627222,0.8718194038374669,84.38818565400844,0.9390377444615602
13,"20MA, 50MA, Upper_BB, Lower_BB, CCI, OBV",128,0.4,0.001,16,60,1,100,relu,0.01652466412361382,3.4217497453464683,0.8391598094331784,77.63713080168776,0.9030328123744957
14,"20MA, 50MA, Upper_BB, Lower_BB, CCI, OBV",128,0.8,0.001,64,60,1,100,tanh,0.04364657938191894,10.744797467257227,-0.12209525004164101,5.485232067510549,1.041480718349987
15,"20MA, 50MA, Upper_BB, Lower_BB, CCI, OBV",128,0.4,0.001,16,60,1,50,tanh,0.017520704105769048,3.579333492283274,0.8191858526963223,75.9493670886076,0.9649019156170456
16,"20MA, 50MA, Upper_BB, Lower_BB, CCI, OBV",128,0.6000000000000001,0.0005,16,60,1,100,relu,0.022301793455193657,4.7065755010217165,0.7070396296915038,59.07172995780591,0.8613673727181854
17,"20MA, 50MA, Upper_BB, Lower_BB, CCI, OBV",128,0.6000000000000001,0.001,16,60,1,50,relu,0.015494627798431176,3.0318974159702727,0.8585862646674295,81.0126582278481,0.9325036651568622
18,"20MA, 50MA, Upper_BB, Lower_BB, CCI, OBV",128,0.30000000000000004,0.001,32,60,1,100,tanh,0.015277585790549138,3.0816274125770904,0.8625202418252818,88.18565400843882,1.3315990886257716
19,"20MA, 50MA, Upper_BB, Lower_BB, CCI, OBV",128,0.7,0.0005,64,60,1,50,sigmoid,0.07129396545949507,16.999221653739248,-1.9938831086160764,2.109704641350211,1.0775420480718905
20,"20MA, 50MA, Upper_BB, Lower_BB, CCI, OBV",64,0.30000000000000004,0.001,16,60,1,100,relu,0.01520953887940144,2.9962144998625635,0.8637421939194411,82.27848101265823,0.8631358025470305
21,"20MA, 50MA, Upper_BB, Lower_BB, CCI, OBV",128,0.8,0.001,16,60,1,50,relu,0.01654906188139029,3.3365147108530264,0.8386845154278965,79.32489451476793,0.891748898510256
22,"20MA, 50MA, Upper_BB, Lower_BB, CCI, OBV",128,0.8,0.001,16,60,1,50,relu,0.015546213928760861,3.100253125673727,0.8576430821598492,81.85654008438819,0.8202018093532364
23,"20MA, 50MA, Upper_BB, Lower_BB, CCI, OBV",128,0.5,0.001,16,60,1,50,relu,0.026375730619137266,5.614738202360067,0.590231759947378,46.835443037974684,1.0895467217868824
24,"20MA, 50MA, Upper_BB, Lower_BB, CCI, OBV",128,0.7,0.001,16,60,1,50,relu,0.014519857474583163,2.804329439738842,0.8758193284767449,83.96624472573839,0.9403922710417286
0,"20MA, 50MA, Upper_BB, Lower_BB, CCI, OBV",32,0.5,0.0001,64,60,30,100,tanh,0.03662006605830168,7.545142066088135,0.27722031043279205,38.46153846153847,1.2275370263133192
1,"20MA, 50MA, Upper_BB, Lower_BB, CCI, OBV",32,0.4,0.001,64,60,30,150,relu,0.04277353359921346,8.792251656638165,0.013906825763542852,31.196581196581196,1.0130508324682155
2,"20MA, 50MA, Upper_BB, Lower_BB, CCI, OBV",128,0.2,0.0005,32,60,30,50,sigmoid,0.15059499615023894,37.96335599649813,-11.223308611009946,0.0,1.0
3,"20MA, 50MA, Upper_BB, Lower_BB, CCI, OBV",128,0.2,0.001,16,60,30,50,relu,0.09376845097303074,22.298435814197482,-3.7389396357901035,0.8547008547008548,1.0
4,"20MA, 50MA, Upper_BB, Lower_BB, CCI, OBV",32,0.8,0.0001,16,60,30,150,sigmoid,0.05581387604081608,11.651409912810946,-0.679005274427952,25.213675213675213,1.0604835690400802
5,"20MA, 50MA, Upper_BB, Lower_BB, CCI, OBV",32,0.8,0.0005,64,60,30,100,tanh,0.041549294039764116,8.523986634334939,0.06954581911382407,32.47863247863248,1.030580407802504
6,"20MA, 50MA, Upper_BB, Lower_BB, CCI, OBV",32,0.5,0.0005,32,60,30,150,relu,0.04174108582265343,8.541170670292095,0.06093602963356326,31.62393162393162,0.9687247570913909
7,"20MA, 50MA, Upper_BB, Lower_BB, CCI, OBV",64,0.4,0.0001,16,60,30,150,sigmoid,0.07668468182993604,17.507264316995723,-2.169457506049611,4.700854700854701,1.0096926865373226
8,"20MA, 50MA, Upper_BB, Lower_BB, CCI, OBV",64,0.5,0.001,32,60,30,150,tanh,0.05253070382694896,11.065271566515976,-0.4872847771165456,24.786324786324787,1.0775420480718905
9,"20MA, 50MA, Upper_BB, Lower_BB, CCI, OBV",128,0.5,0.0005,32,60,30,50,tanh,0.06993894678265138,15.83806207770206,-1.6363670149659937,6.41025641025641,1.0
10,"20MA, 50MA, Upper_BB, Lower_BB, CCI, OBV",32,0.7,0.0001,64,60,30,100,tanh,0.036962174877941664,7.517674932975246,0.2636526497384706,38.46153846153847,1.3032554291418927
11,"20MA, 50MA, Upper_BB, Lower_BB, CCI, OBV",32,0.7,0.0001,64,60,30,100,tanh,0.0368907733815297,7.5353406401347165,0.2664947725765485,38.46153846153847,1.2502481505606196
12,"20MA, 50MA, Upper_BB, Lower_BB, CCI, OBV",32,0.6000000000000001,0.0001,64,60,30,100,tanh,0.036992476680436634,7.622668226160487,0.2565700045581293,37.71186440677966,1.1915532977908974
13,"20MA, 50MA, Upper_BB, Lower_BB, CCI, OBV",32,0.7,0.0001,64,60,30,100,tanh,0.03577953743569601,7.497726310903599,0.31001899213988016,38.034188034188034,1.5351166009613841
14,"20MA, 50MA, Upper_BB, Lower_BB, CCI, OBV",32,0.6000000000000001,0.0001,64,60,30,100,tanh,0.035954798065642925,7.504618684603692,0.3032429025177745,38.034188034188034,1.4246040837628624
15,"20MA, 50MA, Upper_BB, Lower_BB, CCI, OBV",64,0.7,0.0001,64,60,30,100,tanh,0.03769356917702779,7.7116927527850265,0.23422317624096722,36.75213675213676,1.1391022294426996
16,"20MA, 50MA, Upper_BB, Lower_BB, CCI, OBV",32,0.6000000000000001,0.0001,64,60,30,100,tanh,0.035135094455286175,7.366333406559818,0.33465033240774444,39.743589743589745,1.3944422185532288
17,"20MA, 50MA, Upper_BB, Lower_BB, CCI, OBV",32,0.6000000000000001,0.0001,64,60,30,100,tanh,0.0361222726770491,7.446467246085223,0.2967369063891535,38.88888888888889,1.2511564138096487
18,"20MA, 50MA, Upper_BB, Lower_BB, CCI, OBV",128,0.8,0.0001,64,60,30,100,sigmoid,0.05666507224485317,11.95550869177167,-0.7306075220569808,19.65811965811966,1.0446780051839974
19,"20MA, 50MA, Upper_BB, Lower_BB, CCI, OBV",64,0.4,0.001,16,60,30,100,relu,0.08001613019677228,18.500494500808788,-2.4508237720236137,2.1367521367521367,1.0
20,"20MA, 50MA, Upper_BB, Lower_BB, CCI, OBV",32,0.7,0.0001,64,60,30,50,tanh,0.04218371417966074,8.64488991074151,0.0409145005664211,33.33333333333333,1.1052533329655996
21,"20MA, 50MA, Upper_BB, Lower_BB, CCI, OBV",32,0.6000000000000001,0.0001,64,60,30,100,tanh,0.03581081971332544,7.402408407822586,0.30881195512450876,38.88888888888889,1.4669578343132943
22,"20MA, 50MA, Upper_BB, Lower_BB, CCI, OBV",32,0.6000000000000001,0.0001,64,60,30,100,tanh,0.03732590465792086,7.542434653241541,0.24908915227107198,39.743589743589745,1.2609647049535646
23,"20MA, 50MA, Upper_BB, Lower_BB, CCI, OBV",32,0.6000000000000001,0.0001,64,60,30,100,tanh,0.03441489863926438,7.169386313251426,0.36164732445752434,39.743589743589745,1.6102224765896962
24,"20MA, 50MA, Upper_BB, Lower_BB, CCI, OBV",32,0.7,0.0001,64,60,30,100,tanh,0.03662349771020088,7.484999345734206,0.2770848412883209,39.743589743589745,1.3313997630295302
0,"20MA, 50MA, Upper_BB, Lower_BB, ATR, Williams_%R",32,0.30000000000000004,0.0001,64,60,1,100,sigmoid,0.13363688123054387,33.23547817798528,-9.519181790798307,0.0,1.0
1,"20MA, 50MA, Upper_BB, Lower_BB, ATR, Williams_%R",32,0.4,0.0005,64,60,1,50,tanh,0.026949063642432665,5.936248860464084,0.5722237615604269,45.9915611814346,0.9558260332176817
2,"20MA, 50MA, Upper_BB, Lower_BB, ATR, Williams_%R",128,0.30000000000000004,0.0005,16,60,1,150,sigmoid,0.04586307085554978,10.084222061653378,-0.23895507254707993,15.18987341772152,1.111466173065864
3,"20MA, 50MA, Upper_BB, Lower_BB, ATR, Williams_%R",32,0.2,0.0005,16,60,1,50,sigmoid,0.14426825816181418,36.159385777652275,-11.259446814840947,0.0,1.0
4,"20MA, 50MA, Upper_BB, Lower_BB, ATR, Williams_%R",32,0.2,0.0005,64,60,1,100,relu,0.04032068135673772,9.14289086282999,0.042398049424546724,20.675105485232066,0.8662200337422948
5,"20MA, 50MA, Upper_BB, Lower_BB, ATR, Williams_%R",32,0.4,0.001,16,60,1,150,relu,0.015771577054162527,3.1109219743654557,0.8534858595994744,79.32489451476793,0.975557244664807
6,"20MA, 50MA, Upper_BB, Lower_BB, ATR, Williams_%R",128,0.8,0.001,16,60,1,50,sigmoid,0.15733791766771243,39.737772166166046,-13.581294897761264,0.0,1.0
7,"20MA, 50MA, Upper_BB, Lower_BB, ATR, Williams_%R",128,0.30000000000000004,0.0005,32,60,1,150,relu,0.01990783565302998,4.054320062251429,0.7665588624465364,66.66666666666666,1.1141620827598455
8,"20MA, 50MA, Upper_BB, Lower_BB, ATR, Williams_%R",64,0.30000000000000004,0.0001,16,60,1,100,tanh,0.032902956083514276,6.74274466409866,0.3623253788327191,45.14767932489451,1.0034502916385355
9,"20MA, 50MA, Upper_BB, Lower_BB, ATR, Williams_%R",32,0.2,0.0001,64,60,1,50,tanh,0.024363681746247024,5.123601601541599,0.650364813239432,59.91561181434599,1.3350195217313614
10,"20MA, 50MA, Upper_BB, Lower_BB, ATR, Williams_%R",64,0.6000000000000001,0.001,32,60,1,150,relu,0.02329998091560815,4.762963414239492,0.6802280039530264,60.337552742616026,0.9992605775052532
11,"20MA, 50MA, Upper_BB, Lower_BB, ATR, Williams_%R",128,0.5,0.001,32,60,1,150,relu,0.018600328035013155,3.5831387570759565,0.7962158021603348,75.52742616033755,1.3719926089749503
12,"20MA, 50MA, Upper_BB, Lower_BB, ATR, Williams_%R",128,0.6000000000000001,0.001,32,60,1,150,relu,0.02196782694490207,4.518154445485245,0.7157480225665449,61.18143459915611,0.9992714713805743
13,"20MA, 50MA, Upper_BB, Lower_BB, ATR, Williams_%R",128,0.5,0.001,32,60,1,150,relu,0.02043589247851025,4.020408300355877,0.7540105308600076,69.62025316455697,0.9129434948152426
14,"20MA, 50MA, Upper_BB, Lower_BB, ATR, Williams_%R",64,0.5,0.001,16,60,1,150,relu,0.016286015891517274,3.312910058376512,0.8437719522837663,78.05907172995781,1.0875917895894298
15,"20MA, 50MA, Upper_BB, Lower_BB, ATR, Williams_%R",64,0.7,0.001,16,60,1,150,relu,0.011567403378945395,2.251965327697623,0.9211864194194916,91.9831223628692,1.5495998505011679
16,"20MA, 50MA, Upper_BB, Lower_BB, ATR, Williams_%R",64,0.8,0.001,16,60,1,150,relu,0.016356696358933855,3.435425374073476,0.8424129663962912,78.48101265822784,1.0096926865373226
17,"20MA, 50MA, Upper_BB, Lower_BB, ATR, Williams_%R",64,0.7,0.001,16,60,1,150,relu,0.01152616023106614,2.131723032047651,0.9217474312988085,93.67088607594937,1.517164290380949
18,"20MA, 50MA, Upper_BB, Lower_BB, ATR, Williams_%R",64,0.7,0.001,16,60,1,150,relu,0.013879991302920702,2.8317368221966346,0.8865230419585325,88.18565400843882,1.110567725561446
19,"20MA, 50MA, Upper_BB, Lower_BB, ATR, Williams_%R",64,0.7,0.001,16,60,1,100,tanh,0.020865122988653763,4.369279446952761,0.7435686048510495,60.337552742616026,1.0702372154396453
20,"20MA, 50MA, Upper_BB, Lower_BB, ATR, Williams_%R",64,0.7,0.0001,16,60,1,150,relu,0.024197310239191576,5.0201868485104075,0.6551235951015353,54.85232067510548,0.9357294618751691
21,"20MA, 50MA, Upper_BB, Lower_BB, ATR, Williams_%R",64,0.7,0.001,16,60,1,150,relu,0.014297879768755264,2.9318035914428666,0.8795872212315438,86.49789029535864,1.0743409412663203
22,"20MA, 50MA, Upper_BB, Lower_BB, ATR, Williams_%R",64,0.6000000000000001,0.001,16,60,1,150,relu,0.011183582501086359,2.0930987661932234,0.9263299119388387,94.51476793248945,1.9496820161706043
23,"20MA, 50MA, Upper_BB, Lower_BB, ATR, Williams_%R",64,0.6000000000000001,0.001,16,60,1,150,relu,0.014987542735637568,3.0778661398743643,0.8676907626369063,81.43459915611815,1.0631021352074652
24,"20MA, 50MA, Upper_BB, Lower_BB, ATR, Williams_%R",64,0.8,0.001,16,60,1,150,relu,0.020546228097025096,4.360455868669415,0.7513471120787216,65.82278481012658,1.0
0,"20MA, 50MA, Upper_BB, Lower_BB, ATR, Williams_%R",128,0.6000000000000001,0.0001,32,60,30,50,tanh,0.05867204060076667,12.749820547571336,-0.8553680759533717,15.384615384615385,1.0595251710181364
1,"20MA, 50MA, Upper_BB, Lower_BB, ATR, Williams_%R",128,0.5,0.0005,32,60,30,150,sigmoid,0.24587493129492485,63.66353442399226,-31.58338474273986,0.0,1.0
2,"20MA, 50MA, Upper_BB, Lower_BB, ATR, Williams_%R",64,0.5,0.001,16,60,30,100,sigmoid,0.22147013448152825,56.995787447266075,-25.43613933187231,0.0,1.0
3,"20MA, 50MA, Upper_BB, Lower_BB, ATR, Williams_%R",128,0.7,0.001,64,60,30,100,relu,0.05422229789707971,11.7610946439876,-0.5846141540122818,20.51282051282051,1.105789122388121
4,"20MA, 50MA, Upper_BB, Lower_BB, ATR, Williams_%R",128,0.4,0.0005,16,60,30,100,relu,0.06991216936922416,15.707179617916687,-1.634348638126259,8.974358974358974,1.0
5,"20MA, 50MA, Upper_BB, Lower_BB, ATR, Williams_%R",32,0.2,0.0005,16,60,30,50,sigmoid,0.09951732231006559,23.60458085460486,-4.337833924595393,2.9914529914529915,1.0
6,"20MA, 50MA, Upper_BB, Lower_BB, ATR, Williams_%R",32,0.5,0.0001,32,60,30,50,sigmoid,0.062328367628173155,13.366196944703265,-1.0938193030547287,15.384615384615385,1.0269852872816825
7,"20MA, 50MA, Upper_BB, Lower_BB, ATR, Williams_%R",128,0.6000000000000001,0.0001,64,60,30,100,tanh,0.04733223682909773,9.836558586721482,-0.20748501869120628,29.48717948717949,1.0077285125862017
8,"20MA, 50MA, Upper_BB, Lower_BB, ATR, Williams_%R",128,0.4,0.0001,64,60,30,100,relu,0.049573600777863186,10.52359380341758,-0.3245508127781682,26.923076923076923,0.8937066776153335
9,"20MA, 50MA, Upper_BB, Lower_BB, ATR, Williams_%R",128,0.2,0.0005,64,60,30,150,relu,0.04432833743140247,9.411540455429352,-0.05908442067660791,30.34188034188034,0.9108532776014565
10,"20MA, 50MA, Upper_BB, Lower_BB, ATR, Williams_%R",64,0.2,0.0005,64,60,30,150,relu,0.03835257216785656,8.149165327880286,0.20721269876570358,35.8974358974359,0.9713421343332362
11,"20MA, 50MA, Upper_BB, Lower_BB, ATR, Williams_%R",64,0.2,0.0005,64,60,30,150,relu,0.045114338632778306,9.443626656935166,-0.09697538758351776,29.48717948717949,0.9474222287312738
12,"20MA, 50MA, Upper_BB, Lower_BB, ATR, Williams_%R",64,0.30000000000000004,0.0005,64,60,30,150,relu,0.044761268740382165,9.45434196335592,-0.07987246944699011,31.62393162393162,0.9555322067852716
13,"20MA, 50MA, Upper_BB, Lower_BB, ATR, Williams_%R",64,0.30000000000000004,0.0005,64,60,30,150,relu,0.043475140235536516,9.28324694481455,-0.01870790575064185,30.76923076923077,0.9309663153830983
14,"20MA, 50MA, Upper_BB, Lower_BB, ATR, Williams_%R",64,0.30000000000000004,0.0005,64,60,30,150,relu,0.04407710598340915,9.326984686746034,-0.047113688850273006,29.059829059829063,0.9398666649591981
15,"20MA, 50MA, Upper_BB, Lower_BB, ATR, Williams_%R",64,0.30000000000000004,0.0005,64,60,30,150,relu,0.046400157271246634,9.775151459867331,-0.1603970033204587,27.77777777777778,0.9428238331444793
16,"20MA, 50MA, Upper_BB, Lower_BB, ATR, Williams_%R",64,0.8,0.001,64,60,30,150,tanh,0.04504871700376016,9.526700452118824,-0.093786469801042,26.495726495726498,1.1750461679693414
17,"20MA, 50MA, Upper_BB, Lower_BB, ATR, Williams_%R",64,0.4,0.0005,64,60,30,150,relu,0.0501817474552185,10.779325285734153,-0.3572481375287486,22.64957264957265,0.9243951545750113
18,"20MA, 50MA, Upper_BB, Lower_BB, ATR, Williams_%R",64,0.30000000000000004,0.0005,32,60,30,150,relu,0.04612593193865757,9.80792050768422,-0.14672162116031395,23.076923076923077,1.041480718349987
19,"20MA, 50MA, Upper_BB, Lower_BB, ATR, Williams_%R",32,0.2,0.001,16,60,30,150,tanh,0.053636260503599736,11.604117365775382,-0.550546076015695,20.085470085470085,1.0
20,"20MA, 50MA, Upper_BB, Lower_BB, ATR, Williams_%R",64,0.30000000000000004,0.0005,64,60,30,50,relu,0.044199048164365526,9.278046365201178,-0.052915519606759664,29.059829059829063,0.960895667311815
21,"20MA, 50MA, Upper_BB, Lower_BB, ATR, Williams_%R",64,0.30000000000000004,0.0005,64,60,30,150,relu,0.041955396450887084,8.94546705668713,0.05126843108153423,33.33333333333333,0.8337920400727591
22,"20MA, 50MA, Upper_BB, Lower_BB, ATR, Williams_%R",64,0.4,0.0005,64,60,30,150,relu,0.0448075421785555,9.456142266376629,-0.08210633109215615,28.63247863247863,0.8882305973083716
23,"20MA, 50MA, Upper_BB, Lower_BB, ATR, Williams_%R",64,0.2,0.0005,64,60,30,150,relu,0.046677051698385374,9.71387236940162,-0.17428773941871545,29.48717948717949,0.9475836884206623
24,"20MA, 50MA, Upper_BB, Lower_BB, ATR, Williams_%R",64,0.30000000000000004,0.0005,64,60,30,150,relu,0.044327276537301626,9.245786957226008,-0.05903372791282613,32.47863247863248,1.006489006324627
0,"20MA, 50MA, Upper_BB, Lower_BB, ATR, OBV",32,0.2,0.0005,64,60,1,50,sigmoid,0.03423671240733285,7.262780206392916,0.3095799313255799,37.552742616033754,1.0899866681073234
1,"20MA, 50MA, Upper_BB, Lower_BB, ATR, OBV",32,0.6000000000000001,0.0001,16,60,1,50,tanh,0.03678243743236626,7.745564027191638,0.2030881091861082,31.645569620253166,1.1735639972308316
2,"20MA, 50MA, Upper_BB, Lower_BB, ATR, OBV",32,0.5,0.0001,16,60,1,150,relu,0.0490794843377718,11.334858434464024,-0.41882646090990105,9.282700421940929,1.0262160062559367
3,"20MA, 50MA, Upper_BB, Lower_BB, ATR, OBV",128,0.5,0.0001,32,60,1,150,tanh,0.022678119639190263,4.65725285655044,0.6970692351118366,61.18143459915611,1.0546077744025903
4,"20MA, 50MA, Upper_BB, Lower_BB, ATR, OBV",128,0.5,0.001,64,60,1,150,tanh,0.04648061944322465,10.983758573049531,-0.27254489097041557,7.59493670886076,1.111466173065864
5,"20MA, 50MA, Upper_BB, Lower_BB, ATR, OBV",64,0.4,0.0001,32,60,1,50,tanh,0.0393931951135218,8.59120583508896,0.0859462990062998,27.42616033755274,1.1657635788776473
6,"20MA, 50MA, Upper_BB, Lower_BB, ATR, OBV",32,0.2,0.0001,32,60,1,100,sigmoid,0.04498184919932333,9.794807676893742,-0.19180144532671672,23.628691983122362,1.0757005833622888
7,"20MA, 50MA, Upper_BB, Lower_BB, ATR, OBV",128,0.7,0.0001,32,60,1,150,tanh,0.029617294673973695,6.590409856028728,0.48332188092649475,38.39662447257383,1.1051647559843578
8,"20MA, 50MA, Upper_BB, Lower_BB, ATR, OBV",128,0.5,0.0001,64,60,1,150,relu,0.03392756127869617,7.161329298268518,0.3219923651206079,35.86497890295359,1.3137744133078852
9,"20MA, 50MA, Upper_BB, Lower_BB, ATR, OBV",128,0.4,0.0001,32,60,1,100,relu,0.040885706817479585,9.319914615096346,0.01537169236959357,21.940928270042196,1.0354470057199672
10,"20MA, 50MA, Upper_BB, Lower_BB, ATR, OBV",64,0.8,0.0005,32,60,1,150,tanh,0.050913766411343035,12.04156854190813,-0.5268618664071578,3.79746835443038,1.111466173065864
11,"20MA, 50MA, Upper_BB, Lower_BB, ATR, OBV",128,0.8,0.001,32,60,1,150,tanh,0.012805430527277905,2.482635286522028,0.9034132248846718,89.0295358649789,0.9985531023194011
12,"20MA, 50MA, Upper_BB, Lower_BB, ATR, OBV",128,0.8,0.001,32,60,1,150,tanh,0.011759499760631167,2.225431122484507,0.9185470172588955,91.56118143459916,0.8550170917963855
13,"20MA, 50MA, Upper_BB, Lower_BB, ATR, OBV",128,0.8,0.001,32,60,1,150,tanh,0.0153030912145131,3.1461962762027547,0.8620608228381998,83.96624472573839,0.9883206468135469
14,"20MA, 50MA, Upper_BB, Lower_BB, ATR, OBV",128,0.7,0.001,32,60,1,150,tanh,0.01363862221779055,2.8688572914350927,0.8904353900711691,86.49789029535864,1.2223589845204046
15,"20MA, 50MA, Upper_BB, Lower_BB, ATR, OBV",128,0.7,0.001,16,60,1,100,sigmoid,0.15751065485592194,39.781652727216425,-13.61332931824179,0.0,1.0
16,"20MA, 50MA, Upper_BB, Lower_BB, ATR, OBV",64,0.8,0.001,32,60,1,150,tanh,0.012330642039346845,2.3361136202050705,0.9104427647612594,90.71729957805907,0.8583548786021427
17,"20MA, 50MA, Upper_BB, Lower_BB, ATR, OBV",64,0.6000000000000001,0.001,32,60,1,150,tanh,0.017326714868555786,3.6396227211233785,0.8217679020248779,76.56903765690377,0.9682964602046406
18,"20MA, 50MA, Upper_BB, Lower_BB, ATR, OBV",64,0.7,0.001,64,60,1,100,sigmoid,0.02624456357636256,5.120390673311531,0.5942971975179157,64.9789029535865,1.0266167732677771
19,"20MA, 50MA, Upper_BB, Lower_BB, ATR, OBV",64,0.8,0.001,16,60,1,50,relu,0.01473518070724211,2.983748994762554,0.8721089273962027,83.54430379746836,1.0994054026320854
20,"20MA, 50MA, Upper_BB, Lower_BB, ATR, OBV",64,0.6000000000000001,0.0005,32,60,1,150,tanh,0.03240547382193206,7.194678764172235,0.3814624794439916,29.957805907172997,0.9776096562105122
21,"20MA, 50MA, Upper_BB, Lower_BB, ATR, OBV",128,0.8,0.001,32,60,1,150,tanh,0.013704188852325602,2.7655209906576204,0.8893794109017812,88.18565400843882,1.0317519295198334
22,"20MA, 50MA, Upper_BB, Lower_BB, ATR, OBV",128,0.8,0.001,32,60,1,150,tanh,0.011487233580904005,2.251848368616395,0.9222750947317093,91.56118143459916,1.6080037473391493
23,"20MA, 50MA, Upper_BB, Lower_BB, ATR, OBV",64,0.7,0.001,32,60,1,150,tanh,0.01982962349427235,3.958951659018474,0.7683895054698149,68.77637130801688,1.0001541686767854
24,"20MA, 50MA, Upper_BB, Lower_BB, ATR, OBV",128,0.8,0.001,32,60,1,150,tanh,0.013054186600379753,2.5690427601970125,0.8996242207420047,89.0295358649789,1.0619280207037247
0,"20MA, 50MA, Upper_BB, Lower_BB, ATR, OBV",32,0.8,0.001,32,60,30,50,tanh,0.07119553710153559,16.118371592359082,-1.7319530709367221,10.256410256410255,1.0720382721023265
1,"20MA, 50MA, Upper_BB, Lower_BB, ATR, OBV",128,0.5,0.0001,16,60,30,50,sigmoid,0.10636362472116315,25.431855271130217,-5.097530081373896,1.282051282051282,1.0720382721023265
2,"20MA, 50MA, Upper_BB, Lower_BB, ATR, OBV",32,0.6000000000000001,0.0005,32,60,30,150,relu,0.04933985024457029,10.70962454188627,-0.31208915965800554,19.230769230769234,1.1589795132132683
3,"20MA, 50MA, Upper_BB, Lower_BB, ATR, OBV",64,0.7,0.0005,32,60,30,50,sigmoid,0.09426641362065409,22.16475928400079,-3.789406095853148,1.282051282051282,1.0720382721023265
4,"20MA, 50MA, Upper_BB, Lower_BB, ATR, OBV",64,0.6000000000000001,0.0005,16,60,30,100,tanh,0.06933293231942775,15.36343500273244,-1.5908772054861018,11.11111111111111,1.0
5,"20MA, 50MA, Upper_BB, Lower_BB, ATR, OBV",128,0.30000000000000004,0.0001,32,60,30,100,sigmoid,0.06730475057211342,15.63225064653325,-1.441513509376208,8.547008547008547,1.07523691598684
6,"20MA, 50MA, Upper_BB, Lower_BB, ATR, OBV",64,0.8,0.001,32,60,30,50,sigmoid,0.12009257866639485,29.450346775441044,-6.773203434679694,0.4273504273504274,1.0
7,"20MA, 50MA, Upper_BB, Lower_BB, ATR, OBV",64,0.30000000000000004,0.0005,32,60,30,150,relu,0.04089009044320927,8.741848690900468,0.09883599651959574,31.196581196581196,1.159059358195959
8,"20MA, 50MA, Upper_BB, Lower_BB, ATR, OBV",128,0.8,0.0005,16,60,30,50,tanh,0.09014704224502851,21.303790898551746,-3.37996517358308,1.282051282051282,1.0
9,"20MA, 50MA, Upper_BB, Lower_BB, ATR, OBV",32,0.5,0.0005,32,60,30,50,relu,0.059825435815859265,13.139614079031611,-0.9290320153468934,14.102564102564102,1.111466173065864
10,"20MA, 50MA, Upper_BB, Lower_BB, ATR, OBV",64,0.2,0.0001,64,60,30,150,relu,0.04437593868296077,9.222567647776662,-0.061360202482792836,28.63247863247863,1.1558065422249526
11,"20MA, 50MA, Upper_BB, Lower_BB, ATR, OBV",64,0.2,0.0001,64,60,30,150,relu,0.03943941244673245,8.225656411502698,0.16164382764495133,35.8974358974359,1.1535100450449456
12,"20MA, 50MA, Upper_BB, Lower_BB, ATR, OBV",64,0.30000000000000004,0.0001,64,60,30,150,relu,0.039879066549476656,8.383036054723885,0.1428483571634276,35.04273504273504,1.084550728122402
13,"20MA, 50MA, Upper_BB, Lower_BB, ATR, OBV",64,0.2,0.0001,64,60,30,150,relu,0.04201095573701074,8.708258538853269,0.04875405847481695,36.75213675213676,1.158026463139842
14,"20MA, 50MA, Upper_BB, Lower_BB, ATR, OBV",64,0.30000000000000004,0.0001,64,60,30,150,relu,0.042502596527512294,8.792620766731305,0.0263595281752963,34.18803418803419,1.1281065310403182
15,"20MA, 50MA, Upper_BB, Lower_BB, ATR, OBV",64,0.4,0.0001,64,60,30,150,relu,0.04756350990864596,10.099367256421033,-0.21931378697490178,21.794871794871796,0.9819473816787293
16,"20MA, 50MA, Upper_BB, Lower_BB, ATR, OBV",64,0.2,0.0001,64,60,30,150,relu,0.04431130446739575,9.352182724851293,-0.05827068020747839,27.77777777777778,1.1157742551830063
17,"20MA, 50MA, Upper_BB, Lower_BB, ATR, OBV",64,0.4,0.0001,64,60,30,150,relu,0.04401167540944839,9.079928290053987,-0.04400720553448312,32.9059829059829,1.2062772594722158
18,"20MA, 50MA, Upper_BB, Lower_BB, ATR, OBV",32,0.4,0.001,64,60,30,100,relu,0.039692762908996586,8.596110753993852,0.1508383865742976,29.914529914529915,1.036635624704503
19,"20MA, 50MA, Upper_BB, Lower_BB, ATR, OBV",32,0.4,0.001,64,60,30,100,tanh,0.040588071516596845,8.880885739560403,0.11209903643002339,25.64102564102564,1.1305114485197123
20,"20MA, 50MA, Upper_BB, Lower_BB, ATR, OBV",32,0.4,0.001,64,60,30,100,relu,0.03801442089475473,8.086646394163765,0.22113094164751368,32.05128205128205,1.040520050364758
21,"20MA, 50MA, Upper_BB, Lower_BB, ATR, OBV",32,0.4,0.001,64,60,30,100,relu,0.054220483347061664,11.888988318801323,-0.5845080975137096,17.094017094017094,1.041480718349987
22,"20MA, 50MA, Upper_BB, Lower_BB, ATR, OBV",32,0.5,0.001,64,60,30,100,relu,0.03618884530075045,7.773442256676811,0.29414231816409453,34.61538461538461,1.005763034123427
23,"20MA, 50MA, Upper_BB, Lower_BB, ATR, OBV",32,0.6000000000000001,0.001,64,60,30,100,relu,0.04292532558396205,9.354886155785811,0.00689563839109153,26.06837606837607,1.2319547978353782
24,"20MA, 50MA, Upper_BB, Lower_BB, ATR, OBV",32,0.5,0.001,64,60,30,100,relu,0.04356061249201602,9.281759540342906,-0.022717408841773867,29.914529914529915,1.1854069655273856
0,"20MA, 50MA, Upper_BB, Lower_BB, Williams_%R, OBV",64,0.7,0.001,16,60,1,100,relu,0.01830804748691052,3.75502905624236,0.8025699035585783,72.9957805907173,1.0364646825397374
1,"20MA, 50MA, Upper_BB, Lower_BB, Williams_%R, OBV",32,0.5,0.0005,32,60,1,150,relu,0.037483889084647413,8.839057797737082,0.17240361402356574,13.924050632911392,0.9202460426256063
2,"20MA, 50MA, Upper_BB, Lower_BB, Williams_%R, OBV",64,0.6000000000000001,0.001,64,60,1,50,tanh,0.047256830576310235,11.653027480393058,-0.3154019435374642,2.9535864978902953,1.111466173065864
3,"20MA, 50MA, Upper_BB, Lower_BB, Williams_%R, OBV",128,0.2,0.0001,16,60,1,50,relu,0.03148414786591054,6.52521002188837,0.4161340025330904,41.35021097046413,0.9501095648641164
4,"20MA, 50MA, Upper_BB, Lower_BB, Williams_%R, OBV",64,0.6000000000000001,0.0001,64,60,1,100,tanh,0.019447718673833644,3.7068042683784554,0.7772249118501944,76.79324894514767,1.4587162077491833
5,"20MA, 50MA, Upper_BB, Lower_BB, Williams_%R, OBV",32,0.2,0.0001,16,60,1,50,relu,0.037789787078013774,8.342865690983679,0.158840823578145,22.78481012658228,0.9356408470398315
6,"20MA, 50MA, Upper_BB, Lower_BB, Williams_%R, OBV",64,0.5,0.0001,64,60,1,100,tanh,0.020162390163350388,3.8358466011497736,0.7605508353371059,73.83966244725738,1.36679989522151
7,"20MA, 50MA, Upper_BB, Lower_BB, Williams_%R, OBV",32,0.7,0.0001,16,60,1,150,relu,0.03418327673883481,7.2768486809107,0.3117334247257464,37.552742616033754,0.9198832177759976
8,"20MA, 50MA, Upper_BB, Lower_BB, Williams_%R, OBV",128,0.30000000000000004,0.0001,32,60,1,50,sigmoid,0.06398347337797977,15.472786072604281,-1.4113759316718464,2.5316455696202533,1.0
9,"20MA, 50MA, Upper_BB, Lower_BB, Williams_%R, OBV",128,0.7,0.001,16,60,1,100,tanh,0.018168444731945777,3.707325654069354,0.8055693171398246,72.9957805907173,1.1721726507029
10,"20MA, 50MA, Upper_BB, Lower_BB, Williams_%R, OBV",128,0.8,0.001,16,60,1,100,sigmoid,0.14706759747567463,36.86198465058951,-11.739820024173422,0.0,1.0
11,"20MA, 50MA, Upper_BB, Lower_BB, Williams_%R, OBV",64,0.8,0.001,16,60,1,100,tanh,0.024003003040159437,5.063112650426168,0.6606401513354057,54.008438818565395,1.111466173065864
12,"20MA, 50MA, Upper_BB, Lower_BB, Williams_%R, OBV",128,0.7,0.001,16,60,1,100,relu,0.01737483261556089,3.5011804845741046,0.8221841148266977,76.37130801687763,1.1125384048246645
13,"20MA, 50MA, Upper_BB, Lower_BB, Williams_%R, OBV",128,0.7,0.001,16,60,1,100,tanh,0.017786344619549744,3.5984168316336684,0.8136614538526559,75.10548523206751,1.165798069423807
14,"20MA, 50MA, Upper_BB, Lower_BB, Williams_%R, OBV",128,0.5,0.0005,16,60,1,100,sigmoid,0.22420316519395825,58.243247958189016,-28.608252526125458,0.0,1.0
15,"20MA, 50MA, Upper_BB, Lower_BB, Williams_%R, OBV",128,0.6000000000000001,0.001,32,60,1,100,relu,0.01762665427140917,3.5250950845360207,0.8169924234650561,74.68354430379746,0.9833787852964778
16,"20MA, 50MA, Upper_BB, Lower_BB, Williams_%R, OBV",128,0.4,0.001,32,60,1,150,relu,0.01739259272534455,3.4410640217515316,0.8218204113320563,76.79324894514767,1.0540227119028398
17,"20MA, 50MA, Upper_BB, Lower_BB, Williams_%R, OBV",128,0.4,0.001,32,60,1,150,relu,0.019718171076597547,4.093843321484159,0.7709857228959034,66.66666666666666,1.06403666317477
18,"20MA, 50MA, Upper_BB, Lower_BB, Williams_%R, OBV",128,0.4,0.0005,32,60,1,150,relu,0.04156648155612024,9.503814855191756,-0.017690748763707687,17.29957805907173,1.0096926865373226
19,"20MA, 50MA, Upper_BB, Lower_BB, Williams_%R, OBV",128,0.4,0.001,32,60,1,150,relu,0.025380325922573742,5.283884269626094,0.6205769709313251,46.835443037974684,1.2713077936967565
20,"20MA, 50MA, Upper_BB, Lower_BB, Williams_%R, OBV",32,0.4,0.001,32,60,1,150,relu,0.014845472355972724,3.0658032041599315,0.8701872535297895,82.27848101265823,1.233685403129484
21,"20MA, 50MA, Upper_BB, Lower_BB, Williams_%R, OBV",32,0.30000000000000004,0.001,32,60,1,150,relu,0.025980012636022284,5.864345245090679,0.6024351196743867,40.08438818565401,1.0459153766484832
22,"20MA, 50MA, Upper_BB, Lower_BB, Williams_%R, OBV",32,0.30000000000000004,0.001,32,60,1,150,relu,0.015658533576738843,3.1553635357671506,0.8555786258148703,82.27848101265823,0.9343107712677844
23,"20MA, 50MA, Upper_BB, Lower_BB, Williams_%R, OBV",32,0.30000000000000004,0.001,32,60,1,150,relu,0.031564844971799955,6.827141207849487,0.41313714974368787,38.39662447257383,1.1853730584014863
24,"20MA, 50MA, Upper_BB, Lower_BB, Williams_%R, OBV",32,0.30000000000000004,0.001,32,60,1,150,relu,0.043129821165451325,10.347904951835504,-0.09568221426188495,5.9071729957805905,1.041480718349987
0,"20MA, 50MA, Upper_BB, Lower_BB, Williams_%R, OBV",128,0.8,0.0005,64,60,30,150,relu,0.038750115056389534,8.204092916059905,0.19069227447714443,31.196581196581196,1.1873861036668627
1,"20MA, 50MA, Upper_BB, Lower_BB, Williams_%R, OBV",64,0.7,0.001,16,60,30,150,relu,0.0686605765995109,15.228693739735652,-1.540870821038066,10.683760683760683,1.0720382721023265
2,"20MA, 50MA, Upper_BB, Lower_BB, Williams_%R, OBV",64,0.8,0.001,16,60,30,150,sigmoid,0.21320389008647037,54.7617885475203,-23.49954069031144,0.0,1.0
3,"20MA, 50MA, Upper_BB, Lower_BB, Williams_%R, OBV",128,0.4,0.001,16,60,30,150,tanh,0.06636852903602158,14.60110716064209,-1.3740621162568356,12.393162393162394,1.0720382721023265
4,"20MA, 50MA, Upper_BB, Lower_BB, Williams_%R, OBV",32,0.5,0.0001,32,60,30,50,sigmoid,0.06408538750514182,13.177947906909932,-1.2135315825160484,19.230769230769234,1.1842041109062789
5,"20MA, 50MA, Upper_BB, Lower_BB, Williams_%R, OBV",64,0.8,0.001,32,60,30,100,tanh,0.055911081528099746,11.876070219252528,-0.6848586807664434,21.367521367521366,1.0096926865373226
6,"20MA, 50MA, Upper_BB, Lower_BB, Williams_%R, OBV",128,0.6000000000000001,0.0005,32,60,30,50,relu,0.06841254271483481,15.406458142055515,-1.5225463686667573,8.547008547008547,1.0096926865373226
7,"20MA, 50MA, Upper_BB, Lower_BB, Williams_%R, OBV",128,0.4,0.001,32,60,30,100,tanh,0.061165163452154836,13.319910639631654,-1.01639668467093,16.666666666666664,1.0096926865373226
8,"20MA, 50MA, Upper_BB, Lower_BB, Williams_%R, OBV",32,0.6000000000000001,0.0001,16,60,30,150,tanh,0.051130706038895225,10.600591394013367,-0.4090657960606685,28.205128205128204,0.986266514141078
9,"20MA, 50MA, Upper_BB, Lower_BB, Williams_%R, OBV",64,0.7,0.001,32,60,30,150,tanh,0.06478172168836403,14.120697384227318,-1.2618961708003598,13.675213675213676,1.0720382721023265
10,"20MA, 50MA, Upper_BB, Lower_BB, Williams_%R, OBV",128,0.2,0.0005,64,60,30,50,relu,0.057041410517419476,11.547633033170019,-0.7536713455860835,23.076923076923077,1.130723177443161
11,"20MA, 50MA, Upper_BB, Lower_BB, Williams_%R, OBV",32,0.6000000000000001,0.0001,64,60,30,150,relu,0.0374345625323617,7.784808133189351,0.24471089875361973,37.17948717948718,1.3318622766053687
12,"20MA, 50MA, Upper_BB, Lower_BB, Williams_%R, OBV",32,0.7,0.0005,64,60,30,150,relu,0.040598923815153856,8.331309837366312,0.1116241651599873,31.62393162393162,1.2003192414387391
13,"20MA, 50MA, Upper_BB, Lower_BB, Williams_%R, OBV",32,0.5,0.0001,64,60,30,150,relu,0.039050405418074814,8.214386280844705,0.17810036511823968,35.47008547008547,1.3812722861728186
14,"20MA, 50MA, Upper_BB, Lower_BB, Williams_%R, OBV",128,0.8,0.0005,64,60,30,150,relu,0.04454560879062818,9.308223083725576,-0.069491878007921,29.48717948717949,1.0250845583120625
15,"20MA, 50MA, Upper_BB, Lower_BB, Williams_%R, OBV",32,0.2,0.0001,64,60,30,100,relu,0.037072359522323795,7.826245956224991,0.25925598736021105,35.47008547008547,1.273315845453489
16,"20MA, 50MA, Upper_BB, Lower_BB, Williams_%R, OBV",32,0.2,0.0001,64,60,30,100,relu,0.0415246427319093,8.631281352576396,0.07064957352033552,30.76923076923077,1.1709344713782084
17,"20MA, 50MA, Upper_BB, Lower_BB, Williams_%R, OBV",32,0.30000000000000004,0.0001,64,60,30,100,sigmoid,0.04459397401846107,9.201674311568192,-0.07181553237135807,29.48717948717949,1.2742516604267793
18,"20MA, 50MA, Upper_BB, Lower_BB, Williams_%R, OBV",32,0.30000000000000004,0.0001,64,60,30,100,relu,0.03968583528915599,8.160229488238427,0.15113477085474303,34.61538461538461,1.2399239567546116
19,"20MA, 50MA, Upper_BB, Lower_BB, Williams_%R, OBV",32,0.6000000000000001,0.0001,64,60,30,100,relu,0.0389773217254916,8.170674327195462,0.1811738928228055,33.33333333333333,1.419743287629484
20,"20MA, 50MA, Upper_BB, Lower_BB, Williams_%R, OBV",32,0.4,0.0001,64,60,30,100,sigmoid,0.049709651977731834,9.948372962174052,-0.3318310589885629,29.059829059829063,1.1384472885983157
21,"20MA, 50MA, Upper_BB, Lower_BB, Williams_%R, OBV",128,0.5,0.0005,64,60,30,150,relu,0.05006226821966817,10.106581647205108,-0.35079280550921976,27.77777777777778,1.0031749756176411
22,"20MA, 50MA, Upper_BB, Lower_BB, Williams_%R, OBV",32,0.7,0.0005,64,60,30,150,relu,0.04025391891602738,8.423587153595022,0.12665863954921852,32.9059829059829,1.0626543776138828
23,"20MA, 50MA, Upper_BB, Lower_BB, Williams_%R, OBV",128,0.30000000000000004,0.0001,64,60,30,50,relu,0.044496678168251376,9.34144583479271,-0.06714362580115463,27.77777777777778,1.0679829673039087
24,"20MA, 50MA, Upper_BB, Lower_BB, Williams_%R, OBV",32,0.6000000000000001,0.0001,64,60,30,150,relu,0.039163766776006116,8.160002349063149,0.17332157247790014,32.47863247863248,1.2753449048965437
0,"20MA, 50MA, Upper_BB, CCI, ATR, Williams_%R",128,0.5,0.0005,16,60,1,50,sigmoid,0.22667557966177962,58.87933596312481,-29.26486682497819,0.0,1.0
1,"20MA, 50MA, Upper_BB, CCI, ATR, Williams_%R",32,0.7,0.001,64,60,1,150,tanh,0.019828643256613102,4.13900980754855,0.7684124033042203,70.46413502109705,0.8922895525692005
2,"20MA, 50MA, Upper_BB, CCI, ATR, Williams_%R",128,0.2,0.001,64,60,1,100,sigmoid,0.023948543654417506,5.30277278608476,0.6621783224654922,52.320675105485236,1.1468350859368943
3,"20MA, 50MA, Upper_BB, CCI, ATR, Williams_%R",32,0.6000000000000001,0.0001,64,60,1,150,tanh,0.02236259730335805,4.637409352727361,0.7054399914518449,63.29113924050633,1.0245147548302993
4,"20MA, 50MA, Upper_BB, CCI, ATR, Williams_%R",64,0.4,0.001,64,60,1,50,relu,0.02146262503638845,4.575548773549249,0.7286717749626963,62.447257383966246,0.8811800046306056
5,"20MA, 50MA, Upper_BB, CCI, ATR, Williams_%R",64,0.8,0.0005,32,60,1,100,relu,0.018345256147992407,3.678963307962698,0.8017665874710139,73.83966244725738,1.0073323514953993
6,"20MA, 50MA, Upper_BB, CCI, ATR, Williams_%R",32,0.6000000000000001,0.001,64,60,1,50,tanh,0.025131745499735618,5.355719297457492,0.6279728771956847,51.47679324894515,1.0942511617026907
7,"20MA, 50MA, Upper_BB, CCI, ATR, Williams_%R",32,0.8,0.0005,32,60,1,150,tanh,0.016899024203415193,3.465234610424556,0.8317897124750033,78.05907172995781,0.947396389378045
8,"20MA, 50MA, Upper_BB, CCI, ATR, Williams_%R",128,0.6000000000000001,0.0005,16,60,1,50,relu,0.02533230960703221,5.51622036596283,0.6220112521471254,45.14767932489451,0.895305146704425
9,"20MA, 50MA, Upper_BB, CCI, ATR, Williams_%R",64,0.4,0.001,64,60,1,150,relu,0.013461151556015774,2.5879461716667347,0.8932682267142039,88.60759493670885,0.9571125174172171
10,"20MA, 50MA, Upper_BB, CCI, ATR, Williams_%R",64,0.30000000000000004,0.0001,32,60,1,150,relu,0.028216521414874483,5.955783405847313,0.5310395245409987,51.0548523206751,0.9270731510653488
11,"20MA, 50MA, Upper_BB, CCI, ATR, Williams_%R",64,0.4,0.0005,32,60,1,150,tanh,0.021779245547567074,4.549587251416528,0.7206073609492216,60.337552742616026,0.9658964144716443
12,"20MA, 50MA, Upper_BB, CCI, ATR, Williams_%R",32,0.8,0.001,32,60,1,150,relu,0.01723618147543223,3.532082877451618,0.8250107324771383,73.41772151898735,1.1312336803212348
13,"20MA, 50MA, Upper_BB, CCI, ATR, Williams_%R",32,0.4,0.0005,32,60,1,150,tanh,0.01902783368575445,3.917412589960794,0.7867406943823845,69.62025316455697,0.8335937359235887
14,"20MA, 50MA, Upper_BB, CCI, ATR, Williams_%R",64,0.2,0.0001,16,60,1,150,sigmoid,0.046483305233009795,10.707576878434939,-0.2726919581504692,11.39240506329114,1.027857424938288
15,"20MA, 50MA, Upper_BB, CCI, ATR, Williams_%R",32,0.5,0.001,64,60,1,150,relu,0.03429885715689726,7.8969829343576246,0.30707122534142794,29.957805907172997,1.0707316929412134
16,"20MA, 50MA, Upper_BB, CCI, ATR, Williams_%R",64,0.7,0.0005,32,60,1,100,tanh,0.020930182240057025,4.339734824548504,0.7419669613337496,65.40084388185655,0.8883546511245597
17,"20MA, 50MA, Upper_BB, CCI, ATR, Williams_%R",64,0.30000000000000004,0.0005,64,60,1,150,tanh,0.026988168772383404,5.807829370968557,0.5709813894623915,48.10126582278481,0.9093594389412639
18,"20MA, 50MA, Upper_BB, CCI, ATR, Williams_%R",32,0.7,0.001,32,60,1,150,relu,0.01595873212627086,3.075796150625688,0.849987977212931,80.59071729957806,1.0538937804946718
19,"20MA, 50MA, Upper_BB, CCI, ATR, Williams_%R",128,0.5,0.001,16,60,1,100,relu,0.021945567392320977,4.907053611477435,0.7163237842183923,56.118143459915615,1.0089951817236888
20,"20MA, 50MA, Upper_BB, CCI, ATR, Williams_%R",64,0.7,0.001,64,60,1,150,relu,0.035125071596339805,8.52647367092612,0.27328565419972906,13.502109704641349,1.0314828781435266
21,"20MA, 50MA, Upper_BB, CCI, ATR, Williams_%R",32,0.8,0.001,32,60,1,150,relu,0.021139374680432303,4.43420043895607,0.7367832212026801,61.60337552742617,0.9535893582092257
22,"20MA, 50MA, Upper_BB, CCI, ATR, Williams_%R",32,0.7,0.001,32,60,1,150,relu,0.02650445728503255,5.788464733176619,0.5862222545003217,47.67932489451477,0.9019827262555524
23,"20MA, 50MA, Upper_BB, CCI, ATR, Williams_%R",32,0.8,0.0001,32,60,1,150,sigmoid,0.036352870567545936,7.846586667680229,0.221593027233153,34.59915611814346,0.9095517203152643
24,"20MA, 50MA, Upper_BB, CCI, ATR, Williams_%R",32,0.6000000000000001,0.001,32,60,1,150,relu,0.014862897615744749,3.0520090075892923,0.8698823324969496,84.38818565400844,0.9475416883220883
0,"20MA, 50MA, Upper_BB, CCI, ATR, Williams_%R",64,0.5,0.0005,64,60,30,150,relu,0.04780886366097467,9.91069510644438,-0.23192575871433485,26.923076923076923,1.0122193274273164
1,"20MA, 50MA, Upper_BB, CCI, ATR, Williams_%R",64,0.5,0.0001,32,60,30,150,relu,0.04708429360186008,9.79454757948905,-0.19486767363267776,33.33333333333333,0.8625785968270339
2,"20MA, 50MA, Upper_BB, CCI, ATR, Williams_%R",64,0.8,0.0005,64,60,30,50,sigmoid,0.06228024207103136,13.565611994702584,-1.0905871530058011,16.23931623931624,1.043364649407192
3,"20MA, 50MA, Upper_BB, CCI, ATR, Williams_%R",128,0.4,0.0001,64,60,30,150,tanh,0.04629868612301303,9.479730188673429,-0.15532727620250908,35.47008547008547,0.9621430735665932
4,"20MA, 50MA, Upper_BB, CCI, ATR, Williams_%R",32,0.7,0.001,64,60,30,150,tanh,0.047380038308235464,9.89772555600252,-0.2099251618027056,26.923076923076923,1.1003577573887533
5,"20MA, 50MA, Upper_BB, CCI, ATR, Williams_%R",64,0.5,0.001,64,60,30,50,relu,0.04814445880835128,10.1456462101525,-0.24928150860530573,23.931623931623932,1.0929257509699493
6,"20MA, 50MA, Upper_BB, CCI, ATR, Williams_%R",32,0.2,0.001,64,60,30,100,tanh,0.04690597990460677,9.771751235270434,-0.18583460496228144,29.48717948717949,1.046343133514876
7,"20MA, 50MA, Upper_BB, CCI, ATR, Williams_%R",32,0.5,0.0005,16,60,30,100,relu,0.05897665788081243,12.710852068807254,-0.8746837272454053,19.65811965811966,1.0
8,"20MA, 50MA, Upper_BB, CCI, ATR, Williams_%R",64,0.5,0.001,32,60,30,100,tanh,0.06710948179291272,15.042643408926534,-1.4273671150192206,11.538461538461538,1.0
9,"20MA, 50MA, Upper_BB, CCI, ATR, Williams_%R",32,0.8,0.0001,64,60,30,100,relu,0.041335255099607934,8.643674367586144,0.07910749602219658,33.33333333333333,1.1917681397141455
10,"20MA, 50MA, Upper_BB, CCI, ATR, Williams_%R",128,0.8,0.0001,16,60,30,100,sigmoid,0.10530463848166247,25.120290858670113,-4.976717056926243,2.564102564102564,1.0316373962222902
11,"20MA, 50MA, Upper_BB, CCI, ATR, Williams_%R",128,0.30000000000000004,0.0001,64,60,30,150,tanh,0.04446454659623031,9.037952570230251,-0.06560298845763213,36.75213675213676,1.0349406419150913
12,"20MA, 50MA, Upper_BB, CCI, ATR, Williams_%R",128,0.2,0.0001,64,60,30,150,tanh,0.04610944104769186,9.640092645526783,-0.14590181850247808,33.33333333333333,0.9613486260414905
13,"20MA, 50MA, Upper_BB, CCI, ATR, Williams_%R",128,0.30000000000000004,0.0001,64,60,30,100,relu,0.050817034900093865,10.642225104211505,-0.3918304558362167,28.205128205128204,0.9127329836141215
14,"20MA, 50MA, Upper_BB, CCI, ATR, Williams_%R",32,0.7,0.0001,16,60,30,50,sigmoid,0.08520314500618903,19.919150907586282,-2.912721572322348,2.564102564102564,1.0096926865373226
15,"20MA, 50MA, Upper_BB, CCI, ATR, Williams_%R",128,0.30000000000000004,0.0001,32,60,30,150,tanh,0.05070035412914135,10.797719617744265,-0.3854462420327669,21.367521367521366,0.8913865989022158
16,"20MA, 50MA, Upper_BB, CCI, ATR, Williams_%R",32,0.7,0.0001,64,60,30,100,relu,0.040028558836742195,8.345650349988928,0.13641000533842418,34.61538461538461,1.2612010246591172
17,"20MA, 50MA, Upper_BB, CCI, ATR, Williams_%R",32,0.7,0.0001,64,60,30,100,relu,0.039811641512893334,8.329902957548004,0.1457443439087036,34.18803418803419,1.0864164195688821
18,"20MA, 50MA, Upper_BB, CCI, ATR, Williams_%R",32,0.7,0.0001,16,60,30,100,relu,0.052095269414637844,10.825935705225497,-0.4627303417118076,26.495726495726498,0.9577601719427097
19,"20MA, 50MA, Upper_BB, CCI, ATR, Williams_%R",32,0.6000000000000001,0.0005,32,60,30,100,relu,0.054033573148051676,11.460884942953333,-0.5736026153312856,21.367521367521366,1.0532948643884972
20,"20MA, 50MA, Upper_BB, CCI, ATR, Williams_%R",32,0.6000000000000001,0.0001,64,60,30,100,relu,0.041907618131808086,8.63967333311967,0.05342800975301154,34.61538461538461,1.1289307332915908
21,"20MA, 50MA, Upper_BB, CCI, ATR, Williams_%R",32,0.8,0.0001,64,60,30,100,relu,0.04274304098513399,8.9195658163779,0.015312266855998291,31.62393162393162,1.1061598742647176
22,"20MA, 50MA, Upper_BB, CCI, ATR, Williams_%R",32,0.7,0.0001,64,60,30,100,relu,0.04005139622723672,8.455392894862538,0.13542432069126453,35.04273504273504,1.371810544246059
23,"20MA, 50MA, Upper_BB, CCI, ATR, Williams_%R",32,0.6000000000000001,0.0001,64,60,30,100,relu,0.04027281214862731,8.148530493123754,0.12583863920579064,37.60683760683761,1.1880689660973003
24,"20MA, 50MA, Upper_BB, CCI, ATR, Williams_%R",32,0.7,0.0001,64,60,30,100,relu,0.04150912259968784,8.417718022783854,0.07134414643322273,34.61538461538461,1.368369192437983
0,"20MA, 50MA, Upper_BB, CCI, ATR, OBV",32,0.7,0.0001,32,60,1,50,tanh,0.024851354017909593,5.143030791370888,0.6362278813629868,53.58649789029536,1.1791281423085618
1,"20MA, 50MA, Upper_BB, CCI, ATR, OBV",32,0.7,0.0001,16,60,1,50,tanh,0.022449888393139314,4.362656794720186,0.7031359077756822,66.66666666666666,1.3159827200556535
2,"20MA, 50MA, Upper_BB, CCI, ATR, OBV",32,0.2,0.0005,64,60,1,50,tanh,0.023312477157914843,4.8035705190058,0.6798849118352099,59.49367088607595,1.022700844054617
3,"20MA, 50MA, Upper_BB, CCI, ATR, OBV",32,0.6000000000000001,0.001,16,60,1,50,tanh,0.017678971999065263,3.5884242634276142,0.8159044405146468,72.57383966244726,0.8863355817080179
4,"20MA, 50MA, Upper_BB, CCI, ATR, OBV",64,0.2,0.001,16,60,1,100,relu,0.03659575471849428,7.761395805177157,0.21115675051886307,35.44303797468354,1.0223859940250635
5,"20MA, 50MA, Upper_BB, CCI, ATR, OBV",64,0.4,0.001,16,60,1,150,tanh,0.022777671363430528,4.949206940265006,0.6944038049783853,49.36708860759494,0.9790011074360604
6,"20MA, 50MA, Upper_BB, CCI, ATR, OBV",64,0.7,0.0001,64,60,1,150,tanh,0.02541113412543716,5.2871525954770275,0.6196552777814639,56.9620253164557,0.9479868292568441
7,"20MA, 50MA, Upper_BB, CCI, ATR, OBV",128,0.30000000000000004,0.0001,32,60,1,150,sigmoid,0.023540929899091626,4.756693159467323,0.6735801766790206,63.29113924050633,1.2516889265967048
8,"20MA, 50MA, Upper_BB, CCI, ATR, OBV",32,0.5,0.0005,16,60,1,150,relu,0.019692920553699814,4.033887492942876,0.7715718855401401,67.9324894514768,0.9896053758708682
9,"20MA, 50MA, Upper_BB, CCI, ATR, OBV",128,0.7,0.0005,64,60,1,100,relu,0.04804001095077326,11.75981520914858,-0.35936314974678196,6.329113924050633,1.0
10,"20MA, 50MA, Upper_BB, CCI, ATR, OBV",32,0.5,0.001,16,60,1,50,sigmoid,0.03683012916031327,7.839935000782582,0.2010202340309747,30.37974683544304,1.060224035242929
11,"20MA, 50MA, Upper_BB, CCI, ATR, OBV",32,0.5,0.0005,16,60,1,150,relu,0.020723678430558026,4.410983875834513,0.7470335147412961,62.0253164556962,0.9583800054509751
12,"20MA, 50MA, Upper_BB, CCI, ATR, OBV",32,0.5,0.001,16,60,1,150,relu,0.01755574363397032,3.5837332057304314,0.8184619117316383,73.83966244725738,0.9770028052330217
13,"20MA, 50MA, Upper_BB, CCI, ATR, OBV",32,0.6000000000000001,0.001,16,60,1,50,relu,0.01850237675843853,3.701965466725428,0.7983564487266014,75.9493670886076,0.726958705745702
14,"20MA, 50MA, Upper_BB, CCI, ATR, OBV",128,0.8,0.001,16,60,1,100,sigmoid,0.14752012933200206,36.99167198873038,-11.818342340713333,0.0,1.0
15,"20MA, 50MA, Upper_BB, CCI, ATR, OBV",32,0.4,0.001,32,60,1,150,tanh,0.015472185621246855,3.007544421665756,0.8589956109035922,81.0126582278481,1.133747071924829
16,"20MA, 50MA, Upper_BB, CCI, ATR, OBV",32,0.4,0.001,32,60,1,150,relu,0.02444188350118135,5.524452777695156,0.6481167157354897,48.52320675105485,0.990018692443854
17,"20MA, 50MA, Upper_BB, CCI, ATR, OBV",32,0.4,0.001,32,60,1,150,tanh,0.014948981813882907,3.091006092892461,0.8683707143680994,86.49789029535864,1.1138485616346119
18,"20MA, 50MA, Upper_BB, CCI, ATR, OBV",128,0.30000000000000004,0.001,32,60,1,150,tanh,0.015840431118348434,3.1789289569993175,0.8522037918877334,83.12236286919831,1.0766747870166649
19,"20MA, 50MA, Upper_BB, CCI, ATR, OBV",64,0.4,0.001,32,60,1,150,tanh,0.014654425982095652,2.9034763652827933,0.8735068753883602,84.81012658227847,0.9939457214480595
20,"20MA, 50MA, Upper_BB, CCI, ATR, OBV",64,0.30000000000000004,0.001,32,60,1,150,tanh,0.020563263771787445,4.612896025540125,0.7509346056263696,58.64978902953587,0.9883206468135469
21,"20MA, 50MA, Upper_BB, CCI, ATR, OBV",64,0.4,0.001,32,60,1,150,tanh,0.01530446959426645,3.0053629925619845,0.862035972808995,85.65400843881856,1.0807556640638498
22,"20MA, 50MA, Upper_BB, CCI, ATR, OBV",64,0.4,0.001,32,60,1,150,tanh,0.016837610288128656,3.47781513623652,0.8330101002225765,76.79324894514767,0.9615466287123025
23,"20MA, 50MA, Upper_BB, CCI, ATR, OBV",64,0.30000000000000004,0.001,32,60,1,150,tanh,0.018769471875147443,3.9918238973797107,0.7924926888313023,70.46413502109705,1.1186113646894205
24,"20MA, 50MA, Upper_BB, CCI, ATR, OBV",64,0.4,0.001,32,60,1,150,tanh,0.015856879751771386,3.2039302247079133,0.8518966906701113,83.96624472573839,1.2127987831853757
0,"20MA, 50MA, Upper_BB, CCI, ATR, OBV",32,0.7,0.001,16,60,30,50,relu,0.08387803017803318,19.586075807652904,-2.791963418469635,2.1367521367521367,1.0
1,"20MA, 50MA, Upper_BB, CCI, ATR, OBV",32,0.8,0.0005,16,60,30,150,sigmoid,0.10759506461006331,26.431764413477758,-5.239537436707404,0.4273504273504274,1.0
2,"20MA, 50MA, Upper_BB, CCI, ATR, OBV",64,0.8,0.0001,64,60,30,150,tanh,0.04223021463990417,8.628256039611328,0.03879887377247915,33.33333333333333,1.0405240626923606
3,"20MA, 50MA, Upper_BB, CCI, ATR, OBV",128,0.4,0.001,64,60,30,150,tanh,0.04842683274092932,10.167163965368225,-0.2639789025613066,22.64957264957265,1.063343880479319
4,"20MA, 50MA, Upper_BB, CCI, ATR, OBV",32,0.5,0.001,32,60,30,100,tanh,0.059284036827509635,12.87897624591593,-0.8942758835710589,17.94871794871795,1.0
5,"20MA, 50MA, Upper_BB, CCI, ATR, OBV",32,0.6000000000000001,0.001,32,60,30,50,relu,0.06413206952910691,14.204995634367368,-1.2167575837548958,14.529914529914532,1.0
6,"20MA, 50MA, Upper_BB, CCI, ATR, OBV",128,0.4,0.0005,32,60,30,100,relu,0.056227829550025595,12.106264095850033,-0.7175757572383039,20.33898305084746,1.0
7,"20MA, 50MA, Upper_BB, CCI, ATR, OBV",64,0.5,0.0001,64,60,30,150,sigmoid,0.04863128972804908,9.958312325453832,-0.2746744134959085,33.76068376068376,1.1127262488069958
8,"20MA, 50MA, Upper_BB, CCI, ATR, OBV",128,0.7,0.0001,32,60,30,50,tanh,0.05889915736104967,12.901390521204629,-0.8697599656344139,14.529914529914532,1.041480718349987
9,"20MA, 50MA, Upper_BB, CCI, ATR, OBV",64,0.5,0.0001,32,60,30,50,sigmoid,0.07303508408554191,16.12647223375148,-1.8749530757434556,8.11965811965812,1.111466173065864
10,"20MA, 50MA, Upper_BB, CCI, ATR, OBV",64,0.2,0.0001,64,60,30,150,tanh,0.040262687253686716,8.12905966436742,0.1262781257421618,37.60683760683761,1.2466817338821283
11,"20MA, 50MA, Upper_BB, CCI, ATR, OBV",64,0.2,0.0001,64,60,30,150,tanh,0.040810561962691685,8.29607312832657,0.1023379945927485,35.47008547008547,1.0921668400523237
12,"20MA, 50MA, Upper_BB, CCI, ATR, OBV",64,0.2,0.0001,64,60,30,150,tanh,0.04011636279060593,8.14078382398365,0.13261722426728784,36.75213675213676,1.1171863000732911
13,"20MA, 50MA, Upper_BB, CCI, ATR, OBV",64,0.2,0.0001,64,60,30,150,tanh,0.042064410278008876,8.553760790418613,0.04633179676097532,33.33333333333333,1.0323713620929993
14,"20MA, 50MA, Upper_BB, CCI, ATR, OBV",64,0.30000000000000004,0.0001,64,60,30,150,tanh,0.03980406338777887,8.058659737125973,0.14606952719012956,38.034188034188034,1.1819115945198388
15,"20MA, 50MA, Upper_BB, CCI, ATR, OBV",64,0.30000000000000004,0.0001,64,60,30,150,tanh,0.040373613858460715,8.140972024314856,0.12145716037377141,36.324786324786324,1.1711342653518635
16,"20MA, 50MA, Upper_BB, CCI, ATR, OBV",64,0.30000000000000004,0.0005,64,60,30,100,tanh,0.04014709743332884,8.337103707912291,0.1312876465103141,38.88888888888889,0.9967632457462432
17,"20MA, 50MA, Upper_BB, CCI, ATR, OBV",64,0.30000000000000004,0.0001,16,60,30,150,tanh,0.05841414830277402,12.598308485886584,-0.8390934230246934,17.094017094017094,1.0
18,"20MA, 50MA, Upper_BB, CCI, ATR, OBV",64,0.4,0.0001,64,60,30,150,sigmoid,0.03964060069122684,8.180280258082945,0.15306877041212585,37.60683760683761,1.1877150129130711
19,"20MA, 50MA, Upper_BB, CCI, ATR, OBV",128,0.4,0.0005,64,60,30,100,sigmoid,0.060395712775118855,13.126127249143217,-0.965983712644485,15.384615384615385,1.070032234604776
20,"20MA, 50MA, Upper_BB, CCI, ATR, OBV",64,0.4,0.0001,16,60,30,150,sigmoid,0.07371347385475184,16.51754739723347,-1.9286093885718714,6.837606837606838,1.027857424938288
21,"20MA, 50MA, Upper_BB, CCI, ATR, OBV",64,0.30000000000000004,0.0001,64,60,30,150,sigmoid,0.04095205865975207,8.758430583492927,0.09610253027162119,30.34188034188034,1.3662093746480952
22,"20MA, 50MA, Upper_BB, CCI, ATR, OBV",64,0.2,0.0001,64,60,30,150,sigmoid,0.04938514104089116,10.43069125626672,-0.3144990914678836,28.63247863247863,1.412643764886321
23,"20MA, 50MA, Upper_BB, CCI, ATR, OBV",64,0.30000000000000004,0.0001,64,60,30,150,relu,0.04018223306856931,8.07961601734811,0.1297664348325872,38.034188034188034,1.3504542980668237
24,"20MA, 50MA, Upper_BB, CCI, ATR, OBV",64,0.4,0.0001,64,60,30,150,tanh,0.0387689680284693,7.878563099874931,0.18990458300270951,38.034188034188034,1.3276205433689692
0,"20MA, 50MA, Upper_BB, CCI, Williams_%R, OBV",32,0.4,0.001,32,60,1,100,tanh,0.03177425989129196,6.695789430260294,0.40532431140929315,38.39662447257383,0.9513064702155519
1,"20MA, 50MA, Upper_BB, CCI, Williams_%R, OBV",32,0.5,0.0005,64,60,1,50,sigmoid,0.036089976219760664,8.01577196003552,0.23281078491838114,34.177215189873415,0.9266931487093134
2,"20MA, 50MA, Upper_BB, CCI, Williams_%R, OBV",32,0.30000000000000004,0.0001,32,60,1,100,relu,0.031080597740868493,6.625111995225831,0.431005560439059,41.35021097046413,0.8743789624995961
3,"20MA, 50MA, Upper_BB, CCI, Williams_%R, OBV",32,0.2,0.0005,64,60,1,150,relu,0.027104351591715016,5.836498309745424,0.5672796280371393,48.52320675105485,0.9008834252495904
4,"20MA, 50MA, Upper_BB, CCI, Williams_%R, OBV",128,0.8,0.0001,32,60,1,50,tanh,0.038059469303481676,8.782934315247253,0.1467923245211593,21.518987341772153,0.895305146704425
5,"20MA, 50MA, Upper_BB, CCI, Williams_%R, OBV",64,0.4,0.0005,32,60,1,100,relu,0.02374400887134785,5.1802009117246435,0.6679240766022578,54.85232067510548,0.9038897765376589
6,"20MA, 50MA, Upper_BB, CCI, Williams_%R, OBV",64,0.5,0.0001,32,60,1,50,tanh,0.03079440385944176,7.047086549076879,0.44143605413888054,32.91139240506329,0.8989686663007209
7,"20MA, 50MA, Upper_BB, CCI, Williams_%R, OBV",64,0.5,0.0001,64,60,1,50,sigmoid,0.1360863558136873,33.81246009839024,-9.908334983425679,0.0,1.0
8,"20MA, 50MA, Upper_BB, CCI, Williams_%R, OBV",128,0.4,0.0005,32,60,1,100,tanh,0.01667574695427142,3.369936724600126,0.8362052830575633,80.16877637130801,1.0509846526846145
9,"20MA, 50MA, Upper_BB, CCI, Williams_%R, OBV",64,0.4,0.0001,32,60,1,150,sigmoid,0.06382780060876123,15.952549206557586,-1.3996563769274366,1.6877637130801686,1.041480718349987
10,"20MA, 50MA, Upper_BB, CCI, Williams_%R, OBV",128,0.7,0.001,16,60,1,100,tanh,0.014410957222122793,2.750402278010624,0.8776750758197904,86.07594936708861,1.2744604908400148
11,"20MA, 50MA, Upper_BB, CCI, Williams_%R, OBV",128,0.7,0.001,16,60,1,100,tanh,0.01638275208843486,3.155388468650093,0.8419105036209262,80.59071729957806,1.0777978856735182
12,"20MA, 50MA, Upper_BB, CCI, Williams_%R, OBV",128,0.8,0.001,16,60,1,100,tanh,0.01726393193706516,3.6273915591411665,0.8244468091861787,75.52742616033755,1.0040269471360732
13,"20MA, 50MA, Upper_BB, CCI, Williams_%R, OBV",128,0.7,0.001,16,60,1,100,tanh,0.020782792619671392,4.365403421758589,0.7455882851529356,64.13502109704642,1.1214354690485675
14,"20MA, 50MA, Upper_BB, CCI, Williams_%R, OBV",128,0.7,0.001,16,60,1,100,tanh,0.016932733396038943,3.5973817076546544,0.8311179709305241,79.32489451476793,1.00813630032112
15,"20MA, 50MA, Upper_BB, CCI, Williams_%R, OBV",128,0.7,0.001,16,60,1,100,tanh,0.02143587080423287,4.655960190976252,0.7293478016692955,54.85232067510548,1.111466173065864
16,"20MA, 50MA, Upper_BB, CCI, Williams_%R, OBV",128,0.6000000000000001,0.001,16,60,1,150,tanh,0.01576119975202799,3.2978108834291224,0.8536786014282834,79.74683544303798,1.1234632289807425
17,"20MA, 50MA, Upper_BB, CCI, Williams_%R, OBV",128,0.6000000000000001,0.001,16,60,1,150,tanh,0.023748133373129497,4.757010862740279,0.6678086987228227,56.540084388185655,1.1214354690485675
18,"20MA, 50MA, Upper_BB, CCI, Williams_%R, OBV",128,0.6000000000000001,0.001,16,60,1,150,sigmoid,0.1541011812539182,38.83403279031955,-12.98753649991919,0.0,1.0
19,"20MA, 50MA, Upper_BB, CCI, Williams_%R, OBV",128,0.6000000000000001,0.001,16,60,1,150,relu,0.013801036334213534,2.7306787171948614,0.8878103751649677,87.76371308016878,1.0775379274702632
20,"20MA, 50MA, Upper_BB, CCI, Williams_%R, OBV",128,0.8,0.001,16,60,1,150,relu,0.02506138652031185,5.910469205922226,0.630053019875016,40.50632911392405,1.0
21,"20MA, 50MA, Upper_BB, CCI, Williams_%R, OBV",128,0.6000000000000001,0.001,16,60,1,150,relu,0.016874628067042985,3.5676152459897414,0.8322750326854104,73.41772151898735,1.041480718349987
22,"20MA, 50MA, Upper_BB, CCI, Williams_%R, OBV",128,0.6000000000000001,0.001,16,60,1,150,relu,0.016089137173796668,3.300640047914664,0.8475263467383786,78.48101265822784,0.9285575731488858
23,"20MA, 50MA, Upper_BB, CCI, Williams_%R, OBV",128,0.6000000000000001,0.001,16,60,1,150,relu,0.012553182895535886,2.4075036426407763,0.9071809733178835,91.9831223628692,1.0306132392075718
24,"20MA, 50MA, Upper_BB, CCI, Williams_%R, OBV",128,0.7,0.001,16,60,1,150,relu,0.016865697725547246,3.496813958703241,0.8324525115475155,75.10548523206751,1.1348342850819182
0,"20MA, 50MA, Upper_BB, CCI, Williams_%R, OBV",32,0.2,0.0005,64,60,30,50,relu,0.045738811561833986,9.442531709434828,-0.12755424826359918,30.34188034188034,1.0167872702585845
1,"20MA, 50MA, Upper_BB, CCI, Williams_%R, OBV",64,0.30000000000000004,0.001,64,60,30,50,sigmoid,0.06373627134104048,13.919418287225524,-1.1894800862169657,13.675213675213676,1.027857424938288
2,"20MA, 50MA, Upper_BB, CCI, Williams_%R, OBV",32,0.6000000000000001,0.0001,32,60,30,50,tanh,0.044940098837444924,9.237963120915115,-0.08851831294646773,29.059829059829063,1.0763256257838314
3,"20MA, 50MA, Upper_BB, CCI, Williams_%R, OBV",128,0.2,0.0001,64,60,30,100,sigmoid,0.0662937385981774,13.869193710896221,-1.3687144882924165,17.52136752136752,1.0179903634473777
4,"20MA, 50MA, Upper_BB, CCI, Williams_%R, OBV",64,0.8,0.0001,64,60,30,50,tanh,0.04285149589973063,9.01002842896088,0.010308892749995024,30.76923076923077,1.1289195175205364
5,"20MA, 50MA, Upper_BB, CCI, Williams_%R, OBV",128,0.4,0.001,16,60,30,150,relu,0.06926870978577863,15.344493826766314,-1.5860796113604319,8.547008547008547,1.0
6,"20MA, 50MA, Upper_BB, CCI, Williams_%R, OBV",64,0.2,0.0001,32,60,30,50,tanh,0.05108267401265944,10.801203328262362,-0.40641969546084056,23.931623931623932,0.910816995420024
7,"20MA, 50MA, Upper_BB, CCI, Williams_%R, OBV",64,0.7,0.0005,16,60,30,150,sigmoid,0.12200307060267641,29.97504403755832,-7.022490581605302,0.0,1.0
8,"20MA, 50MA, Upper_BB, CCI, Williams_%R, OBV",128,0.6000000000000001,0.0001,64,60,30,150,sigmoid,0.05012481923068998,10.388400463846773,-0.35417044877012227,25.64102564102564,1.2090789148154484
9,"20MA, 50MA, Upper_BB, CCI, Williams_%R, OBV",64,0.4,0.001,16,60,30,50,tanh,0.09191390080854173,21.7921217768029,-3.553340090984787,0.8547008547008548,1.0
10,"20MA, 50MA, Upper_BB, CCI, Williams_%R, OBV",64,0.8,0.0001,64,60,30,100,tanh,0.03989021805431665,8.39461470430757,0.14236891428969,35.8974358974359,1.3115723888726245
11,"20MA, 50MA, Upper_BB, CCI, Williams_%R, OBV",64,0.8,0.0001,64,60,30,100,tanh,0.03982687431477014,8.351145789622318,0.14509050517513267,36.324786324786324,1.3419090286604778
12,"20MA, 50MA, Upper_BB, CCI, Williams_%R, OBV",64,0.8,0.0001,64,60,30,100,tanh,0.03988711638923701,8.33722269889099,0.14250227936524174,38.88888888888889,1.2619527992062034
13,"20MA, 50MA, Upper_BB, CCI, Williams_%R, OBV",64,0.7,0.0001,64,60,30,100,tanh,0.040054684505390285,8.327754070977685,0.13528234901027514,36.324786324786324,1.2091842212838957
14,"20MA, 50MA, Upper_BB, CCI, Williams_%R, OBV",64,0.8,0.0001,64,60,30,100,tanh,0.040571039981426416,8.491694531122636,0.11284404071904708,32.9059829059829,1.2551768066651103
15,"20MA, 50MA, Upper_BB, CCI, Williams_%R, OBV",32,0.6000000000000001,0.0005,32,60,30,100,tanh,0.0538869234099712,11.453616706055922,-0.5650725389500915,23.931623931623932,1.041480718349987
16,"20MA, 50MA, Upper_BB, CCI, Williams_%R, OBV",64,0.7,0.0001,64,60,30,100,relu,0.04313217298737998,8.966616427316653,-0.0026985111909585413,32.05128205128205,1.1475900969308792
17,"20MA, 50MA, Upper_BB, CCI, Williams_%R, OBV",64,0.5,0.0001,64,60,30,100,tanh,0.040979222196320476,8.570535190853718,0.09490302061045275,35.04273504273504,1.1825027443079803
18,"20MA, 50MA, Upper_BB, CCI, Williams_%R, OBV",128,0.8,0.001,16,60,30,100,tanh,0.08419857192596614,19.58433998592408,-2.8210009406064374,2.564102564102564,1.0
19,"20MA, 50MA, Upper_BB, CCI, Williams_%R, OBV",32,0.7,0.0005,32,60,30,100,relu,0.0544978898756358,11.524909553937505,-0.6007631103368873,22.64957264957265,1.111466173065864
20,"20MA, 50MA, Upper_BB, CCI, Williams_%R, OBV",64,0.5,0.0001,64,60,30,100,tanh,0.03950084819034898,8.289547498815418,0.15902993727505366,35.8974358974359,1.1723216189794403
21,"20MA, 50MA, Upper_BB, CCI, Williams_%R, OBV",64,0.5,0.0001,64,60,30,100,tanh,0.03897064396520933,8.156775957831098,0.18145443832057362,35.47008547008547,1.3590058877180375
22,"20MA, 50MA, Upper_BB, CCI, Williams_%R, OBV",64,0.5,0.0001,64,60,30,100,tanh,0.039769453905393735,8.325041350216816,0.14755386022335082,35.47008547008547,1.368477225697195
23,"20MA, 50MA, Upper_BB, CCI, Williams_%R, OBV",64,0.5,0.0001,64,60,30,100,tanh,0.038593554872712314,8.043592345235725,0.1972186760244029,37.60683760683761,1.435454878300369
24,"20MA, 50MA, Upper_BB, CCI, Williams_%R, OBV",64,0.4,0.0001,64,60,30,100,tanh,0.03886735285279866,8.176551920644327,0.1857877736615715,36.324786324786324,1.3919158242092355
0,"20MA, 50MA, Upper_BB, ATR, Williams_%R, OBV",128,0.7,0.001,32,60,1,50,tanh,0.01789067561864991,3.8738515061694145,0.8114689960759839,75.52742616033755,1.1853023790478427
1,"20MA, 50MA, Upper_BB, ATR, Williams_%R, OBV",64,0.2,0.001,64,60,1,50,tanh,0.04771295781646672,11.663522794759132,-0.34091724928844847,5.063291139240507,1.041480718349987
2,"20MA, 50MA, Upper_BB, ATR, Williams_%R, OBV",32,0.7,0.001,32,60,1,100,sigmoid,0.0542872640655332,13.047516570224063,-0.7359020141269386,2.109704641350211,1.105789122388121
3,"20MA, 50MA, Upper_BB, ATR, Williams_%R, OBV",64,0.8,0.0005,64,60,1,150,relu,0.03124564993821382,7.3168694346943,0.42494627252617756,27.42616033755274,0.9202460426256063
4,"20MA, 50MA, Upper_BB, ATR, Williams_%R, OBV",64,0.8,0.0001,32,60,1,150,tanh,0.0429092345705656,9.801489017663762,-0.08450318612198271,16.455696202531644,0.9018818142384358
5,"20MA, 50MA, Upper_BB, ATR, Williams_%R, OBV",128,0.30000000000000004,0.0005,32,60,1,150,relu,0.01936521460762395,3.961482190398606,0.7791110830801579,67.51054852320675,1.0705633953624176
6,"20MA, 50MA, Upper_BB, ATR, Williams_%R, OBV",32,0.7,0.0005,16,60,1,100,sigmoid,0.01941107611261939,3.875965326933177,0.7780636076074043,72.57383966244726,1.0140417514686921
7,"20MA, 50MA, Upper_BB, ATR, Williams_%R, OBV",64,0.4,0.001,32,60,1,50,relu,0.018604308965782586,3.679091113804471,0.7961285630970394,72.9957805907173,1.0651457700547227
8,"20MA, 50MA, Upper_BB, ATR, Williams_%R, OBV",128,0.2,0.001,16,60,1,50,sigmoid,0.14969199046376783,37.59659083712894,-12.198556131863725,0.0,1.0
9,"20MA, 50MA, Upper_BB, ATR, Williams_%R, OBV",128,0.4,0.001,64,60,1,100,tanh,0.0358313033050423,8.6250326562031,0.2437689454696016,11.39240506329114,1.041480718349987
10,"20MA, 50MA, Upper_BB, ATR, Williams_%R, OBV",128,0.6000000000000001,0.0001,32,60,1,50,tanh,0.03941266316279854,9.056134830340918,0.08504262823110575,18.9873417721519,0.9136263605849217
11,"20MA, 50MA, Upper_BB, ATR, Williams_%R, OBV",64,0.5,0.001,32,60,1,50,relu,0.01582682050988478,3.0554483075293306,0.8524576652945669,83.54430379746836,1.029129455357822
12,"20MA, 50MA, Upper_BB, ATR, Williams_%R, OBV",128,0.5,0.001,32,60,1,50,relu,0.02590813763731365,5.367752751385424,0.6046318428718511,52.742616033755276,1.0795403213323673
13,"20MA, 50MA, Upper_BB, ATR, Williams_%R, OBV",64,0.5,0.001,32,60,1,50,tanh,0.015448325389220778,3.0678057010825195,0.8594301717784051,85.23206751054853,1.0922672600972128
14,"20MA, 50MA, Upper_BB, ATR, Williams_%R, OBV",64,0.5,0.001,32,60,1,50,relu,0.020844428743406408,4.319682840156956,0.7440770152338599,63.71308016877637,1.0642044289310995
15,"20MA, 50MA, Upper_BB, ATR, Williams_%R, OBV",64,0.4,0.0001,16,60,1,50,tanh,0.021604871797678383,4.275483886527755,0.7250633197878739,67.9324894514768,1.014262357106644
16,"20MA, 50MA, Upper_BB, ATR, Williams_%R, OBV",64,0.5,0.001,32,60,1,50,relu,0.030654115106409877,6.5025600977524345,0.4465137136129146,40.08438818565401,1.112910659356482
17,"20MA, 50MA, Upper_BB, ATR, Williams_%R, OBV",32,0.6000000000000001,0.001,32,60,1,50,relu,0.029739508961803104,6.657938610375877,0.47904899021677905,37.9746835443038,0.9250599695679416
18,"20MA, 50MA, Upper_BB, ATR, Williams_%R, OBV",64,0.6000000000000001,0.0001,64,60,1,150,tanh,0.02392336665511359,4.796932941872452,0.6628882500044226,61.60337552742617,1.1907549982812924
19,"20MA, 50MA, Upper_BB, ATR, Williams_%R, OBV",64,0.30000000000000004,0.0005,16,60,1,100,sigmoid,0.039636211206397085,8.440287361687076,0.07463394334662365,27.42616033755274,0.9485983386754233
20,"20MA, 50MA, Upper_BB, ATR, Williams_%R, OBV",64,0.30000000000000004,0.001,32,60,1,50,tanh,0.01735700176655226,3.557023605678997,0.8225488931653792,76.79324894514767,0.7712956233813594
21,"20MA, 50MA, Upper_BB, ATR, Williams_%R, OBV",64,0.30000000000000004,0.001,32,60,1,50,tanh,0.01691263591065241,3.504249682283992,0.8315186256622124,81.43459915611815,1.0224956541842996
22,"20MA, 50MA, Upper_BB, ATR, Williams_%R, OBV",64,0.5,0.001,32,60,1,50,tanh,0.015383138892418192,3.191700198182301,0.8606139792879564,84.81012658227847,1.2236549507912156
23,"20MA, 50MA, Upper_BB, ATR, Williams_%R, OBV",64,0.6000000000000001,0.001,32,60,1,50,tanh,0.018674326419925794,4.071830512248762,0.7945911321486685,68.35443037974683,1.1468195832903847
24,"20MA, 50MA, Upper_BB, ATR, Williams_%R, OBV",64,0.4,0.001,32,60,1,50,tanh,0.017787405082530922,3.8045103838868575,0.8136392333205318,77.63713080168776,1.1677487433165021
0,"20MA, 50MA, Upper_BB, ATR, Williams_%R, OBV",64,0.5,0.0001,16,60,30,150,relu,0.05447317829170137,11.697675936268503,-0.5993117358496722,20.085470085470085,1.06403666317477
1,"20MA, 50MA, Upper_BB, ATR, Williams_%R, OBV",128,0.8,0.0001,64,60,30,150,tanh,0.04487403249853114,9.205341978603746,-0.08532020875791346,36.75213675213676,0.9786191339371678
2,"20MA, 50MA, Upper_BB, ATR, Williams_%R, OBV",64,0.4,0.0001,16,60,30,100,sigmoid,0.09706383522451596,22.818534082321218,-4.077881808097624,1.282051282051282,1.0720382721023265
3,"20MA, 50MA, Upper_BB, ATR, Williams_%R, OBV",128,0.6000000000000001,0.0001,16,60,30,50,tanh,0.07830105258080627,17.98313640170481,-2.3044782206101098,5.555555555555555,1.0
4,"20MA, 50MA, Upper_BB, ATR, Williams_%R, OBV",128,0.2,0.0005,32,60,30,150,tanh,0.05561252718872966,11.902035046125174,-0.6669130844013695,19.65811965811966,1.0
5,"20MA, 50MA, Upper_BB, ATR, Williams_%R, OBV",128,0.5,0.0001,16,60,30,50,tanh,0.07876264521951075,18.036564963789267,-2.3435535264268665,5.555555555555555,1.0
6,"20MA, 50MA, Upper_BB, ATR, Williams_%R, OBV",64,0.8,0.001,64,60,30,50,sigmoid,0.06085163478383888,13.334682626740848,-0.995777828174464,13.247863247863249,0.9794012544704798
7,"20MA, 50MA, Upper_BB, ATR, Williams_%R, OBV",32,0.5,0.001,16,60,30,100,tanh,0.07238937093348562,16.21922862399082,-1.824342092959343,6.837606837606838,1.0
8,"20MA, 50MA, Upper_BB, ATR, Williams_%R, OBV",32,0.6000000000000001,0.001,32,60,30,50,sigmoid,0.07472539431717018,17.030397390374628,-2.009567749272971,6.837606837606838,1.041480718349987
9,"20MA, 50MA, Upper_BB, ATR, Williams_%R, OBV",64,0.2,0.0001,16,60,30,100,sigmoid,0.0924571046049637,21.76456478899394,-3.607318877115217,1.282051282051282,1.0096926865373226
10,"20MA, 50MA, Upper_BB, ATR, Williams_%R, OBV",128,0.8,0.0005,64,60,30,150,relu,0.04641908297717712,9.729033417971653,-0.16134380232010437,27.350427350427353,1.0691199855271742
11,"20MA, 50MA, Upper_BB, ATR, Williams_%R, OBV",128,0.8,0.0005,64,60,30,150,relu,0.04050084666099185,8.579776884396138,0.11591118184965099,35.04273504273504,1.0047371002307641
12,"20MA, 50MA, Upper_BB, ATR, Williams_%R, OBV",128,0.7,0.0005,64,60,30,150,relu,0.046625982492286264,9.74998005109889,-0.17171957652297132,29.914529914529915,0.9255511702456095
13,"20MA, 50MA, Upper_BB, ATR, Williams_%R, OBV",128,0.8,0.0005,64,60,30,150,relu,0.04323215228116481,9.154366906615245,-0.007352358632992884,27.350427350427353,1.0897225736509608
14,"20MA, 50MA, Upper_BB, ATR, Williams_%R, OBV",128,0.7,0.0005,64,60,30,150,relu,0.04289509200158609,9.31215697518132,0.008294091557390915,29.48717948717949,1.0749168140253875
15,"20MA, 50MA, Upper_BB, ATR, Williams_%R, OBV",128,0.7,0.0005,64,60,30,150,relu,0.052657134180504765,11.231589972452563,-0.49445255559185664,20.51282051282051,1.0969274211465354
16,"20MA, 50MA, Upper_BB, ATR, Williams_%R, OBV",32,0.7,0.0005,64,60,30,150,relu,0.0366952533983444,8.173704592817469,0.2742492796918006,35.04273504273504,1.209340583927719
17,"20MA, 50MA, Upper_BB, ATR, Williams_%R, OBV",32,0.6000000000000001,0.0005,64,60,30,150,relu,0.0387575344100856,8.143723906654577,0.19038233397294735,34.18803418803419,1.132799487970288
18,"20MA, 50MA, Upper_BB, ATR, Williams_%R, OBV",32,0.4,0.0005,32,60,30,150,relu,0.04798238776581059,10.367989168800412,-0.2408846311560886,24.358974358974358,0.8751495796152808
19,"20MA, 50MA, Upper_BB, ATR, Williams_%R, OBV",32,0.6000000000000001,0.0005,64,60,30,100,relu,0.03992923562540157,8.323195312027735,0.14069035504349725,33.33333333333333,1.0309701140825018
20,"20MA, 50MA, Upper_BB, ATR, Williams_%R, OBV",32,0.4,0.0005,64,60,30,150,relu,0.036659665795259325,7.9822578201704335,0.27565628480142335,36.324786324786324,1.039952056084094
21,"20MA, 50MA, Upper_BB, ATR, Williams_%R, OBV",32,0.4,0.0005,64,60,30,150,relu,0.03852954410453938,8.235278717925839,0.19987943297088606,36.75213675213676,1.0677002941544464
22,"20MA, 50MA, Upper_BB, ATR, Williams_%R, OBV",32,0.30000000000000004,0.0005,64,60,30,150,relu,0.03770419425857625,8.116706486686077,0.2337914003104824,37.60683760683761,1.0121207894670674
23,"20MA, 50MA, Upper_BB, ATR, Williams_%R, OBV",32,0.30000000000000004,0.0005,64,60,30,150,relu,0.04057696581771172,8.61894762962667,0.11258486447374494,37.17948717948718,1.118525498250223
24,"20MA, 50MA, Upper_BB, ATR, Williams_%R, OBV",32,0.30000000000000004,0.0005,64,60,30,150,relu,0.042892465151118615,8.870873713079854,0.00841554989875204,35.8974358974359,1.034646015453582
0,"20MA, 50MA, Lower_BB, CCI, ATR, Williams_%R",128,0.7,0.0001,16,60,1,100,sigmoid,0.05290508481569755,12.638868842102655,-0.6486335257028837,5.9071729957805905,1.041480718349987
1,"20MA, 50MA, Lower_BB, CCI, ATR, Williams_%R",32,0.6000000000000001,0.001,16,60,1,50,sigmoid,0.04139068036740333,9.506558264663159,-0.009100514840653995,14.345991561181433,1.041480718349987
2,"20MA, 50MA, Lower_BB, CCI, ATR, Williams_%R",32,0.30000000000000004,0.001,32,60,1,100,tanh,0.020695033713046627,4.295171917868981,0.747732342957448,64.13502109704642,0.8506126274709155
3,"20MA, 50MA, Lower_BB, CCI, ATR, Williams_%R",32,0.8,0.0001,64,60,1,150,sigmoid,0.02759112135851966,5.5984158168163605,0.5515975259866318,54.008438818565395,1.207713354737185
4,"20MA, 50MA, Lower_BB, CCI, ATR, Williams_%R",32,0.30000000000000004,0.001,64,60,1,100,relu,0.034311425429742054,7.872968336597655,0.30656330675483656,28.270042194092827,0.893264742747004
5,"20MA, 50MA, Lower_BB, CCI, ATR, Williams_%R",64,0.4,0.0001,32,60,1,100,sigmoid,0.04518697035701425,10.45239016687007,-0.2026956653042984,15.611814345991561,0.8846611709040281
6,"20MA, 50MA, Lower_BB, CCI, ATR, Williams_%R",64,0.8,0.0001,64,60,1,150,sigmoid,0.03844606770418315,8.496340852547608,0.12937095798330678,31.223628691983123,0.9404896081538539
7,"20MA, 50MA, Lower_BB, CCI, ATR, Williams_%R",32,0.5,0.0001,32,60,1,150,sigmoid,0.04101798962367914,9.125420390145035,0.008989995092225422,25.31645569620253,0.8972941367221736
8,"20MA, 50MA, Lower_BB, CCI, ATR, Williams_%R",32,0.30000000000000004,0.0005,32,60,1,50,sigmoid,0.08066094123995937,19.78343331814939,-2.8322679604579184,1.2658227848101267,1.0720382721023265
9,"20MA, 50MA, Lower_BB, CCI, ATR, Williams_%R",128,0.5,0.001,64,60,1,50,relu,0.017677785828694274,3.5891294242225396,0.8159291434637076,74.68354430379746,0.9519514801138345
10,"20MA, 50MA, Lower_BB, CCI, ATR, Williams_%R",128,0.5,0.0005,64,60,1,50,relu,0.019840032245059848,4.095231325199969,0.7681462927192352,70.46413502109705,0.9465793890350754
11,"20MA, 50MA, Lower_BB, CCI, ATR, Williams_%R",128,0.5,0.0005,64,60,1,50,relu,0.019537028980546815,3.99999629950858,0.7751741010047768,72.9957805907173,0.9418813444479922
12,"20MA, 50MA, Lower_BB, CCI, ATR, Williams_%R",128,0.5,0.0005,64,60,1,50,relu,0.021001901658596736,4.342539881061407,0.7401955782082685,67.9324894514768,0.9165690896324533
13,"20MA, 50MA, Lower_BB, CCI, ATR, Williams_%R",128,0.6000000000000001,0.0005,64,60,1,50,relu,0.019445289170382636,4.03741595984231,0.7772805686650444,72.9957805907173,0.9211963625819881
14,"20MA, 50MA, Lower_BB, CCI, ATR, Williams_%R",128,0.6000000000000001,0.001,64,60,1,50,relu,0.0182437717459139,3.7721454696174828,0.8039537419869761,73.83966244725738,0.8409124372057227
15,"20MA, 50MA, Lower_BB, CCI, ATR, Williams_%R",128,0.6000000000000001,0.001,64,60,1,50,tanh,0.017781917932337927,3.708228886137161,0.8137541946412272,75.10548523206751,0.8723982806439528
16,"20MA, 50MA, Lower_BB, CCI, ATR, Williams_%R",128,0.2,0.001,16,60,1,50,tanh,0.021410782098394667,4.607451876851819,0.7299809776884275,56.118143459915615,0.9349209577075404
17,"20MA, 50MA, Lower_BB, CCI, ATR, Williams_%R",64,0.7,0.001,64,60,1,50,tanh,0.019285743905694354,4.005873892983381,0.7809203248876059,72.57383966244726,0.8545391073783105
18,"20MA, 50MA, Lower_BB, CCI, ATR, Williams_%R",128,0.4,0.001,64,60,1,50,tanh,0.01764848153532274,3.674363571968158,0.8165389025803377,77.63713080168776,0.8471535499420121
19,"20MA, 50MA, Lower_BB, CCI, ATR, Williams_%R",128,0.4,0.001,16,60,1,150,tanh,0.026109863515345503,5.9108619902503285,0.5984510445678277,40.50632911392405,1.0
20,"20MA, 50MA, Lower_BB, CCI, ATR, Williams_%R",128,0.4,0.001,64,60,1,50,tanh,0.017534295472464226,3.6753345510310593,0.8189052173349056,77.21518987341773,0.8752368663976248
21,"20MA, 50MA, Lower_BB, CCI, ATR, Williams_%R",128,0.4,0.001,64,60,1,50,tanh,0.016661738167689982,3.3403980488420046,0.8364803653602579,78.90295358649789,0.8529710750406697
22,"20MA, 50MA, Lower_BB, CCI, ATR, Williams_%R",128,0.4,0.001,64,60,1,50,tanh,0.01792108822768263,3.751713447385822,0.8108274783099401,77.21518987341773,0.9022490515278351
23,"20MA, 50MA, Lower_BB, CCI, ATR, Williams_%R",128,0.2,0.001,64,60,1,50,tanh,0.017681754724512274,3.7100868991477736,0.8158464815206614,77.63713080168776,0.8537134824789655
24,"20MA, 50MA, Lower_BB, CCI, ATR, Williams_%R",128,0.4,0.001,64,60,1,50,tanh,0.017665660363995674,3.702971500968841,0.8161815709149772,78.05907172995781,0.8791985011788056
0,"20MA, 50MA, Lower_BB, CCI, ATR, Williams_%R",64,0.6000000000000001,0.0001,16,60,30,50,relu,0.07264894681679433,16.682846074510028,-1.8446336226502407,5.128205128205128,1.0
1,"20MA, 50MA, Lower_BB, CCI, ATR, Williams_%R",64,0.30000000000000004,0.001,64,60,30,100,relu,0.0499903049288338,10.455987395517065,-0.346912133207661,24.786324786324787,1.0314828781435266
2,"20MA, 50MA, Lower_BB, CCI, ATR, Williams_%R",128,0.30000000000000004,0.0005,32,60,30,100,relu,0.07264131969736723,15.79297802494606,-1.8440363608202954,12.393162393162394,1.0
3,"20MA, 50MA, Lower_BB, CCI, ATR, Williams_%R",64,0.8,0.001,64,60,30,150,relu,0.04656488765924677,9.78498025560783,-0.16865093934358288,25.64102564102564,1.022407336474593
4,"20MA, 50MA, Lower_BB, CCI, ATR, Williams_%R",32,0.4,0.0005,16,60,30,150,relu,0.07266059371063095,15.023329471297112,-1.8455457845743783,19.230769230769234,1.0
5,"20MA, 50MA, Lower_BB, CCI, ATR, Williams_%R",32,0.2,0.0005,64,60,30,100,relu,0.043404651840804866,8.862194006438493,-0.015407220697104984,35.47008547008547,0.9788235266891834
6,"20MA, 50MA, Lower_BB, CCI, ATR, Williams_%R",64,0.6000000000000001,0.001,16,60,30,150,relu,0.06588629843740029,14.45392194354328,-1.3396878061505908,14.102564102564102,1.0
7,"20MA, 50MA, Lower_BB, CCI, ATR, Williams_%R",128,0.2,0.0001,64,60,30,150,relu,0.045286951192045934,9.228513730048258,-0.1053857500276365,36.324786324786324,0.9299846160339476
8,"20MA, 50MA, Lower_BB, CCI, ATR, Williams_%R",32,0.8,0.0005,64,60,30,150,tanh,0.04477338772313721,9.282237340465887,-0.08045729323910922,34.18803418803419,0.9035652606384367
9,"20MA, 50MA, Lower_BB, CCI, ATR, Williams_%R",64,0.8,0.0005,32,60,30,50,relu,0.0615146564236261,13.469556583932384,-1.0395055844616405,15.384615384615385,1.0
10,"20MA, 50MA, Lower_BB, CCI, ATR, Williams_%R",32,0.2,0.0005,64,60,30,100,sigmoid,0.04578005883466588,9.735710629932608,-0.12958882270172256,25.64102564102564,1.0544336474275682
11,"20MA, 50MA, Lower_BB, CCI, ATR, Williams_%R",32,0.6000000000000001,0.0005,64,60,30,100,tanh,0.045101222946620535,9.294658149557044,-0.09633765271005212,32.9059829059829,1.0156544545116446
12,"20MA, 50MA, Lower_BB, CCI, ATR, Williams_%R",32,0.5,0.0005,64,60,30,150,tanh,0.047255400210516565,9.838958291793706,-0.2035678676858632,31.196581196581196,0.8855435488161569
13,"20MA, 50MA, Lower_BB, CCI, ATR, Williams_%R",32,0.7,0.0005,64,60,30,100,tanh,0.046260265579426654,9.551520274688048,-0.15341059613778119,28.63247863247863,1.0325799667381175
14,"20MA, 50MA, Lower_BB, CCI, ATR, Williams_%R",32,0.4,0.0005,64,60,30,50,sigmoid,0.05839373402374978,12.32365682462481,-0.837808213633551,18.37606837606838,1.0089951817236888
15,"20MA, 50MA, Lower_BB, CCI, ATR, Williams_%R",32,0.7,0.0001,32,60,30,150,tanh,0.04592575565258467,9.358497432959627,-0.13679018453319003,33.76068376068376,0.984820239930263
16,"20MA, 50MA, Lower_BB, CCI, ATR, Williams_%R",128,0.5,0.0005,64,60,30,100,tanh,0.04340511518247407,9.18073764320281,-0.015428899617118574,33.76068376068376,0.9473469294782825
17,"20MA, 50MA, Lower_BB, CCI, ATR, Williams_%R",128,0.4,0.0005,64,60,30,100,sigmoid,0.06655255263030271,14.658038546721308,-1.3872457481727287,11.538461538461538,1.041480718349987
18,"20MA, 50MA, Lower_BB, CCI, ATR, Williams_%R",128,0.30000000000000004,0.001,16,60,30,100,tanh,0.07228731346482795,16.419386407126975,-1.8163839628904896,5.982905982905983,1.0
19,"20MA, 50MA, Lower_BB, CCI, ATR, Williams_%R",128,0.5,0.0001,32,60,30,100,tanh,0.054716398508818646,11.616036661311991,-0.613625325022968,21.367521367521366,1.070361703905649
20,"20MA, 50MA, Lower_BB, CCI, ATR, Williams_%R",128,0.2,0.0005,64,60,30,100,sigmoid,0.0671400916028464,14.726214216745625,-1.4295819493196582,10.683760683760683,1.0
21,"20MA, 50MA, Lower_BB, CCI, ATR, Williams_%R",32,0.7,0.0005,64,60,30,100,tanh,0.04609864673548943,9.632463453025828,-0.14536536549539547,32.47863247863248,0.8054419540981318
22,"20MA, 50MA, Lower_BB, CCI, ATR, Williams_%R",32,0.5,0.0005,64,60,30,150,tanh,0.043978664160317975,9.027669639030725,-0.04244166381555581,35.8974358974359,0.9473866984523369
23,"20MA, 50MA, Lower_BB, CCI, ATR, Williams_%R",32,0.5,0.0005,64,60,30,50,tanh,0.045969495083506624,9.48387283634938,-0.1389565607978045,32.47863247863248,0.8574697113854276
24,"20MA, 50MA, Lower_BB, CCI, ATR, Williams_%R",128,0.5,0.0005,64,60,30,100,tanh,0.048533753461441266,10.289833145792146,-0.2695664960501509,25.213675213675213,0.9135032272597493
0,"20MA, 50MA, Lower_BB, CCI, ATR, OBV",128,0.2,0.0005,16,60,1,50,relu,0.017888732153784843,3.471024017144554,0.8115099541134224,76.37130801687763,0.8056750163439489
1,"20MA, 50MA, Lower_BB, CCI, ATR, OBV",64,0.30000000000000004,0.0001,16,60,1,150,tanh,0.026408605765682748,5.329094221135837,0.5892096395372504,54.43037974683544,0.8721748318255718
2,"20MA, 50MA, Lower_BB, CCI, ATR, OBV",64,0.2,0.001,32,60,1,150,relu,0.01777133998414057,3.35274307558283,0.8139757132098402,75.52742616033755,0.9546327804314153
3,"20MA, 50MA, Lower_BB, CCI, ATR, OBV",64,0.8,0.0005,16,60,1,50,tanh,0.017549921105836804,3.522383823713625,0.8185823094048449,75.9493670886076,0.9119877317219384
4,"20MA, 50MA, Lower_BB, CCI, ATR, OBV",64,0.2,0.0001,64,60,1,100,tanh,0.022136219693029684,4.50436064563882,0.7113734953737574,66.24472573839662,1.1032411902098567
5,"20MA, 50MA, Lower_BB, CCI, ATR, OBV",128,0.2,0.0001,16,60,1,50,relu,0.025892129605973528,5.213564069381495,0.6051202693769131,56.118143459915615,0.8289131371850954
6,"20MA, 50MA, Lower_BB, CCI, ATR, OBV",64,0.8,0.0001,32,60,1,100,tanh,0.03803565871643529,8.754735536227326,0.1478595501652471,21.940928270042196,0.8846611709040281
7,"20MA, 50MA, Lower_BB, CCI, ATR, OBV",32,0.7,0.001,64,60,1,100,relu,0.03747280268799028,8.577684352172696,0.17289308857933028,24.894514767932492,0.909305553068305
8,"20MA, 50MA, Lower_BB, CCI, ATR, OBV",64,0.8,0.0005,64,60,1,100,sigmoid,0.03278938153694831,7.065908514573646,0.3667200362449934,41.77215189873418,0.9726969651663528
9,"20MA, 50MA, Lower_BB, CCI, ATR, OBV",32,0.5,0.0001,16,60,1,50,relu,0.03836794878640962,8.40236988782022,0.13290544173627616,24.050632911392405,0.9246612065880833
10,"20MA, 50MA, Lower_BB, CCI, ATR, OBV",32,0.6000000000000001,0.0005,16,60,1,50,sigmoid,0.05594465140356054,13.053651600357362,-0.8435140054536348,5.063291139240507,1.111466173065864
11,"20MA, 50MA, Lower_BB, CCI, ATR, OBV",64,0.4,0.001,32,60,1,150,tanh,0.016679968940166493,3.266057101860493,0.8361223330669145,78.90295358649789,0.8521907188466951
12,"20MA, 50MA, Lower_BB, CCI, ATR, OBV",64,0.4,0.001,32,60,1,150,tanh,0.019671557048448297,3.7635383403427807,0.7720672288495729,70.88607594936708,0.985523062039793
13,"20MA, 50MA, Lower_BB, CCI, ATR, OBV",64,0.4,0.001,32,60,1,150,tanh,0.02233436703415627,4.491682449903686,0.7061832199352516,62.447257383966246,1.0841319736042754
14,"20MA, 50MA, Lower_BB, CCI, ATR, OBV",64,0.6000000000000001,0.0005,32,60,1,150,tanh,0.013602282647117263,2.582730929254243,0.8910184733923939,89.45147679324894,1.1805277668777736
15,"20MA, 50MA, Lower_BB, CCI, ATR, OBV",128,0.6000000000000001,0.0005,32,60,1,150,tanh,0.02052310802710929,3.973390765052489,0.7519064008793206,68.35443037974683,1.0480149937889485
16,"20MA, 50MA, Lower_BB, CCI, ATR, OBV",64,0.5,0.001,32,60,1,150,sigmoid,0.049014731937123565,11.803187161506647,-0.4150851088836862,3.79746835443038,1.0
17,"20MA, 50MA, Lower_BB, CCI, ATR, OBV",64,0.5,0.0005,32,60,1,150,tanh,0.01301232021841254,2.4678684136909594,0.9002670232517656,91.56118143459916,1.2080553841963564
18,"20MA, 50MA, Lower_BB, CCI, ATR, OBV",32,0.6000000000000001,0.0005,32,60,1,150,tanh,0.04135859150206672,9.701947231245054,-0.007536474901604917,13.502109704641349,1.027857424938288
19,"20MA, 50MA, Lower_BB, CCI, ATR, OBV",128,0.7,0.0005,32,60,1,150,tanh,0.028819818267060683,5.9588778423674205,0.5107714728446302,48.10126582278481,0.9691825321707184
20,"20MA, 50MA, Lower_BB, CCI, ATR, OBV",64,0.7,0.0005,32,60,1,150,sigmoid,0.060787041457081754,15.314435346664638,-1.1764631089549682,2.109704641350211,1.105789122388121
21,"20MA, 50MA, Lower_BB, CCI, ATR, OBV",64,0.4,0.001,32,60,1,150,tanh,0.029076421244657705,6.137685897088723,0.5020208020633878,43.88185654008439,1.0459952148245206
22,"20MA, 50MA, Lower_BB, CCI, ATR, OBV",64,0.5,0.0005,32,60,1,150,tanh,0.013955237426920267,2.6730455429856366,0.8852893457628289,85.23206751054853,0.9630392029926821
23,"20MA, 50MA, Lower_BB, CCI, ATR, OBV",64,0.5,0.0005,32,60,1,150,tanh,0.020572296956319368,4.07226053982108,0.750715734939386,66.66666666666666,1.062867948516197
24,"20MA, 50MA, Lower_BB, CCI, ATR, OBV",64,0.6000000000000001,0.0005,32,60,1,150,tanh,0.03968309130235661,8.79031778830678,0.07244367828345044,24.050632911392405,1.105789122388121
0,"20MA, 50MA, Lower_BB, CCI, ATR, OBV",128,0.30000000000000004,0.0005,32,60,30,100,relu,0.0659373532924785,14.23871323980213,-1.3433152281229752,14.957264957264957,1.0
1,"20MA, 50MA, Lower_BB, CCI, ATR, OBV",64,0.8,0.0005,16,60,30,100,sigmoid,0.11926297540398352,29.250435924858486,-6.666179317505451,0.0,1.0
2,"20MA, 50MA, Lower_BB, CCI, ATR, OBV",64,0.7,0.0005,32,60,30,50,tanh,0.06215710401720211,13.6395930021776,-1.0823284714801003,14.102564102564102,1.0
3,"20MA, 50MA, Lower_BB, CCI, ATR, OBV",64,0.5,0.0005,64,60,30,100,relu,0.038351170850393745,7.941577608444746,0.20727063106755284,39.743589743589745,0.9642704074781534
4,"20MA, 50MA, Lower_BB, CCI, ATR, OBV",128,0.7,0.0001,64,60,30,100,relu,0.04633154776584885,9.523194784000328,-0.15696790271390193,32.05128205128205,1.0850783045857628
5,"20MA, 50MA, Lower_BB, CCI, ATR, OBV",32,0.30000000000000004,0.0005,16,60,30,150,relu,0.05775779090953191,12.441220401433418,-0.7979964993451796,17.94871794871795,1.0
6,"20MA, 50MA, Lower_BB, CCI, ATR, OBV",128,0.5,0.001,64,60,30,100,sigmoid,0.07988408449053962,18.542825886581717,-2.4394438044658044,3.418803418803419,1.0
7,"20MA, 50MA, Lower_BB, CCI, ATR, OBV",128,0.8,0.0001,32,60,30,100,tanh,0.05439142977464397,11.47193503383851,-0.594515127159245,20.94017094017094,1.0553815864664324
8,"20MA, 50MA, Lower_BB, CCI, ATR, OBV",64,0.30000000000000004,0.001,64,60,30,50,tanh,0.06678602870685715,14.701482294956362,-1.404024741840313,11.538461538461538,1.0
9,"20MA, 50MA, Lower_BB, CCI, ATR, OBV",64,0.4,0.001,32,60,30,50,sigmoid,0.11466805998020779,28.04869864814205,-6.086839926584003,0.4273504273504274,1.0
10,"20MA, 50MA, Lower_BB, CCI, ATR, OBV",32,0.5,0.0005,64,60,30,150,relu,0.043784296797890386,8.977972628307542,-0.0332477103381017,33.76068376068376,0.9433603962818239
11,"20MA, 50MA, Lower_BB, CCI, ATR, OBV",32,0.5,0.0005,64,60,30,150,relu,0.04211621991977115,8.578817827344443,0.04398113330641584,36.324786324786324,0.963828694125913
12,"20MA, 50MA, Lower_BB, CCI, ATR, OBV",32,0.5,0.0005,64,60,30,150,relu,0.04387274363155783,8.921059828763497,-0.037426367943342864,35.47008547008547,0.9187234501541208
13,"20MA, 50MA, Lower_BB, CCI, ATR, OBV",32,0.6000000000000001,0.0005,64,60,30,150,relu,0.04893468206990253,10.45235021975473,-0.2906284537072952,24.786324786324787,1.070032234604776
14,"20MA, 50MA, Lower_BB, CCI, ATR, OBV",64,0.4,0.0005,64,60,30,150,relu,0.05200855231444076,11.594916392948404,-0.45786471134565687,18.37606837606838,0.9762898142600918
15,"20MA, 50MA, Lower_BB, CCI, ATR, OBV",32,0.2,0.0001,64,60,30,100,relu,0.037376626805233466,7.441806379166913,0.24704694111842251,39.31623931623932,1.313211548989896
16,"20MA, 50MA, Lower_BB, CCI, ATR, OBV",64,0.2,0.0001,16,60,30,100,relu,0.06170375273159549,13.621054731152205,-1.052063753956583,10.683760683760683,1.0314828781435266
17,"20MA, 50MA, Lower_BB, CCI, ATR, OBV",32,0.2,0.0001,64,60,30,100,relu,0.039192224113719844,7.986482666774688,0.1721197670301292,37.17948717948718,1.1551636716087845
18,"20MA, 50MA, Lower_BB, CCI, ATR, OBV",64,0.6000000000000001,0.0001,64,60,30,100,tanh,0.039318307452565024,8.024442081680437,0.16678453499390744,37.60683760683761,1.1228502542687904
19,"20MA, 50MA, Lower_BB, CCI, ATR, OBV",32,0.4,0.0001,16,60,30,100,sigmoid,0.05712900232811683,12.325615265058653,-0.759061295990898,16.666666666666664,1.0543490503606425
20,"20MA, 50MA, Lower_BB, CCI, ATR, OBV",32,0.2,0.0001,64,60,30,100,relu,0.041902150795794416,8.368136832050235,0.053674976284550535,35.47008547008547,1.0646447921714528
21,"20MA, 50MA, Lower_BB, CCI, ATR, OBV",32,0.2,0.0001,64,60,30,100,relu,0.03597021983896151,7.403457067827286,0.3026450666226005,40.17094017094017,1.2153143221951423
22,"20MA, 50MA, Lower_BB, CCI, ATR, OBV",32,0.30000000000000004,0.0001,64,60,30,100,relu,0.04088786961098916,8.178162825035995,0.09893388232441414,38.034188034188034,1.2546997854093889
23,"20MA, 50MA, Lower_BB, CCI, ATR, OBV",32,0.2,0.0001,64,60,30,100,relu,0.03755606865971953,7.576650698558159,0.23979986542207343,40.17094017094017,1.2158540431596123
24,"20MA, 50MA, Lower_BB, CCI, ATR, OBV",32,0.2,0.0001,64,60,30,100,relu,0.03726643422275405,7.636050226870783,0.2514800612044491,38.88888888888889,1.3191450001663811
0,"20MA, 50MA, Lower_BB, CCI, Williams_%R, OBV",128,0.5,0.0005,16,60,1,150,sigmoid,0.04142484108101471,9.433718762347091,-0.010766871542202017,23.20675105485232,1.041480718349987
1,"20MA, 50MA, Lower_BB, CCI, Williams_%R, OBV",32,0.4,0.0005,16,60,1,50,tanh,0.018863256550890852,3.8789003950124017,0.7904138209718026,70.88607594936708,0.932415091637018
2,"20MA, 50MA, Lower_BB, CCI, Williams_%R, OBV",64,0.2,0.0001,16,60,1,100,sigmoid,0.04177454818342396,9.37107501643465,-0.02790462489995771,16.455696202531644,0.9357864507269573
3,"20MA, 50MA, Lower_BB, CCI, Williams_%R, OBV",64,0.7,0.0001,32,60,1,50,tanh,0.03606639173332865,8.456535204699906,0.2338131602851553,17.72151898734177,0.8846611709040281
4,"20MA, 50MA, Lower_BB, CCI, Williams_%R, OBV",128,0.6000000000000001,0.001,32,60,1,50,relu,0.01722701504346708,3.4855568307567455,0.8251968062541053,75.9493670886076,1.0793949039694588
5,"20MA, 50MA, Lower_BB, CCI, Williams_%R, OBV",128,0.8,0.0001,16,60,1,150,sigmoid,0.05911434556286459,14.59408852722487,-1.0583303096684222,2.9535864978902953,1.041480718349987
6,"20MA, 50MA, Lower_BB, CCI, Williams_%R, OBV",64,0.4,0.001,64,60,1,150,tanh,0.042604983403082476,10.328794153337368,-0.06917820743907388,9.282700421940929,1.105789122388121
7,"20MA, 50MA, Lower_BB, CCI, Williams_%R, OBV",128,0.5,0.0001,32,60,1,150,tanh,0.023842841881453303,4.894459681663537,0.6651538309338578,58.64978902953587,0.8867279589074282
8,"20MA, 50MA, Lower_BB, CCI, Williams_%R, OBV",128,0.6000000000000001,0.0005,64,60,1,100,sigmoid,0.04244778071215307,10.242510592731268,-0.06130271524634545,8.016877637130802,1.027857424938288
9,"20MA, 50MA, Lower_BB, CCI, Williams_%R, OBV",64,0.8,0.0005,64,60,1,150,sigmoid,0.027885478980436,6.095944750719627,0.5419788693416309,45.56962025316456,0.9471504713541504
10,"20MA, 50MA, Lower_BB, CCI, Williams_%R, OBV",32,0.2,0.001,32,60,1,50,relu,0.031730264819850355,7.3053090877842495,0.4069699633810484,26.160337552742618,0.9324430473321649
11,"20MA, 50MA, Lower_BB, CCI, Williams_%R, OBV",32,0.4,0.001,16,60,1,50,relu,0.019012060102593792,3.8772147128069783,0.7870941207544558,68.35443037974683,0.9824965009315393
12,"20MA, 50MA, Lower_BB, CCI, Williams_%R, OBV",32,0.4,0.001,32,60,1,50,relu,0.02259815804380225,4.726201257370094,0.6992016979058948,56.118143459915615,1.0507084049025142
13,"20MA, 50MA, Lower_BB, CCI, Williams_%R, OBV",32,0.6000000000000001,0.0005,16,60,1,50,relu,0.01928084352197998,3.8843922544588803,0.7810316442210088,70.46413502109705,0.9114623651604751
14,"20MA, 50MA, Lower_BB, CCI, Williams_%R, OBV",128,0.30000000000000004,0.001,32,60,1,50,tanh,0.015325097332453531,3.00699353540817,0.8616638196034452,82.27848101265823,0.9772518089808373
15,"20MA, 50MA, Lower_BB, CCI, Williams_%R, OBV",128,0.30000000000000004,0.001,32,60,1,50,tanh,0.013753618270655387,2.7182592083714923,0.888579980524071,87.34177215189874,0.9363179514358271
16,"20MA, 50MA, Lower_BB, CCI, Williams_%R, OBV",128,0.30000000000000004,0.001,32,60,1,50,tanh,0.02851061269768982,6.524413776764224,0.5212129468464917,31.645569620253166,1.041480718349987
17,"20MA, 50MA, Lower_BB, CCI, Williams_%R, OBV",128,0.30000000000000004,0.001,32,60,1,100,tanh,0.027965197461525197,5.90974803996729,0.5393563617743641,43.459915611814345,1.099944339122622
18,"20MA, 50MA, Lower_BB, CCI, Williams_%R, OBV",128,0.30000000000000004,0.001,32,60,1,50,tanh,0.019758497885272733,3.999049947246581,0.7700480234662828,68.77637130801688,1.0451941076479296
19,"20MA, 50MA, Lower_BB, CCI, Williams_%R, OBV",128,0.2,0.001,32,60,1,50,tanh,0.016594766504822455,3.3224314859052626,0.8377922540310874,76.79324894514767,0.9531027227019385
20,"20MA, 50MA, Lower_BB, CCI, Williams_%R, OBV",128,0.30000000000000004,0.001,32,60,1,100,tanh,0.020715089248383892,4.3074339319983235,0.7472431613990043,64.13502109704642,1.0168733631922118
21,"20MA, 50MA, Lower_BB, CCI, Williams_%R, OBV",128,0.2,0.001,32,60,1,50,tanh,0.015808563455633043,3.1298002565730445,0.8527978643576909,80.16877637130801,0.9469560741557101
22,"20MA, 50MA, Lower_BB, CCI, Williams_%R, OBV",128,0.2,0.001,32,60,1,50,tanh,0.02115235736719101,4.342083868903177,0.7364598142532326,64.13502109704642,0.8810170820938001
23,"20MA, 50MA, Lower_BB, CCI, Williams_%R, OBV",128,0.30000000000000004,0.001,32,60,1,50,tanh,0.018601255511709127,3.741408460581719,0.7961954788836301,71.30801687763713,0.9316973484608055
24,"20MA, 50MA, Lower_BB, CCI, Williams_%R, OBV",128,0.2,0.001,32,60,1,50,tanh,0.0208240813847936,4.301821274594964,0.7445764115208047,63.71308016877637,0.9606629761033125
0,"20MA, 50MA, Lower_BB, CCI, Williams_%R, OBV",64,0.7,0.001,64,60,30,50,tanh,0.04637512936426064,9.588906458877798,-0.15914552154243822,27.77777777777778,0.9324430473321649
1,"20MA, 50MA, Lower_BB, CCI, Williams_%R, OBV",32,0.7,0.001,32,60,30,150,tanh,0.06022838290992995,13.156592378494313,-0.9551050571165982,17.52136752136752,1.0720382721023265
2,"20MA, 50MA, Lower_BB, CCI, Williams_%R, OBV",32,0.4,0.001,64,60,30,100,relu,0.06447722711456716,12.780300434984268,-1.2406828885285912,23.076923076923077,1.1083815852853849
3,"20MA, 50MA, Lower_BB, CCI, Williams_%R, OBV",128,0.30000000000000004,0.0001,32,60,30,50,relu,0.06450012698345868,14.392150233462766,-1.2422747825536433,9.401709401709402,1.041480718349987
4,"20MA, 50MA, Lower_BB, CCI, Williams_%R, OBV",128,0.7,0.001,32,60,30,50,relu,0.07390330371283017,16.934309226385672,-1.9437125525290915,4.273504273504273,1.0
5,"20MA, 50MA, Lower_BB, CCI, Williams_%R, OBV",32,0.2,0.0001,64,60,30,150,tanh,0.03760282720256438,7.873976177270932,0.23790573860261688,34.61538461538461,1.2601647980455244
6,"20MA, 50MA, Lower_BB, CCI, Williams_%R, OBV",32,0.2,0.0005,32,60,30,150,sigmoid,0.06446442782255747,14.517812244602988,-1.2397933866271136,11.11111111111111,1.0
7,"20MA, 50MA, Lower_BB, CCI, Williams_%R, OBV",128,0.6000000000000001,0.0005,32,60,30,100,sigmoid,0.1357079553015455,34.01730574779679,-8.926092261271847,0.0,1.0
8,"20MA, 50MA, Lower_BB, CCI, Williams_%R, OBV",128,0.6000000000000001,0.001,64,60,30,50,relu,0.04967187973074334,10.5270542741457,-0.3298078245897089,25.213675213675213,1.041480718349987
9,"20MA, 50MA, Lower_BB, CCI, Williams_%R, OBV",64,0.6000000000000001,0.0001,16,60,30,50,sigmoid,0.09175304331126488,21.465569165735698,-3.537416537131385,1.282051282051282,1.0720382721023265
10,"20MA, 50MA, Lower_BB, CCI, Williams_%R, OBV",32,0.2,0.0001,16,60,30,150,tanh,0.0548646233800716,11.730750928931592,-0.6223796793677805,21.367521367521366,1.041480718349987
11,"20MA, 50MA, Lower_BB, CCI, Williams_%R, OBV",64,0.8,0.0001,64,60,30,150,tanh,0.03958342565619621,8.134866654175676,0.15551012601946923,36.324786324786324,1.0982102000280987
12,"20MA, 50MA, Lower_BB, CCI, Williams_%R, OBV",64,0.8,0.0001,64,60,30,150,tanh,0.039953753962602465,8.185384986546634,0.13963472190095128,38.46153846153847,1.1320765431005964
13,"20MA, 50MA, Lower_BB, CCI, Williams_%R, OBV",64,0.4,0.0001,64,60,30,150,tanh,0.03770366054209403,7.733582195665825,0.23381309207566559,35.8974358974359,1.1528522578762757
14,"20MA, 50MA, Lower_BB, CCI, Williams_%R, OBV",32,0.4,0.0001,64,60,30,150,tanh,0.035832966223034814,7.436340692267923,0.30244447529172136,39.40677966101695,1.379596420709635
15,"20MA, 50MA, Lower_BB, CCI, Williams_%R, OBV",32,0.4,0.0001,64,60,30,150,tanh,0.0376815978801925,7.709997182160714,0.2286137670188435,37.28813559322034,1.282298933646091
16,"20MA, 50MA, Lower_BB, CCI, Williams_%R, OBV",32,0.30000000000000004,0.0001,64,60,30,150,tanh,0.03684696416449642,7.596304381030489,0.26823586968050683,37.60683760683761,1.084246445871705
17,"20MA, 50MA, Lower_BB, CCI, Williams_%R, OBV",32,0.30000000000000004,0.0005,16,60,30,100,tanh,0.0679483216429173,15.064435522775574,-1.4884284689030873,11.11111111111111,1.0
18,"20MA, 50MA, Lower_BB, CCI, Williams_%R, OBV",32,0.5,0.0001,64,60,30,150,tanh,0.03650833150774639,7.50117037384607,0.2816242488448133,37.17948717948718,1.2873120221686305
19,"20MA, 50MA, Lower_BB, CCI, Williams_%R, OBV",32,0.5,0.0001,64,60,30,150,sigmoid,0.04419924303416385,9.040983749455027,-0.061311635398175524,32.20338983050847,1.3440943498508828
20,"20MA, 50MA, Lower_BB, CCI, Williams_%R, OBV",32,0.5,0.0005,16,60,30,100,tanh,0.06390122536411981,13.905582979722725,-1.2008278133304633,14.957264957264957,1.0
21,"20MA, 50MA, Lower_BB, CCI, Williams_%R, OBV",32,0.30000000000000004,0.0001,64,60,30,150,tanh,0.038450255652612,7.996890671555648,0.20316911868618914,34.61538461538461,1.205213944899682
22,"20MA, 50MA, Lower_BB, CCI, Williams_%R, OBV",32,0.4,0.0001,64,60,30,150,tanh,0.036358577804846665,7.456767674687215,0.287505579712781,40.17094017094017,1.247234360286288
23,"20MA, 50MA, Lower_BB, CCI, Williams_%R, OBV",32,0.4,0.0001,64,60,30,150,tanh,0.0352953762218835,7.307407643812488,0.32856600740200903,38.46153846153847,1.3547921641587992
24,"20MA, 50MA, Lower_BB, CCI, Williams_%R, OBV",32,0.4,0.0001,64,60,30,150,tanh,0.034111834074883114,7.007651554360271,0.3728407464956355,42.73504273504273,1.4460609678319476
0,"20MA, 50MA, Lower_BB, ATR, Williams_%R, OBV",64,0.5,0.001,32,60,1,50,relu,0.04442254824283651,10.536938526828848,-0.16234816032754784,7.172995780590717,1.041480718349987
1,"20MA, 50MA, Lower_BB, ATR, Williams_%R, OBV",128,0.7,0.0005,32,60,1,150,sigmoid,0.042342575896477885,10.273819735549093,-0.056048457431653986,7.59493670886076,1.041480718349987
2,"20MA, 50MA, Lower_BB, ATR, Williams_%R, OBV",32,0.8,0.0005,32,60,1,100,sigmoid,0.025297561278466964,5.2066854618091805,0.6200637121850281,55.23012552301255,0.924536131013385
3,"20MA, 50MA, Lower_BB, ATR, Williams_%R, OBV",32,0.2,0.001,16,60,1,150,sigmoid,0.026625177272551575,5.059208956089904,0.5824443993019909,59.07172995780591,1.0691861545459567
4,"20MA, 50MA, Lower_BB, ATR, Williams_%R, OBV",32,0.5,0.0005,32,60,1,150,tanh,0.024521871280578113,5.102172077881315,0.6430061957930384,52.30125523012552,0.9454913917395301
5,"20MA, 50MA, Lower_BB, ATR, Williams_%R, OBV",64,0.2,0.0001,64,60,1,100,tanh,0.022419644540913573,4.391493842212924,0.7039352227579724,65.82278481012658,1.2968239536716317
6,"20MA, 50MA, Lower_BB, ATR, Williams_%R, OBV",64,0.8,0.001,32,60,1,50,relu,0.039881943502643104,9.288777438317975,0.06312440698056054,13.502109704641349,1.041480718349987
7,"20MA, 50MA, Lower_BB, ATR, Williams_%R, OBV",64,0.6000000000000001,0.001,64,60,1,50,relu,0.05189973419145563,12.624004129299275,-0.5991298465249517,3.3472803347280333,1.041480718349987
8,"20MA, 50MA, Lower_BB, ATR, Williams_%R, OBV",32,0.5,0.0001,64,60,1,50,relu,0.033963944310720126,6.617344968599673,0.3205374300054471,44.72573839662447,1.2724157714816955
9,"20MA, 50MA, Lower_BB, ATR, Williams_%R, OBV",128,0.8,0.0001,64,60,1,100,sigmoid,0.048319867604597166,10.194752088893107,-0.3752471972893676,25.31645569620253,1.2482634224868936
10,"20MA, 50MA, Lower_BB, ATR, Williams_%R, OBV",64,0.2,0.0001,16,60,1,100,tanh,0.02320710778343775,4.6260889049064975,0.7044721223103814,60.83333333333333,1.1156536781677142
11,"20MA, 50MA, Lower_BB, ATR, Williams_%R, OBV",64,0.2,0.0001,16,60,1,100,tanh,0.022527614920527773,4.458893615737381,0.6987105742590032,64.85355648535564,1.0831322351265757
12,"20MA, 50MA, Lower_BB, ATR, Williams_%R, OBV",64,0.30000000000000004,0.0001,16,60,1,100,tanh,0.030878156977027994,6.337917994966744,0.4383936124645035,45.14767932489451,0.9855422127305854
13,"20MA, 50MA, Lower_BB, ATR, Williams_%R, OBV",64,0.30000000000000004,0.0001,16,60,1,100,tanh,0.022222592263148683,4.416769504583462,0.7290146253027303,64.58333333333334,1.167699749936368
14,"20MA, 50MA, Lower_BB, ATR, Williams_%R, OBV",64,0.30000000000000004,0.0001,64,60,1,100,tanh,0.022865723252232305,4.482191843578462,0.6920365452487018,64.9789029535865,1.2981613260799965
15,"20MA, 50MA, Lower_BB, ATR, Williams_%R, OBV",64,0.4,0.0001,16,60,1,100,tanh,0.029006713951209098,5.951446231244509,0.5004827087262351,48.53556485355649,1.0085145093040273
16,"20MA, 50MA, Lower_BB, ATR, Williams_%R, OBV",128,0.30000000000000004,0.0001,64,60,1,100,tanh,0.02710284253319336,5.76418173701094,0.5673278108674433,49.36708860759494,0.9393338374167405
17,"20MA, 50MA, Lower_BB, ATR, Williams_%R, OBV",64,0.4,0.0001,64,60,1,100,tanh,0.020203858608693854,3.956639473053923,0.759564861380863,71.72995780590718,1.4672845942514814
18,"20MA, 50MA, Lower_BB, ATR, Williams_%R, OBV",64,0.4,0.0001,16,60,1,100,tanh,0.026913650170110225,5.426806375139327,0.5733472950965188,53.58649789029536,0.980054847287546
19,"20MA, 50MA, Lower_BB, ATR, Williams_%R, OBV",128,0.4,0.0005,64,60,1,150,tanh,0.040331632793078984,9.836189173061046,0.04187779328582808,7.59493670886076,1.041480718349987
20,"20MA, 50MA, Lower_BB, ATR, Williams_%R, OBV",64,0.6000000000000001,0.0001,16,60,1,100,tanh,0.03072443101874311,6.272251820018687,0.44397157334308324,46.835443037974684,1.0811732608448454
21,"20MA, 50MA, Lower_BB, ATR, Williams_%R, OBV",64,0.30000000000000004,0.0001,64,60,1,100,tanh,0.025593736938097134,5.06218491208391,0.6111152922627993,58.995815899581594,1.0830419691262598
22,"20MA, 50MA, Lower_BB, ATR, Williams_%R, OBV",64,0.4,0.0001,64,60,1,100,tanh,0.02190050374229833,4.348791103576959,0.7388627627222231,68.90756302521008,1.2861779681286378
23,"20MA, 50MA, Lower_BB, ATR, Williams_%R, OBV",64,0.4,0.0001,64,60,1,100,tanh,0.021854552832676895,4.278646179456365,0.7186718781815662,69.62025316455697,1.1737854568278616
24,"20MA, 50MA, Lower_BB, ATR, Williams_%R, OBV",64,0.4,0.0001,64,60,1,100,tanh,0.023315850959421215,4.529597575973166,0.6772576157290104,64.01673640167364,1.2737371904372576
0,"20MA, 50MA, Lower_BB, ATR, Williams_%R, OBV",64,0.4,0.0001,16,60,30,50,relu,0.07812028756685724,18.107472522468832,-2.2892384624633673,2.564102564102564,1.0
1,"20MA, 50MA, Lower_BB, ATR, Williams_%R, OBV",32,0.5,0.001,32,60,30,100,relu,0.05867021822366202,12.216103147938128,-0.8552528207906989,22.22222222222222,1.0
2,"20MA, 50MA, Lower_BB, ATR, Williams_%R, OBV",128,0.4,0.0001,32,60,30,50,sigmoid,0.07368063441341505,16.309591128222134,-1.9493069591242862,8.47457627118644,1.111466173065864
3,"20MA, 50MA, Lower_BB, ATR, Williams_%R, OBV",32,0.8,0.0005,16,60,30,50,tanh,0.07312556711190159,16.619295560728972,-1.882081036181495,6.41025641025641,1.0
4,"20MA, 50MA, Lower_BB, ATR, Williams_%R, OBV",64,0.5,0.0005,32,60,30,150,sigmoid,0.08788569379783594,20.653989835776137,-3.1629775083796883,2.564102564102564,1.0
5,"20MA, 50MA, Lower_BB, ATR, Williams_%R, OBV",128,0.5,0.001,16,60,30,150,relu,0.07647486226430783,17.515250055468034,-2.1521371130488354,4.273504273504273,1.0
6,"20MA, 50MA, Lower_BB, ATR, Williams_%R, OBV",128,0.4,0.0001,32,60,30,100,relu,0.05394322441178213,11.37334992192927,-0.5683446197288982,21.794871794871796,1.041480718349987
7,"20MA, 50MA, Lower_BB, ATR, Williams_%R, OBV",128,0.5,0.0005,16,60,30,100,relu,0.07481103795653046,17.084326459410644,-2.0164703034214457,4.700854700854701,1.0
8,"20MA, 50MA, Lower_BB, ATR, Williams_%R, OBV",32,0.7,0.0001,16,60,30,150,sigmoid,0.06080096286369315,13.467114580505807,-0.9924553935667315,14.102564102564102,1.0
9,"20MA, 50MA, Lower_BB, ATR, Williams_%R, OBV",64,0.8,0.0001,16,60,30,50,sigmoid,0.09188568217705209,21.565661910286067,-3.5505446639354448,1.282051282051282,1.0720382721023265
10,"20MA, 50MA, Lower_BB, ATR, Williams_%R, OBV",128,0.2,0.0001,64,60,30,100,tanh,0.044093072679386724,8.985903133920925,-0.04787244892424458,36.75213675213676,0.9804169776168427
11,"20MA, 50MA, Lower_BB, ATR, Williams_%R, OBV",128,0.2,0.0001,64,60,30,100,tanh,0.043245052179753475,8.818883563407661,-0.015982232976470723,33.47457627118644,1.0806982054316343
12,"20MA, 50MA, Lower_BB, ATR, Williams_%R, OBV",128,0.2,0.0001,64,60,30,100,tanh,0.04240460886755989,8.69441868480966,0.030843714260749944,35.8974358974359,0.9637903555540637
13,"20MA, 50MA, Lower_BB, ATR, Williams_%R, OBV",128,0.2,0.0001,64,60,30,100,tanh,0.04320137191062168,8.800425164437007,-0.0059184424764457955,33.76068376068376,1.0071298176168364
14,"20MA, 50MA, Lower_BB, ATR, Williams_%R, OBV",128,0.2,0.0001,64,60,30,100,tanh,0.04150281642309968,8.453725809936268,0.07162629274639731,34.61538461538461,1.0285708122635486
15,"20MA, 50MA, Lower_BB, ATR, Williams_%R, OBV",128,0.30000000000000004,0.001,64,60,30,100,tanh,0.04767651769980861,9.971134144267266,-0.22511468982704752,26.923076923076923,1.0568024073267188
16,"20MA, 50MA, Lower_BB, ATR, Williams_%R, OBV",128,0.30000000000000004,0.0001,64,60,30,100,tanh,0.0452030857308012,9.317348036487736,-0.10129548358923435,32.05128205128205,0.9872664831546035
17,"20MA, 50MA, Lower_BB, ATR, Williams_%R, OBV",128,0.30000000000000004,0.0001,64,60,30,100,tanh,0.04320926757696649,8.77378820090188,-0.0062861679367101075,34.18803418803419,0.9555991049292543
18,"20MA, 50MA, Lower_BB, ATR, Williams_%R, OBV",64,0.6000000000000001,0.001,64,60,30,100,tanh,0.058906962570489455,12.981891993007475,-0.8702555528639866,14.957264957264957,1.0
19,"20MA, 50MA, Lower_BB, ATR, Williams_%R, OBV",32,0.30000000000000004,0.0005,64,60,30,150,tanh,0.04355112578194705,9.043434062010983,-0.02227199880269648,34.18803418803419,0.9516059400642191
20,"20MA, 50MA, Lower_BB, ATR, Williams_%R, OBV",128,0.2,0.0001,64,60,30,100,tanh,0.04244107666105437,8.633059885424965,0.02917605644468546,36.324786324786324,0.9219870853063612
21,"20MA, 50MA, Lower_BB, ATR, Williams_%R, OBV",128,0.2,0.0001,64,60,30,100,tanh,0.04199000752814472,8.567188695320107,0.04970247443793685,34.61538461538461,0.9109261520092173
22,"20MA, 50MA, Lower_BB, ATR, Williams_%R, OBV",128,0.2,0.0001,64,60,30,100,tanh,0.042507345855680834,8.676303419523244,0.02614192281223271,35.04273504273504,0.936070359061382
23,"20MA, 50MA, Lower_BB, ATR, Williams_%R, OBV",128,0.30000000000000004,0.0001,64,60,30,100,tanh,0.04301686045666038,8.73696921285158,0.0026556890117935827,35.47008547008547,0.9069974353447373
24,"20MA, 50MA, Lower_BB, ATR, Williams_%R, OBV",128,0.2,0.0001,64,60,30,100,tanh,0.03995077861405755,8.167312408519054,0.1397628596105417,35.8974358974359,0.9907057593958467
0,"20MA, 50MA, CCI, ATR, Williams_%R, OBV",32,0.8,0.001,64,60,1,150,sigmoid,0.030635352723005795,6.458624871291032,0.4471910480460487,40.50632911392405,0.9299074831038295
1,"20MA, 50MA, CCI, ATR, Williams_%R, OBV",32,0.5,0.0001,32,60,1,50,tanh,0.02011468788433589,4.1859877916705175,0.7616825224805541,72.15189873417721,0.9486924031294084
2,"20MA, 50MA, CCI, ATR, Williams_%R, OBV",32,0.30000000000000004,0.0001,64,60,1,150,sigmoid,0.03575720428768931,7.598074655344914,0.24689347802968453,29.957805907172997,1.0575968904683517
3,"20MA, 50MA, CCI, ATR, Williams_%R, OBV",128,0.5,0.0005,16,60,1,100,sigmoid,0.03376111576769123,7.30588249806802,0.32862853370258405,35.86497890295359,0.9116620696759975
4,"20MA, 50MA, CCI, ATR, Williams_%R, OBV",32,0.8,0.001,64,60,1,100,relu,0.03528089700581151,8.10348587447345,0.26682350394737175,29.11392405063291,0.9252559177084875
5,"20MA, 50MA, CCI, ATR, Williams_%R, OBV",64,0.5,0.0005,32,60,1,150,sigmoid,0.11284016627488573,28.920831876733686,-6.499921747791768,0.0,1.0
6,"20MA, 50MA, CCI, ATR, Williams_%R, OBV",128,0.6000000000000001,0.001,64,60,1,150,tanh,0.03074675616270302,7.323423412466551,0.44316323130329605,23.628691983122362,1.041480718349987
7,"20MA, 50MA, CCI, ATR, Williams_%R, OBV",32,0.8,0.0005,32,60,1,50,tanh,0.01683391509094411,3.3221149922992717,0.8330833876887439,79.74683544303798,0.9314542519270299
8,"20MA, 50MA, CCI, ATR, Williams_%R, OBV",128,0.6000000000000001,0.0005,16,60,1,100,tanh,0.031642976119505874,6.646115396562309,0.41022827969009834,36.28691983122363,1.0242070994853243
9,"20MA, 50MA, CCI, ATR, Williams_%R, OBV",128,0.8,0.001,64,60,1,100,tanh,0.03348674585388602,7.977931794369445,0.33949639940471743,15.611814345991561,1.041480718349987
10,"20MA, 50MA, CCI, ATR, Williams_%R, OBV",64,0.2,0.0005,32,60,1,50,relu,0.04255410743624295,10.086925577498908,-0.06662625257366317,10.548523206751055,1.041480718349987
11,"20MA, 50MA, CCI, ATR, Williams_%R, OBV",32,0.4,0.0001,32,60,1,50,tanh,0.02263074460407863,4.570236275408241,0.6983335696968802,64.9789029535865,0.9723010749644846
12,"20MA, 50MA, CCI, ATR, Williams_%R, OBV",32,0.6000000000000001,0.0001,32,60,1,50,tanh,0.02577046035425376,5.403730057900734,0.6088226947100392,55.27426160337553,1.0449404389662813
13,"20MA, 50MA, CCI, ATR, Williams_%R, OBV",32,0.7,0.0001,32,60,1,50,tanh,0.021776417819611815,4.389168575018082,0.7206799066291003,65.82278481012658,1.1986650173271862
14,"20MA, 50MA, CCI, ATR, Williams_%R, OBV",32,0.4,0.0005,32,60,1,50,tanh,0.01907703382263616,3.8034031554826884,0.7856364223725301,72.57383966244726,0.9660014966462728
15,"20MA, 50MA, CCI, ATR, Williams_%R, OBV",32,0.30000000000000004,0.0005,32,60,1,50,tanh,0.028162166171709562,6.265753739035977,0.5328445598515259,40.08438818565401,0.8466655260590198
16,"20MA, 50MA, CCI, ATR, Williams_%R, OBV",64,0.4,0.0005,32,60,1,50,relu,0.018307955165980053,3.5905135779351207,0.8025718946921782,76.79324894514767,1.1369894896617168
17,"20MA, 50MA, CCI, ATR, Williams_%R, OBV",64,0.7,0.0005,16,60,1,50,relu,0.03271648373517288,6.793132983340697,0.36953273950983534,42.616033755274266,0.9610847980661589
18,"20MA, 50MA, CCI, ATR, Williams_%R, OBV",64,0.4,0.0005,32,60,1,50,relu,0.03750639754374634,8.6117273990946,0.17140939956296053,23.628691983122362,0.9485983386754233
19,"20MA, 50MA, CCI, ATR, Williams_%R, OBV",64,0.2,0.0005,32,60,1,50,relu,0.018944172295792674,3.771790081019171,0.7886118844932107,72.9957805907173,1.070029807303628
20,"20MA, 50MA, CCI, ATR, Williams_%R, OBV",64,0.7,0.0005,16,60,1,50,relu,0.020766496816474387,4.271464221621147,0.7459870975678611,64.13502109704642,0.9952242358898354
21,"20MA, 50MA, CCI, ATR, Williams_%R, OBV",64,0.2,0.0005,32,60,1,50,relu,0.04240078890333187,9.54089040078828,-0.058954185934825265,20.675105485232066,1.0314828781435266
22,"20MA, 50MA, CCI, ATR, Williams_%R, OBV",64,0.30000000000000004,0.0005,32,60,1,50,relu,0.03499029929289213,8.179433520414642,0.27885165396941514,17.72151898734177,0.9324430473321649
23,"20MA, 50MA, CCI, ATR, Williams_%R, OBV",64,0.2,0.0005,32,60,1,50,relu,0.035683922928045404,8.19419675099918,0.24997717088175175,21.518987341772153,0.9202460426256063
24,"20MA, 50MA, CCI, ATR, Williams_%R, OBV",64,0.30000000000000004,0.0005,32,60,1,50,relu,0.021476800022156246,4.407441292062724,0.7283132592833665,62.447257383966246,0.9163784039271248
0,"20MA, 50MA, CCI, ATR, Williams_%R, OBV",128,0.6000000000000001,0.0005,64,60,30,100,sigmoid,0.06955784142100703,15.18623410165692,-1.6077135623105359,11.11111111111111,1.0969274211465354
1,"20MA, 50MA, CCI, ATR, Williams_%R, OBV",64,0.5,0.001,64,60,30,150,tanh,0.04558464406606017,9.415770300523702,-0.11996597699212797,28.205128205128204,1.0629653611343495
2,"20MA, 50MA, CCI, ATR, Williams_%R, OBV",128,0.7,0.0001,64,60,30,50,sigmoid,0.13163131049348673,32.23627486386082,-8.338693105377404,0.0,1.0
3,"20MA, 50MA, CCI, ATR, Williams_%R, OBV",128,0.6000000000000001,0.0001,32,60,30,50,tanh,0.06608514621493997,14.745877160727295,-1.3538316810240363,9.82905982905983,1.0314828781435266
4,"20MA, 50MA, CCI, ATR, Williams_%R, OBV",128,0.2,0.001,64,60,30,150,relu,0.055090904875723434,11.84215201936858,-0.6357898345462865,21.794871794871796,1.0
5,"20MA, 50MA, CCI, ATR, Williams_%R, OBV",32,0.5,0.0001,64,60,30,100,relu,0.040635598748470676,8.245202087513107,0.10292947171943012,36.440677966101696,1.3144486675717568
6,"20MA, 50MA, CCI, ATR, Williams_%R, OBV",64,0.7,0.0001,16,60,30,150,sigmoid,0.07321464468202843,16.576389784159716,-1.8891069001095446,5.555555555555555,1.0314828781435266
7,"20MA, 50MA, CCI, ATR, Williams_%R, OBV",128,0.7,0.0005,16,60,30,150,relu,0.06820781679646194,15.092265519081879,-1.5074714164150955,11.538461538461538,1.0
8,"20MA, 50MA, CCI, ATR, Williams_%R, OBV",128,0.2,0.0005,64,60,30,150,tanh,0.04451330732854245,9.287492606003083,-0.06794139404238408,32.47863247863248,0.9885398415985551
9,"20MA, 50MA, CCI, ATR, Williams_%R, OBV",32,0.4,0.0005,64,60,30,100,tanh,0.043319284171558795,8.815338946341805,-0.01141697077309023,38.88888888888889,0.9325396985840898
10,"20MA, 50MA, CCI, ATR, Williams_%R, OBV",32,0.4,0.0001,32,60,30,100,relu,0.04532455464968106,9.220220456165464,-0.10722219881336925,29.48717948717949,1.0355239267071037
11,"20MA, 50MA, CCI, ATR, Williams_%R, OBV",32,0.4,0.0005,64,60,30,100,tanh,0.042062861692664245,8.557209725676449,0.04640201333640448,40.17094017094017,1.06804311173153
12,"20MA, 50MA, CCI, ATR, Williams_%R, OBV",32,0.4,0.0005,64,60,30,100,relu,0.04238858301786901,8.623384215800343,0.03157611663302784,36.75213675213676,0.9761116369854573
13,"20MA, 50MA, CCI, ATR, Williams_%R, OBV",32,0.30000000000000004,0.0001,64,60,30,100,tanh,0.03584444449676532,7.433215517879307,0.3075133554458641,41.88034188034188,1.2565441058481905
14,"20MA, 50MA, CCI, ATR, Williams_%R, OBV",32,0.30000000000000004,0.0001,16,60,30,100,relu,0.061390904025008734,13.437300205285501,-1.0313078688076285,13.247863247863249,1.041480718349987
15,"20MA, 50MA, CCI, ATR, Williams_%R, OBV",32,0.30000000000000004,0.0001,32,60,30,100,tanh,0.04516383479106761,9.210611153846655,-0.09938375059669857,32.9059829059829,0.9988934492672835
16,"20MA, 50MA, CCI, ATR, Williams_%R, OBV",32,0.5,0.0001,64,60,30,100,relu,0.03968767304732418,8.058593899528724,0.1510561511095685,37.17948717948718,1.300149638542129
17,"20MA, 50MA, CCI, ATR, Williams_%R, OBV",32,0.8,0.0001,64,60,30,50,relu,0.03401389361156295,7.125353225021646,0.3764369230214618,41.02564102564102,1.4624365093555716
18,"20MA, 50MA, CCI, ATR, Williams_%R, OBV",64,0.8,0.001,16,60,30,50,tanh,0.09450251503769343,22.618485684721513,-3.8134274119471128,0.8547008547008548,1.0
19,"20MA, 50MA, CCI, ATR, Williams_%R, OBV",32,0.8,0.0001,32,60,30,50,sigmoid,0.07087617360553417,14.959276645237422,-1.7074984701735527,11.11111111111111,1.111466173065864
20,"20MA, 50MA, CCI, ATR, Williams_%R, OBV",32,0.30000000000000004,0.0001,64,60,30,50,tanh,0.037119075626881486,7.745185985736919,0.2573879391195347,35.47008547008547,1.3968668695387254
21,"20MA, 50MA, CCI, ATR, Williams_%R, OBV",32,0.30000000000000004,0.0001,64,60,30,50,tanh,0.03147008138558688,6.614122011898406,0.46621861336456216,45.2991452991453,1.4353993217538599
22,"20MA, 50MA, CCI, ATR, Williams_%R, OBV",32,0.2,0.0001,64,60,30,50,tanh,0.035271380859146786,7.5002869812573785,0.32947863830957436,39.31623931623932,1.2767982286781208
23,"20MA, 50MA, CCI, ATR, Williams_%R, OBV",32,0.2,0.0001,64,60,30,50,tanh,0.04031671572838089,8.48683314918324,0.12393165876977674,33.33333333333333,1.316827923023779
24,"20MA, 50MA, CCI, ATR, Williams_%R, OBV",32,0.2,0.0001,64,60,30,50,tanh,0.03648532490862563,7.545555851927041,0.2825293669194854,39.31623931623932,1.387446461607381
0,"20MA, RSI, MACD, Upper_BB, Lower_BB, CCI",64,0.8,0.0005,16,60,1,150,relu,0.022209318766796153,4.698249798425053,0.7094641209364551,59.91561181434599,0.893264742747004
1,"20MA, RSI, MACD, Upper_BB, Lower_BB, CCI",64,0.6000000000000001,0.001,64,60,1,150,tanh,0.023874966347719996,5.623997020115078,0.6642509183506471,43.037974683544306,0.9951013851337389
2,"20MA, RSI, MACD, Upper_BB, Lower_BB, CCI",64,0.30000000000000004,0.0001,16,60,1,100,relu,0.02849957078294589,6.188142894061449,0.5215837352350664,45.56962025316456,0.8396719131982494
3,"20MA, RSI, MACD, Upper_BB, Lower_BB, CCI",32,0.6000000000000001,0.0001,16,60,1,150,sigmoid,0.03277936133584949,7.241648259724273,0.36710702878388113,34.177215189873415,1.0552954399062957
4,"20MA, RSI, MACD, Upper_BB, Lower_BB, CCI",32,0.4,0.0005,16,60,1,100,relu,0.025406340802380654,5.570695310262769,0.6197987537215445,47.257383966244724,0.8289568986413673
5,"20MA, RSI, MACD, Upper_BB, Lower_BB, CCI",32,0.4,0.001,16,60,1,50,relu,0.022479616366707984,4.749910858519343,0.7023491768269136,55.27426160337553,0.8376886565797029
6,"20MA, RSI, MACD, Upper_BB, Lower_BB, CCI",128,0.2,0.0001,16,60,1,100,tanh,0.027300655103931665,6.114250391469105,0.5609889677130417,42.19409282700422,0.9175076087659356
7,"20MA, RSI, MACD, Upper_BB, Lower_BB, CCI",64,0.8,0.001,16,60,1,150,relu,0.013546668618164047,2.7243014951845534,0.8919078111146461,87.76371308016878,0.9136263605849217
8,"20MA, RSI, MACD, Upper_BB, Lower_BB, CCI",64,0.7,0.001,16,60,1,150,sigmoid,0.031989005041175675,6.182676037021837,0.39725896161169627,48.10126582278481,1.0798821736057842
9,"20MA, RSI, MACD, Upper_BB, Lower_BB, CCI",128,0.5,0.001,64,60,1,100,tanh,0.016567627366158,3.3194441381896915,0.83832237041929,81.43459915611815,0.9348038851838888
10,"20MA, RSI, MACD, Upper_BB, Lower_BB, CCI",64,0.8,0.001,32,60,1,50,relu,0.02044512218436061,4.277133090850785,0.7537882823674489,64.9789029535865,0.824452977795719
11,"20MA, RSI, MACD, Upper_BB, Lower_BB, CCI",128,0.5,0.001,64,60,1,100,tanh,0.01725546229323244,3.5373244195540483,0.8246190188863949,79.32489451476793,1.01159791337692
12,"20MA, RSI, MACD, Upper_BB, Lower_BB, CCI",128,0.6000000000000001,0.001,64,60,1,150,tanh,0.02004744197222738,4.54584529848633,0.7632733090726324,60.75949367088608,0.8669208043568911
13,"20MA, RSI, MACD, Upper_BB, Lower_BB, CCI",128,0.5,0.001,32,60,1,100,tanh,0.023479421943658867,5.38300153224198,0.6752836936432003,48.10126582278481,0.9951013851337389
14,"20MA, RSI, MACD, Upper_BB, Lower_BB, CCI",128,0.7,0.001,64,60,1,50,sigmoid,0.08340724217614594,20.910616581829892,-3.0976684940807724,1.2658227848101267,1.0
15,"20MA, RSI, MACD, Upper_BB, Lower_BB, CCI",64,0.4,0.0005,64,60,1,150,relu,0.013494293420027536,2.582342324279331,0.892742024424306,89.45147679324894,1.0310918768067858
16,"20MA, RSI, MACD, Upper_BB, Lower_BB, CCI",64,0.2,0.0005,32,60,1,150,relu,0.022392376175241875,4.789049012958993,0.7046549748478972,59.49367088607595,0.9533171393857945
17,"20MA, RSI, MACD, Upper_BB, Lower_BB, CCI",64,0.4,0.0005,64,60,1,150,relu,0.01446897639333204,2.8348428244888,0.8766881215992812,88.18565400843882,1.1481819976124439
18,"20MA, RSI, MACD, Upper_BB, Lower_BB, CCI",64,0.30000000000000004,0.0005,64,60,1,150,relu,0.015127052242737972,3.0067726246584834,0.8652161334657984,86.49789029535864,1.0582969054577114
19,"20MA, RSI, MACD, Upper_BB, Lower_BB, CCI",64,0.7,0.0005,32,60,1,150,relu,0.02158306904653353,4.553560175219777,0.7256179494506707,62.447257383966246,0.8928053702868294
20,"20MA, RSI, MACD, Upper_BB, Lower_BB, CCI",64,0.8,0.0005,64,60,1,150,relu,0.01744336649266797,3.6381918877825594,0.8207785822912094,72.9957805907173,0.958574413460454
21,"20MA, RSI, MACD, Upper_BB, Lower_BB, CCI",64,0.4,0.0005,64,60,1,150,relu,0.019905418697155355,4.312106132346865,0.7666155419056806,62.869198312236286,0.8900888535583279
22,"20MA, RSI, MACD, Upper_BB, Lower_BB, CCI",64,0.30000000000000004,0.0005,64,60,1,150,relu,0.014591438173328485,2.8154714557324776,0.8745919266491258,86.49789029535864,0.8072800072875574
23,"20MA, RSI, MACD, Upper_BB, Lower_BB, CCI",64,0.4,0.0005,64,60,1,150,relu,0.015495712950745023,3.0831024907812714,0.8585664564064427,81.85654008438819,0.8426670659568246
24,"20MA, RSI, MACD, Upper_BB, Lower_BB, CCI",64,0.30000000000000004,0.0005,64,60,1,150,relu,0.012880734134011742,2.376399683119609,0.9022739085156061,91.56118143459916,0.962737646282953
0,"20MA, RSI, MACD, Upper_BB, Lower_BB, CCI",128,0.2,0.0001,32,60,30,100,tanh,0.05443900578872364,11.626570332408692,-0.5973057819371035,21.794871794871796,0.9215527156561198
1,"20MA, RSI, MACD, Upper_BB, Lower_BB, CCI",64,0.6000000000000001,0.0001,64,60,30,50,sigmoid,0.0738214795249346,15.578555518280021,-1.9371977274663248,11.538461538461538,1.111466173065864
2,"20MA, RSI, MACD, Upper_BB, Lower_BB, CCI",32,0.8,0.001,64,60,30,150,tanh,0.0453120718499813,9.585299430616587,-0.10661240441868314,29.059829059829063,0.8501523562413594
3,"20MA, RSI, MACD, Upper_BB, Lower_BB, CCI",32,0.4,0.0001,64,60,30,100,sigmoid,0.06129020740137839,12.27230511128321,-1.0246496156443539,24.358974358974358,1.2601182238781223
4,"20MA, RSI, MACD, Upper_BB, Lower_BB, CCI",128,0.2,0.0005,64,60,30,100,sigmoid,0.06824116688621693,15.07832744322464,-1.509924063185613,8.974358974358974,1.0
5,"20MA, RSI, MACD, Upper_BB, Lower_BB, CCI",32,0.7,0.001,64,60,30,100,sigmoid,0.04877536447875297,10.383172406483254,-0.282238285939844,26.495726495726498,1.2628952351705067
6,"20MA, RSI, MACD, Upper_BB, Lower_BB, CCI",128,0.5,0.001,32,60,30,50,sigmoid,0.10496946479239266,25.3684899636491,-4.938731071025597,0.0,1.0
7,"20MA, RSI, MACD, Upper_BB, Lower_BB, CCI",32,0.5,0.0005,64,60,30,100,sigmoid,0.04544020053636096,9.879718624070915,-0.1128795758629797,23.076923076923077,1.017686059585629
8,"20MA, RSI, MACD, Upper_BB, Lower_BB, CCI",128,0.6000000000000001,0.0005,16,60,30,50,tanh,0.08174471609803742,19.122004869832423,-2.6302174666433165,4.23728813559322,1.0
9,"20MA, RSI, MACD, Upper_BB, Lower_BB, CCI",64,0.5,0.0001,32,60,30,100,tanh,0.04967223346086218,10.461581036165448,-0.3298267646723989,26.06837606837607,0.8752509775381159
10,"20MA, RSI, MACD, Upper_BB, Lower_BB, CCI",32,0.8,0.001,16,60,30,150,relu,0.07796507704868817,18.00199324261081,-2.276181233326468,5.128205128205128,1.0
11,"20MA, RSI, MACD, Upper_BB, Lower_BB, CCI",32,0.8,0.0005,64,60,30,150,relu,0.04296705098927947,8.962818223753773,0.004964013126982247,32.47863247863248,1.1089745188866535
12,"20MA, RSI, MACD, Upper_BB, Lower_BB, CCI",32,0.8,0.001,64,60,30,150,relu,0.04517183582489374,9.488179004639637,-0.0997733094446791,31.196581196581196,0.8962158355428612
13,"20MA, RSI, MACD, Upper_BB, Lower_BB, CCI",32,0.8,0.0005,64,60,30,150,relu,0.04337438356442813,9.025343918827401,-0.013991524052754611,32.9059829059829,1.0161254958859083
14,"20MA, RSI, MACD, Upper_BB, Lower_BB, CCI",32,0.7,0.0005,64,60,30,150,relu,0.04341613730543451,9.097500076478257,-0.015944673077979532,32.9059829059829,1.0084403003862619
15,"20MA, RSI, MACD, Upper_BB, Lower_BB, CCI",32,0.7,0.0005,16,60,30,150,relu,0.06836225564878218,15.235228891993529,-1.5188393047468036,10.256410256410255,1.0
16,"20MA, RSI, MACD, Upper_BB, Lower_BB, CCI",64,0.30000000000000004,0.0005,64,60,30,150,relu,0.044074153618699465,9.242286755539377,-0.0469734183902617,31.62393162393162,0.9530622128731094
17,"20MA, RSI, MACD, Upper_BB, Lower_BB, CCI",32,0.6000000000000001,0.0005,64,60,30,150,relu,0.04277206876017654,8.930530961639052,0.013974364866357614,31.62393162393162,0.9626235357148218
18,"20MA, RSI, MACD, Upper_BB, Lower_BB, CCI",32,0.6000000000000001,0.0005,16,60,30,150,relu,0.06734185746421639,15.030493409700355,-1.4442063936628955,11.965811965811966,1.0
19,"20MA, RSI, MACD, Upper_BB, Lower_BB, CCI",64,0.4,0.0005,32,60,30,150,relu,0.05493548182590988,11.713402836685118,-0.6265730386344448,22.64957264957265,1.0314828781435266
20,"20MA, RSI, MACD, Upper_BB, Lower_BB, CCI",32,0.7,0.0005,64,60,30,150,relu,0.0413818279827245,8.693768708905125,0.07703116769738816,30.76923076923077,1.0288835427376326
21,"20MA, RSI, MACD, Upper_BB, Lower_BB, CCI",32,0.7,0.0005,64,60,30,150,relu,0.04216636997582965,8.877060115006833,0.04170301125077003,30.76923076923077,0.9724286250103263
22,"20MA, RSI, MACD, Upper_BB, Lower_BB, CCI",32,0.7,0.0005,64,60,30,150,relu,0.04249673024722819,8.914094756592206,0.026628276637960746,32.47863247863248,1.051911825100335
23,"20MA, RSI, MACD, Upper_BB, Lower_BB, CCI",32,0.7,0.0005,64,60,30,150,relu,0.0377490555818754,8.072272808816319,0.23196701014087084,42.30769230769231,1.0772957820607787
24,"20MA, RSI, MACD, Upper_BB, Lower_BB, CCI",32,0.7,0.0005,64,60,30,150,relu,0.043375571537750436,9.055962599041527,-0.0140470688825296,32.47863247863248,1.0337821046144597
0,"20MA, RSI, MACD, Upper_BB, Lower_BB, ATR",64,0.30000000000000004,0.0005,64,60,1,150,tanh,0.014556308656032368,2.8718215515567547,0.8751950504514098,86.91983122362869,1.2747844645545825
1,"20MA, RSI, MACD, Upper_BB, Lower_BB, ATR",64,0.7,0.0001,16,60,1,100,sigmoid,0.04039603577427191,9.002224444887332,0.038815423166475904,20.675105485232066,0.9266063173669458
2,"20MA, RSI, MACD, Upper_BB, Lower_BB, ATR",64,0.2,0.0001,64,60,1,150,tanh,0.02421220724969887,4.871084365931521,0.654698819879818,61.60337552742617,1.2495308793972635
3,"20MA, RSI, MACD, Upper_BB, Lower_BB, ATR",128,0.4,0.0001,32,60,1,150,tanh,0.015925673414482863,3.1785865915283735,0.8506088370231318,81.85654008438819,0.8486887320332702
4,"20MA, RSI, MACD, Upper_BB, Lower_BB, ATR",128,0.7,0.0005,16,60,1,100,sigmoid,0.040375270446716,9.075379261871392,0.03980335092808718,18.565400843881857,1.105789122388121
5,"20MA, RSI, MACD, Upper_BB, Lower_BB, ATR",128,0.7,0.0005,16,60,1,100,sigmoid,0.042099212077902654,9.627105616865874,-0.04394407242498666,15.611814345991561,1.0314828781435266
6,"20MA, RSI, MACD, Upper_BB, Lower_BB, ATR",64,0.6000000000000001,0.0001,32,60,1,100,sigmoid,0.034358890460805966,7.764645695801528,0.3046434354749955,29.535864978902953,0.9491037538781664
7,"20MA, RSI, MACD, Upper_BB, Lower_BB, ATR",128,0.6000000000000001,0.0005,16,60,1,100,sigmoid,0.21234814500873936,54.96847409379366,-25.55988805683882,0.0,1.0
8,"20MA, RSI, MACD, Upper_BB, Lower_BB, ATR",64,0.4,0.001,32,60,1,100,sigmoid,0.04094117588555873,9.670880093361417,0.012698217087070418,11.814345991561181,0.9234919295393925
9,"20MA, RSI, MACD, Upper_BB, Lower_BB, ATR",128,0.6000000000000001,0.0005,16,60,1,100,relu,0.013472341749345033,2.6331711202644317,0.8930907016932639,85.65400843881856,1.0317470717849455
10,"20MA, RSI, MACD, Upper_BB, Lower_BB, ATR",32,0.8,0.001,16,60,1,50,relu,0.01998653826851677,3.994294528095422,0.764709465584363,68.35443037974683,0.9272390655726082
11,"20MA, RSI, MACD, Upper_BB, Lower_BB, ATR",32,0.2,0.0005,64,60,1,150,relu,0.030093036577316153,6.847410299697504,0.4665897912520399,35.0210970464135,0.9117412414494316
12,"20MA, RSI, MACD, Upper_BB, Lower_BB, ATR",128,0.4,0.0005,64,60,1,50,relu,0.018068668131622483,3.6474025591058696,0.807698983584069,77.21518987341773,0.9763405310480193
13,"20MA, RSI, MACD, Upper_BB, Lower_BB, ATR",64,0.30000000000000004,0.0005,64,60,1,150,tanh,0.01656808176008724,3.329761986204031,0.8383135017576279,79.32489451476793,1.1061894593358652
14,"20MA, RSI, MACD, Upper_BB, Lower_BB, ATR",32,0.5,0.0005,64,60,1,150,tanh,0.024987901915993847,5.238052317920948,0.6322193446406901,57.383966244725734,1.093876625795727
15,"20MA, RSI, MACD, Upper_BB, Lower_BB, ATR",128,0.5,0.0005,16,60,1,50,relu,0.021745674393196326,4.488403238638686,0.7214680247820534,63.29113924050633,0.8998046713961235
16,"20MA, RSI, MACD, Upper_BB, Lower_BB, ATR",64,0.30000000000000004,0.001,64,60,1,150,relu,0.012758356018155658,2.4209111368470873,0.9041220519302017,90.71729957805907,1.3702073684179394
17,"20MA, RSI, MACD, Upper_BB, Lower_BB, ATR",64,0.5,0.001,64,60,1,100,relu,0.014121822355194593,2.749651641246172,0.8825343773099895,86.49789029535864,1.1502409453183684
18,"20MA, RSI, MACD, Upper_BB, Lower_BB, ATR",128,0.30000000000000004,0.001,16,60,1,150,relu,0.01393342764780707,2.827658788060294,0.8856476139870105,85.23206751054853,1.0148002929598967
19,"20MA, RSI, MACD, Upper_BB, Lower_BB, ATR",32,0.6000000000000001,0.001,32,60,1,50,relu,0.020555876215049992,4.145832473697864,0.7511135319131979,66.24472573839662,0.9942166647694303
20,"20MA, RSI, MACD, Upper_BB, Lower_BB, ATR",128,0.8,0.001,64,60,1,150,relu,0.012160810843642551,2.272817313332689,0.9128927378481557,90.71729957805907,1.313853182401713
21,"20MA, RSI, MACD, Upper_BB, Lower_BB, ATR",128,0.8,0.001,64,60,1,150,relu,0.018814577883646072,4.065187400282743,0.7914941446873909,68.35443037974683,0.9053200173923558
22,"20MA, RSI, MACD, Upper_BB, Lower_BB, ATR",128,0.8,0.001,64,60,1,150,relu,0.019122587643997966,4.117017724521856,0.7846114476126435,65.40084388185655,0.900767551642597
23,"20MA, RSI, MACD, Upper_BB, Lower_BB, ATR",128,0.7,0.001,64,60,1,150,relu,0.01801227489388113,3.7672573588475036,0.8088974730105258,75.52742616033755,1.0896006823089954
24,"20MA, RSI, MACD, Upper_BB, Lower_BB, ATR",128,0.6000000000000001,0.001,64,60,1,150,relu,0.03059907078883166,7.33601201141691,0.4484996734951048,19.831223628691983,1.0314828781435266
0,"20MA, RSI, MACD, Upper_BB, Lower_BB, ATR",128,0.30000000000000004,0.0005,16,60,30,150,tanh,0.06882747471055571,15.310991416284075,-1.5532383823289164,13.675213675213676,1.0
1,"20MA, RSI, MACD, Upper_BB, Lower_BB, ATR",32,0.6000000000000001,0.0001,64,60,30,100,tanh,0.04024752682386878,8.580871438514574,0.12693598075620682,31.62393162393162,1.2722498847691839
2,"20MA, RSI, MACD, Upper_BB, Lower_BB, ATR",64,0.30000000000000004,0.0005,32,60,30,50,tanh,0.06559732093420509,14.56325448773599,-1.3192090592617403,13.247863247863249,1.0
3,"20MA, RSI, MACD, Upper_BB, Lower_BB, ATR",64,0.30000000000000004,0.0001,32,60,30,150,sigmoid,0.05399333013675205,11.482045780593527,-0.5712595192874763,22.64957264957265,0.9113525674089092
4,"20MA, RSI, MACD, Upper_BB, Lower_BB, ATR",64,0.5,0.0005,64,60,30,100,relu,0.04353114742586016,9.230505487677997,-0.021334313302495467,29.914529914529915,0.9640865406508013
5,"20MA, RSI, MACD, Upper_BB, Lower_BB, ATR",64,0.5,0.0005,16,60,30,50,sigmoid,0.1973751485868112,50.4615400752875,-19.99677688342894,0.0,1.0
6,"20MA, RSI, MACD, Upper_BB, Lower_BB, ATR",64,0.8,0.0001,64,60,30,150,tanh,0.042069600423189774,8.84121846267873,0.04609644427387005,31.196581196581196,1.221753651334668
7,"20MA, RSI, MACD, Upper_BB, Lower_BB, ATR",128,0.5,0.0001,16,60,30,100,tanh,0.06414822660977837,14.191430963804038,-1.2178746798678857,15.81196581196581,1.0
8,"20MA, RSI, MACD, Upper_BB, Lower_BB, ATR",32,0.8,0.0005,32,60,30,150,sigmoid,0.04518143008993779,9.770260149189014,-0.10024053141918365,27.77777777777778,0.7927346401719377
9,"20MA, RSI, MACD, Upper_BB, Lower_BB, ATR",64,0.6000000000000001,0.0005,16,60,30,50,relu,0.08030942273962748,18.668303085101318,-2.47616755615327,4.273504273504273,1.0
10,"20MA, RSI, MACD, Upper_BB, Lower_BB, ATR",32,0.7,0.001,64,60,30,100,tanh,0.04967590198782574,10.698761259341044,-0.33002319978929906,25.64102564102564,0.8310917165987459
11,"20MA, RSI, MACD, Upper_BB, Lower_BB, ATR",32,0.8,0.0001,64,60,30,100,tanh,0.039677611611135484,8.482040865502901,0.15148653722166794,32.47863247863248,1.3456058240021957
12,"20MA, RSI, MACD, Upper_BB, Lower_BB, ATR",32,0.7,0.0001,64,60,30,100,tanh,0.03925053927733929,8.35982448630949,0.16965428366545765,32.9059829059829,1.231555673523738
13,"20MA, RSI, MACD, Upper_BB, Lower_BB, ATR",32,0.7,0.0001,64,60,30,100,tanh,0.04048843368187846,8.628187462702563,0.11645302209340236,30.34188034188034,1.3507921666860012
14,"20MA, RSI, MACD, Upper_BB, Lower_BB, ATR",32,0.7,0.001,64,60,30,100,tanh,0.04537047354710008,9.822331381729256,-0.10946681776312905,28.63247863247863,0.9642879576419638
15,"20MA, RSI, MACD, Upper_BB, Lower_BB, ATR",32,0.8,0.0001,64,60,30,100,relu,0.04118134098811679,8.585652577827561,0.08595271644660263,33.33333333333333,1.146480848962255
16,"20MA, RSI, MACD, Upper_BB, Lower_BB, ATR",32,0.6000000000000001,0.0001,64,60,30,100,tanh,0.04077389819093865,8.747639923594502,0.10395016994870654,30.76923076923077,1.1886322356037746
17,"20MA, RSI, MACD, Upper_BB, Lower_BB, ATR",32,0.7,0.0001,64,60,30,100,tanh,0.03951553312462325,8.319546520158697,0.1584045387724442,32.9059829059829,1.3165505568826474
18,"20MA, RSI, MACD, Upper_BB, Lower_BB, ATR",128,0.4,0.001,64,60,30,100,sigmoid,0.08538860475963485,19.933196967111478,-2.9297735751231735,2.564102564102564,1.0
19,"20MA, RSI, MACD, Upper_BB, Lower_BB, ATR",32,0.7,0.0001,32,60,30,50,relu,0.04578989537636775,9.546706543659324,-0.13007429351821265,30.76923076923077,1.0932099027701396
20,"20MA, RSI, MACD, Upper_BB, Lower_BB, ATR",32,0.6000000000000001,0.0001,64,60,30,100,tanh,0.04179718319712774,8.830908194990986,0.05841024858131305,30.76923076923077,1.3053288815434196
21,"20MA, RSI, MACD, Upper_BB, Lower_BB, ATR",32,0.8,0.0001,64,60,30,100,tanh,0.04002904399290207,8.486590959889682,0.1363890713574495,32.9059829059829,1.2322966092594065
22,"20MA, RSI, MACD, Upper_BB, Lower_BB, ATR",32,0.7,0.0001,64,60,30,100,tanh,0.03957282291587193,8.455626328593473,0.15596247229843574,32.47863247863248,1.2518446943708794
23,"20MA, RSI, MACD, Upper_BB, Lower_BB, ATR",32,0.7,0.0001,64,60,30,100,tanh,0.04033367311577418,8.54668948741545,0.12319454741581592,33.33333333333333,1.2555212049364237
24,"20MA, RSI, MACD, Upper_BB, Lower_BB, ATR",32,0.2,0.0001,64,60,30,100,tanh,0.04029425958947987,8.54868976955589,0.12490731529867038,32.47863247863248,1.4147159803886915
0,"20MA, RSI, MACD, Upper_BB, Lower_BB, Williams_%R",64,0.4,0.0001,32,60,1,50,relu,0.023237512484149007,4.54208607491183,0.6819403553251044,63.29113924050633,1.257028726141691
1,"20MA, RSI, MACD, Upper_BB, Lower_BB, Williams_%R",64,0.8,0.001,32,60,1,100,relu,0.01991392129652407,4.282600023412539,0.7664161189858174,64.9789029535865,0.8468173494665964
2,"20MA, RSI, MACD, Upper_BB, Lower_BB, Williams_%R",64,0.8,0.001,16,60,1,50,relu,0.024656691053757257,5.283043155510249,0.6419044828549673,51.47679324894515,0.9038207849112395
3,"20MA, RSI, MACD, Upper_BB, Lower_BB, Williams_%R",32,0.8,0.0001,16,60,1,150,tanh,0.02361669244916522,4.68486017278532,0.6714757403935293,64.9789029535865,1.141217681414049
4,"20MA, RSI, MACD, Upper_BB, Lower_BB, Williams_%R",128,0.8,0.001,16,60,1,100,tanh,0.013658287149751275,2.690054260712316,0.8901192094683461,87.34177215189874,0.9992334329642123
5,"20MA, RSI, MACD, Upper_BB, Lower_BB, Williams_%R",128,0.5,0.001,64,60,1,150,tanh,0.015385967356649257,3.0096990858191153,0.8605627173678181,82.70042194092827,1.091418563343028
6,"20MA, RSI, MACD, Upper_BB, Lower_BB, Williams_%R",128,0.30000000000000004,0.001,64,60,1,50,tanh,0.016192445973890496,3.204018630766116,0.8455619851205647,82.27848101265823,0.9761915198761735
7,"20MA, RSI, MACD, Upper_BB, Lower_BB, Williams_%R",64,0.7,0.001,32,60,1,150,sigmoid,0.04162294241999744,9.907831618390059,-0.0204573395938914,8.016877637130802,1.041480718349987
8,"20MA, RSI, MACD, Upper_BB, Lower_BB, Williams_%R",128,0.7,0.0001,16,60,1,150,tanh,0.028906707988699137,6.450059189828229,0.5078170467713656,36.708860759493675,0.8894773197942304
9,"20MA, RSI, MACD, Upper_BB, Lower_BB, Williams_%R",32,0.8,0.001,64,60,1,150,sigmoid,0.018343106160304195,3.675663878416583,0.8018130490105524,77.21518987341773,1.2514662615496244
10,"20MA, RSI, MACD, Upper_BB, Lower_BB, Williams_%R",128,0.2,0.0005,16,60,1,100,tanh,0.014171820252797802,2.7387754009001126,0.8817011377068081,85.23206751054853,1.239095591343656
11,"20MA, RSI, MACD, Upper_BB, Lower_BB, Williams_%R",128,0.2,0.0005,16,60,1,100,tanh,0.01312221869597357,2.518725705592749,0.8985752746909514,88.60759493670885,1.12961385444651
12,"20MA, RSI, MACD, Upper_BB, Lower_BB, Williams_%R",128,0.6000000000000001,0.0005,16,60,1,100,tanh,0.01350324388232515,2.55121724354988,0.8925996936163616,87.34177215189874,1.1780128492486988
13,"20MA, RSI, MACD, Upper_BB, Lower_BB, Williams_%R",128,0.6000000000000001,0.0005,16,60,1,100,tanh,0.01406726707096742,2.7158579313940963,0.8834402082849608,86.07594936708861,1.143004619061689
14,"20MA, RSI, MACD, Upper_BB, Lower_BB, Williams_%R",128,0.5,0.0005,16,60,1,100,tanh,0.012845815838679399,2.4194231413612446,0.9028030403374311,89.87341772151899,1.2397545863070185
15,"20MA, RSI, MACD, Upper_BB, Lower_BB, Williams_%R",128,0.2,0.0005,16,60,1,100,sigmoid,0.2272545722993887,59.06799196495811,-29.419674101374323,0.0,1.0
16,"20MA, RSI, MACD, Upper_BB, Lower_BB, Williams_%R",32,0.4,0.0005,16,60,1,100,tanh,0.017131473025625402,3.4918154578562453,0.8271303666905854,77.21518987341773,0.909305553068305
17,"20MA, RSI, MACD, Upper_BB, Lower_BB, Williams_%R",128,0.30000000000000004,0.0005,16,60,1,100,tanh,0.013622520135451616,2.611955281420639,0.8906939465299126,87.76371308016878,1.2693923630673731
18,"20MA, RSI, MACD, Upper_BB, Lower_BB, Williams_%R",128,0.4,0.0005,32,60,1,100,sigmoid,0.048940705561026046,11.963356980606015,-0.4108139636888346,3.79746835443038,1.041480718349987
19,"20MA, RSI, MACD, Upper_BB, Lower_BB, Williams_%R",32,0.5,0.0005,64,60,1,100,relu,0.023023642777376334,4.711060493166344,0.687768026586411,60.337552742616026,1.280805499086656
20,"20MA, RSI, MACD, Upper_BB, Lower_BB, Williams_%R",128,0.30000000000000004,0.0005,16,60,1,50,tanh,0.01917404837899865,3.906042987474588,0.7834506248669508,71.72995780590718,1.0907574061491256
21,"20MA, RSI, MACD, Upper_BB, Lower_BB, Williams_%R",128,0.6000000000000001,0.0005,16,60,1,100,tanh,0.01493289181154622,2.9611829447995097,0.8686539143551277,84.38818565400844,1.103459701882895
22,"20MA, RSI, MACD, Upper_BB, Lower_BB, Williams_%R",128,0.6000000000000001,0.0005,16,60,1,100,tanh,0.013915955430024598,2.7335854411739895,0.8859342250241192,85.23206751054853,1.139302516172298
23,"20MA, RSI, MACD, Upper_BB, Lower_BB, Williams_%R",128,0.5,0.0005,16,60,1,100,tanh,0.01582714246274282,3.173786559720251,0.8524516625526446,81.85654008438819,1.062793218410486
24,"20MA, RSI, MACD, Upper_BB, Lower_BB, Williams_%R",128,0.7,0.0005,16,60,1,100,tanh,0.013332777915539483,2.5282422941721774,0.8952942366197887,87.34177215189874,1.2379996745
0,"20MA, RSI, MACD, Upper_BB, Lower_BB, Williams_%R",128,0.5,0.0001,16,60,30,100,tanh,0.05629439901930065,12.193404011626617,-0.7080401202467796,20.94017094017094,1.0314828781435266
1,"20MA, RSI, MACD, Upper_BB, Lower_BB, Williams_%R",64,0.4,0.0001,64,60,30,150,relu,0.042417010372523684,8.899040635010893,0.030276759190235536,30.76923076923077,1.2098697563599048
2,"20MA, RSI, MACD, Upper_BB, Lower_BB, Williams_%R",128,0.2,0.0005,64,60,30,150,relu,0.04643778256581641,9.865484319119451,-0.1622796685275465,29.059829059829063,0.8721489980826771
3,"20MA, RSI, MACD, Upper_BB, Lower_BB, Williams_%R",32,0.7,0.0005,16,60,30,50,relu,0.0667757504587511,14.895567432573657,-1.403284848725523,10.683760683760683,1.105789122388121
4,"20MA, RSI, MACD, Upper_BB, Lower_BB, Williams_%R",128,0.4,0.0005,16,60,30,150,sigmoid,0.09754530324139868,23.054855424750286,-4.12838262070768,1.282051282051282,1.0
5,"20MA, RSI, MACD, Upper_BB, Lower_BB, Williams_%R",128,0.6000000000000001,0.001,32,60,30,150,sigmoid,0.08736537974260096,20.406862903331966,-3.1138308563570236,2.9914529914529915,1.0
6,"20MA, RSI, MACD, Upper_BB, Lower_BB, Williams_%R",128,0.30000000000000004,0.0005,16,60,30,150,tanh,0.06752120104851933,15.111719004158413,-1.4572424594435707,9.82905982905983,1.0
7,"20MA, RSI, MACD, Upper_BB, Lower_BB, Williams_%R",128,0.7,0.0005,64,60,30,100,tanh,0.04600439246744385,9.783532850473932,-0.14068647716866045,27.77777777777778,0.8863035650372345
8,"20MA, RSI, MACD, Upper_BB, Lower_BB, Williams_%R",32,0.5,0.001,64,60,30,100,sigmoid,0.04026131213637147,8.448769054264776,0.12633780628723545,36.75213675213676,1.2206347626523895
9,"20MA, RSI, MACD, Upper_BB, Lower_BB, Williams_%R",32,0.5,0.0001,32,60,30,50,relu,0.045034751189779725,9.366995517356923,-0.0931083927526426,28.205128205128204,0.9769358779649807
10,"20MA, RSI, MACD, Upper_BB, Lower_BB, Williams_%R",32,0.8,0.001,64,60,30,100,sigmoid,0.03907397328100089,8.638549900394889,0.17710799318335213,40.17094017094017,0.9596875698085839
11,"20MA, RSI, MACD, Upper_BB, Lower_BB, Williams_%R",32,0.8,0.001,64,60,30,100,sigmoid,0.04863950877476643,10.319079302745857,-0.2751053086633857,27.350427350427353,0.9296767748316673
12,"20MA, RSI, MACD, Upper_BB, Lower_BB, Williams_%R",32,0.8,0.001,64,60,30,100,sigmoid,0.039123711272987166,8.222411036577592,0.17501171055610665,37.60683760683761,1.1232725592382942
13,"20MA, RSI, MACD, Upper_BB, Lower_BB, Williams_%R",32,0.8,0.001,64,60,30,100,sigmoid,0.05250895676011134,11.576377870218305,-0.4860535967183299,19.65811965811966,0.895305146704425
14,"20MA, RSI, MACD, Upper_BB, Lower_BB, Williams_%R",64,0.7,0.001,64,60,30,100,sigmoid,0.06765558097966307,15.026001898818905,-1.4670329445527561,9.82905982905983,1.0
15,"20MA, RSI, MACD, Upper_BB, Lower_BB, Williams_%R",32,0.8,0.001,64,60,30,100,sigmoid,0.04050765525335461,8.960824033275724,0.11561390873899358,27.350427350427353,1.1065990754387416
16,"20MA, RSI, MACD, Upper_BB, Lower_BB, Williams_%R",32,0.6000000000000001,0.001,32,60,30,100,sigmoid,0.10410093366011576,25.286218645597184,-4.840861962910605,1.282051282051282,1.0
17,"20MA, RSI, MACD, Upper_BB, Lower_BB, Williams_%R",32,0.8,0.001,64,60,30,50,sigmoid,0.05565626898368753,11.829408883088837,-0.6695363223315483,20.94017094017094,0.895305146704425
18,"20MA, RSI, MACD, Upper_BB, Lower_BB, Williams_%R",64,0.6000000000000001,0.001,64,60,30,100,sigmoid,0.07553073375221432,17.320427688766927,-2.074787457639091,5.128205128205128,1.105789122388121
19,"20MA, RSI, MACD, Upper_BB, Lower_BB, Williams_%R",32,0.7,0.001,32,60,30,100,tanh,0.05475398961741493,11.723399258215172,-0.6158432634477855,20.94017094017094,1.105789122388121
20,"20MA, RSI, MACD, Upper_BB, Lower_BB, Williams_%R",32,0.7,0.0001,64,60,30,50,sigmoid,0.13120476446235416,31.986391013181624,-8.278267839248352,0.0,1.0
21,"20MA, RSI, MACD, Upper_BB, Lower_BB, Williams_%R",32,0.4,0.001,64,60,30,100,sigmoid,0.052031561299518025,11.136695627030415,-0.45915493789319384,23.931623931623932,0.9492161389109264
22,"20MA, RSI, MACD, Upper_BB, Lower_BB, Williams_%R",32,0.5,0.001,64,60,30,100,sigmoid,0.04710716622970933,10.010826166109457,-0.19602884223770145,28.63247863247863,1.005986803035462
23,"20MA, RSI, MACD, Upper_BB, Lower_BB, Williams_%R",32,0.6000000000000001,0.001,64,60,30,100,sigmoid,0.05594791205684404,11.797699055023948,-0.6870791591758088,21.367521367521366,0.895305146704425
24,"20MA, RSI, MACD, Upper_BB, Lower_BB, Williams_%R",32,0.30000000000000004,0.001,64,60,30,100,sigmoid,0.05320194997590848,11.560421039560154,-0.5255371722564712,19.65811965811966,0.895305146704425
0,"20MA, RSI, MACD, Upper_BB, Lower_BB, OBV",64,0.5,0.0005,16,60,1,100,tanh,0.018796908679312736,3.933439340239611,0.791885586117332,69.62025316455697,0.8841588241409161
1,"20MA, RSI, MACD, Upper_BB, Lower_BB, OBV",128,0.5,0.0005,32,60,1,50,relu,0.015415649060816121,3.009134189571665,0.8600242100149543,85.23206751054853,1.0372880771921917
2,"20MA, RSI, MACD, Upper_BB, Lower_BB, OBV",32,0.6000000000000001,0.0005,16,60,1,100,sigmoid,0.024310524501051225,5.266158431723386,0.6518888331516506,50.63291139240506,0.9248771831694961
3,"20MA, RSI, MACD, Upper_BB, Lower_BB, OBV",128,0.2,0.001,64,60,1,100,sigmoid,0.05120318380494723,12.376394926953783,-0.5442699819746974,7.172995780590717,0.895305146704425
4,"20MA, RSI, MACD, Upper_BB, Lower_BB, OBV",64,0.8,0.0001,64,60,1,100,tanh,0.02373698586624955,4.635567900544738,0.668120490443814,64.55696202531645,1.325713016079415
5,"20MA, RSI, MACD, Upper_BB, Lower_BB, OBV",64,0.7,0.0005,64,60,1,150,relu,0.03368989511557824,7.973515643520475,0.33145812496595817,20.675105485232066,0.9136263605849217
6,"20MA, RSI, MACD, Upper_BB, Lower_BB, OBV",128,0.5,0.0001,16,60,1,150,sigmoid,0.03483742065152386,8.095802568238163,0.28513953003515446,18.143459915611814,0.8846611709040281
7,"20MA, RSI, MACD, Upper_BB, Lower_BB, OBV",64,0.2,0.0001,16,60,1,150,tanh,0.016149313194462157,3.218776414393231,0.8463836607015606,80.16877637130801,0.8962372726989032
8,"20MA, RSI, MACD, Upper_BB, Lower_BB, OBV",128,0.6000000000000001,0.0001,32,60,1,100,relu,0.019069934749938386,3.7661177175364413,0.7857959334880991,78.48101265822784,0.912612395951134
9,"20MA, RSI, MACD, Upper_BB, Lower_BB, OBV",128,0.30000000000000004,0.0005,64,60,1,100,sigmoid,0.050728926360803325,12.301024572560848,-0.5157955893798021,6.329113924050633,0.8389306574757176
10,"20MA, RSI, MACD, Upper_BB, Lower_BB, OBV",32,0.4,0.001,32,60,1,50,relu,0.01753822756568054,3.5261484538822345,0.8188239866507017,77.21518987341773,1.1855717333924656
11,"20MA, RSI, MACD, Upper_BB, Lower_BB, OBV",64,0.2,0.0001,32,60,1,50,tanh,0.03694623246673648,8.705944597150612,0.19597488612468117,17.72151898734177,0.8782990265676727
12,"20MA, RSI, MACD, Upper_BB, Lower_BB, OBV",128,0.4,0.0005,16,60,1,150,relu,0.011862147148004439,2.1991977689922524,0.9171188227114235,91.56118143459916,0.9411123382171643
13,"20MA, RSI, MACD, Upper_BB, Lower_BB, OBV",128,0.4,0.0005,32,60,1,50,relu,0.015059645001843654,2.9207067618380096,0.8664146704702641,85.23206751054853,1.0962050507384384
14,"20MA, RSI, MACD, Upper_BB, Lower_BB, OBV",128,0.4,0.0005,16,60,1,150,relu,0.0120467458640001,2.274195958241794,0.9145191573847669,91.13924050632912,1.1666967204962944
15,"20MA, RSI, MACD, Upper_BB, Lower_BB, OBV",128,0.4,0.0005,16,60,1,150,relu,0.01232891979194746,2.2905969383955163,0.9104677803190052,90.29535864978902,1.0091865258173114
16,"20MA, RSI, MACD, Upper_BB, Lower_BB, OBV",128,0.30000000000000004,0.0005,16,60,1,150,relu,0.013839713143957212,2.6575290184197016,0.8871806808736596,86.91983122362869,0.869006923252719
17,"20MA, RSI, MACD, Upper_BB, Lower_BB, OBV",32,0.30000000000000004,0.001,16,60,1,150,relu,0.018087081397284595,3.7401261091201703,0.8073068468879346,75.10548523206751,0.8964939573874546
18,"20MA, RSI, MACD, Upper_BB, Lower_BB, OBV",128,0.6000000000000001,0.0005,16,60,1,150,relu,0.012382533171609367,2.3288842528211893,0.9096874099626208,90.29535864978902,1.0323288378152762
19,"20MA, RSI, MACD, Upper_BB, Lower_BB, OBV",128,0.4,0.0005,16,60,1,150,relu,0.012912104634209148,2.4901974930050086,0.9017973130741396,89.45147679324894,0.979733274125099
20,"20MA, RSI, MACD, Upper_BB, Lower_BB, OBV",32,0.30000000000000004,0.001,16,60,1,150,relu,0.011257431879342519,2.126716706619394,0.9253537572952419,91.9831223628692,0.8481176560003023
21,"20MA, RSI, MACD, Upper_BB, Lower_BB, OBV",32,0.30000000000000004,0.001,16,60,1,150,relu,0.012313814078760029,2.330346748301294,0.9106870403234649,90.71729957805907,1.1734225080659928
22,"20MA, RSI, MACD, Upper_BB, Lower_BB, OBV",32,0.4,0.001,16,60,1,150,relu,0.01257332356532455,2.376826029043758,0.9068828916169658,90.29535864978902,0.948829044730832
23,"20MA, RSI, MACD, Upper_BB, Lower_BB, OBV",32,0.30000000000000004,0.001,16,60,1,150,relu,0.011865918582889688,2.2131599143334855,0.9170661120764536,91.9831223628692,0.9036768056738785
24,"20MA, RSI, MACD, Upper_BB, Lower_BB, OBV",32,0.30000000000000004,0.001,16,60,1,150,relu,0.013806124508647644,2.69253537713967,0.8877276356378887,87.76371308016878,0.9511652673623463
0,"20MA, RSI, MACD, Upper_BB, Lower_BB, OBV",64,0.5,0.0001,16,60,30,150,sigmoid,0.06821686520877834,15.351730533137397,-1.5081367401637245,8.547008547008547,1.0
1,"20MA, RSI, MACD, Upper_BB, Lower_BB, OBV",32,0.4,0.0001,32,60,30,50,tanh,0.04227544062430635,8.825192492010288,0.03673899578933537,32.05128205128205,1.0507555877473422
2,"20MA, RSI, MACD, Upper_BB, Lower_BB, OBV",64,0.7,0.0005,16,60,30,150,sigmoid,0.12011284183022701,29.53778222858523,-6.7758267938366865,0.0,1.0
3,"20MA, RSI, MACD, Upper_BB, Lower_BB, OBV",64,0.30000000000000004,0.0001,32,60,30,150,tanh,0.048728950214521796,10.259224380217729,-0.2797991107273976,27.77777777777778,0.9338175037438965
4,"20MA, RSI, MACD, Upper_BB, Lower_BB, OBV",32,0.2,0.0005,16,60,30,50,tanh,0.07642215392318405,17.626467428005725,-2.147793550783152,5.128205128205128,1.0
5,"20MA, RSI, MACD, Upper_BB, Lower_BB, OBV",128,0.5,0.0005,16,60,30,100,relu,0.0712165556617937,16.03328722919757,-1.7335663798234364,8.974358974358974,1.0
6,"20MA, RSI, MACD, Upper_BB, Lower_BB, OBV",32,0.8,0.0005,64,60,30,100,sigmoid,0.04865875519719306,10.361723335934105,-0.2761146145321507,26.923076923076923,1.4604012172876566
7,"20MA, RSI, MACD, Upper_BB, Lower_BB, OBV",128,0.8,0.001,16,60,30,100,relu,0.08287832736494169,19.331899227515695,-2.7021128130258734,2.564102564102564,1.0
8,"20MA, RSI, MACD, Upper_BB, Lower_BB, OBV",64,0.5,0.001,32,60,30,50,sigmoid,0.17570453612173273,44.89183522365376,-15.771782037658834,0.0,1.0
9,"20MA, RSI, MACD, Upper_BB, Lower_BB, OBV",32,0.2,0.001,64,60,30,50,sigmoid,0.05650827426413997,11.955165748720225,-0.7210432412850722,21.367521367521366,0.9198493547715947
10,"20MA, RSI, MACD, Upper_BB, Lower_BB, OBV",32,0.4,0.0001,32,60,30,50,tanh,0.04682304682248045,9.911037201237804,-0.18164503346185845,29.059829059829063,0.9284794344307012
11,"20MA, RSI, MACD, Upper_BB, Lower_BB, OBV",32,0.4,0.0001,32,60,30,50,tanh,0.04392228594798161,9.216246459653211,-0.03977067196030215,28.205128205128204,0.9539330940110573
12,"20MA, RSI, MACD, Upper_BB, Lower_BB, OBV",32,0.4,0.0001,32,60,30,50,tanh,0.04722324895466029,9.895938166302415,-0.20193067683070853,28.63247863247863,0.9917566265787089
13,"20MA, RSI, MACD, Upper_BB, Lower_BB, OBV",32,0.6000000000000001,0.0001,32,60,30,50,tanh,0.04147405844603663,8.64946084603214,0.07291241751035438,33.33333333333333,1.2841216926762364
14,"20MA, RSI, MACD, Upper_BB, Lower_BB, OBV",32,0.6000000000000001,0.0001,32,60,30,50,tanh,0.039976000469256694,8.396353658287767,0.13867634134058748,33.33333333333333,1.1206396949939348
15,"20MA, RSI, MACD, Upper_BB, Lower_BB, OBV",32,0.6000000000000001,0.0001,32,60,30,50,tanh,0.03761847171020779,7.97479545486892,0.23727147407743576,33.33333333333333,1.1798991317221657
16,"20MA, RSI, MACD, Upper_BB, Lower_BB, OBV",128,0.7,0.0001,32,60,30,50,tanh,0.056642720034685304,12.3713682102808,-0.7292424739928429,20.94017094017094,0.8552611194761311
17,"20MA, RSI, MACD, Upper_BB, Lower_BB, OBV",32,0.6000000000000001,0.0001,64,60,30,50,relu,0.061807628336218244,12.78801698573418,-1.0589786910881607,19.230769230769234,1.0556887225692626
18,"20MA, RSI, MACD, Upper_BB, Lower_BB, OBV",32,0.6000000000000001,0.0001,32,60,30,150,tanh,0.04386239423886094,9.150951329027677,-0.036936976780965525,29.914529914529915,0.9743378319935937
19,"20MA, RSI, MACD, Upper_BB, Lower_BB, OBV",128,0.7,0.001,32,60,30,100,tanh,0.06150262224100141,13.45423040297408,-1.0387076808942584,18.37606837606838,1.0
20,"20MA, RSI, MACD, Upper_BB, Lower_BB, OBV",32,0.6000000000000001,0.0001,64,60,30,50,relu,0.04440163865257935,9.018364392202647,-0.06258991499702149,33.76068376068376,1.0839216715479898
21,"20MA, RSI, MACD, Upper_BB, Lower_BB, OBV",32,0.6000000000000001,0.0001,32,60,30,50,tanh,0.040895892645980064,8.575294622062554,0.09858023248514969,33.33333333333333,1.1885415261390746
22,"20MA, RSI, MACD, Upper_BB, Lower_BB, OBV",32,0.7,0.0001,32,60,30,50,tanh,0.04264843022991745,8.884229824222501,0.0196666104821992,32.47863247863248,1.1254334299229218
23,"20MA, RSI, MACD, Upper_BB, Lower_BB, OBV",32,0.6000000000000001,0.0001,32,60,30,50,tanh,0.044821695503282286,9.522161058403075,-0.08279004728726136,28.205128205128204,0.9936811218342793
24,"20MA, RSI, MACD, Upper_BB, Lower_BB, OBV",32,0.5,0.0001,32,60,30,50,tanh,0.04401452689670794,9.203382285207695,-0.04414249098571066,29.059829059829063,1.028893242797424
0,"20MA, RSI, MACD, Upper_BB, CCI, ATR",32,0.2,0.0001,16,60,1,50,relu,0.024038737130691306,4.79173328159683,0.6596289660047538,62.447257383966246,1.282356958010291
1,"20MA, RSI, MACD, Upper_BB, CCI, ATR",32,0.2,0.0005,32,60,1,150,relu,0.017379998957793314,3.732050089635962,0.8220783533132221,75.52742616033755,0.9771889463272242
2,"20MA, RSI, MACD, Upper_BB, CCI, ATR",64,0.4,0.0001,32,60,1,150,relu,0.018111248153829952,3.5635767297099497,0.8067915753027382,75.9493670886076,0.9648722536506279
3,"20MA, RSI, MACD, Upper_BB, CCI, ATR",128,0.5,0.001,16,60,1,100,tanh,0.012068723579115266,2.2343507535723925,0.914206975601338,91.13924050632912,1.1873010879689962
4,"20MA, RSI, MACD, Upper_BB, CCI, ATR",32,0.8,0.0001,32,60,1,100,tanh,0.02039453297969956,3.910867189871177,0.755005222504798,70.88607594936708,0.9973778720583779
5,"20MA, RSI, MACD, Upper_BB, CCI, ATR",64,0.7,0.0005,32,60,1,150,relu,0.017861459230311977,3.784510464106909,0.8120842548353061,71.72995780590718,0.9478766790535914
6,"20MA, RSI, MACD, Upper_BB, CCI, ATR",128,0.2,0.001,64,60,1,50,relu,0.01835614448943825,3.7007977741421096,0.8015312052441756,77.63713080168776,1.0101403921721077
7,"20MA, RSI, MACD, Upper_BB, CCI, ATR",128,0.2,0.001,64,60,1,50,sigmoid,0.0709428367984233,17.750080708611506,-1.964465486991898,2.109704641350211,1.041480718349987
8,"20MA, RSI, MACD, Upper_BB, CCI, ATR",128,0.4,0.001,64,60,1,150,sigmoid,0.11355732433735281,27.53705337632722,-6.595556511966607,0.42194092827004215,1.0
9,"20MA, RSI, MACD, Upper_BB, CCI, ATR",32,0.5,0.001,32,60,1,50,tanh,0.019978353918514588,4.151651084635745,0.7649021258419343,65.82278481012658,0.8892085431002897
10,"20MA, RSI, MACD, Upper_BB, CCI, ATR",128,0.6000000000000001,0.001,16,60,1,100,tanh,0.01237326286388668,2.3453423737915684,0.9098225861968604,90.29535864978902,0.9948258399379798
11,"20MA, RSI, MACD, Upper_BB, CCI, ATR",128,0.6000000000000001,0.001,16,60,1,100,tanh,0.012507897594737902,2.3633560745476947,0.9078494501271855,91.13924050632912,1.1068102651547995
12,"20MA, RSI, MACD, Upper_BB, CCI, ATR",128,0.6000000000000001,0.001,16,60,1,100,tanh,0.013574087925087137,2.628746961190573,0.8914697975397573,86.91983122362869,0.8809325154190072
13,"20MA, RSI, MACD, Upper_BB, CCI, ATR",128,0.5,0.001,16,60,1,100,tanh,0.012173376784468134,2.282706341924281,0.9127126264656467,91.9831223628692,1.074597415260922
14,"20MA, RSI, MACD, Upper_BB, CCI, ATR",128,0.4,0.001,16,60,1,100,tanh,0.01253953315663056,2.362509592984675,0.9073827176366565,91.9831223628692,0.9659784601536999
15,"20MA, RSI, MACD, Upper_BB, CCI, ATR",128,0.5,0.0005,16,60,1,100,tanh,0.011894125689826847,2.164023644690738,0.916671350306249,92.82700421940928,1.2028552254508018
16,"20MA, RSI, MACD, Upper_BB, CCI, ATR",64,0.30000000000000004,0.0005,16,60,1,100,tanh,0.014738386105848874,2.7993501528621296,0.8720532801038925,86.49789029535864,0.9477977299947418
17,"20MA, RSI, MACD, Upper_BB, CCI, ATR",128,0.7,0.0005,16,60,1,100,sigmoid,0.03588381202331311,7.29107082463737,0.24155089504151117,37.9746835443038,1.0036516349262004
18,"20MA, RSI, MACD, Upper_BB, CCI, ATR",128,0.5,0.0005,16,60,1,100,tanh,0.013805890140037835,2.6133569801671968,0.8877314474091931,90.71729957805907,0.9795305502664114
19,"20MA, RSI, MACD, Upper_BB, CCI, ATR",64,0.30000000000000004,0.0005,16,60,1,100,tanh,0.014122878890145536,2.7488011945752406,0.8825168000915049,88.18565400843882,0.9506528982778809
20,"20MA, RSI, MACD, Upper_BB, CCI, ATR",128,0.7,0.0005,64,60,1,100,sigmoid,0.03956359861211339,9.295809583315519,0.0780213348148997,16.033755274261605,0.8837961171455739
21,"20MA, RSI, MACD, Upper_BB, CCI, ATR",128,0.5,0.001,16,60,1,100,tanh,0.013315842465176376,2.5796033862987193,0.895560064652786,89.45147679324894,0.8613139545480615
22,"20MA, RSI, MACD, Upper_BB, CCI, ATR",128,0.4,0.001,16,60,1,100,tanh,0.013126500608746853,2.5217496896383924,0.8985090720626002,89.0295358649789,0.9879830451977017
23,"20MA, RSI, MACD, Upper_BB, CCI, ATR",128,0.5,0.0001,16,60,1,100,tanh,0.02692690072071613,5.822444960469436,0.5729270789680554,45.9915611814346,0.9656100085055661
24,"20MA, RSI, MACD, Upper_BB, CCI, ATR",128,0.6000000000000001,0.001,16,60,1,100,tanh,0.01322082252730713,2.554276504250663,0.8970452832586178,89.45147679324894,0.875084223037944
0,"20MA, RSI, MACD, Upper_BB, CCI, ATR",64,0.8,0.0005,64,60,30,150,tanh,0.054316829698348244,12.163885565363607,-0.5901442408788009,17.52136752136752,0.9112154840607963
1,"20MA, RSI, MACD, Upper_BB, CCI, ATR",64,0.8,0.001,16,60,30,50,tanh,0.08070861855989747,18.727767942001837,-2.510811571172747,5.128205128205128,1.0
2,"20MA, RSI, MACD, Upper_BB, CCI, ATR",32,0.4,0.0001,64,60,30,100,relu,0.04109438553445524,8.610640649430449,0.08980870951555087,35.8974358974359,1.2815866682329984
3,"20MA, RSI, MACD, Upper_BB, CCI, ATR",32,0.30000000000000004,0.0005,32,60,30,100,relu,0.0664891896224698,15.022691326721413,-1.3827022390754342,9.401709401709402,1.0195412245896822
4,"20MA, RSI, MACD, Upper_BB, CCI, ATR",32,0.7,0.001,16,60,30,150,sigmoid,0.1027560932154728,24.82363222993012,-4.6909249918129134,1.282051282051282,1.0
5,"20MA, RSI, MACD, Upper_BB, CCI, ATR",128,0.8,0.0005,32,60,30,150,sigmoid,0.11029150378924096,26.82817313382884,-5.556194209429668,1.282051282051282,1.0
6,"20MA, RSI, MACD, Upper_BB, CCI, ATR",64,0.6000000000000001,0.0005,64,60,30,100,sigmoid,0.05982029667558948,13.218264325918033,-0.9287006131539066,17.94871794871795,0.8861799711227092
7,"20MA, RSI, MACD, Upper_BB, CCI, ATR",32,0.8,0.0005,32,60,30,150,sigmoid,0.0822517164893964,19.288730343227297,-2.646343959317513,6.41025641025641,0.8875374159441035
8,"20MA, RSI, MACD, Upper_BB, CCI, ATR",64,0.6000000000000001,0.0001,64,60,30,50,tanh,0.04488745832304816,9.47583413914939,-0.08596973801331975,31.196581196581196,1.0485206140315297
9,"20MA, RSI, MACD, Upper_BB, CCI, ATR",64,0.4,0.0001,32,60,30,150,relu,0.05168730695476779,10.99437716752953,-0.43991051496137157,23.931623931623932,0.816956422565995
10,"20MA, RSI, MACD, Upper_BB, CCI, ATR",128,0.2,0.0001,64,60,30,100,relu,0.04853155608312686,10.178722894541968,-0.2694515387457783,28.205128205128204,0.9146616614584829
11,"20MA, RSI, MACD, Upper_BB, CCI, ATR",32,0.5,0.0001,64,60,30,50,tanh,0.041376522678008607,8.624128347108934,0.07726780862187854,32.47863247863248,1.1737322151621596
12,"20MA, RSI, MACD, Upper_BB, CCI, ATR",32,0.4,0.0001,64,60,30,50,relu,0.04809507535225346,9.802586695548243,-0.2467199594968199,29.059829059829063,1.0716749222208932
13,"20MA, RSI, MACD, Upper_BB, CCI, ATR",32,0.5,0.0001,64,60,30,100,tanh,0.04195552481930837,8.769727858107185,0.05126262551799121,32.47863247863248,1.1826556412782898
14,"20MA, RSI, MACD, Upper_BB, CCI, ATR",32,0.4,0.0001,64,60,30,50,relu,0.056594941769314,12.074593282612772,-0.7263264642886536,22.64957264957265,0.9178236090563409
15,"20MA, RSI, MACD, Upper_BB, CCI, ATR",32,0.5,0.0001,64,60,30,100,tanh,0.04114896105251446,8.532325562182564,0.08738953981527464,36.324786324786324,1.3040201176909434
16,"20MA, RSI, MACD, Upper_BB, CCI, ATR",32,0.30000000000000004,0.0001,16,60,30,100,tanh,0.05726103112976333,12.347538717983362,-0.7672012989336037,20.085470085470085,0.9215527156561198
17,"20MA, RSI, MACD, Upper_BB, CCI, ATR",128,0.6000000000000001,0.001,64,60,30,100,relu,0.049711601002152404,10.622028962853747,-0.3319354983496319,22.22222222222222,0.8862632125142139
18,"20MA, RSI, MACD, Upper_BB, CCI, ATR",32,0.30000000000000004,0.0001,64,60,30,100,tanh,0.04149169204880456,8.75765144735101,0.07212390680724567,32.9059829059829,1.2951089120333719
19,"20MA, RSI, MACD, Upper_BB, CCI, ATR",32,0.5,0.0001,16,60,30,100,relu,0.06028057716878882,13.159742983899218,-0.9584951357146221,15.384615384615385,0.895305146704425
20,"20MA, RSI, MACD, Upper_BB, CCI, ATR",128,0.2,0.001,64,60,30,100,relu,0.05066917772391791,10.721021473168085,-0.38374290271231004,22.64957264957265,1.0
21,"20MA, RSI, MACD, Upper_BB, CCI, ATR",32,0.5,0.0001,64,60,30,50,tanh,0.05147859627745681,10.88524424678674,-0.42830542408298444,27.77777777777778,0.9247124846878961
22,"20MA, RSI, MACD, Upper_BB, CCI, ATR",32,0.4,0.0001,64,60,30,50,tanh,0.04446918834069555,9.545756534701951,-0.06582548099730134,26.495726495726498,1.161641601261727
23,"20MA, RSI, MACD, Upper_BB, CCI, ATR",32,0.5,0.0001,64,60,30,100,tanh,0.04033544243460041,8.541647086807924,0.1231176200099594,34.61538461538461,1.3916178574924183
24,"20MA, RSI, MACD, Upper_BB, CCI, ATR",32,0.6000000000000001,0.0001,64,60,30,100,tanh,0.04165406227839969,8.778637468779465,0.0648475468377615,34.61538461538461,1.359433760535488
0,"20MA, RSI, MACD, Upper_BB, CCI, Williams_%R",128,0.2,0.001,64,60,1,150,tanh,0.01510168730446678,3.166145282650217,0.8656677638432868,83.12236286919831,1.0985443524101923
1,"20MA, RSI, MACD, Upper_BB, CCI, Williams_%R",128,0.8,0.0005,64,60,1,50,sigmoid,0.05515372954791171,13.401195747902738,-0.7917568256758696,5.9071729957805905,1.0
2,"20MA, RSI, MACD, Upper_BB, CCI, Williams_%R",32,0.7,0.0005,32,60,1,50,relu,0.020361240763661522,4.151409002425715,0.7558044329366684,70.46413502109705,0.9446508890386678
3,"20MA, RSI, MACD, Upper_BB, CCI, Williams_%R",32,0.8,0.001,32,60,1,100,tanh,0.011711061790615871,2.200320030710222,0.9192166531328978,93.24894514767934,1.2343998151336084
4,"20MA, RSI, MACD, Upper_BB, CCI, Williams_%R",128,0.30000000000000004,0.0001,64,60,1,50,tanh,0.021493784188525995,4.171096018582993,0.7278833817078763,72.57383966244726,1.3861926719838162
5,"20MA, RSI, MACD, Upper_BB, CCI, Williams_%R",64,0.4,0.0005,32,60,1,50,relu,0.02525988009417118,5.566603104823786,0.6241696342847413,50.63291139240506,0.8840385663600658
6,"20MA, RSI, MACD, Upper_BB, CCI, Williams_%R",64,0.4,0.001,16,60,1,150,tanh,0.018770672556824852,3.920059778339197,0.7924661395285657,70.88607594936708,1.111466173065864
7,"20MA, RSI, MACD, Upper_BB, CCI, Williams_%R",64,0.6000000000000001,0.001,64,60,1,50,tanh,0.02447316706601251,5.595179821515401,0.6472153769904891,48.10126582278481,0.916794301735833
8,"20MA, RSI, MACD, Upper_BB, CCI, Williams_%R",32,0.5,0.001,16,60,1,150,sigmoid,0.03438465739819235,7.892220101725201,0.3036000998380891,18.143459915611814,1.027857424938288
9,"20MA, RSI, MACD, Upper_BB, CCI, Williams_%R",64,0.6000000000000001,0.0005,64,60,1,50,sigmoid,0.058708869038925714,14.187898936863172,-1.0301901939194442,6.751054852320674,1.0
10,"20MA, RSI, MACD, Upper_BB, CCI, Williams_%R",32,0.8,0.0001,32,60,1,100,tanh,0.018923402835270022,3.765286154465032,0.789075141513107,76.37130801687763,1.1689895593106976
11,"20MA, RSI, MACD, Upper_BB, CCI, Williams_%R",128,0.2,0.001,32,60,1,100,tanh,0.018774228089065453,4.18080226944493,0.7923875101437744,65.40084388185655,0.9194652132930125
12,"20MA, RSI, MACD, Upper_BB, CCI, Williams_%R",128,0.2,0.001,64,60,1,150,tanh,0.015396867310937645,2.9978033700062188,0.8603650829477801,85.23206751054853,1.1776085829500806
13,"20MA, RSI, MACD, Upper_BB, CCI, Williams_%R",32,0.6000000000000001,0.001,32,60,1,100,tanh,0.015051384401084857,3.0797600571267876,0.8665611802222132,83.54430379746836,1.042965538772109
14,"20MA, RSI, MACD, Upper_BB, CCI, Williams_%R",32,0.7,0.001,32,60,1,100,tanh,0.013544476586699212,2.646653970197988,0.891942789796959,89.87341772151899,1.1347886851278735
15,"20MA, RSI, MACD, Upper_BB, CCI, Williams_%R",32,0.7,0.001,32,60,1,100,relu,0.02183106176690511,4.870705082787227,0.71927634221967,56.118143459915615,0.874328900638699
16,"20MA, RSI, MACD, Upper_BB, CCI, Williams_%R",32,0.8,0.0001,32,60,1,100,tanh,0.022614032061617384,4.760747097318528,0.6987789594997669,59.07172995780591,0.9533961027136247
17,"20MA, RSI, MACD, Upper_BB, CCI, Williams_%R",32,0.7,0.001,32,60,1,100,tanh,0.01164705696164694,2.107157468327717,0.9200972556057744,91.9831223628692,1.1655342867723135
18,"20MA, RSI, MACD, Upper_BB, CCI, Williams_%R",32,0.7,0.001,16,60,1,100,relu,0.024871282213926718,5.608549086455748,0.6356442327874647,45.56962025316456,0.8389306574757176
19,"20MA, RSI, MACD, Upper_BB, CCI, Williams_%R",32,0.8,0.0001,32,60,1,100,sigmoid,0.03851624388108355,8.444952011210836,0.1261897130690809,29.11392405063291,1.0255849715123828
20,"20MA, RSI, MACD, Upper_BB, CCI, Williams_%R",32,0.5,0.001,32,60,1,100,tanh,0.014978146353039231,3.06015723367636,0.8678566121719358,86.49789029535864,0.9078171555110448
21,"20MA, RSI, MACD, Upper_BB, CCI, Williams_%R",32,0.7,0.001,32,60,1,100,tanh,0.019976739403516335,4.345461245899126,0.7649401223363739,61.18143459915611,0.8900583953337351
22,"20MA, RSI, MACD, Upper_BB, CCI, Williams_%R",32,0.7,0.001,32,60,1,100,tanh,0.016224418425254777,3.3801820205947424,0.8449514983782744,80.59071729957806,0.9996336069430417
23,"20MA, RSI, MACD, Upper_BB, CCI, Williams_%R",32,0.6000000000000001,0.001,32,60,1,100,tanh,0.01467717296813787,2.895333152539503,0.8731138786946784,87.34177215189874,1.0639483759035324
24,"20MA, RSI, MACD, Upper_BB, CCI, Williams_%R",32,0.8,0.001,32,60,1,100,tanh,0.01710595014235024,3.585728830626991,0.8276450737231957,73.83966244725738,0.9016552414872343
0,"20MA, RSI, MACD, Upper_BB, CCI, Williams_%R",32,0.2,0.001,16,60,30,50,relu,0.08294018764943135,19.264435572610182,-2.7076413806721082,5.555555555555555,1.0
1,"20MA, RSI, MACD, Upper_BB, CCI, Williams_%R",32,0.4,0.0001,64,60,30,150,sigmoid,0.05286639912288158,10.79588731573712,-0.5063543788336569,25.213675213675213,1.059164226724153
2,"20MA, RSI, MACD, Upper_BB, CCI, Williams_%R",128,0.7,0.0005,32,60,30,150,sigmoid,0.1503360150286564,38.0104278472454,-11.181303441152181,0.0,1.0
3,"20MA, RSI, MACD, Upper_BB, CCI, Williams_%R",32,0.5,0.0001,64,60,30,150,tanh,0.04202187494174335,8.903529149750064,0.048259511333753946,31.196581196581196,1.4277244070874657
4,"20MA, RSI, MACD, Upper_BB, CCI, Williams_%R",64,0.4,0.001,32,60,30,150,relu,0.058410277124054326,12.628454354666024,-0.8388496730558297,20.51282051282051,1.0
5,"20MA, RSI, MACD, Upper_BB, CCI, Williams_%R",128,0.8,0.0001,32,60,30,50,sigmoid,0.08290100922543577,18.939970345845488,-2.704139453752147,5.982905982905983,1.0
6,"20MA, RSI, MACD, Upper_BB, CCI, Williams_%R",32,0.6000000000000001,0.0001,16,60,30,150,tanh,0.055843651044203184,11.938561504730295,-0.6807971486351765,20.51282051282051,0.9324430473321649
7,"20MA, RSI, MACD, Upper_BB, CCI, Williams_%R",32,0.7,0.0005,16,60,30,150,sigmoid,0.11075488350202525,26.986593280434295,-5.611400444558759,0.4273504273504274,1.0
8,"20MA, RSI, MACD, Upper_BB, CCI, Williams_%R",128,0.4,0.001,16,60,30,50,relu,0.08793985529362944,20.685108549995473,-3.168110142724193,3.418803418803419,1.0
9,"20MA, RSI, MACD, Upper_BB, CCI, Williams_%R",128,0.2,0.0001,16,60,30,100,relu,0.06088399218421765,13.263442680948998,-0.9979008722624265,17.94871794871795,1.105789122388121
10,"20MA, RSI, MACD, Upper_BB, CCI, Williams_%R",64,0.5,0.0001,64,60,30,100,tanh,0.042636589515839506,9.018426115395577,0.020210885426392267,31.62393162393162,1.2738181384831475
11,"20MA, RSI, MACD, Upper_BB, CCI, Williams_%R",64,0.5,0.0001,64,60,30,100,tanh,0.04324715183443683,9.03771999045968,-0.00805148906143116,32.05128205128205,1.2151605405342791
12,"20MA, RSI, MACD, Upper_BB, CCI, Williams_%R",64,0.5,0.0001,64,60,30,100,tanh,0.0438334689182229,9.09359164820602,-0.035569799029705695,32.05128205128205,1.2480111480421978
13,"20MA, RSI, MACD, Upper_BB, CCI, Williams_%R",64,0.6000000000000001,0.0001,64,60,30,100,tanh,0.0444553063128829,9.279582088068722,-0.06516014348592747,31.62393162393162,1.0845965876189965
14,"20MA, RSI, MACD, Upper_BB, CCI, Williams_%R",32,0.30000000000000004,0.0001,64,60,30,100,tanh,0.04056046425863067,8.672757327450524,0.11330649337759768,31.196581196581196,1.2911395856002714
15,"20MA, RSI, MACD, Upper_BB, CCI, Williams_%R",32,0.30000000000000004,0.0005,64,60,30,150,tanh,0.04384151014663223,9.271562775284105,-0.03594978342558375,31.196581196581196,0.9270934928990257
16,"20MA, RSI, MACD, Upper_BB, CCI, Williams_%R",32,0.30000000000000004,0.0001,64,60,30,100,tanh,0.04180512728129923,8.873247653743094,0.05805229244604582,32.47863247863248,1.2548688675156805
17,"20MA, RSI, MACD, Upper_BB, CCI, Williams_%R",32,0.30000000000000004,0.0001,64,60,30,100,tanh,0.04181047989573334,8.935254943091843,0.05781106817534054,33.76068376068376,1.3185520978211538
18,"20MA, RSI, MACD, Upper_BB, CCI, Williams_%R",32,0.30000000000000004,0.0005,64,60,30,100,tanh,0.043242271927148565,9.224758995641356,-0.007824009559804335,29.48717948717949,0.9403719707635895
19,"20MA, RSI, MACD, Upper_BB, CCI, Williams_%R",32,0.2,0.001,64,60,30,100,tanh,0.047956457060278984,10.19700874986937,-0.23954379253196834,26.06837606837607,0.945405571442458
20,"20MA, RSI, MACD, Upper_BB, CCI, Williams_%R",32,0.30000000000000004,0.0001,32,60,30,100,tanh,0.04585099561292527,9.548727936798718,-0.1330921590727514,32.05128205128205,0.9292088682971141
21,"20MA, RSI, MACD, Upper_BB, CCI, Williams_%R",32,0.30000000000000004,0.0001,64,60,30,100,tanh,0.04370956151416399,9.081027621347399,-0.029723425921528657,31.62393162393162,1.2243634651614743
22,"20MA, RSI, MACD, Upper_BB, CCI, Williams_%R",32,0.30000000000000004,0.0001,64,60,30,100,tanh,0.04125831066179457,8.755997750644655,0.08253273707325526,32.9059829059829,1.3266879295137788
23,"20MA, RSI, MACD, Upper_BB, CCI, Williams_%R",32,0.4,0.0001,64,60,30,100,tanh,0.042716799041010695,9.002474814446197,0.01652098704294802,32.05128205128205,1.336579057771743
24,"20MA, RSI, MACD, Upper_BB, CCI, Williams_%R",32,0.2,0.0001,64,60,30,100,tanh,0.04066143258701739,8.771377838661243,0.10888645553751208,32.47863247863248,1.32091652715969
0,"20MA, RSI, MACD, Upper_BB, CCI, OBV",128,0.8,0.001,16,60,1,150,relu,0.020880542417992472,4.611026778646037,0.7431894566617765,60.337552742616026,0.8389306574757176
1,"20MA, RSI, MACD, Upper_BB, CCI, OBV",128,0.5,0.0005,16,60,1,100,tanh,0.011445914475966257,2.085961809374521,0.9228332356689033,93.24894514767934,1.136787866930899
2,"20MA, RSI, MACD, Upper_BB, CCI, OBV",64,0.30000000000000004,0.001,16,60,1,50,relu,0.020750499242394773,4.393418376951672,0.7463783070295499,59.49367088607595,1.0462454760558868
3,"20MA, RSI, MACD, Upper_BB, CCI, OBV",64,0.4,0.001,32,60,1,150,sigmoid,0.014947698396140487,3.0482022033328926,0.8683933149854373,83.54430379746836,0.7930088949613597
4,"20MA, RSI, MACD, Upper_BB, CCI, OBV",64,0.2,0.0005,64,60,1,100,relu,0.03432368109646416,8.208893134360363,0.30606784224470684,20.253164556962027,0.9018818142384358
5,"20MA, RSI, MACD, Upper_BB, CCI, OBV",128,0.4,0.0001,16,60,1,50,tanh,0.0175485160426367,3.4549049736412383,0.8186113571840874,77.21518987341773,0.8977445265293065
6,"20MA, RSI, MACD, Upper_BB, CCI, OBV",128,0.30000000000000004,0.001,64,60,1,50,relu,0.039113110820587854,9.628167168452956,0.09889787427985108,8.438818565400844,0.895305146704425
7,"20MA, RSI, MACD, Upper_BB, CCI, OBV",64,0.7,0.0001,64,60,1,50,sigmoid,0.043513653881839254,8.50534005993862,-0.11527098345578146,30.801687763713083,1.1173421239187642
8,"20MA, RSI, MACD, Upper_BB, CCI, OBV",32,0.30000000000000004,0.001,16,60,1,100,relu,0.01966129562853439,4.2052062519077715,0.7723049633449844,66.24472573839662,0.819275218245788
9,"20MA, RSI, MACD, Upper_BB, CCI, OBV",64,0.2,0.0001,32,60,1,150,tanh,0.028699137371557708,6.444522249663567,0.5148601122827612,43.037974683544306,0.8911567089503547
10,"20MA, RSI, MACD, Upper_BB, CCI, OBV",32,0.6000000000000001,0.0005,16,60,1,100,tanh,0.015272895551681305,2.95888728243658,0.8626046417998545,82.27848101265823,1.0127725483030732
11,"20MA, RSI, MACD, Upper_BB, CCI, OBV",128,0.5,0.0005,32,60,1,150,sigmoid,0.060351448038716074,15.000475218935073,-1.1453822680433738,2.109704641350211,1.0314828781435266
12,"20MA, RSI, MACD, Upper_BB, CCI, OBV",64,0.5,0.0005,32,60,1,150,sigmoid,0.0348958109811456,8.549406425091178,0.28274119409150866,11.39240506329114,0.895305146704425
13,"20MA, RSI, MACD, Upper_BB, CCI, OBV",128,0.6000000000000001,0.001,32,60,1,100,sigmoid,0.03819880047984486,9.381189731185463,0.14053390677865818,7.59493670886076,0.9324430473321649
14,"20MA, RSI, MACD, Upper_BB, CCI, OBV",32,0.4,0.0005,32,60,1,150,tanh,0.015310217439531386,3.080642014789417,0.8619323240302041,82.70042194092827,1.0421996498141906
15,"20MA, RSI, MACD, Upper_BB, CCI, OBV",64,0.5,0.001,16,60,1,100,sigmoid,0.03021252921137412,6.970147528264133,0.4623452786407317,29.957805907172997,0.9324430473321649
16,"20MA, RSI, MACD, Upper_BB, CCI, OBV",128,0.4,0.0005,32,60,1,100,tanh,0.013317690118327365,2.5906773313173774,0.8955310793048554,89.45147679324894,0.8033210986625587
17,"20MA, RSI, MACD, Upper_BB, CCI, OBV",128,0.6000000000000001,0.0005,16,60,1,100,tanh,0.020814621144312366,4.52590928854314,0.7448084332515055,60.75949367088608,0.895305146704425
18,"20MA, RSI, MACD, Upper_BB, CCI, OBV",128,0.7,0.0005,32,60,1,100,tanh,0.01675821043682708,3.282472417410942,0.834581310247505,78.05907172995781,1.0989805845006944
19,"20MA, RSI, MACD, Upper_BB, CCI, OBV",128,0.4,0.0005,64,60,1,100,tanh,0.033500991047326456,8.188658080960488,0.33893432610654217,15.611814345991561,0.895305146704425
20,"20MA, RSI, MACD, Upper_BB, CCI, OBV",128,0.7,0.0005,16,60,1,100,tanh,0.014105439021722168,2.778296519445827,0.8828067730510745,89.0295358649789,1.1373155683079237
21,"20MA, RSI, MACD, Upper_BB, CCI, OBV",128,0.8,0.0005,16,60,1,100,tanh,0.022794311591058745,4.9981852093008206,0.6939571352851444,56.118143459915615,0.8389306574757176
22,"20MA, RSI, MACD, Upper_BB, CCI, OBV",128,0.7,0.0005,16,60,1,100,tanh,0.02412738832596711,5.421772930004863,0.6571138639890108,51.47679324894515,0.895305146704425
23,"20MA, RSI, MACD, Upper_BB, CCI, OBV",128,0.6000000000000001,0.0005,16,60,1,100,tanh,0.01922786914112351,4.118224556441895,0.7822332283608637,66.24472573839662,0.8669208043568911
24,"20MA, RSI, MACD, Upper_BB, CCI, OBV",128,0.5,0.0005,16,60,1,100,tanh,0.01973894194937383,4.237634131876512,0.7705029872724346,64.9789029535865,0.8669208043568911
0,"20MA, RSI, MACD, Upper_BB, CCI, OBV",32,0.7,0.001,16,60,30,150,relu,0.06977955233644736,15.590578363504248,-1.6243638772119962,9.401709401709402,1.0
1,"20MA, RSI, MACD, Upper_BB, CCI, OBV",32,0.7,0.001,16,60,30,150,sigmoid,0.13167576188380506,32.72079046133285,-8.345001452268374,0.0,1.0
2,"20MA, RSI, MACD, Upper_BB, CCI, OBV",32,0.30000000000000004,0.0005,64,60,30,150,tanh,0.03809568008961863,8.361570808063147,0.21779757944552758,31.196581196581196,1.0481576590330408
3,"20MA, RSI, MACD, Upper_BB, CCI, OBV",128,0.5,0.0001,64,60,30,100,sigmoid,0.06472290594316699,13.211123159868354,-1.257790854866811,20.085470085470085,1.0745113610708261
4,"20MA, RSI, MACD, Upper_BB, CCI, OBV",32,0.4,0.0001,32,60,30,100,relu,0.04551696538941465,9.421424849845419,-0.11664286022960679,30.76923076923077,1.0628799282149717
5,"20MA, RSI, MACD, Upper_BB, CCI, OBV",32,0.5,0.0001,64,60,30,100,tanh,0.03714667802172432,8.119282348023809,0.256283089806277,34.61538461538461,1.3009002213639216
6,"20MA, RSI, MACD, Upper_BB, CCI, OBV",128,0.6000000000000001,0.001,32,60,30,150,tanh,0.06446237794987283,14.199450634602803,-1.2396509447117983,15.81196581196581,1.0
7,"20MA, RSI, MACD, Upper_BB, CCI, OBV",32,0.8,0.0001,32,60,30,50,relu,0.05308537811643393,11.0211802594215,-0.5188592261904372,25.64102564102564,0.9114120116899452
8,"20MA, RSI, MACD, Upper_BB, CCI, OBV",64,0.8,0.001,64,60,30,100,tanh,0.043240904199209354,9.25173911504018,-0.0077602567922092636,29.914529914529915,0.9824098470877914
9,"20MA, RSI, MACD, Upper_BB, CCI, OBV",32,0.8,0.001,32,60,30,50,relu,0.06753725883881358,15.154460868743666,-1.4584113538177923,8.974358974358974,1.041480718349987
10,"20MA, RSI, MACD, Upper_BB, CCI, OBV",64,0.2,0.0005,64,60,30,100,tanh,0.037026352800996885,8.256588549240803,0.26109337012691736,34.61538461538461,1.0605263118987058
11,"20MA, RSI, MACD, Upper_BB, CCI, OBV",64,0.2,0.0005,64,60,30,100,tanh,0.039571027879522,8.552325669917895,0.1560390422052087,32.05128205128205,1.001923676256141
12,"20MA, RSI, MACD, Upper_BB, CCI, OBV",64,0.2,0.0005,64,60,30,100,tanh,0.03833707077814029,8.330676287616502,0.2078534287439483,32.47863247863248,0.9705782786361031
13,"20MA, RSI, MACD, Upper_BB, CCI, OBV",64,0.4,0.0005,64,60,30,100,tanh,0.045164611690241024,9.579917255337211,-0.09942157367692084,30.34188034188034,0.8515050492508419
14,"20MA, RSI, MACD, Upper_BB, CCI, OBV",64,0.4,0.0001,64,60,30,100,tanh,0.03911201250216768,8.250482308684258,0.17550501273220231,37.17948717948718,1.3617820241133902
15,"20MA, RSI, MACD, Upper_BB, CCI, OBV",128,0.5,0.0005,64,60,30,100,tanh,0.04176966241476978,8.983627902237519,0.05964979409675686,30.76923076923077,0.9293341020473735
16,"20MA, RSI, MACD, Upper_BB, CCI, OBV",64,0.30000000000000004,0.0001,16,60,30,50,sigmoid,0.1127630548917994,27.561269742703466,-5.85332550150792,0.8547008547008548,1.0
17,"20MA, RSI, MACD, Upper_BB, CCI, OBV",64,0.30000000000000004,0.0001,64,60,30,100,tanh,0.03972613031740729,8.315390167820654,0.14941010444945357,35.47008547008547,1.214928458297846
18,"20MA, RSI, MACD, Upper_BB, CCI, OBV",32,0.6000000000000001,0.0005,64,60,30,100,tanh,0.04297500480607898,9.276770179924004,0.004595588192313538,29.059829059829063,0.916064930583515
19,"20MA, RSI, MACD, Upper_BB, CCI, OBV",128,0.6000000000000001,0.0001,16,60,30,50,sigmoid,0.11776192076699224,28.77742197649536,-6.474419256638204,0.4273504273504274,1.0
20,"20MA, RSI, MACD, Upper_BB, CCI, OBV",32,0.2,0.0005,64,60,30,100,tanh,0.043232046686213964,9.358104903631396,-0.007347437703209225,29.914529914529915,0.887655443986677
21,"20MA, RSI, MACD, Upper_BB, CCI, OBV",32,0.30000000000000004,0.0005,64,60,30,150,tanh,0.04248972760630675,8.970199504492252,0.0269490359545147,32.47863247863248,1.0233064308897615
22,"20MA, RSI, MACD, Upper_BB, CCI, OBV",32,0.30000000000000004,0.0005,64,60,30,150,tanh,0.042045633454841594,8.91647545763437,0.04718300862575464,31.196581196581196,0.9319082235615999
23,"20MA, RSI, MACD, Upper_BB, CCI, OBV",32,0.2,0.0005,64,60,30,150,tanh,0.04426964843328858,9.402806975812762,-0.05628190379004794,30.34188034188034,1.0178365235384166
24,"20MA, RSI, MACD, Upper_BB, CCI, OBV",32,0.4,0.0005,64,60,30,150,tanh,0.042659816983084374,8.918650999472593,0.01914305993396881,32.05128205128205,1.094653453905315
0,"20MA, RSI, MACD, Upper_BB, ATR, Williams_%R",128,0.6000000000000001,0.001,32,60,1,150,sigmoid,0.04384493533771206,10.40965446215938,-0.13231735833797842,6.329113924050633,1.0096926865373226
1,"20MA, RSI, MACD, Upper_BB, ATR, Williams_%R",128,0.5,0.0005,16,60,1,50,tanh,0.0147167118099579,2.8506069669990937,0.8724293207289796,86.49789029535864,1.089069703698096
2,"20MA, RSI, MACD, Upper_BB, ATR, Williams_%R",64,0.8,0.0001,32,60,1,50,tanh,0.022072116862763586,4.533742779756421,0.7130427042135234,64.9789029535865,1.039330068638745
3,"20MA, RSI, MACD, Upper_BB, ATR, Williams_%R",64,0.2,0.0001,64,60,1,150,tanh,0.021817561236316296,4.398568731583838,0.7196234390772613,65.40084388185655,1.1477428665169933
4,"20MA, RSI, MACD, Upper_BB, ATR, Williams_%R",64,0.8,0.001,16,60,1,150,relu,0.011309580124200063,2.2640884771977867,0.924660582036519,93.24894514767934,1.9008095167208816
5,"20MA, RSI, MACD, Upper_BB, ATR, Williams_%R",128,0.4,0.0005,64,60,1,50,sigmoid,0.02935689309638266,6.48933557303612,0.4923674287993569,41.77215189873418,0.9636001229263015
6,"20MA, RSI, MACD, Upper_BB, ATR, Williams_%R",128,0.6000000000000001,0.0005,64,60,1,100,relu,0.02091101685582287,4.425396170062666,0.7424392972277329,65.82278481012658,1.017596992871727
7,"20MA, RSI, MACD, Upper_BB, ATR, Williams_%R",128,0.5,0.0005,16,60,1,50,tanh,0.015200705838708823,2.9546440393643714,0.863900413213857,83.96624472573839,1.1003329298639721
8,"20MA, RSI, MACD, Upper_BB, ATR, Williams_%R",128,0.4,0.0005,64,60,1,150,sigmoid,0.0300253301297738,6.587105194695771,0.46898733476556265,43.459915611814345,0.9820381593841239
9,"20MA, RSI, MACD, Upper_BB, ATR, Williams_%R",32,0.4,0.0005,32,60,1,100,sigmoid,0.01934656324544273,3.844386711502578,0.7795363709243556,72.9957805907173,0.986736126515053
10,"20MA, RSI, MACD, Upper_BB, ATR, Williams_%R",64,0.8,0.001,16,60,1,150,relu,0.011328743853544616,2.1714599209507446,0.9244050451514131,93.24894514767934,1.0181840357166252
11,"20MA, RSI, MACD, Upper_BB, ATR, Williams_%R",64,0.8,0.001,16,60,1,150,relu,0.011535660567562547,2.2751791737487648,0.921618380148984,92.82700421940928,1.1619287074854425
12,"20MA, RSI, MACD, Upper_BB, ATR, Williams_%R",64,0.7,0.001,16,60,1,150,relu,0.011746935481838555,2.2175928363592985,0.9187209789556664,91.9831223628692,1.272373378646879
13,"20MA, RSI, MACD, Upper_BB, ATR, Williams_%R",64,0.8,0.001,16,60,1,150,relu,0.011225108051492952,2.1919983222703476,0.9257818102071762,93.67088607594937,1.217100488295096
14,"20MA, RSI, MACD, Upper_BB, ATR, Williams_%R",32,0.7,0.001,16,60,1,150,relu,0.014052664391823805,2.7085243920412774,0.8836820749953685,85.23206751054853,1.2013627232857214
15,"20MA, RSI, MACD, Upper_BB, ATR, Williams_%R",64,0.7,0.001,16,60,1,150,relu,0.011902169700794281,2.316361830274296,0.9165586016686951,91.13924050632912,1.2767000020254262
16,"20MA, RSI, MACD, Upper_BB, ATR, Williams_%R",64,0.2,0.001,16,60,1,100,relu,0.014041473625838071,2.742036778746847,0.88386725957627,87.76371308016878,0.9057555935843374
17,"20MA, RSI, MACD, Upper_BB, ATR, Williams_%R",32,0.6000000000000001,0.001,16,60,1,150,relu,0.011999589308924485,2.2554824878252333,0.9151870709509169,91.56118143459916,1.472164028410184
18,"20MA, RSI, MACD, Upper_BB, ATR, Williams_%R",64,0.8,0.0001,16,60,1,150,relu,0.032341624358959896,6.821523597452073,0.3838975236797615,39.24050632911392,0.936981072758387
19,"20MA, RSI, MACD, Upper_BB, ATR, Williams_%R",64,0.7,0.001,32,60,1,100,relu,0.018767453755999385,3.860214514694,0.7925373093690794,71.30801687763713,0.9183295218635236
20,"20MA, RSI, MACD, Upper_BB, ATR, Williams_%R",64,0.8,0.001,16,60,1,150,relu,0.019282089148556333,3.8754181672245536,0.7810033506856624,71.30801687763713,0.9071334907164416
21,"20MA, RSI, MACD, Upper_BB, ATR, Williams_%R",64,0.8,0.001,16,60,1,150,relu,0.01117328023931551,2.1400895204402413,0.9264655784755241,94.09282700421942,1.4637013655046882
22,"20MA, RSI, MACD, Upper_BB, ATR, Williams_%R",64,0.7,0.001,16,60,1,150,relu,0.010404652634781296,1.9908089661326303,0.936234691014453,95.35864978902954,1.6802981160833719
23,"20MA, RSI, MACD, Upper_BB, ATR, Williams_%R",64,0.7,0.001,16,60,1,150,relu,0.011020042818110844,2.097587324365527,0.9284687422925655,93.67088607594937,1.7429371884791915
24,"20MA, RSI, MACD, Upper_BB, ATR, Williams_%R",64,0.7,0.001,16,60,1,150,relu,0.012887989049735368,2.523484897982344,0.9021637914653526,89.45147679324894,1.1903453587300863
0,"20MA, RSI, MACD, Upper_BB, ATR, Williams_%R",64,0.30000000000000004,0.0005,32,60,30,150,relu,0.05529921994789072,11.97152022061463,-0.648184037726415,17.52136752136752,1.0
1,"20MA, RSI, MACD, Upper_BB, ATR, Williams_%R",128,0.30000000000000004,0.0005,16,60,30,100,relu,0.06949890702828446,15.52872326509539,-1.6032965503392003,11.11111111111111,1.0
2,"20MA, RSI, MACD, Upper_BB, ATR, Williams_%R",32,0.8,0.0001,16,60,30,100,relu,0.0554063375466031,11.806941583652213,-0.6545754663771204,21.367521367521366,0.9127329836141215
3,"20MA, RSI, MACD, Upper_BB, ATR, Williams_%R",128,0.6000000000000001,0.0005,32,60,30,50,tanh,0.0715600361125581,16.181125379055686,-1.7599981791406107,9.401709401709402,1.0
4,"20MA, RSI, MACD, Upper_BB, ATR, Williams_%R",64,0.6000000000000001,0.001,16,60,30,50,relu,0.07824560012829045,17.96746737399559,-2.2997994447774484,5.982905982905983,1.0
5,"20MA, RSI, MACD, Upper_BB, ATR, Williams_%R",64,0.8,0.0005,32,60,30,100,relu,0.061451451582248066,13.349747661134007,-1.0353166509552292,18.803418803418804,1.0
6,"20MA, RSI, MACD, Upper_BB, ATR, Williams_%R",32,0.4,0.0005,16,60,30,100,relu,0.06244141936640196,13.586237477656638,-1.1014217670375714,17.94871794871795,1.0
7,"20MA, RSI, MACD, Upper_BB, ATR, Williams_%R",64,0.2,0.0005,16,60,30,50,relu,0.07517751698119453,17.126543946617943,-2.0460964343166634,6.837606837606838,1.0
8,"20MA, RSI, MACD, Upper_BB, ATR, Williams_%R",128,0.4,0.0001,64,60,30,150,tanh,0.05015829904448279,10.685994326365362,-0.35598003197601646,25.213675213675213,0.9029758508893315
9,"20MA, RSI, MACD, Upper_BB, ATR, Williams_%R",32,0.7,0.001,32,60,30,150,sigmoid,0.1065944631012891,25.766821515608175,-5.124025442915316,1.7094017094017095,1.0
10,"20MA, RSI, MACD, Upper_BB, ATR, Williams_%R",128,0.5,0.0001,64,60,30,150,tanh,0.05068052376916266,10.782614979474442,-0.38436267860333984,23.076923076923077,0.9192207146310355
11,"20MA, RSI, MACD, Upper_BB, ATR, Williams_%R",128,0.5,0.0001,64,60,30,150,tanh,0.045316573518359715,9.648406136823777,-0.10683229502712743,29.48717948717949,1.0503838822719147
12,"20MA, RSI, MACD, Upper_BB, ATR, Williams_%R",128,0.5,0.0001,64,60,30,150,tanh,0.04589028574267738,10.03522320717665,-0.13503490478048819,25.213675213675213,0.8289452559765307
13,"20MA, RSI, MACD, Upper_BB, ATR, Williams_%R",128,0.5,0.0001,64,60,30,150,tanh,0.04810140090832804,10.258440908106845,-0.24704792303816703,26.495726495726498,0.9990405341424857
14,"20MA, RSI, MACD, Upper_BB, ATR, Williams_%R",128,0.6000000000000001,0.0001,64,60,30,150,tanh,0.04841566016400245,10.348890711612484,-0.2633957435278369,24.786324786324787,1.0205367223394632
15,"20MA, RSI, MACD, Upper_BB, ATR, Williams_%R",128,0.4,0.0001,64,60,30,150,sigmoid,0.05926485741343928,12.330528388822431,-0.8930504196314328,22.22222222222222,0.892413241910946
16,"20MA, RSI, MACD, Upper_BB, ATR, Williams_%R",128,0.5,0.0001,64,60,30,150,tanh,0.047206881059101057,10.434367376380516,-0.2010976267203053,23.076923076923077,0.9026840887918329
17,"20MA, RSI, MACD, Upper_BB, ATR, Williams_%R",128,0.7,0.0001,64,60,30,150,tanh,0.062199748960208766,13.603012354954942,-1.0851867526935504,15.81196581196581,0.9010631237265445
18,"20MA, RSI, MACD, Upper_BB, ATR, Williams_%R",128,0.30000000000000004,0.001,64,60,30,150,tanh,0.05161370515774838,11.219101452380462,-0.4358126212664484,22.22222222222222,0.9340736576224054
19,"20MA, RSI, MACD, Upper_BB, ATR, Williams_%R",32,0.7,0.0001,64,60,30,50,sigmoid,0.0659761453363944,13.339749610309529,-1.3460732619922418,21.367521367521366,1.216229627979217
20,"20MA, RSI, MACD, Upper_BB, ATR, Williams_%R",128,0.4,0.0001,64,60,30,150,tanh,0.04733068074600382,10.115079193579211,-0.2074056260293038,28.205128205128204,0.8501596612281117
21,"20MA, RSI, MACD, Upper_BB, ATR, Williams_%R",128,0.5,0.0001,64,60,30,150,tanh,0.05046787928000094,10.858986598627157,-0.3727700784671151,23.931623931623932,0.9302159968519287
22,"20MA, RSI, MACD, Upper_BB, ATR, Williams_%R",128,0.5,0.0001,64,60,30,150,tanh,0.04422810928599707,9.627713398128106,-0.05430057049496928,25.64102564102564,1.0135439319619632
23,"20MA, RSI, MACD, Upper_BB, ATR, Williams_%R",128,0.6000000000000001,0.0001,64,60,30,150,tanh,0.04144946863136671,9.09299117362366,0.0740114251593803,27.350427350427353,1.021808601101641
24,"20MA, RSI, MACD, Upper_BB, ATR, Williams_%R",128,0.6000000000000001,0.0001,64,60,30,150,tanh,0.04240624327095205,9.226413910607743,0.0307690043228821,28.205128205128204,0.9118410453278307
0,"20MA, RSI, MACD, Upper_BB, ATR, OBV",128,0.6000000000000001,0.0005,32,60,1,100,tanh,0.014045653543253205,2.751430046592974,0.8837981076441169,87.76371308016878,0.6019567629693734
1,"20MA, RSI, MACD, Upper_BB, ATR, OBV",32,0.4,0.0005,16,60,1,150,sigmoid,0.030666972221936713,6.981703860219388,0.44604932379332185,29.535864978902953,0.909305553068305
2,"20MA, RSI, MACD, Upper_BB, ATR, OBV",64,0.30000000000000004,0.001,32,60,1,50,tanh,0.016063828462280497,3.1530752404581572,0.8480056610196476,80.59071729957806,1.235499245235633
3,"20MA, RSI, MACD, Upper_BB, ATR, OBV",64,0.2,0.001,16,60,1,50,sigmoid,0.09387262851550977,23.61579253340392,-4.190476804118972,0.0,1.0
4,"20MA, RSI, MACD, Upper_BB, ATR, OBV",64,0.5,0.0005,32,60,1,50,sigmoid,0.039301858884002144,9.280543306100613,0.0901799964099268,11.39240506329114,0.9136263605849217
5,"20MA, RSI, MACD, Upper_BB, ATR, OBV",128,0.4,0.0001,64,60,1,100,sigmoid,0.05250042296584412,12.119125482372601,-0.6235097524870938,9.70464135021097,1.150835028320774
6,"20MA, RSI, MACD, Upper_BB, ATR, OBV",32,0.5,0.0001,16,60,1,100,relu,0.021310070805416453,4.330830748061583,0.7325152155997241,63.29113924050633,0.8575328874150229
7,"20MA, RSI, MACD, Upper_BB, ATR, OBV",32,0.7,0.0005,32,60,1,150,relu,0.018249480992871926,3.7173053918920744,0.8038310204738771,72.57383966244726,1.0592098588631598
8,"20MA, RSI, MACD, Upper_BB, ATR, OBV",32,0.5,0.001,32,60,1,150,sigmoid,0.06995079641195916,17.71491854711284,-1.882137021928982,0.8438818565400843,1.0
9,"20MA, RSI, MACD, Upper_BB, ATR, OBV",128,0.30000000000000004,0.001,32,60,1,150,relu,0.016476606492308095,3.5009542242458487,0.8400939716974544,77.21518987341773,1.0463558919991136
10,"20MA, RSI, MACD, Upper_BB, ATR, OBV",128,0.8,0.0005,64,60,1,100,tanh,0.015689523839169724,3.095724984049424,0.8550064029798401,83.96624472573839,1.3214289894812665
11,"20MA, RSI, MACD, Upper_BB, ATR, OBV",128,0.8,0.0005,64,60,1,100,tanh,0.016001962655019575,3.191706755771827,0.8491741427881915,83.12236286919831,1.3165124245764162
12,"20MA, RSI, MACD, Upper_BB, ATR, OBV",128,0.7,0.0005,64,60,1,100,tanh,0.03832411416536712,9.28987602861298,0.1348855866459091,9.70464135021097,0.8560982433687457
13,"20MA, RSI, MACD, Upper_BB, ATR, OBV",128,0.7,0.0005,64,60,1,100,tanh,0.029131015258700682,6.70475550187591,0.5001490307051953,38.39662447257383,0.9120774730929264
14,"20MA, RSI, MACD, Upper_BB, ATR, OBV",128,0.8,0.0005,64,60,1,100,tanh,0.015417474723116257,3.048119089181512,0.8599910536225251,84.81012658227847,1.393686419663987
15,"20MA, RSI, MACD, Upper_BB, ATR, OBV",128,0.6000000000000001,0.0005,32,60,1,100,tanh,0.017455332498018953,3.4282721975603065,0.8205326091276043,75.9493670886076,1.1195778682455781
16,"20MA, RSI, MACD, Upper_BB, ATR, OBV",128,0.6000000000000001,0.0001,64,60,1,100,tanh,0.025476043624184187,5.217326223319259,0.6177097120068781,57.80590717299579,1.267834567943355
17,"20MA, RSI, MACD, Upper_BB, ATR, OBV",128,0.8,0.0005,64,60,1,100,tanh,0.0439839215076856,10.749622554488033,-0.13950751105279324,6.751054852320674,0.9202460426256063
18,"20MA, RSI, MACD, Upper_BB, ATR, OBV",128,0.6000000000000001,0.0005,32,60,1,100,tanh,0.017773858991528363,3.4979182150475387,0.8139229732629509,75.9493670886076,1.1213302005645982
19,"20MA, RSI, MACD, Upper_BB, ATR, OBV",64,0.7,0.0001,16,60,1,50,tanh,0.01922795739213465,3.7977744379948155,0.7822312293684894,76.37130801687763,0.9759856621819576
20,"20MA, RSI, MACD, Upper_BB, ATR, OBV",128,0.6000000000000001,0.0005,64,60,1,100,relu,0.057333729353940766,14.381617607906175,-0.9361976167618133,2.109704641350211,1.0314828781435266
21,"20MA, RSI, MACD, Upper_BB, ATR, OBV",128,0.8,0.0005,64,60,1,100,tanh,0.025105819930950634,5.431577676837365,0.6287400375927888,53.58649789029536,0.9680405258650578
22,"20MA, RSI, MACD, Upper_BB, ATR, OBV",128,0.8,0.0005,64,60,1,100,tanh,0.04144488006574954,10.03904640660022,-0.011745011249070236,8.860759493670885,0.8389306574757176
23,"20MA, RSI, MACD, Upper_BB, ATR, OBV",128,0.7,0.0005,64,60,1,100,tanh,0.024359338322447615,5.629678081636027,0.6504894642213341,43.88185654008439,0.909305553068305
24,"20MA, RSI, MACD, Upper_BB, ATR, OBV",128,0.8,0.0005,64,60,1,100,tanh,0.022791834398003863,5.2097960352197115,0.6940236506577052,47.67932489451477,0.97040909678823
0,"20MA, RSI, MACD, Upper_BB, ATR, OBV",128,0.2,0.001,32,60,30,150,tanh,0.04883873638246816,10.354397873170273,-0.2855723735327311,26.495726495726498,0.9694199747173143
1,"20MA, RSI, MACD, Upper_BB, ATR, OBV",32,0.8,0.0005,32,60,30,100,tanh,0.05440258815608256,11.631150517173346,-0.5951694226283866,21.794871794871796,0.9891243261902684
2,"20MA, RSI, MACD, Upper_BB, ATR, OBV",64,0.5,0.0005,64,60,30,50,tanh,0.046305033022944316,9.796342513788078,-0.15564405621647182,29.059829059829063,0.9309259614352137
3,"20MA, RSI, MACD, Upper_BB, ATR, OBV",32,0.4,0.001,32,60,30,150,relu,0.05787380779157111,11.887639998471794,-0.805226950776184,21.367521367521366,0.9555898586032812
4,"20MA, RSI, MACD, Upper_BB, ATR, OBV",32,0.4,0.0005,16,60,30,100,sigmoid,0.11321634536778986,27.575771894653606,-5.908534915748753,0.4273504273504274,1.0
5,"20MA, RSI, MACD, Upper_BB, ATR, OBV",128,0.2,0.0005,32,60,30,150,relu,0.05510717069231766,11.8155560716689,-0.6367559245198007,19.230769230769234,1.0
6,"20MA, RSI, MACD, Upper_BB, ATR, OBV",32,0.6000000000000001,0.0005,64,60,30,50,relu,0.04522090827300192,9.519494643298982,-0.10216408600109683,29.48717948717949,1.1783341798450864
7,"20MA, RSI, MACD, Upper_BB, ATR, OBV",64,0.8,0.001,64,60,30,150,relu,0.05240639500342566,11.256028433129575,-0.4802540749166786,23.076923076923077,0.9051420299071459
8,"20MA, RSI, MACD, Upper_BB, ATR, OBV",32,0.5,0.0001,64,60,30,150,relu,0.035498481927203104,7.615390213166309,0.32081629835430836,34.18803418803419,1.1990425240462916
9,"20MA, RSI, MACD, Upper_BB, ATR, OBV",32,0.30000000000000004,0.001,32,60,30,150,relu,0.050906083929191055,10.929578603535937,-0.39671266688593354,21.367521367521366,1.009176768593189
10,"20MA, RSI, MACD, Upper_BB, ATR, OBV",64,0.6000000000000001,0.0001,16,60,30,50,sigmoid,0.08771133280951639,20.339440932233575,-3.146475599938115,2.9914529914529915,1.041480718349987
11,"20MA, RSI, MACD, Upper_BB, ATR, OBV",32,0.6000000000000001,0.0001,64,60,30,50,relu,0.03620098801442271,8.115760911011014,0.293668555290306,33.76068376068376,1.6873315267707318
12,"20MA, RSI, MACD, Upper_BB, ATR, OBV",32,0.6000000000000001,0.0001,64,60,30,50,relu,0.047060551687101514,9.67824653393972,-0.19366297066302396,29.059829059829063,1.1962513496523994
13,"20MA, RSI, MACD, Upper_BB, ATR, OBV",32,0.7,0.0001,64,60,30,50,relu,0.038027274572384785,8.373593356089705,0.2206041402861365,32.47863247863248,1.5282890386048036
14,"20MA, RSI, MACD, Upper_BB, ATR, OBV",32,0.5,0.0001,64,60,30,100,relu,0.04050937176422556,8.584446993437101,0.11553895547427784,32.9059829059829,1.481485019683626
15,"20MA, RSI, MACD, Upper_BB, ATR, OBV",128,0.7,0.0001,64,60,30,150,sigmoid,0.0576070394838705,12.051588932186014,-0.7886229827348035,19.65811965811966,0.8881479447111951
16,"20MA, RSI, MACD, Upper_BB, ATR, OBV",32,0.4,0.0001,16,60,30,50,relu,0.06867506258069155,15.494864685229818,-1.541943077971606,7.264957264957266,1.041480718349987
17,"20MA, RSI, MACD, Upper_BB, ATR, OBV",32,0.7,0.0001,64,60,30,150,relu,0.038533992493835205,8.147098101958177,0.19969466809431513,33.76068376068376,1.442958178855828
18,"20MA, RSI, MACD, Upper_BB, ATR, OBV",64,0.5,0.0001,64,60,30,50,tanh,0.04013686072129301,8.556507599275351,0.13173059880498983,32.9059829059829,1.3484359721776311
19,"20MA, RSI, MACD, Upper_BB, ATR, OBV",128,0.5,0.0001,64,60,30,100,sigmoid,0.05394794638453889,11.143167606067141,-0.5686192048980299,23.504273504273502,0.9488899265642456
20,"20MA, RSI, MACD, Upper_BB, ATR, OBV",32,0.30000000000000004,0.0001,16,60,30,150,relu,0.05400251117009325,11.370027127977973,-0.5717939190912689,22.64957264957265,0.928546782978143
21,"20MA, RSI, MACD, Upper_BB, ATR, OBV",32,0.7,0.0001,64,60,30,50,relu,0.039066740581994754,8.452822107134677,0.17741260409744142,33.76068376068376,1.4711465969720954
22,"20MA, RSI, MACD, Upper_BB, ATR, OBV",32,0.6000000000000001,0.0001,64,60,30,50,relu,0.05073292706587669,10.370922451678334,-0.3872270007689158,26.06837606837607,1.139148112784594
23,"20MA, RSI, MACD, Upper_BB, ATR, OBV",32,0.7,0.0001,64,60,30,50,relu,0.0428062841691864,9.022479692969176,0.012396196430693895,31.196581196581196,1.279308753033786
24,"20MA, RSI, MACD, Upper_BB, ATR, OBV",32,0.8,0.0001,64,60,30,50,relu,0.044119027300672714,9.282629820229308,-0.04910643582851382,28.63247863247863,1.3073868182527624
0,"20MA, RSI, MACD, Upper_BB, Williams_%R, OBV",32,0.8,0.001,64,60,1,100,sigmoid,0.034293348790182435,8.345439058051731,0.3072937749899328,18.9873417721519,0.895305146704425
1,"20MA, RSI, MACD, Upper_BB, Williams_%R, OBV",128,0.4,0.0001,64,60,1,100,relu,0.028817785960157216,6.450589048000344,0.5108404689394253,42.19409282700422,0.997625481794957
2,"20MA, RSI, MACD, Upper_BB, Williams_%R, OBV",64,0.6000000000000001,0.0005,16,60,1,150,tanh,0.01702929166095878,3.356060969138646,0.8291863925826728,79.74683544303798,1.0340077751352215
3,"20MA, RSI, MACD, Upper_BB, Williams_%R, OBV",64,0.8,0.0001,64,60,1,50,relu,0.02507031665652832,4.996996543374469,0.6297893261226274,63.29113924050633,1.1526151823913067
4,"20MA, RSI, MACD, Upper_BB, Williams_%R, OBV",128,0.2,0.0005,64,60,1,50,relu,0.03914298845547961,9.53684295734182,0.09752068475892617,11.39240506329114,0.895305146704425
5,"20MA, RSI, MACD, Upper_BB, Williams_%R, OBV",128,0.6000000000000001,0.0001,64,60,1,100,relu,0.029894368321720165,6.898693212768062,0.4736094799053361,34.177215189873415,1.0583699012694794
6,"20MA, RSI, MACD, Upper_BB, Williams_%R, OBV",128,0.5,0.0005,64,60,1,50,relu,0.0446807124599146,11.00865435053575,-0.17589752529077463,7.172995780590717,0.895305146704425
7,"20MA, RSI, MACD, Upper_BB, Williams_%R, OBV",64,0.8,0.0005,32,60,1,150,relu,0.025638687274256892,5.756511214331053,0.6128129106346336,44.303797468354425,0.9136263605849217
8,"20MA, RSI, MACD, Upper_BB, Williams_%R, OBV",64,0.6000000000000001,0.0001,32,60,1,150,sigmoid,0.07199485965544047,17.436727818769583,-2.0530384660170875,2.9535864978902953,1.111466173065864
9,"20MA, RSI, MACD, Upper_BB, Williams_%R, OBV",128,0.7,0.0005,32,60,1,150,relu,0.02359197182436689,5.333208705681741,0.6721631418578413,48.52320675105485,0.9390776383465571
10,"20MA, RSI, MACD, Upper_BB, Williams_%R, OBV",32,0.30000000000000004,0.001,16,60,1,150,tanh,0.012187305646944488,2.352964871254335,0.912512762547074,90.71729957805907,1.2261066564890652
11,"20MA, RSI, MACD, Upper_BB, Williams_%R, OBV",32,0.30000000000000004,0.001,16,60,1,150,tanh,0.011465066247821978,2.098678031745832,0.9225747824551829,92.82700421940928,1.2755785681573233
12,"20MA, RSI, MACD, Upper_BB, Williams_%R, OBV",32,0.2,0.001,16,60,1,150,tanh,0.01813003147637003,3.707491756914833,0.8063906114364979,73.83966244725738,1.0754602758871379
13,"20MA, RSI, MACD, Upper_BB, Williams_%R, OBV",32,0.30000000000000004,0.001,16,60,1,150,tanh,0.013500440809403727,2.6362228377852137,0.8926442784059652,87.76371308016878,1.0512121069327518
14,"20MA, RSI, MACD, Upper_BB, Williams_%R, OBV",32,0.4,0.001,16,60,1,150,tanh,0.011775091483408936,2.177654406896077,0.9183308797899703,92.82700421940928,1.1554276178222522
15,"20MA, RSI, MACD, Upper_BB, Williams_%R, OBV",32,0.4,0.001,16,60,1,150,tanh,0.012607816383198682,2.3185477412119746,0.906371288290962,90.71729957805907,1.2162262755019917
16,"20MA, RSI, MACD, Upper_BB, Williams_%R, OBV",32,0.4,0.001,16,60,1,150,tanh,0.011475884710314061,2.127942386759851,0.9224285962954598,92.40506329113924,1.2037223731343354
17,"20MA, RSI, MACD, Upper_BB, Williams_%R, OBV",32,0.30000000000000004,0.001,16,60,1,150,tanh,0.020992388808227513,4.639996946288275,0.7404308826963164,54.85232067510548,0.9234919295393925
18,"20MA, RSI, MACD, Upper_BB, Williams_%R, OBV",32,0.5,0.001,16,60,1,100,tanh,0.016759986035142685,3.4819062618125987,0.8345462548687407,79.74683544303798,0.8289568986413673
19,"20MA, RSI, MACD, Upper_BB, Williams_%R, OBV",32,0.30000000000000004,0.001,16,60,1,50,sigmoid,0.024628375626685125,5.115489345172118,0.6427264751790418,55.69620253164557,1.0957984314106575
20,"20MA, RSI, MACD, Upper_BB, Williams_%R, OBV",32,0.4,0.001,16,60,1,150,tanh,0.011868831299874547,2.1986245423137873,0.9170253916568057,91.56118143459916,1.228156794019534
21,"20MA, RSI, MACD, Upper_BB, Williams_%R, OBV",32,0.4,0.001,16,60,1,150,tanh,0.01735812169668274,3.613242607418444,0.822525992983038,75.9493670886076,0.9654412676854903
22,"20MA, RSI, MACD, Upper_BB, Williams_%R, OBV",32,0.5,0.001,16,60,1,150,tanh,0.01574955594656921,3.136109955716912,0.8538947155054082,83.12236286919831,0.8963541657201757
23,"20MA, RSI, MACD, Upper_BB, Williams_%R, OBV",32,0.2,0.001,16,60,1,150,tanh,0.01220756832873161,2.30341632262356,0.9122216071799386,91.13924050632912,0.9785887770904019
24,"20MA, RSI, MACD, Upper_BB, Williams_%R, OBV",32,0.4,0.001,16,60,1,150,tanh,0.01178996677337543,2.2107723797687697,0.9181244067960462,91.9831223628692,1.3251358741766583
0,"20MA, RSI, MACD, Upper_BB, Williams_%R, OBV",128,0.2,0.001,16,60,30,100,tanh,0.08612068135819595,20.202736397472115,-2.9974460184675564,2.9914529914529915,1.0
1,"20MA, RSI, MACD, Upper_BB, Williams_%R, OBV",64,0.5,0.001,64,60,30,50,sigmoid,0.06053310884973745,13.255327953822672,-0.9749388415056994,17.94871794871795,0.9202460426256063
2,"20MA, RSI, MACD, Upper_BB, Williams_%R, OBV",32,0.30000000000000004,0.001,64,60,30,100,tanh,0.045599013281649156,9.633196403357106,-0.12067216081049947,29.914529914529915,0.9285789419101383
3,"20MA, RSI, MACD, Upper_BB, Williams_%R, OBV",128,0.30000000000000004,0.001,64,60,30,50,relu,0.05201141872485769,11.101776820214411,-0.458025413905748,22.22222222222222,0.9324430473321649
4,"20MA, RSI, MACD, Upper_BB, Williams_%R, OBV",128,0.5,0.001,32,60,30,50,sigmoid,0.25289799400044016,65.72231906488508,-33.47136352944532,0.0,1.0
5,"20MA, RSI, MACD, Upper_BB, Williams_%R, OBV",64,0.7,0.0005,32,60,30,50,relu,0.06089173689025848,13.298273192937534,-0.9984091877826551,15.81196581196581,1.041480718349987
6,"20MA, RSI, MACD, Upper_BB, Williams_%R, OBV",32,0.4,0.0005,32,60,30,150,sigmoid,0.060220006783125266,13.112254025545353,-0.95456129125932,17.94871794871795,1.105789122388121
7,"20MA, RSI, MACD, Upper_BB, Williams_%R, OBV",32,0.30000000000000004,0.0001,16,60,30,100,sigmoid,0.05815240018225816,12.180077050760143,-0.8226487515169183,21.794871794871796,1.00813630032112
8,"20MA, RSI, MACD, Upper_BB, Williams_%R, OBV",64,0.30000000000000004,0.0005,32,60,30,150,relu,0.058748128630370856,12.755105912880538,-0.8601834134693098,19.230769230769234,1.105789122388121
9,"20MA, RSI, MACD, Upper_BB, Williams_%R, OBV",32,0.30000000000000004,0.0001,64,60,30,50,relu,0.05027863799553855,10.257447286467363,-0.3624943262735971,27.77777777777778,0.9349342293175158
10,"20MA, RSI, MACD, Upper_BB, Williams_%R, OBV",32,0.8,0.001,64,60,30,100,tanh,0.04282712943083962,9.186353472960237,0.011434100670280833,29.059829059829063,0.8770488888255559
11,"20MA, RSI, MACD, Upper_BB, Williams_%R, OBV",32,0.8,0.001,64,60,30,100,tanh,0.045904568478385935,9.753083104437568,-0.13574154349905276,28.205128205128204,0.8517420809267596
12,"20MA, RSI, MACD, Upper_BB, Williams_%R, OBV",32,0.7,0.001,64,60,30,100,tanh,0.044665310761543515,9.509588677584523,-0.07524743038627801,29.059829059829063,0.917187768082191
13,"20MA, RSI, MACD, Upper_BB, Williams_%R, OBV",32,0.7,0.001,64,60,30,100,tanh,0.045774499555525844,9.794552213283621,-0.12931449722235144,27.350427350427353,0.8484263344456126
14,"20MA, RSI, MACD, Upper_BB, Williams_%R, OBV",32,0.8,0.001,64,60,30,100,tanh,0.044258303302666224,9.445794460691479,-0.05574057938152932,28.205128205128204,0.9285789419101383
15,"20MA, RSI, MACD, Upper_BB, Williams_%R, OBV",32,0.8,0.0001,64,60,30,100,tanh,0.03827321720179995,8.243979001227673,0.21049000304551624,32.9059829059829,1.475867497994027
16,"20MA, RSI, MACD, Upper_BB, Williams_%R, OBV",32,0.6000000000000001,0.0001,16,60,30,100,tanh,0.05197900787955874,10.920854545654905,-0.4562088469446839,24.358974358974358,0.8848485616864149
17,"20MA, RSI, MACD, Upper_BB, Williams_%R, OBV",32,0.8,0.0001,64,60,30,150,tanh,0.038173454670518116,8.233849448547742,0.21460049437489515,32.05128205128205,1.359591316360876
18,"20MA, RSI, MACD, Upper_BB, Williams_%R, OBV",128,0.6000000000000001,0.0001,64,60,30,150,tanh,0.03945727113666397,8.569704969993072,0.16088441812272158,29.059829059829063,1.0376084293668326
19,"20MA, RSI, MACD, Upper_BB, Williams_%R, OBV",64,0.6000000000000001,0.0001,16,60,30,150,tanh,0.05543680250061869,11.949293764411866,-0.6563954900659525,21.367521367521366,0.9324430473321649
20,"20MA, RSI, MACD, Upper_BB, Williams_%R, OBV",32,0.7,0.0001,64,60,30,150,tanh,0.037347338990400575,8.131157476553467,0.24822648628824429,30.76923076923077,1.5064846047187224
21,"20MA, RSI, MACD, Upper_BB, Williams_%R, OBV",32,0.8,0.0001,64,60,30,150,tanh,0.03678361349662274,7.946880498417536,0.2707499381360834,33.33333333333333,1.1988787117131832
22,"20MA, RSI, MACD, Upper_BB, Williams_%R, OBV",32,0.7,0.0001,64,60,30,150,tanh,0.03667605521288836,8.005166067024977,0.27500847609360046,33.33333333333333,1.3189977281175371
23,"20MA, RSI, MACD, Upper_BB, Williams_%R, OBV",32,0.7,0.0001,64,60,30,150,tanh,0.037931433348120755,8.255693642001347,0.22452785673183984,32.47863247863248,1.3838197273078692
24,"20MA, RSI, MACD, Upper_BB, Williams_%R, OBV",32,0.6000000000000001,0.0001,64,60,30,150,tanh,0.03741627264758324,8.087097681417035,0.24544876104042124,35.04273504273504,1.3009333245996735
0,"20MA, RSI, MACD, Lower_BB, CCI, ATR",128,0.4,0.0001,32,60,1,50,tanh,0.022833803883405546,4.525815301614475,0.6928957472869196,64.13502109704642,1.091025069035
1,"20MA, RSI, MACD, Lower_BB, CCI, ATR",128,0.2,0.0001,16,60,1,150,sigmoid,0.036228532859087004,8.011015665406314,0.22690869118516355,26.582278481012654,0.9202460426256063
2,"20MA, RSI, MACD, Lower_BB, CCI, ATR",32,0.7,0.001,16,60,1,150,tanh,0.014425557920823678,2.7855947560259313,0.8774270792285085,86.07594936708861,0.9111268459453753
3,"20MA, RSI, MACD, Lower_BB, CCI, ATR",64,0.4,0.001,64,60,1,50,tanh,0.01582687320624261,3.1472261536012445,0.8524566827906453,81.85654008438819,1.0607259129455842
4,"20MA, RSI, MACD, Lower_BB, CCI, ATR",32,0.7,0.001,16,60,1,50,relu,0.022259544151354057,4.656213185661333,0.708148567199897,60.337552742616026,0.9324430473321649
5,"20MA, RSI, MACD, Lower_BB, CCI, ATR",128,0.7,0.0001,64,60,1,100,tanh,0.023687769519979775,4.802854126749835,0.6694953038742788,59.07172995780591,1.1383463504054736
6,"20MA, RSI, MACD, Lower_BB, CCI, ATR",32,0.30000000000000004,0.001,16,60,1,100,tanh,0.014633595667295005,2.7991092619050963,0.8738662233348916,83.96624472573839,0.9158475115132296
7,"20MA, RSI, MACD, Lower_BB, CCI, ATR",32,0.8,0.0005,64,60,1,150,sigmoid,0.03146194086369726,7.376442548926995,0.4169573591549677,30.37974683544304,0.8514081385143393
8,"20MA, RSI, MACD, Lower_BB, CCI, ATR",128,0.5,0.0005,32,60,1,150,sigmoid,0.04977776047890955,12.003735180408412,-0.4594862388845393,5.063291139240507,1.0314828781435266
9,"20MA, RSI, MACD, Lower_BB, CCI, ATR",32,0.4,0.0001,16,60,1,50,relu,0.023138080503781078,4.482150854527214,0.6846564497388588,67.9324894514768,0.946474053664349
10,"20MA, RSI, MACD, Lower_BB, CCI, ATR",64,0.6000000000000001,0.001,16,60,1,150,tanh,0.015105250633008842,2.9848110080983705,0.8656043634623891,82.27848101265823,1.2016590581349902
11,"20MA, RSI, MACD, Lower_BB, CCI, ATR",32,0.2,0.001,16,60,1,100,tanh,0.02241445263083781,4.493182526888922,0.7040723314184303,61.60337552742617,0.8975499538188607
12,"20MA, RSI, MACD, Lower_BB, CCI, ATR",32,0.30000000000000004,0.001,16,60,1,100,tanh,0.016572984094290047,3.324231807072938,0.8382178046782239,78.90295358649789,1.0390598701685865
13,"20MA, RSI, MACD, Lower_BB, CCI, ATR",32,0.6000000000000001,0.001,16,60,1,100,tanh,0.01571923903120377,3.2279848891385567,0.8544566612949311,81.0126582278481,0.849406887056015
14,"20MA, RSI, MACD, Lower_BB, CCI, ATR",32,0.8,0.001,16,60,1,150,tanh,0.01614077037640798,3.3621008656569593,0.8465461405940651,78.48101265822784,1.0
15,"20MA, RSI, MACD, Lower_BB, CCI, ATR",32,0.5,0.001,32,60,1,100,relu,0.024735467358619583,5.445258931491693,0.6396126501749875,46.835443037974684,0.8597351018189738
16,"20MA, RSI, MACD, Lower_BB, CCI, ATR",64,0.30000000000000004,0.0005,16,60,1,150,tanh,0.0179448756088377,3.7845127208407403,0.8103249524273651,74.68354430379746,0.9234919295393925
17,"20MA, RSI, MACD, Lower_BB, CCI, ATR",32,0.6000000000000001,0.001,16,60,1,100,tanh,0.016201704994596756,3.1927394406104663,0.8453853158750322,78.05907172995781,0.8769172192054251
18,"20MA, RSI, MACD, Lower_BB, CCI, ATR",32,0.30000000000000004,0.001,32,60,1,150,relu,0.018481310628988397,3.7970202147748515,0.7988153552753651,74.26160337552743,0.9066931235009317
19,"20MA, RSI, MACD, Lower_BB, CCI, ATR",64,0.7,0.0005,64,60,1,100,sigmoid,0.05353693037674295,13.17023008014499,-0.6882479477451593,5.063291139240507,0.9370332121554097
20,"20MA, RSI, MACD, Lower_BB, CCI, ATR",32,0.5,0.001,16,60,1,150,tanh,0.0191506102372215,4.027715390883737,0.7839797163482665,71.72995780590718,1.019219932002876
21,"20MA, RSI, MACD, Lower_BB, CCI, ATR",64,0.6000000000000001,0.001,16,60,1,150,tanh,0.01332509386494235,2.5875191485661135,0.8954148915264118,87.76371308016878,1.1919133822533443
22,"20MA, RSI, MACD, Lower_BB, CCI, ATR",64,0.7,0.001,16,60,1,150,tanh,0.014833842418043109,2.882932816079349,0.8703905643834894,82.70042194092827,1.2017451919205988
23,"20MA, RSI, MACD, Lower_BB, CCI, ATR",64,0.6000000000000001,0.001,16,60,1,150,tanh,0.015985902268934944,3.225852380891441,0.8494767439087972,79.32489451476793,0.912512850745909
24,"20MA, RSI, MACD, Lower_BB, CCI, ATR",64,0.8,0.001,16,60,1,150,tanh,0.014643861865943627,2.915048913316245,0.8736891829600473,84.38818565400844,0.8594987315369157
0,"20MA, RSI, MACD, Lower_BB, CCI, ATR",64,0.7,0.0001,64,60,30,150,tanh,0.04322298134527228,8.924156787290924,-0.0069250200186927735,33.33333333333333,1.063699724622661
1,"20MA, RSI, MACD, Lower_BB, CCI, ATR",128,0.8,0.0001,16,60,30,150,sigmoid,0.11125303062339673,26.83871103921668,-5.671006965610657,1.282051282051282,1.0
2,"20MA, RSI, MACD, Lower_BB, CCI, ATR",64,0.4,0.0005,32,60,30,150,relu,0.0731959438715457,16.75655198885976,-1.8876311915072566,5.555555555555555,1.003908113582205
3,"20MA, RSI, MACD, Lower_BB, CCI, ATR",64,0.5,0.001,16,60,30,150,relu,0.11348686923991182,24.772102223279862,-5.941589444265067,4.700854700854701,0.9194981232760469
4,"20MA, RSI, MACD, Lower_BB, CCI, ATR",128,0.5,0.0001,16,60,30,100,relu,0.0726082390020324,16.388732535584897,-1.841446614977594,8.974358974358974,1.0
5,"20MA, RSI, MACD, Lower_BB, CCI, ATR",64,0.4,0.0005,32,60,30,50,sigmoid,0.09152375511342267,21.47762381078833,-3.5147671276221786,2.1367521367521367,1.0720382721023265
6,"20MA, RSI, MACD, Lower_BB, CCI, ATR",32,0.8,0.0005,32,60,30,150,relu,0.06073220363313055,13.346887056258852,-0.9879514440398061,15.81196581196581,0.9266020389187947
7,"20MA, RSI, MACD, Lower_BB, CCI, ATR",128,0.30000000000000004,0.0005,16,60,30,150,tanh,0.05905866922927675,12.804008540184736,-0.8799011214825143,17.094017094017094,1.0
8,"20MA, RSI, MACD, Lower_BB, CCI, ATR",128,0.6000000000000001,0.001,16,60,30,150,sigmoid,0.13024721918154206,31.688669059826474,-8.143334597344314,0.0,1.0
9,"20MA, RSI, MACD, Lower_BB, CCI, ATR",128,0.8,0.0005,64,60,30,50,relu,0.05576261662943319,12.027746374188913,-0.6759226968593519,20.51282051282051,0.9127061411294629
10,"20MA, RSI, MACD, Lower_BB, CCI, ATR",32,0.6000000000000001,0.0001,64,60,30,100,tanh,0.039547883408422274,8.224593761633557,0.15702599244443904,33.33333333333333,1.1831094660658725
11,"20MA, RSI, MACD, Lower_BB, CCI, ATR",32,0.6000000000000001,0.0001,64,60,30,100,tanh,0.038865464706202654,8.040214351955129,0.1858668793679834,35.8974358974359,1.197030240842197
12,"20MA, RSI, MACD, Lower_BB, CCI, ATR",32,0.6000000000000001,0.0001,64,60,30,100,tanh,0.03944928504020694,8.115311344235106,0.16122405538702378,37.60683760683761,1.147958057251976
13,"20MA, RSI, MACD, Lower_BB, CCI, ATR",32,0.6000000000000001,0.0001,64,60,30,100,tanh,0.03977763266385374,8.193396942485439,0.14720320577384383,34.18803418803419,1.1361367013733843
14,"20MA, RSI, MACD, Lower_BB, CCI, ATR",32,0.2,0.0001,64,60,30,100,tanh,0.04020161447309752,8.264370600657227,0.12892673951901878,35.8974358974359,1.2463088950932169
15,"20MA, RSI, MACD, Lower_BB, CCI, ATR",32,0.7,0.0001,64,60,30,100,tanh,0.0403947715298346,8.346708772229897,0.1205361236181346,34.18803418803419,1.183307500672323
16,"20MA, RSI, MACD, Lower_BB, CCI, ATR",32,0.7,0.001,64,60,30,100,tanh,0.0486717722832658,10.410546670696792,-0.2767974727605462,26.923076923076923,0.7940801531027428
17,"20MA, RSI, MACD, Lower_BB, CCI, ATR",32,0.4,0.0001,64,60,30,100,tanh,0.040077646476158,8.225675352912003,0.13429063915453732,36.324786324786324,1.1009652928411318
18,"20MA, RSI, MACD, Lower_BB, CCI, ATR",32,0.6000000000000001,0.0001,64,60,30,100,tanh,0.03786659628319769,8.00004993014516,0.22717665544335697,35.04273504273504,1.0887915453599888
19,"20MA, RSI, MACD, Lower_BB, CCI, ATR",32,0.5,0.0001,64,60,30,50,tanh,0.04017020374196415,8.258243580769566,0.13028739925051647,40.17094017094017,1.135243868294995
20,"20MA, RSI, MACD, Lower_BB, CCI, ATR",32,0.7,0.001,32,60,30,100,sigmoid,0.09999725474979514,23.93793231575678,-4.389442566564402,1.282051282051282,1.0
21,"20MA, RSI, MACD, Lower_BB, CCI, ATR",32,0.6000000000000001,0.0001,64,60,30,100,tanh,0.04049004499205731,8.539497749166202,0.11638269600576479,33.76068376068376,1.0837648165840847
22,"20MA, RSI, MACD, Lower_BB, CCI, ATR",32,0.6000000000000001,0.0001,64,60,30,100,tanh,0.0401870031940113,8.484873337356683,0.1295598077067478,31.62393162393162,1.3051058997452958
23,"20MA, RSI, MACD, Lower_BB, CCI, ATR",32,0.5,0.0001,64,60,30,100,tanh,0.04015987000247464,8.352561402596441,0.13073480686176497,35.04273504273504,1.2613066348280326
24,"20MA, RSI, MACD, Lower_BB, CCI, ATR",32,0.6000000000000001,0.0001,64,60,30,100,tanh,0.0381348222080853,7.962903793210997,0.2161893766900791,33.33333333333333,1.2381441161074669
0,"20MA, RSI, MACD, Lower_BB, CCI, Williams_%R",128,0.6000000000000001,0.001,16,60,1,100,relu,0.013796394851553342,2.6046751437187035,0.8878858243735552,86.49789029535864,1.1585092250215545
1,"20MA, RSI, MACD, Lower_BB, CCI, Williams_%R",128,0.30000000000000004,0.0001,16,60,1,150,sigmoid,0.031156046583110796,6.899985958266538,0.4282397141193661,34.177215189873415,0.8846611709040281
2,"20MA, RSI, MACD, Lower_BB, CCI, Williams_%R",128,0.5,0.0001,32,60,1,100,sigmoid,0.045789504550192116,10.647879317639832,-0.23498358764662908,10.970464135021098,0.9125396875459403
3,"20MA, RSI, MACD, Lower_BB, CCI, Williams_%R",64,0.2,0.0001,16,60,1,150,tanh,0.03553654784469645,8.128121488480765,0.2561595865496391,24.894514767932492,0.8289568986413673
4,"20MA, RSI, MACD, Lower_BB, CCI, Williams_%R",128,0.6000000000000001,0.0001,32,60,1,50,relu,0.024166914711791474,5.003596924380527,0.6559894860764207,59.07172995780591,1.13327230391442
5,"20MA, RSI, MACD, Lower_BB, CCI, Williams_%R",64,0.6000000000000001,0.001,32,60,1,100,tanh,0.020497563336194395,4.31172218569497,0.7525236105375362,63.29113924050633,0.912565467197947
6,"20MA, RSI, MACD, Lower_BB, CCI, Williams_%R",128,0.30000000000000004,0.001,64,60,1,150,sigmoid,0.06697775699500821,17.26476498249803,-1.64235093281606,0.8438818565400843,1.0
7,"20MA, RSI, MACD, Lower_BB, CCI, Williams_%R",128,0.5,0.0005,16,60,1,150,relu,0.015177598833672486,2.9613515373616774,0.8643138760598416,80.59071729957806,1.4823498671081485
8,"20MA, RSI, MACD, Lower_BB, CCI, Williams_%R",128,0.5,0.0005,16,60,1,50,sigmoid,0.040895155443724275,8.809052461457794,0.014916547499064459,25.31645569620253,1.041480718349987
9,"20MA, RSI, MACD, Lower_BB, CCI, Williams_%R",32,0.30000000000000004,0.0001,64,60,1,150,sigmoid,0.04047245808135103,8.239039891136395,0.035175193404047955,32.06751054852321,1.133945007096212
10,"20MA, RSI, MACD, Lower_BB, CCI, Williams_%R",32,0.8,0.001,16,60,1,100,relu,0.023224020820057936,4.837621498780144,0.6823095779922143,59.07172995780591,0.8469100932982027
11,"20MA, RSI, MACD, Lower_BB, CCI, Williams_%R",128,0.7,0.0005,16,60,1,100,relu,0.023691096375461032,5.182581783954526,0.6694024611461256,53.58649789029536,1.105789122388121
12,"20MA, RSI, MACD, Lower_BB, CCI, Williams_%R",128,0.6000000000000001,0.0005,16,60,1,150,relu,0.013540100173273888,2.610955649221102,0.8920126081648457,87.76371308016878,1.1136899659909738
13,"20MA, RSI, MACD, Lower_BB, CCI, Williams_%R",128,0.7,0.001,16,60,1,100,relu,0.01603870835718697,3.1525878293332434,0.8484806571832586,78.90295358649789,1.0488911426492484
14,"20MA, RSI, MACD, Lower_BB, CCI, Williams_%R",32,0.6000000000000001,0.0005,16,60,1,50,relu,0.030459607841828572,6.946793687106184,0.45351541951054497,31.223628691983123,1.041480718349987
15,"20MA, RSI, MACD, Lower_BB, CCI, Williams_%R",64,0.8,0.001,64,60,1,150,relu,0.016265673230737215,3.279788871980989,0.8441619935733164,78.05907172995781,0.8040864048834003
16,"20MA, RSI, MACD, Lower_BB, CCI, Williams_%R",128,0.4,0.0005,16,60,1,100,tanh,0.01423767431991597,2.7776252064818077,0.8805991534083611,86.49789029535864,1.0057016089771995
17,"20MA, RSI, MACD, Lower_BB, CCI, Williams_%R",128,0.7,0.0005,16,60,1,150,relu,0.016059587709608625,3.219032933764713,0.8480859015823912,79.32489451476793,0.981150425805752
18,"20MA, RSI, MACD, Lower_BB, CCI, Williams_%R",32,0.4,0.001,32,60,1,100,relu,0.021460779113149947,4.403520123136392,0.7287184448865112,62.869198312236286,0.9578557780931855
19,"20MA, RSI, MACD, Lower_BB, CCI, Williams_%R",64,0.6000000000000001,0.0005,64,60,1,50,relu,0.01877535698149621,3.8732684631558385,0.7923625419572151,72.57383966244726,1.039526152449915
20,"20MA, RSI, MACD, Lower_BB, CCI, Williams_%R",128,0.7,0.001,16,60,1,150,tanh,0.012864092263042212,2.4674456797229865,0.9025262690365867,87.76371308016878,1.0879278012835485
21,"20MA, RSI, MACD, Lower_BB, CCI, Williams_%R",128,0.7,0.001,16,60,1,150,tanh,0.012932839359703683,2.450920534838381,0.9014816649717647,87.76371308016878,1.3661645042442514
22,"20MA, RSI, MACD, Lower_BB, CCI, Williams_%R",128,0.7,0.001,16,60,1,150,tanh,0.011801988318238078,2.388018823134019,0.9179573540913435,91.13924050632912,1.521506637156968
23,"20MA, RSI, MACD, Lower_BB, CCI, Williams_%R",128,0.8,0.001,16,60,1,150,tanh,0.012544522447481983,2.414076468510976,0.9073090009385898,87.34177215189874,1.2842515798981837
24,"20MA, RSI, MACD, Lower_BB, CCI, Williams_%R",128,0.8,0.001,16,60,1,150,tanh,0.01294234988071173,2.441121236909038,0.901336715331725,88.18565400843882,1.3985061881383267
0,"20MA, RSI, MACD, Lower_BB, CCI, Williams_%R",32,0.7,0.001,16,60,30,150,relu,0.0666640927147859,14.827787675911743,-1.395254358366714,12.82051282051282,1.0
1,"20MA, RSI, MACD, Lower_BB, CCI, Williams_%R",128,0.5,0.0005,16,60,30,150,tanh,0.06416479792801814,14.338407051382603,-1.2190207085663252,12.393162393162394,1.0
2,"20MA, RSI, MACD, Lower_BB, CCI, Williams_%R",32,0.8,0.0001,64,60,30,50,sigmoid,0.07589839355455122,16.326582607065436,-2.1047945049005152,10.256410256410255,1.111466173065864
3,"20MA, RSI, MACD, Lower_BB, CCI, Williams_%R",32,0.6000000000000001,0.0001,32,60,30,150,tanh,0.04625871075690895,9.500142065974392,-0.1533330644328914,32.05128205128205,0.9623457751087428
4,"20MA, RSI, MACD, Lower_BB, CCI, Williams_%R",32,0.4,0.001,64,60,30,100,relu,0.04476153970883727,9.23832400903435,-0.07988554379759139,32.9059829059829,0.9999272068937005
5,"20MA, RSI, MACD, Lower_BB, CCI, Williams_%R",128,0.7,0.001,32,60,30,50,sigmoid,0.26443373107190193,68.83170453653821,-36.68785315030496,0.0,1.0
6,"20MA, RSI, MACD, Lower_BB, CCI, Williams_%R",128,0.30000000000000004,0.0001,32,60,30,50,sigmoid,0.0821329439318197,18.826807700186606,-2.635820825559787,3.8461538461538463,1.041480718349987
7,"20MA, RSI, MACD, Lower_BB, CCI, Williams_%R",32,0.6000000000000001,0.001,64,60,30,50,tanh,0.046812341467131084,9.780049445979902,-0.18110476601946313,30.34188034188034,0.9356922111806629
8,"20MA, RSI, MACD, Lower_BB, CCI, Williams_%R",32,0.30000000000000004,0.001,32,60,30,100,relu,0.06140334528040088,13.461255023048091,-1.0321312670339533,17.094017094017094,1.0
9,"20MA, RSI, MACD, Lower_BB, CCI, Williams_%R",32,0.5,0.001,64,60,30,150,relu,0.045604499415633715,9.601764873911232,-0.12094183890371979,29.059829059829063,0.8810298341402154
10,"20MA, RSI, MACD, Lower_BB, CCI, Williams_%R",64,0.2,0.0005,64,60,30,100,relu,0.046262656663148424,9.546387315018828,-0.15352983335101822,30.76923076923077,0.9873156131438072
11,"20MA, RSI, MACD, Lower_BB, CCI, Williams_%R",64,0.4,0.001,64,60,30,100,relu,0.04776648024876966,9.968922128411117,-0.22974247849113305,27.350427350427353,0.8837085212337726
12,"20MA, RSI, MACD, Lower_BB, CCI, Williams_%R",32,0.4,0.001,64,60,30,150,relu,0.04276530214984817,9.13979313390236,0.014286321882956865,26.495726495726498,0.8789879621598693
13,"20MA, RSI, MACD, Lower_BB, CCI, Williams_%R",32,0.4,0.001,64,60,30,100,relu,0.07411910568132514,16.820278430691076,-1.9609292783916317,5.555555555555555,1.0
14,"20MA, RSI, MACD, Lower_BB, CCI, Williams_%R",32,0.4,0.001,64,60,30,150,relu,0.04219566217114538,8.89631310739126,0.04037112649751762,29.914529914529915,0.9168656018192002
15,"20MA, RSI, MACD, Lower_BB, CCI, Williams_%R",64,0.2,0.0005,64,60,30,150,relu,0.04479196156926123,9.384213991591963,-0.08135391558988148,29.914529914529915,0.8675152892166067
16,"20MA, RSI, MACD, Lower_BB, CCI, Williams_%R",32,0.30000000000000004,0.001,16,60,30,150,relu,0.06606416461555106,14.689411301319899,-1.3523372661323352,12.393162393162394,1.0
17,"20MA, RSI, MACD, Lower_BB, CCI, Williams_%R",32,0.4,0.001,64,60,30,150,relu,0.0449728122904919,9.479887410112902,-0.09010363003408739,26.923076923076923,0.870386613480406
18,"20MA, RSI, MACD, Lower_BB, CCI, Williams_%R",64,0.5,0.0005,64,60,30,150,sigmoid,0.05365536373282276,11.520626900151573,-0.5516507657042962,23.076923076923077,0.9381593741938512
19,"20MA, RSI, MACD, Lower_BB, CCI, Williams_%R",128,0.6000000000000001,0.0001,16,60,30,150,tanh,0.05817384259516859,12.52268816211585,-0.8239931222499539,21.794871794871796,1.0
20,"20MA, RSI, MACD, Lower_BB, CCI, Williams_%R",32,0.30000000000000004,0.001,64,60,30,150,relu,0.04491354968021611,9.427338691159479,-0.08723257000353524,27.77777777777778,0.8565737423480013
21,"20MA, RSI, MACD, Lower_BB, CCI, Williams_%R",32,0.4,0.001,64,60,30,100,relu,0.04367803263658383,9.120183485627493,-0.028238427518126663,31.62393162393162,0.9591985479868176
22,"20MA, RSI, MACD, Lower_BB, CCI, Williams_%R",32,0.4,0.001,64,60,30,100,relu,0.052303325521217824,11.287927615854516,-0.47443726612362425,21.794871794871796,1.041480718349987
23,"20MA, RSI, MACD, Lower_BB, CCI, Williams_%R",32,0.5,0.001,64,60,30,100,relu,0.04597874346974473,9.583053716163278,-0.13941488951153969,31.196581196581196,0.8996332159470473
24,"20MA, RSI, MACD, Lower_BB, CCI, Williams_%R",32,0.30000000000000004,0.001,64,60,30,150,relu,0.04624776408169809,9.662639094003087,-0.15278727885224663,30.76923076923077,0.8481797748743344
0,"20MA, RSI, MACD, Lower_BB, CCI, OBV",64,0.6000000000000001,0.0001,64,60,1,150,tanh,0.026089728704650768,5.590812021945127,0.5990699600731819,53.16455696202531,0.909246051282865
1,"20MA, RSI, MACD, Lower_BB, CCI, OBV",32,0.30000000000000004,0.0005,32,60,1,50,sigmoid,0.08256275107012842,20.223018776387608,-3.0151130915907283,1.6877637130801686,1.0720385884023242
2,"20MA, RSI, MACD, Lower_BB, CCI, OBV",128,0.4,0.0001,16,60,1,100,sigmoid,0.04767487455819111,11.155982846647873,-0.3387780679766519,7.59493670886076,1.027857185103675
3,"20MA, RSI, MACD, Lower_BB, CCI, OBV",128,0.30000000000000004,0.001,64,60,1,50,tanh,0.043073489418174835,10.559145470810249,-0.09282238541990018,5.063291139240507,1.105789163474866
4,"20MA, RSI, MACD, Lower_BB, CCI, OBV",64,0.30000000000000004,0.0001,64,60,1,150,relu,0.026489398302021697,5.809483075821818,0.586692145993283,51.0548523206751,1.050561765399594
5,"20MA, RSI, MACD, Lower_BB, CCI, OBV",128,0.30000000000000004,0.0001,16,60,1,150,tanh,0.015913090429248804,3.1000128384975567,0.850844754052193,80.59071729957806,0.909793790479092
6,"20MA, RSI, MACD, Lower_BB, CCI, OBV",64,0.4,0.0001,32,60,1,50,relu,0.04282350064001971,10.145558391069374,-0.08017420852813184,14.767932489451477,0.8942404956495302
7,"20MA, RSI, MACD, Lower_BB, CCI, OBV",64,0.8,0.001,32,60,1,50,tanh,0.0142418277643731,2.740991063927911,0.8805294316915417,86.91983122362869,1.0620925865769963
8,"20MA, RSI, MACD, Lower_BB, CCI, OBV",64,0.4,0.0005,16,60,1,150,sigmoid,0.030211347581525903,7.0704046452904015,0.4623871186138331,25.738396624472575,0.9324433064457167
9,"20MA, RSI, MACD, Lower_BB, CCI, OBV",64,0.2,0.001,16,60,1,100,tanh,0.017913448727783984,3.629958985408768,0.8109886512803527,73.83966244725738,0.9028815529728985
10,"20MA, RSI, MACD, Lower_BB, CCI, OBV",32,0.8,0.001,32,60,1,50,tanh,0.020217246089280095,4.1888118206205425,0.7592460251888384,66.24472573839662,0.9097128737457694
11,"20MA, RSI, MACD, Lower_BB, CCI, OBV",128,0.8,0.001,32,60,1,150,tanh,0.022814643330632472,5.105830707407937,0.693410809722885,52.742616033755276,0.9324433064457167
12,"20MA, RSI, MACD, Lower_BB, CCI, OBV",128,0.6000000000000001,0.0001,16,60,1,150,tanh,0.020896543457792145,4.24497630067774,0.7427956081718452,65.40084388185655,0.896293619751346
13,"20MA, RSI, MACD, Lower_BB, CCI, OBV",128,0.6000000000000001,0.001,16,60,1,50,tanh,0.02652013955151771,5.9185849166940825,0.5857322923785906,40.92827004219409,1.0414807391768341
14,"20MA, RSI, MACD, Lower_BB, CCI, OBV",32,0.7,0.0005,32,60,1,100,tanh,0.016253362462619585,3.1511954500067842,0.8443977358000341,77.63713080168776,0.9410020402293707
15,"20MA, RSI, MACD, Lower_BB, CCI, OBV",64,0.5,0.0001,16,60,1,50,relu,0.0241462141534962,4.8042644755968045,0.6565784316553229,60.75949367088608,1.132940246861519
16,"20MA, RSI, MACD, Lower_BB, CCI, OBV",128,0.2,0.001,32,60,1,150,tanh,0.018597923281895405,3.9138919404077384,0.7962684098988231,70.042194092827,0.9324433064457167
17,"20MA, RSI, MACD, Lower_BB, CCI, OBV",64,0.7,0.001,16,60,1,150,tanh,0.01347523209902385,2.61730467572172,0.8930447814231057,88.18565400843882,1.0804917417615008
18,"20MA, RSI, MACD, Lower_BB, CCI, OBV",64,0.7,0.001,32,60,1,50,relu,0.015036342947761787,2.9739612384045944,0.8668276952048662,83.96624472573839,0.9560849375961299
19,"20MA, RSI, MACD, Lower_BB, CCI, OBV",64,0.7,0.001,64,60,1,100,sigmoid,0.058424752592169955,14.539940891180455,-1.0105886891460591,2.9535864978902953,1.0414807391768341
20,"20MA, RSI, MACD, Lower_BB, CCI, OBV",64,0.8,0.001,16,60,1,150,tanh,0.014069560281554814,2.7069552072393215,0.8834021559468967,84.38818565400844,0.7912099804172826
21,"20MA, RSI, MACD, Lower_BB, CCI, OBV",64,0.8,0.001,16,60,1,150,tanh,0.011904558207791082,2.2659685553810847,0.916525075142344,90.71729957805907,1.248500608863372
22,"20MA, RSI, MACD, Lower_BB, CCI, OBV",64,0.8,0.001,16,60,1,150,tanh,0.012343186577419207,2.3430599504605314,0.910260414633088,90.29535864978902,1.0459031799335583
23,"20MA, RSI, MACD, Lower_BB, CCI, OBV",64,0.7,0.001,16,60,1,150,tanh,0.011966132903154406,2.2697918736973173,0.9156593166985466,90.71729957805907,0.9925563204867527
24,"20MA, RSI, MACD, Lower_BB, CCI, OBV",64,0.8,0.001,16,60,1,150,tanh,0.012213191893759334,2.317781649664662,0.9121406810134601,91.13924050632912,0.9608520893085472
0,"20MA, RSI, MACD, Lower_BB, CCI, OBV",128,0.2,0.0001,64,60,30,150,tanh,0.041792597290178174,8.726046512191159,0.05861652538667106,33.76068376068376,1.047595016175892
1,"20MA, RSI, MACD, Lower_BB, CCI, OBV",64,0.7,0.0005,64,60,30,150,relu,0.03648451147152981,7.809347347911472,0.2825611064132363,36.324786324786324,0.9393696132949806
2,"20MA, RSI, MACD, Lower_BB, CCI, OBV",32,0.6000000000000001,0.001,64,60,30,50,sigmoid,0.05071413062023258,10.508607852640987,-0.3861997486386881,27.350427350427353,0.9866193876074254
3,"20MA, RSI, MACD, Lower_BB, CCI, OBV",64,0.2,0.001,32,60,30,150,relu,0.05551991393276986,11.716557003050362,-0.6613663674442656,22.64957264957265,1.0
4,"20MA, RSI, MACD, Lower_BB, CCI, OBV",128,0.4,0.0005,32,60,30,50,tanh,0.07289672054424759,16.79782033158311,-1.8640713152917856,6.41025641025641,1.0
5,"20MA, RSI, MACD, Lower_BB, CCI, OBV",64,0.8,0.0005,32,60,30,150,relu,0.05027812162344157,10.577816886707367,-0.3624668188541935,27.350427350427353,0.8862632125142139
6,"20MA, RSI, MACD, Lower_BB, CCI, OBV",64,0.5,0.001,16,60,30,150,relu,0.06966282745893058,15.697293762252523,-1.6155922449830347,9.401709401709402,1.0
7,"20MA, RSI, MACD, Lower_BB, CCI, OBV",128,0.30000000000000004,0.0001,32,60,30,100,tanh,0.05496628269060366,11.807675291669074,-0.6283980745662094,23.076923076923077,1.0314826121351106
8,"20MA, RSI, MACD, Lower_BB, CCI, OBV",128,0.2,0.001,64,60,30,50,sigmoid,0.0914203641139565,21.290843609329972,-3.5045741408352535,1.282051282051282,1.0720385884023242
9,"20MA, RSI, MACD, Lower_BB, CCI, OBV",128,0.7,0.0005,16,60,30,100,sigmoid,0.17223144872461169,43.773858583469405,-14.987949040558524,0.0,1.0
10,"20MA, RSI, MACD, Lower_BB, CCI, OBV",32,0.8,0.0005,64,60,30,150,relu,0.041264551223608614,8.531274496661965,0.08225484905222558,34.18803418803419,1.0212128453290976
11,"20MA, RSI, MACD, Lower_BB, CCI, OBV",32,0.8,0.0005,64,60,30,150,relu,0.03976806360877191,8.417374389044161,0.1476131609053989,33.76068376068376,0.9318859032333183
12,"20MA, RSI, MACD, Lower_BB, CCI, OBV",32,0.7,0.0005,64,60,30,150,relu,0.04283274082344646,8.870769284678968,0.011174684106593724,33.76068376068376,1.1210842134399923
13,"20MA, RSI, MACD, Lower_BB, CCI, OBV",32,0.6000000000000001,0.0005,64,60,30,150,relu,0.03620728009729316,7.8512667314203535,0.2934227512163371,35.8974358974359,0.9276432078008258
14,"20MA, RSI, MACD, Lower_BB, CCI, OBV",64,0.6000000000000001,0.0005,64,60,30,150,relu,0.04015669964946859,8.494168582193138,0.1308717414577365,35.04273504273504,1.0313266159612673
15,"20MA, RSI, MACD, Lower_BB, CCI, OBV",32,0.6000000000000001,0.0005,64,60,30,100,relu,0.041761808417706,8.750408569976322,0.06000306086076246,32.47863247863248,0.9576783130626758
16,"20MA, RSI, MACD, Lower_BB, CCI, OBV",64,0.5,0.0001,16,60,30,150,relu,0.057555118186737995,12.388767330369637,-0.7854008866410862,21.367521367521366,1.0314826121351106
17,"20MA, RSI, MACD, Lower_BB, CCI, OBV",32,0.7,0.0005,64,60,30,150,relu,0.04126411395723982,8.541290346727715,0.08227429901358563,34.18803418803419,1.173580346630565
18,"20MA, RSI, MACD, Lower_BB, CCI, OBV",64,0.4,0.0005,64,60,30,100,tanh,0.041590996782372165,8.678065539737274,0.0676767732354091,35.8974358974359,0.9980423435207917
19,"20MA, RSI, MACD, Lower_BB, CCI, OBV",64,0.6000000000000001,0.0001,16,60,30,50,sigmoid,0.1269739266640968,31.043365385888734,-7.689543200389098,0.0,1.0
20,"20MA, RSI, MACD, Lower_BB, CCI, OBV",32,0.4,0.0005,64,60,30,150,relu,0.03543858576983476,7.569977590565704,0.32310608378400374,36.324786324786324,0.9209450356927875
21,"20MA, RSI, MACD, Lower_BB, CCI, OBV",32,0.4,0.0005,64,60,30,150,relu,0.04245393926035068,8.812167891344606,0.028587171602716066,34.18803418803419,0.9423996147706539
22,"20MA, RSI, MACD, Lower_BB, CCI, OBV",32,0.5,0.0005,64,60,30,150,relu,0.037513892992830894,8.012399927265745,0.24150605791248492,35.47008547008547,0.9213631182097711
23,"20MA, RSI, MACD, Lower_BB, CCI, OBV",32,0.30000000000000004,0.0005,64,60,30,150,relu,0.040484688871736556,8.341777215847408,0.11661614424333222,37.17948717948718,1.1208006069949452
24,"20MA, RSI, MACD, Lower_BB, CCI, OBV",32,0.7,0.0005,64,60,30,150,relu,0.04116790094334444,8.561748114268667,0.08654891967649292,34.18803418803419,1.0200371107066275
0,"20MA, RSI, MACD, Lower_BB, ATR, Williams_%R",128,0.7,0.001,16,60,1,150,tanh,0.01684712362717193,3.4604183811728473,0.8328212796405909,79.32489451476793,1.0192194347734762
1,"20MA, RSI, MACD, Lower_BB, ATR, Williams_%R",128,0.2,0.0001,32,60,1,150,relu,0.02659005035221237,5.54549001528867,0.5835452781852297,51.89873417721519,0.9975586421792731
2,"20MA, RSI, MACD, Lower_BB, ATR, Williams_%R",64,0.6000000000000001,0.0001,16,60,1,50,relu,0.03929596964343176,8.80964545436192,0.09045227834943614,24.894514767932492,0.9069659499084781
3,"20MA, RSI, MACD, Lower_BB, ATR, Williams_%R",128,0.6000000000000001,0.0005,16,60,1,150,sigmoid,0.07209767085257998,18.398580073832914,-2.0617656106462956,2.5316455696202533,1.0
4,"20MA, RSI, MACD, Lower_BB, ATR, Williams_%R",128,0.8,0.0005,64,60,1,100,sigmoid,0.04222595378928458,10.001685900974335,-0.05023964259691405,11.814345991561181,0.8846611956087957
5,"20MA, RSI, MACD, Lower_BB, ATR, Williams_%R",128,0.2,0.001,16,60,1,150,relu,0.017843377719896154,3.643182578056732,0.8124644488879691,75.52742616033755,0.9979736115368614
6,"20MA, RSI, MACD, Lower_BB, ATR, Williams_%R",64,0.5,0.0001,16,60,1,100,sigmoid,0.043316362431254106,9.97382984701704,-0.10518104759694369,11.39240506329114,0.9136263860985622
7,"20MA, RSI, MACD, Lower_BB, ATR, Williams_%R",128,0.4,0.0005,32,60,1,50,sigmoid,0.16577227025506525,42.68599809916959,-15.186510802761308,0.0,1.0
8,"20MA, RSI, MACD, Lower_BB, ATR, Williams_%R",64,0.6000000000000001,0.001,64,60,1,100,sigmoid,0.04436688142962765,10.850408916902841,-0.1594373246664862,6.751054852320674,1.027857185103675
9,"20MA, RSI, MACD, Lower_BB, ATR, Williams_%R",64,0.8,0.0001,16,60,1,150,tanh,0.03092316512448895,6.561821945362194,0.4367549935714885,40.08438818565401,0.8906217706540845
10,"20MA, RSI, MACD, Lower_BB, ATR, Williams_%R",32,0.7,0.001,32,60,1,150,tanh,0.014519313800929983,2.762532578490872,0.875828578107462,86.91983122362869,0.8529016268890466
11,"20MA, RSI, MACD, Lower_BB, ATR, Williams_%R",32,0.7,0.001,32,60,1,150,tanh,0.020946715454718937,4.427911801108793,0.7415590448523889,62.0253164556962,0.791364210828816
12,"20MA, RSI, MACD, Lower_BB, ATR, Williams_%R",32,0.7,0.001,32,60,1,150,tanh,0.021244397901664203,4.451618785029334,0.7341612261506111,61.18143459915611,0.8401745837475441
13,"20MA, RSI, MACD, Lower_BB, ATR, Williams_%R",32,0.4,0.001,32,60,1,150,tanh,0.020968704772165718,4.529471982258088,0.7410161508490078,62.447257383966246,0.8459887282974476
14,"20MA, RSI, MACD, Lower_BB, ATR, Williams_%R",32,0.7,0.001,64,60,1,150,tanh,0.012789226263860793,2.461280828223262,0.9036574775659799,90.29535864978902,1.1093730889423337
15,"20MA, RSI, MACD, Lower_BB, ATR, Williams_%R",32,0.8,0.001,64,60,1,50,tanh,0.023107391586406883,4.720466661209482,0.6854922734272575,60.75949367088608,1.0441874409251375
16,"20MA, RSI, MACD, Lower_BB, ATR, Williams_%R",32,0.5,0.001,64,60,1,150,tanh,0.017690688010679814,3.709440970345735,0.8156602823553498,74.26160337552743,0.9635008102096783
17,"20MA, RSI, MACD, Lower_BB, ATR, Williams_%R",32,0.7,0.001,64,60,1,150,tanh,0.012514368584248694,2.397015886840093,0.9077540399426021,91.13924050632912,1.1577440432273252
18,"20MA, RSI, MACD, Lower_BB, ATR, Williams_%R",32,0.4,0.001,64,60,1,100,tanh,0.02263239815618833,4.905325158472669,0.6982893638246801,56.540084388185655,0.93670124342489
19,"20MA, RSI, MACD, Lower_BB, ATR, Williams_%R",32,0.5,0.0005,64,60,1,50,tanh,0.019839517508560965,3.9993970301708077,0.7681582303452041,70.88607594936708,1.0675564117728775
20,"20MA, RSI, MACD, Lower_BB, ATR, Williams_%R",32,0.6000000000000001,0.001,64,60,1,150,relu,0.021687519222643132,4.920013678379523,0.7229556962138262,53.58649789029536,1.0414807391768341
21,"20MA, RSI, MACD, Lower_BB, ATR, Williams_%R",32,0.7,0.001,64,60,1,150,tanh,0.020320917425615367,4.2701808912156505,0.7567705861375829,63.71308016877637,0.9170154480149418
22,"20MA, RSI, MACD, Lower_BB, ATR, Williams_%R",32,0.7,0.001,32,60,1,150,tanh,0.021275935459650355,4.476799723045715,0.7333713587429952,60.337552742616026,0.8247354597928171
23,"20MA, RSI, MACD, Lower_BB, ATR, Williams_%R",32,0.8,0.001,64,60,1,150,tanh,0.014946153756015159,3.07014085064579,0.8684204604131691,83.96624472573839,1.0690858850521059
24,"20MA, RSI, MACD, Lower_BB, ATR, Williams_%R",32,0.6000000000000001,0.001,64,60,1,150,tanh,0.021394781080548615,4.766164043757669,0.7303843080659939,59.07172995780591,0.9324433064457167
0,"20MA, RSI, MACD, Lower_BB, ATR, Williams_%R",64,0.8,0.001,32,60,30,150,tanh,0.05843566944652308,12.39883733583278,-0.8404494496056898,22.22222222222222,1.0
1,"20MA, RSI, MACD, Lower_BB, ATR, Williams_%R",128,0.2,0.001,32,60,30,150,sigmoid,0.2551883656661601,66.18686211001274,-34.09858328557186,0.0,1.0
2,"20MA, RSI, MACD, Lower_BB, ATR, Williams_%R",128,0.2,0.0005,16,60,30,50,relu,0.07710911856953559,17.78779561452178,-2.2046405482334044,5.128205128205128,1.0
3,"20MA, RSI, MACD, Lower_BB, ATR, Williams_%R",64,0.30000000000000004,0.001,16,60,30,100,sigmoid,0.22233710838244786,57.22937568202377,-25.643529280439672,0.0,1.0
4,"20MA, RSI, MACD, Lower_BB, ATR, Williams_%R",64,0.4,0.0005,32,60,30,50,sigmoid,0.0961157960610084,22.76989399202179,-3.9791748862989085,2.9914529914529915,1.0
5,"20MA, RSI, MACD, Lower_BB, ATR, Williams_%R",64,0.4,0.0001,16,60,30,150,tanh,0.05269471103674564,11.415545669750415,-0.4965867662450745,21.367521367521366,1.0314826121351106
6,"20MA, RSI, MACD, Lower_BB, ATR, Williams_%R",64,0.5,0.001,32,60,30,50,relu,0.07229715100952688,16.06031640789078,-1.8171515653226922,9.401709401709402,1.0
7,"20MA, RSI, MACD, Lower_BB, ATR, Williams_%R",128,0.7,0.0001,32,60,30,50,tanh,0.06014409237347226,13.272002319734625,-0.9496371729503366,17.52136752136752,0.9202460652220731
8,"20MA, RSI, MACD, Lower_BB, ATR, Williams_%R",64,0.5,0.001,64,60,30,150,tanh,0.0465568059197304,10.098822373793684,-0.16824572597191145,27.77777777777778,0.8766984335354777
9,"20MA, RSI, MACD, Lower_BB, ATR, Williams_%R",128,0.8,0.001,16,60,30,100,sigmoid,0.13699013935479018,33.60069175279811,-9.114547561675145,0.0,1.0
10,"20MA, RSI, MACD, Lower_BB, ATR, Williams_%R",32,0.6000000000000001,0.0005,64,60,30,150,tanh,0.046983015840551486,10.0598224088257,-0.1897333273415276,29.059829059829063,0.9747977473392281
11,"20MA, RSI, MACD, Lower_BB, ATR, Williams_%R",32,0.6000000000000001,0.0005,64,60,30,150,tanh,0.04357639908192802,9.244391075071402,-0.02345917880062265,30.76923076923077,0.925382095983571
12,"20MA, RSI, MACD, Lower_BB, ATR, Williams_%R",32,0.6000000000000001,0.0005,64,60,30,150,tanh,0.04190063104534176,8.91183622178008,0.05374328720229282,34.61538461538461,1.0375760254890711
13,"20MA, RSI, MACD, Lower_BB, ATR, Williams_%R",32,0.6000000000000001,0.0005,64,60,30,150,tanh,0.042133384784280845,8.741532281414463,0.0432013692848231,34.18803418803419,0.9003727740173104
14,"20MA, RSI, MACD, Lower_BB, ATR, Williams_%R",32,0.6000000000000001,0.0005,64,60,30,150,tanh,0.04465750966976244,9.31803553104943,-0.07487224264929093,34.18803418803419,0.9503334238460933
15,"20MA, RSI, MACD, Lower_BB, ATR, Williams_%R",32,0.7,0.0005,64,60,30,150,tanh,0.0417385902175852,8.792360335141273,0.061047985439895314,35.8974358974359,0.9062651802128701
16,"20MA, RSI, MACD, Lower_BB, ATR, Williams_%R",32,0.7,0.0005,64,60,30,100,relu,0.04429682997564026,9.280215333226693,-0.05757978667254937,33.33333333333333,0.8269776183464225
17,"20MA, RSI, MACD, Lower_BB, ATR, Williams_%R",32,0.7,0.0005,64,60,30,150,tanh,0.04101877649709465,8.879704453679693,0.09315460853349833,33.76068376068376,0.935076722012382
18,"20MA, RSI, MACD, Lower_BB, ATR, Williams_%R",32,0.7,0.0001,64,60,30,150,tanh,0.040651785744156725,8.596543184384329,0.10930892225917421,31.196581196581196,1.2780497469659817
19,"20MA, RSI, MACD, Lower_BB, ATR, Williams_%R",32,0.8,0.0001,64,60,30,100,relu,0.04325950729643033,8.938475617842462,-0.008627914673361214,29.48717948717949,1.1848964770208936
20,"20MA, RSI, MACD, Lower_BB, ATR, Williams_%R",32,0.7,0.0001,64,60,30,150,tanh,0.03980402395179061,8.343904854149468,0.14607091926955373,32.47863247863248,1.3435684533202654
21,"20MA, RSI, MACD, Lower_BB, ATR, Williams_%R",32,0.7,0.0001,64,60,30,150,tanh,0.038983715002351094,8.155084265636516,0.18090496622764107,34.18803418803419,1.0925229788580257
22,"20MA, RSI, MACD, Lower_BB, ATR, Williams_%R",32,0.7,0.0001,64,60,30,150,tanh,0.039340952792252026,8.233128090212166,0.16582418633313456,33.33333333333333,1.1843237800708841
23,"20MA, RSI, MACD, Lower_BB, ATR, Williams_%R",32,0.8,0.0001,64,60,30,150,tanh,0.03897586467909511,8.238087872018445,0.18123482259751866,34.61538461538461,1.2521106519837504
24,"20MA, RSI, MACD, Lower_BB, ATR, Williams_%R",32,0.8,0.0001,64,60,30,150,tanh,0.04057900110300477,8.620187356012723,0.1124955273911371,32.05128205128205,1.2288396368491818
0,"20MA, RSI, MACD, Lower_BB, ATR, OBV",32,0.6000000000000001,0.0001,64,60,1,50,relu,0.026452741920779708,5.188381193157525,0.5878352363309606,59.49367088607595,1.3247170665606471
1,"20MA, RSI, MACD, Lower_BB, ATR, OBV",32,0.6000000000000001,0.001,32,60,1,100,sigmoid,0.08168700786534379,20.78438205289008,-2.9303882065865667,0.42194092827004215,1.0
2,"20MA, RSI, MACD, Lower_BB, ATR, OBV",64,0.6000000000000001,0.001,16,60,1,50,tanh,0.015287661258997274,3.0251621012912384,0.8623387929166273,81.85654008438819,0.8933364515764397
3,"20MA, RSI, MACD, Lower_BB, ATR, OBV",128,0.30000000000000004,0.0001,16,60,1,150,relu,0.02202592256010728,4.687459414927428,0.7142424675661976,59.07172995780591,0.933306889891251
4,"20MA, RSI, MACD, Lower_BB, ATR, OBV",128,0.8,0.0005,64,60,1,150,relu,0.026974873468235735,6.327741026162577,0.5714038125622576,34.177215189873415,0.9213575959237104
5,"20MA, RSI, MACD, Lower_BB, ATR, OBV",32,0.4,0.0001,16,60,1,150,relu,0.024184102594795063,4.766313360305665,0.6554998429911272,62.869198312236286,1.0386782870429563
6,"20MA, RSI, MACD, Lower_BB, ATR, OBV",32,0.2,0.001,16,60,1,50,sigmoid,0.16692004884846298,43.12091547139048,-15.411431989429026,0.0,1.0
7,"20MA, RSI, MACD, Lower_BB, ATR, OBV",128,0.2,0.0005,64,60,1,150,tanh,0.043505287168933655,10.777976525334083,-0.11484258705886141,4.641350210970464,1.105789163474866
8,"20MA, RSI, MACD, Lower_BB, ATR, OBV",64,0.8,0.0005,64,60,1,150,relu,0.02542598625816081,5.686632994566968,0.6192103926639849,45.9915611814346,0.9213575959237104
9,"20MA, RSI, MACD, Lower_BB, ATR, OBV",128,0.7,0.0001,32,60,1,150,sigmoid,0.05717465765827498,14.028493480971921,-0.9254693810585102,2.5316455696202533,1.0414807391768341
10,"20MA, RSI, MACD, Lower_BB, ATR, OBV",64,0.5,0.001,16,60,1,50,tanh,0.014268990086357718,2.7183233262544535,0.8800732834136081,86.07594936708861,0.9014651119149579
11,"20MA, RSI, MACD, Lower_BB, ATR, OBV",64,0.5,0.001,16,60,1,50,tanh,0.017058727094312512,3.3674069410489107,0.828595304908051,75.10548523206751,0.8939387428501648
12,"20MA, RSI, MACD, Lower_BB, ATR, OBV",64,0.5,0.001,16,60,1,50,tanh,0.028997206214328886,6.382002354732355,0.5047302703344352,39.66244725738397,1.105789163474866
13,"20MA, RSI, MACD, Lower_BB, ATR, OBV",64,0.5,0.001,16,60,1,50,tanh,0.013533892939723624,2.580638108428936,0.8921115523300482,89.45147679324894,1.019717926816367
14,"20MA, RSI, MACD, Lower_BB, ATR, OBV",64,0.4,0.001,16,60,1,100,tanh,0.011978535426797051,2.254839011772302,0.9154843931171881,91.56118143459916,0.7964757347236849
15,"20MA, RSI, MACD, Lower_BB, ATR, OBV",64,0.4,0.001,16,60,1,100,tanh,0.011243373650340715,2.1306924619311314,0.9255400468480529,92.40506329113924,0.9607604126551991
16,"20MA, RSI, MACD, Lower_BB, ATR, OBV",64,0.30000000000000004,0.001,32,60,1,100,tanh,0.014709805076949209,2.8930852190018506,0.8725489825788552,81.43459915611815,1.1210435414496989
17,"20MA, RSI, MACD, Lower_BB, ATR, OBV",64,0.4,0.001,16,60,1,100,tanh,0.01146377031305902,2.1189899434914037,0.9225922537441056,92.40506329113924,1.058915366806882
18,"20MA, RSI, MACD, Lower_BB, ATR, OBV",64,0.4,0.001,16,60,1,100,tanh,0.014071883876911795,2.73926868203415,0.8833636403749163,86.91983122362869,0.8774085903633808
19,"20MA, RSI, MACD, Lower_BB, ATR, OBV",64,0.30000000000000004,0.0005,32,60,1,100,tanh,0.017087890154193472,3.511783771875692,0.8280087478740659,76.79324894514767,1.0924344176141974
20,"20MA, RSI, MACD, Lower_BB, ATR, OBV",64,0.4,0.001,16,60,1,100,sigmoid,0.22041817226973687,57.299437573648014,-27.617010626445847,0.0,1.0
21,"20MA, RSI, MACD, Lower_BB, ATR, OBV",64,0.4,0.001,16,60,1,100,tanh,0.011460206133033468,2.16215421110797,0.9226403796654152,91.9831223628692,0.985417125468776
22,"20MA, RSI, MACD, Lower_BB, ATR, OBV",64,0.30000000000000004,0.001,16,60,1,100,tanh,0.011065772766141945,2.125218296191426,0.9278738141379976,91.13924050632912,1.3025812296601496
23,"20MA, RSI, MACD, Lower_BB, ATR, OBV",64,0.30000000000000004,0.001,16,60,1,100,tanh,0.016511340217777642,3.3425844898245822,0.8394190128281308,80.59071729957806,0.9883206468135469
24,"20MA, RSI, MACD, Lower_BB, ATR, OBV",64,0.2,0.001,16,60,1,100,tanh,0.017227187691977074,3.427908359641622,0.8251932325239517,76.37130801687763,1.0801598015678104
0,"20MA, RSI, MACD, Lower_BB, ATR, OBV",64,0.6000000000000001,0.0005,16,60,30,100,tanh,0.07209485508239609,16.33245558758624,-1.8014081796255366,8.11965811965812,1.0
1,"20MA, RSI, MACD, Lower_BB, ATR, OBV",32,0.5,0.0001,32,60,30,150,tanh,0.04620687677736182,9.630268971543982,-0.15075024283267746,31.196581196581196,0.9841326054672692
2,"20MA, RSI, MACD, Lower_BB, ATR, OBV",32,0.5,0.0001,32,60,30,100,sigmoid,0.05921199571700391,12.458148807722784,-0.8896755509304606,18.803418803418804,1.0847320546552552
3,"20MA, RSI, MACD, Lower_BB, ATR, OBV",64,0.4,0.001,64,60,30,100,sigmoid,0.07331046219366989,16.725565868664507,-1.8966749333042001,6.837606837606838,1.0314826121351106
4,"20MA, RSI, MACD, Lower_BB, ATR, OBV",32,0.7,0.0005,16,60,30,150,relu,0.07086952731908787,15.959111648803892,-1.7069916633003008,8.11965811965812,1.0
5,"20MA, RSI, MACD, Lower_BB, ATR, OBV",64,0.6000000000000001,0.0001,16,60,30,150,tanh,0.07252137100499782,16.05954510734043,-1.834652703604473,9.82905982905983,0.9791548095417384
6,"20MA, RSI, MACD, Lower_BB, ATR, OBV",64,0.2,0.001,64,60,30,150,tanh,0.050296784163334905,11.040620624020715,-0.3634784640640969,24.786324786324787,0.99397655493441
7,"20MA, RSI, MACD, Lower_BB, ATR, OBV",128,0.7,0.0001,32,60,30,50,relu,0.06399892946650335,14.33098379933904,-1.207563805390989,8.547008547008547,0.9370329705045538
8,"20MA, RSI, MACD, Lower_BB, ATR, OBV",128,0.6000000000000001,0.0001,32,60,30,150,sigmoid,0.06384061870116238,14.988714356104301,-1.1966558457732668,9.82905982905983,0.921942814843205
9,"20MA, RSI, MACD, Lower_BB, ATR, OBV",64,0.8,0.001,32,60,30,50,tanh,0.06516613276724169,14.445750558396483,-1.2888205483859037,12.82051282051282,1.0
10,"20MA, RSI, MACD, Lower_BB, ATR, OBV",32,0.30000000000000004,0.0001,32,60,30,150,tanh,0.04359228506078141,9.08890365541756,-0.02420552842095458,35.47008547008547,1.1813456820486958
11,"20MA, RSI, MACD, Lower_BB, ATR, OBV",32,0.30000000000000004,0.0001,32,60,30,150,tanh,0.0416926913182196,8.747734745189447,0.06311193477412391,34.18803418803419,1.2630746284333505
12,"20MA, RSI, MACD, Lower_BB, ATR, OBV",32,0.2,0.0001,32,60,30,150,tanh,0.043548297708722636,9.043288359680183,-0.02213959593297421,30.34188034188034,1.2880371558777681
13,"20MA, RSI, MACD, Lower_BB, ATR, OBV",32,0.2,0.0001,32,60,30,150,tanh,0.043384920652693164,9.010891664240456,-0.014484605187409016,32.47863247863248,1.0830284093811136
14,"20MA, RSI, MACD, Lower_BB, ATR, OBV",32,0.30000000000000004,0.0001,32,60,30,150,tanh,0.04332116580389899,8.985686420476801,-0.011505192584248203,32.47863247863248,0.9548349594787103
15,"20MA, RSI, MACD, Lower_BB, ATR, OBV",32,0.30000000000000004,0.0005,64,60,30,50,relu,0.043003448679074956,8.950003061055103,0.0032771450415386427,32.9059829059829,0.9664642642836617
16,"20MA, RSI, MACD, Lower_BB, ATR, OBV",32,0.4,0.0005,64,60,30,50,relu,0.0422194032120009,8.762140399259538,0.039290630690362094,33.33333333333333,1.0708618589008192
17,"20MA, RSI, MACD, Lower_BB, ATR, OBV",128,0.4,0.0005,64,60,30,50,relu,0.06727690322417938,15.244026722618962,-1.439494431373613,6.837606837606838,1.027857185103675
18,"20MA, RSI, MACD, Lower_BB, ATR, OBV",32,0.4,0.0005,64,60,30,50,relu,0.045534157381635645,9.48664172616405,-0.11748693562474699,31.62393162393162,0.9546890962935312
19,"20MA, RSI, MACD, Lower_BB, ATR, OBV",32,0.5,0.0005,64,60,30,50,relu,0.044465908231279674,9.162919839061113,-0.06566862761772896,32.05128205128205,1.0269967507358646
20,"20MA, RSI, MACD, Lower_BB, ATR, OBV",128,0.30000000000000004,0.0005,64,60,30,50,relu,0.07052518703585704,16.037429777089184,-1.6807501513999519,5.982905982905983,1.0414807391768341
21,"20MA, RSI, MACD, Lower_BB, ATR, OBV",32,0.30000000000000004,0.0005,64,60,30,50,relu,0.04529773318865632,9.259630610211286,-0.10591254554293683,29.914529914529915,1.0243994170922492
22,"20MA, RSI, MACD, Lower_BB, ATR, OBV",32,0.4,0.0005,64,60,30,50,relu,0.041767999148392874,8.668671732467244,0.05972435170334989,32.47863247863248,1.1935004120102504
23,"20MA, RSI, MACD, Lower_BB, ATR, OBV",32,0.4,0.0005,64,60,30,50,relu,0.045961950196315354,9.520490287922717,-0.13858312184936916,32.05128205128205,1.0435698089309335
24,"20MA, RSI, MACD, Lower_BB, ATR, OBV",32,0.4,0.0005,64,60,30,50,relu,0.04232721268705935,8.783217730239281,0.034377922068623556,32.9059829059829,1.0341971519359177
0,"20MA, RSI, MACD, Lower_BB, Williams_%R, OBV",32,0.30000000000000004,0.0001,64,60,1,50,relu,0.0276432134916903,5.523018458332721,0.5499025766052845,54.85232067510548,1.3483596782176532
1,"20MA, RSI, MACD, Lower_BB, Williams_%R, OBV",128,0.8,0.0005,64,60,1,150,sigmoid,0.038632205227479094,9.2742625372884,0.12091985710199393,12.658227848101266,0.9202460652220731
2,"20MA, RSI, MACD, Lower_BB, Williams_%R, OBV",128,0.2,0.001,16,60,1,150,relu,0.013133269303893899,2.556239180753786,0.898404336583046,89.0295358649789,0.9507557713209864
3,"20MA, RSI, MACD, Lower_BB, Williams_%R, OBV",32,0.2,0.001,64,60,1,150,tanh,0.029131087227225204,6.826998169987056,0.5001463608490082,29.11392405063291,0.9324433064457167
4,"20MA, RSI, MACD, Lower_BB, Williams_%R, OBV",32,0.6000000000000001,0.0005,32,60,1,150,sigmoid,0.022137285997320576,4.6954706953035314,0.7113455728187897,60.75949367088608,0.929487919428118
5,"20MA, RSI, MACD, Lower_BB, Williams_%R, OBV",128,0.5,0.0005,16,60,1,50,relu,0.018141053673564906,3.6061294212400616,0.806155051679319,72.15189873417721,1.040422783217279
6,"20MA, RSI, MACD, Lower_BB, Williams_%R, OBV",64,0.8,0.001,32,60,1,100,relu,0.02621671760099924,5.860468182896323,0.5951574953480593,40.92827004219409,1.0414807391768341
7,"20MA, RSI, MACD, Lower_BB, Williams_%R, OBV",128,0.6000000000000001,0.001,32,60,1,150,relu,0.021032603955598587,4.556663150302592,0.7394353119921179,61.18143459915611,0.9324433064457167
8,"20MA, RSI, MACD, Lower_BB, Williams_%R, OBV",64,0.6000000000000001,0.001,32,60,1,100,sigmoid,0.02698889811546071,5.84685373732022,0.5709580293470191,45.14767932489451,1.0485603722271686
9,"20MA, RSI, MACD, Lower_BB, Williams_%R, OBV",128,0.30000000000000004,0.0005,16,60,1,100,relu,0.014508792510047882,2.834639212619184,0.8760084723249888,85.65400843881856,0.9947363921650553
10,"20MA, RSI, MACD, Lower_BB, Williams_%R, OBV",128,0.2,0.0001,16,60,1,150,tanh,0.016262048533115355,3.1857846964207264,0.8442313784212789,80.16877637130801,0.9638035038624785
11,"20MA, RSI, MACD, Lower_BB, Williams_%R, OBV",128,0.4,0.0005,16,60,1,100,relu,0.01774957765104208,3.6728595014826815,0.8144309612383899,72.57383966244726,0.9318068376576631
12,"20MA, RSI, MACD, Lower_BB, Williams_%R, OBV",128,0.30000000000000004,0.001,16,60,1,100,relu,0.014550623131542229,2.8148960235331595,0.8752924762114138,86.91983122362869,1.0565300818062502
13,"20MA, RSI, MACD, Lower_BB, Williams_%R, OBV",128,0.30000000000000004,0.0005,16,60,1,100,relu,0.013607215375646199,2.619893800981831,0.8909393733370382,88.18565400843882,1.053669926015173
14,"20MA, RSI, MACD, Lower_BB, Williams_%R, OBV",128,0.2,0.0001,16,60,1,50,relu,0.12964551569932908,33.40006938353768,-8.900211445718119,0.0,1.0
15,"20MA, RSI, MACD, Lower_BB, Williams_%R, OBV",64,0.4,0.001,16,60,1,150,tanh,0.0150400606118091,2.998175251506133,0.8667618346301691,84.38818565400844,1.072999512119678
16,"20MA, RSI, MACD, Lower_BB, Williams_%R, OBV",128,0.4,0.0005,16,60,1,100,relu,0.014515916234588195,2.815407138431963,0.8758866843359933,86.49789029535864,1.0699137147508107
17,"20MA, RSI, MACD, Lower_BB, Williams_%R, OBV",128,0.30000000000000004,0.0005,16,60,1,150,relu,0.013350380909814464,2.5853959575417136,0.8950175303214133,89.87341772151899,1.1247759872043526
18,"20MA, RSI, MACD, Lower_BB, Williams_%R, OBV",32,0.2,0.001,16,60,1,150,sigmoid,0.016549808308506272,3.197236354548616,0.8386698986110885,78.90295358649789,0.9877579915538974
19,"20MA, RSI, MACD, Lower_BB, Williams_%R, OBV",64,0.5,0.0001,64,60,1,150,tanh,0.02569606498382661,5.503176373061315,0.6110778168953284,54.43037974683544,0.9197929140915129
20,"20MA, RSI, MACD, Lower_BB, Williams_%R, OBV",128,0.4,0.001,16,60,1,150,relu,0.01321785753656663,2.544776007159326,0.8970914155259708,88.18565400843882,1.0103751833928754
21,"20MA, RSI, MACD, Lower_BB, Williams_%R, OBV",128,0.4,0.001,16,60,1,150,relu,0.014891156669663855,3.021676636410855,0.8693870204294569,84.81012658227847,1.0010477185988824
22,"20MA, RSI, MACD, Lower_BB, Williams_%R, OBV",128,0.30000000000000004,0.001,16,60,1,150,relu,0.01348897322879102,2.60972653700736,0.89282653881773,86.91983122362869,0.9178720059118577
23,"20MA, RSI, MACD, Lower_BB, Williams_%R, OBV",128,0.2,0.001,16,60,1,150,relu,0.013516431064090088,2.6462103635863397,0.8923897752045069,89.0295358649789,0.9115222437800894
24,"20MA, RSI, MACD, Lower_BB, Williams_%R, OBV",128,0.4,0.001,16,60,1,150,relu,0.012900618996710238,2.4768941661843296,0.9019719035869613,88.60759493670885,1.1680776535585635
0,"20MA, RSI, MACD, Lower_BB, Williams_%R, OBV",32,0.4,0.0001,16,60,30,150,tanh,0.05837336340865878,12.731416037133537,-0.8365268461301492,18.803418803418804,1.0414807391768341
1,"20MA, RSI, MACD, Lower_BB, Williams_%R, OBV",64,0.2,0.0001,64,60,30,50,tanh,0.03762592314954316,8.040195829919963,0.23696901468043097,34.61538461538461,1.1423825578682427
2,"20MA, RSI, MACD, Lower_BB, Williams_%R, OBV",32,0.30000000000000004,0.0005,16,60,30,150,relu,0.06961305852221364,15.865517169257265,-1.6118562856666152,7.264957264957266,1.0
3,"20MA, RSI, MACD, Lower_BB, Williams_%R, OBV",128,0.2,0.001,64,60,30,100,sigmoid,0.08615632442570158,19.97014561093713,-3.0007569825934732,2.9914529914529915,1.0720385884023242
4,"20MA, RSI, MACD, Lower_BB, Williams_%R, OBV",128,0.30000000000000004,0.0001,16,60,30,50,tanh,0.08039052423868051,18.871128445019348,-2.4831932295342183,2.9914529914529915,1.0
5,"20MA, RSI, MACD, Lower_BB, Williams_%R, OBV",64,0.30000000000000004,0.0001,32,60,30,100,tanh,0.05145618826718969,10.852048701417957,-0.4270627478950555,26.06837606837607,0.9285474691290234
6,"20MA, RSI, MACD, Lower_BB, Williams_%R, OBV",128,0.7,0.0001,16,60,30,150,sigmoid,0.09240998288543091,21.843337218175137,-3.602625355371801,1.7094017094017095,1.0
7,"20MA, RSI, MACD, Lower_BB, Williams_%R, OBV",64,0.5,0.0001,16,60,30,100,relu,0.06159729677676977,13.454785116036469,-1.0449898310485528,14.529914529914532,1.105789163474866
8,"20MA, RSI, MACD, Lower_BB, Williams_%R, OBV",32,0.8,0.0001,64,60,30,150,relu,0.035366616700509626,7.534564783426865,0.32585257934608125,36.75213675213676,1.3369718477506236
9,"20MA, RSI, MACD, Lower_BB, Williams_%R, OBV",64,0.7,0.001,32,60,30,50,sigmoid,0.1270394739927865,31.61911221017995,-7.6985170641505825,0.0,1.0
10,"20MA, RSI, MACD, Lower_BB, Williams_%R, OBV",32,0.8,0.0005,64,60,30,150,relu,0.04132265630793472,8.605527914588636,0.07966845457864757,33.33333333333333,1.1447056336582944
11,"20MA, RSI, MACD, Lower_BB, Williams_%R, OBV",64,0.6000000000000001,0.0001,64,60,30,50,relu,0.03824222144257384,7.9721496645006065,0.21176798568231536,37.60683760683761,1.500167625896857
12,"20MA, RSI, MACD, Lower_BB, Williams_%R, OBV",32,0.5,0.0001,64,60,30,50,tanh,0.04098041352803673,8.45439319589096,0.0948500766219047,32.9059829059829,1.097333156869451
13,"20MA, RSI, MACD, Lower_BB, Williams_%R, OBV",32,0.8,0.0001,64,60,30,150,relu,0.0356808855458532,7.523370322612477,0.3138183581359758,35.47008547008547,1.275527527952671
14,"20MA, RSI, MACD, Lower_BB, Williams_%R, OBV",32,0.8,0.001,64,60,30,150,relu,0.04234924270373825,8.823361259833797,0.03337250711129569,34.18803418803419,0.9075661906871172
15,"20MA, RSI, MACD, Lower_BB, Williams_%R, OBV",32,0.7,0.0005,64,60,30,150,relu,0.041319483241589586,8.591865068268872,0.07980978919716986,32.9059829059829,1.0383780300481436
16,"20MA, RSI, MACD, Lower_BB, Williams_%R, OBV",32,0.8,0.0001,32,60,30,150,relu,0.04454103391429479,9.155674149233931,-0.06927258926356683,31.62393162393162,1.054881839793012
17,"20MA, RSI, MACD, Lower_BB, Williams_%R, OBV",32,0.6000000000000001,0.0001,64,60,30,150,relu,0.0363063625248373,7.637543136329128,0.2895503155967236,37.60683760683761,1.4586993642611594
18,"20MA, RSI, MACD, Lower_BB, Williams_%R, OBV",32,0.6000000000000001,0.001,64,60,30,150,relu,0.04009248426312679,8.470295701114773,0.13364919990515955,34.18803418803419,0.9621535889197601
19,"20MA, RSI, MACD, Lower_BB, Williams_%R, OBV",32,0.7,0.0005,64,60,30,150,relu,0.04149218294463486,8.551584754383027,0.07210162495893635,35.47008547008547,1.1073302133557594
20,"20MA, RSI, MACD, Lower_BB, Williams_%R, OBV",128,0.8,0.0001,32,60,30,100,sigmoid,0.06476141596619002,14.196002414734041,-1.260479212010781,12.82051282051282,1.0
21,"20MA, RSI, MACD, Lower_BB, Williams_%R, OBV",32,0.6000000000000001,0.0001,64,60,30,150,relu,0.037490502212695585,7.849611581567606,0.24245164006447606,37.60683760683761,1.4621821920839904
22,"20MA, RSI, MACD, Lower_BB, Williams_%R, OBV",32,0.6000000000000001,0.0001,64,60,30,150,relu,0.037221060163117776,7.67663974261916,0.2533014227072774,36.324786324786324,1.4088563931555655
23,"20MA, RSI, MACD, Lower_BB, Williams_%R, OBV",32,0.7,0.0001,64,60,30,150,relu,0.036069668987734484,7.606215456515038,0.2987834469097076,38.034188034188034,1.368250694936593
24,"20MA, RSI, MACD, Lower_BB, Williams_%R, OBV",32,0.8,0.0001,64,60,30,150,relu,0.036116787765201434,7.63200001359471,0.2969502142533704,37.60683760683761,1.4003993384455433
0,"20MA, RSI, MACD, CCI, ATR, Williams_%R",64,0.4,0.001,32,60,1,50,tanh,0.020483749277517935,4.421313736809281,0.7528569660175124,58.64978902953587,0.802645992977969
1,"20MA, RSI, MACD, CCI, ATR, Williams_%R",32,0.4,0.0001,64,60,1,150,sigmoid,0.03535131160266978,7.283049755712597,0.2638937006802521,39.24050632911392,1.100648963901089
2,"20MA, RSI, MACD, CCI, ATR, Williams_%R",32,0.7,0.0001,16,60,1,50,relu,0.03129353677739708,6.571805782705035,0.4231820452261458,43.459915611814345,0.9410423277584163
3,"20MA, RSI, MACD, CCI, ATR, Williams_%R",128,0.2,0.0001,64,60,1,150,relu,0.01947028609539727,3.9283982379249642,0.7767074994504778,75.52742616033755,0.9346164354766073
4,"20MA, RSI, MACD, CCI, ATR, Williams_%R",32,0.7,0.001,16,60,1,150,relu,0.013056940643244648,2.548886607724144,0.8995818235063622,89.45147679324894,0.8708071614019561
5,"20MA, RSI, MACD, CCI, ATR, Williams_%R",128,0.2,0.0005,32,60,1,150,sigmoid,0.05994331273003986,14.670957716817792,-1.1164643211668865,2.5316455696202533,1.105789163474866
6,"20MA, RSI, MACD, CCI, ATR, Williams_%R",32,0.7,0.001,16,60,1,50,sigmoid,0.05709383802132688,13.621805116055052,-0.9200297070195194,4.219409282700422,1.0314826121351106
7,"20MA, RSI, MACD, CCI, ATR, Williams_%R",128,0.30000000000000004,0.001,16,60,1,150,tanh,0.011439410533545953,2.143293322447817,0.9229208772514395,93.24894514767934,1.4667598400296442
8,"20MA, RSI, MACD, CCI, ATR, Williams_%R",32,0.5,0.0001,32,60,1,50,sigmoid,0.062108697711503465,14.237986778667604,-1.2721359712581863,6.329113924050633,1.0179898430292194
9,"20MA, RSI, MACD, CCI, ATR, Williams_%R",128,0.2,0.0005,32,60,1,150,tanh,0.020702285492166576,4.472248070729506,0.7475554159271829,59.07172995780591,0.8627888123636663
10,"20MA, RSI, MACD, CCI, ATR, Williams_%R",64,0.4,0.001,16,60,1,100,tanh,0.020522646240717816,4.158653064824875,0.7519174660631447,64.9789029535865,0.9408566076901443
11,"20MA, RSI, MACD, CCI, ATR, Williams_%R",128,0.8,0.001,16,60,1,150,relu,0.011797065301102912,2.230284565005792,0.9180257526488658,92.40506329113924,1.1491744681193155
12,"20MA, RSI, MACD, CCI, ATR, Williams_%R",128,0.8,0.001,16,60,1,100,relu,0.02539581768787489,5.424008743700377,0.6201134894083009,49.789029535864984,1.0414807391768341
13,"20MA, RSI, MACD, CCI, ATR, Williams_%R",128,0.6000000000000001,0.001,16,60,1,150,tanh,0.01514514960818138,3.0642000265078777,0.8648933870406708,83.54430379746836,1.0322574151567165
14,"20MA, RSI, MACD, CCI, ATR, Williams_%R",128,0.30000000000000004,0.001,16,60,1,150,tanh,0.012805907890868481,2.4101260242289957,0.9034059849214533,88.18565400843882,1.0528085336487327
15,"20MA, RSI, MACD, CCI, ATR, Williams_%R",128,0.5,0.001,16,60,1,150,relu,0.012893809605484648,2.550724596475187,0.9020753614895501,88.60759493670885,1.1754061991599658
16,"20MA, RSI, MACD, CCI, ATR, Williams_%R",128,0.8,0.0005,64,60,1,100,relu,0.017789731143404396,3.6127505724887996,0.8135904146841056,75.9493670886076,1.133313243431241
17,"20MA, RSI, MACD, CCI, ATR, Williams_%R",64,0.30000000000000004,0.001,16,60,1,150,tanh,0.013219259904607168,2.5826592091635985,0.8970695778922608,89.0295358649789,1.0146442165764862
18,"20MA, RSI, MACD, CCI, ATR, Williams_%R",128,0.6000000000000001,0.001,16,60,1,150,relu,0.01622824731727212,3.430593844911937,0.844878246111225,78.90295358649789,1.0414807391768341
19,"20MA, RSI, MACD, CCI, ATR, Williams_%R",128,0.30000000000000004,0.0005,64,60,1,100,tanh,0.026416982813596057,6.271560919267552,0.5889488208565307,35.44303797468354,0.9324433064457167
20,"20MA, RSI, MACD, CCI, ATR, Williams_%R",64,0.5,0.001,16,60,1,150,tanh,0.02035891390386027,4.112502460246263,0.7558601448172791,66.66666666666666,0.9847072116240635
21,"20MA, RSI, MACD, CCI, ATR, Williams_%R",128,0.30000000000000004,0.001,16,60,1,150,tanh,0.01402657263319394,2.8189322492870064,0.8841135655241333,85.65400843881856,1.1508130438206527
22,"20MA, RSI, MACD, CCI, ATR, Williams_%R",128,0.30000000000000004,0.001,16,60,1,150,tanh,0.015165011351159857,3.122096980538973,0.864538790028999,83.96624472573839,1.0982523855976483
23,"20MA, RSI, MACD, CCI, ATR, Williams_%R",128,0.4,0.001,16,60,1,150,tanh,0.011052432129275723,2.0802155721032127,0.9280476165946295,94.09282700421942,1.2065449483474382
24,"20MA, RSI, MACD, CCI, ATR, Williams_%R",128,0.4,0.001,16,60,1,150,tanh,0.014096289639747028,2.795068141287068,0.8829587098233295,86.07594936708861,1.0773673445135443
0,"20MA, RSI, MACD, CCI, ATR, Williams_%R",32,0.8,0.0005,32,60,30,150,sigmoid,0.08013394578302245,18.640805354987567,-2.460994440825432,6.837606837606838,0.938191169879681
1,"20MA, RSI, MACD, CCI, ATR, Williams_%R",32,0.30000000000000004,0.0001,32,60,30,100,sigmoid,0.059016590870904585,13.14739422376426,-0.877223936221742,16.666666666666664,1.0089946636252918
2,"20MA, RSI, MACD, CCI, ATR, Williams_%R",128,0.30000000000000004,0.001,16,60,30,50,tanh,0.08277013689892497,19.386210335623613,-2.6924548448013925,4.273504273504273,1.0
3,"20MA, RSI, MACD, CCI, ATR, Williams_%R",32,0.7,0.001,16,60,30,50,tanh,0.08201090284620927,19.128447817344995,-2.6250252168485186,4.700854700854701,1.0
4,"20MA, RSI, MACD, CCI, ATR, Williams_%R",128,0.30000000000000004,0.001,64,60,30,100,relu,0.05113080497198406,10.90826294758463,-0.40907174389555245,21.367521367521366,1.0314826121351106
5,"20MA, RSI, MACD, CCI, ATR, Williams_%R",128,0.5,0.0005,64,60,30,50,relu,0.05063057150573066,10.766870830759096,-0.38163556903864104,24.358974358974358,0.9252563855332794
6,"20MA, RSI, MACD, CCI, ATR, Williams_%R",128,0.4,0.001,32,60,30,150,relu,0.061057632510373994,13.381029963080016,-1.0093138015090797,18.803418803418804,1.0
7,"20MA, RSI, MACD, CCI, ATR, Williams_%R",32,0.6000000000000001,0.0001,64,60,30,50,sigmoid,0.07720835452792593,16.57860923463431,-2.2128943116755666,9.401709401709402,1.111466481927567
8,"20MA, RSI, MACD, CCI, ATR, Williams_%R",32,0.6000000000000001,0.0001,64,60,30,150,sigmoid,0.05398247216947709,10.891421695933907,-0.5706281793382451,25.64102564102564,1.0376212017898538
9,"20MA, RSI, MACD, CCI, ATR, Williams_%R",128,0.5,0.0001,16,60,30,100,tanh,0.06651028565742809,14.78213896625362,-1.3842153087743028,14.102564102564102,1.0
10,"20MA, RSI, MACD, CCI, ATR, Williams_%R",64,0.2,0.0005,64,60,30,50,relu,0.04836340272786078,10.177117889697431,-0.26067036621202466,29.059829059829063,0.8436362179888734
11,"20MA, RSI, MACD, CCI, ATR, Williams_%R",64,0.2,0.0005,64,60,30,50,relu,0.048499938672027024,10.209394500117655,-0.26779847452518446,29.48717948717949,0.9091917202854922
12,"20MA, RSI, MACD, CCI, ATR, Williams_%R",64,0.2,0.0005,64,60,30,50,relu,0.04857713574384073,10.215467708744413,-0.271837581476001,28.63247863247863,0.8904160303571474
13,"20MA, RSI, MACD, CCI, ATR, Williams_%R",64,0.2,0.0005,64,60,30,50,relu,0.052153674799028965,11.130394773364102,-0.46601250661464966,22.64957264957265,0.8552611194761311
14,"20MA, RSI, MACD, CCI, ATR, Williams_%R",64,0.2,0.0005,64,60,30,50,relu,0.051208107561413405,10.833063048983396,-0.41333560143187653,24.786324786324787,0.8552611194761311
15,"20MA, RSI, MACD, CCI, ATR, Williams_%R",64,0.4,0.0005,64,60,30,50,relu,0.04932586281360329,10.391860084798148,-0.3113457933893755,27.77777777777778,0.9123881459832999
16,"20MA, RSI, MACD, CCI, ATR, Williams_%R",64,0.4,0.0005,64,60,30,50,relu,0.04912137652235478,10.383783330686752,-0.30049564728309064,27.350427350427353,0.834349177910431
17,"20MA, RSI, MACD, CCI, ATR, Williams_%R",64,0.2,0.0005,64,60,30,50,relu,0.05302126984235297,11.355162413223916,-0.5151934890890448,21.794871794871796,0.9361904848557059
18,"20MA, RSI, MACD, CCI, ATR, Williams_%R",64,0.30000000000000004,0.0005,16,60,30,150,relu,0.07815181941890874,17.851753374656887,-2.2918954389416184,6.41025641025641,1.0
19,"20MA, RSI, MACD, CCI, ATR, Williams_%R",64,0.2,0.0005,32,60,30,100,tanh,0.0764010245725929,17.58472307944407,-2.1460542800609184,5.555555555555555,1.0
20,"20MA, RSI, MACD, CCI, ATR, Williams_%R",64,0.5,0.0005,64,60,30,50,relu,0.04980792723700025,10.461172173385089,-0.33710275542269086,26.923076923076923,0.8201392349247031
21,"20MA, RSI, MACD, CCI, ATR, Williams_%R",64,0.2,0.0005,64,60,30,50,relu,0.0484158300856091,10.093483451930279,-0.2634050555133882,29.48717948717949,0.8904160303571474
22,"20MA, RSI, MACD, CCI, ATR, Williams_%R",64,0.30000000000000004,0.0005,64,60,30,50,relu,0.049235219338798486,10.290128905438166,-0.3065306430090706,29.914529914529915,0.9402762963047177
23,"20MA, RSI, MACD, CCI, ATR, Williams_%R",64,0.2,0.0005,64,60,30,50,relu,0.048690282943693756,10.313247179407167,-0.2777692796868849,28.205128205128204,0.8810698910214296
24,"20MA, RSI, MACD, CCI, ATR, Williams_%R",64,0.4,0.0005,64,60,30,50,relu,0.04896394694606273,10.266043593641086,-0.29217306301411394,27.350427350427353,0.8700795932524543
0,"20MA, RSI, MACD, CCI, ATR, OBV",32,0.5,0.0005,64,60,1,150,tanh,0.02831196459439862,6.479666119236674,0.5278614258769724,40.08438818565401,0.8940449814073654
1,"20MA, RSI, MACD, CCI, ATR, OBV",128,0.7,0.0005,64,60,1,50,relu,0.04366848670147938,10.607257464243277,-0.12322239816586489,8.438818565400844,0.8389306574757176
2,"20MA, RSI, MACD, CCI, ATR, OBV",128,0.6000000000000001,0.0005,64,60,1,150,tanh,0.020397482599111717,4.5728635241448385,0.7549342531043702,62.447257383966246,0.9028815529728985
3,"20MA, RSI, MACD, CCI, ATR, OBV",64,0.4,0.0005,32,60,1,50,relu,0.018918698205760084,3.7807677774753254,0.7891799219841487,70.88607594936708,0.8265553255681014
4,"20MA, RSI, MACD, CCI, ATR, OBV",32,0.30000000000000004,0.0005,32,60,1,50,relu,0.01662182482510346,3.1714750926014856,0.8372627873600643,81.43459915611815,0.8482962295955169
5,"20MA, RSI, MACD, CCI, ATR, OBV",64,0.30000000000000004,0.0005,32,60,1,50,sigmoid,0.04730637531372014,11.060426397426378,-0.3181620894560033,10.970464135021098,0.8389306574757176
6,"20MA, RSI, MACD, CCI, ATR, OBV",128,0.8,0.001,32,60,1,50,tanh,0.012863672758218753,2.4178899992261975,0.9025325872588484,91.13924050632912,1.3940947238904497
7,"20MA, RSI, MACD, CCI, ATR, OBV",32,0.4,0.001,32,60,1,50,sigmoid,0.04068856635480578,9.922910778702027,0.024843663926763848,7.59493670886076,0.8560980464972762
8,"20MA, RSI, MACD, CCI, ATR, OBV",128,0.30000000000000004,0.0001,32,60,1,150,tanh,0.028620669764906383,6.218014725509531,0.5175091781896684,40.08438818565401,0.9081900540839902
9,"20MA, RSI, MACD, CCI, ATR, OBV",128,0.7,0.0005,16,60,1,150,sigmoid,0.12757915289064062,32.123911051416975,-8.587136247640908,0.0,1.0
10,"20MA, RSI, MACD, CCI, ATR, OBV",128,0.8,0.001,16,60,1,100,tanh,0.014266116884562155,2.9432022090360705,0.8801215754039586,85.65400843881856,1.0293169177870998
11,"20MA, RSI, MACD, CCI, ATR, OBV",128,0.8,0.001,16,60,1,100,tanh,0.011964999147496345,2.229516351444414,0.9156752980014009,91.9831223628692,0.9236302992964794
12,"20MA, RSI, MACD, CCI, ATR, OBV",128,0.8,0.001,16,60,1,100,tanh,0.014740605587774618,3.0703555428352627,0.8720146904878526,85.65400843881856,0.8910710074717821
13,"20MA, RSI, MACD, CCI, ATR, OBV",128,0.7,0.001,16,60,1,100,tanh,0.012324411064646512,2.2998027093443056,0.9105332169998013,91.13924050632912,0.9533349655994965
14,"20MA, RSI, MACD, CCI, ATR, OBV",128,0.6000000000000001,0.001,16,60,1,100,tanh,0.014268568203105136,2.754503893080186,0.8800803749211361,86.07594936708861,0.8898352464653865
15,"20MA, RSI, MACD, CCI, ATR, OBV",64,0.7,0.0001,16,60,1,100,tanh,0.016802566645454774,3.233395546554173,0.8337044130330209,76.79324894514767,0.8600309219489651
16,"20MA, RSI, MACD, CCI, ATR, OBV",128,0.6000000000000001,0.001,16,60,1,100,tanh,0.013427706458638408,2.5460239146947687,0.8937978892624237,88.60759493670885,0.9716800737280672
17,"20MA, RSI, MACD, CCI, ATR, OBV",128,0.7,0.001,16,60,1,100,tanh,0.012099091643605434,2.299514192162291,0.9137746425145931,91.56118143459916,1.139473409294538
18,"20MA, RSI, MACD, CCI, ATR, OBV",64,0.8,0.001,16,60,1,100,sigmoid,0.02911201908693901,6.86569743149375,0.5008005183699276,26.160337552742618,0.9324433064457167
19,"20MA, RSI, MACD, CCI, ATR, OBV",32,0.5,0.0001,16,60,1,100,relu,0.01914970232812985,3.778253393207002,0.78400011196589,72.15189873417721,1.112150834766781
20,"20MA, RSI, MACD, CCI, ATR, OBV",128,0.2,0.001,16,60,1,100,tanh,0.014993071090273171,3.093552612122504,0.8675930835893941,84.38818565400844,1.027857185103675
21,"20MA, RSI, MACD, CCI, ATR, OBV",128,0.7,0.001,16,60,1,100,tanh,0.018825065648014748,4.010705252828168,0.7912615425239858,67.51054852320675,1.0414807391768341
22,"20MA, RSI, MACD, CCI, ATR, OBV",128,0.7,0.001,16,60,1,100,tanh,0.014756534781614058,3.089254574167281,0.8717379305763199,84.81012658227847,1.027857185103675
23,"20MA, RSI, MACD, CCI, ATR, OBV",128,0.6000000000000001,0.001,16,60,1,100,tanh,0.014916549873621902,3.222586520514347,0.8689411840184873,83.54430379746836,1.360933180783103
24,"20MA, RSI, MACD, CCI, ATR, OBV",128,0.8,0.001,16,60,1,100,tanh,0.013985882880991347,2.8238524749536023,0.8847849413443515,87.76371308016878,1.0414807391768341
0,"20MA, RSI, MACD, CCI, ATR, OBV",32,0.4,0.001,32,60,30,100,relu,0.06307644938182289,13.675642376537079,-1.1443828399151261,19.230769230769234,1.0
1,"20MA, RSI, MACD, CCI, ATR, OBV",32,0.8,0.0001,16,60,30,50,tanh,0.055955747548462866,12.0874602109662,-0.6875523351686046,20.94017094017094,0.9381593972301764
2,"20MA, RSI, MACD, CCI, ATR, OBV",32,0.30000000000000004,0.0005,64,60,30,50,sigmoid,0.06129539368581416,12.449907957385266,-1.0249929870897212,22.22222222222222,1.0942842760189626
3,"20MA, RSI, MACD, CCI, ATR, OBV",32,0.2,0.001,32,60,30,100,tanh,0.0610903639214353,13.336885237414137,-1.0114686608265844,18.803418803418804,0.907286646641466
4,"20MA, RSI, MACD, CCI, ATR, OBV",128,0.8,0.001,64,60,30,150,tanh,0.04470062098607049,9.5738509840015,-0.07694855747097384,29.914529914529915,0.9173733427950885
5,"20MA, RSI, MACD, CCI, ATR, OBV",128,0.30000000000000004,0.001,64,60,30,50,tanh,0.05305495943025573,11.363731771477898,-0.5171196014482118,19.230769230769234,1.0
6,"20MA, RSI, MACD, CCI, ATR, OBV",64,0.8,0.0001,32,60,30,100,sigmoid,0.07014685766476064,15.42127665443666,-1.6520657557263965,8.11965811965812,1.0
7,"20MA, RSI, MACD, CCI, ATR, OBV",64,0.8,0.001,32,60,30,50,tanh,0.07099692492443582,16.111930733559486,-1.7167327816296938,8.547008547008547,1.0
8,"20MA, RSI, MACD, CCI, ATR, OBV",64,0.7,0.0001,64,60,30,100,tanh,0.03931292249451495,8.256191727131963,0.16701245783622054,33.76068376068376,1.0374934126924054
9,"20MA, RSI, MACD, CCI, ATR, OBV",32,0.4,0.0001,16,60,30,150,sigmoid,0.07799976730558458,17.65928324175932,-2.279098482011254,3.8461538461538463,1.0414807391768341
10,"20MA, RSI, MACD, CCI, ATR, OBV",64,0.6000000000000001,0.0005,64,60,30,100,relu,0.04538994985402886,9.52772919045914,-0.11041993999792177,32.05128205128205,0.882863800962117
11,"20MA, RSI, MACD, CCI, ATR, OBV",128,0.6000000000000001,0.0001,64,60,30,150,tanh,0.0437094728664368,9.11024410649975,-0.029719610887908088,33.33333333333333,1.128647764533816
12,"20MA, RSI, MACD, CCI, ATR, OBV",128,0.6000000000000001,0.0001,64,60,30,150,tanh,0.047057243048569286,9.76994968877522,-0.19349555253526374,31.196581196581196,0.904999008658358
13,"20MA, RSI, MACD, CCI, ATR, OBV",128,0.6000000000000001,0.0001,64,60,30,150,tanh,0.04257009281187105,9.009437727575435,0.023264348466619733,32.47863247863248,0.8755126978659118
14,"20MA, RSI, MACD, CCI, ATR, OBV",64,0.7,0.0001,64,60,30,150,tanh,0.03962995347819857,8.29671352211428,0.1535233726175168,35.04273504273504,1.2585808357875317
15,"20MA, RSI, MACD, CCI, ATR, OBV",64,0.7,0.0001,64,60,30,100,relu,0.04012467519219406,8.226471487054198,0.13225742617032543,37.17948717948718,1.437478700384965
16,"20MA, RSI, MACD, CCI, ATR, OBV",64,0.7,0.0001,16,60,30,100,tanh,0.06075857875113192,13.256560010924307,-0.9896791950980457,15.81196581196581,1.0314826121351106
17,"20MA, RSI, MACD, CCI, ATR, OBV",64,0.7,0.0005,64,60,30,150,tanh,0.053902817335409865,11.95321252621368,-0.565996460219861,19.65811965811966,0.9320845995870745
18,"20MA, RSI, MACD, CCI, ATR, OBV",64,0.5,0.0001,64,60,30,100,relu,0.03947132678112285,8.274080477609681,0.16028618968586827,37.17948717948718,1.4457192380582393
19,"20MA, RSI, MACD, CCI, ATR, OBV",64,0.5,0.0001,16,60,30,100,relu,0.06727316896420572,15.025036042503093,-1.4392236265905871,9.401709401709402,1.0314826121351106
20,"20MA, RSI, MACD, CCI, ATR, OBV",64,0.5,0.0005,64,60,30,100,relu,0.040388367129796446,8.532758970633353,0.12081466232993632,34.18803418803419,0.914884717393957
21,"20MA, RSI, MACD, CCI, ATR, OBV",64,0.7,0.0001,64,60,30,100,relu,0.04027385822349834,8.34658818500653,0.12579291931775904,36.324786324786324,1.3472996369089487
22,"20MA, RSI, MACD, CCI, ATR, OBV",64,0.4,0.0001,64,60,30,100,relu,0.04183038562537641,8.67633816783284,0.05691338181265759,35.04273504273504,1.1619450004218108
23,"20MA, RSI, MACD, CCI, ATR, OBV",64,0.5,0.0001,64,60,30,150,sigmoid,0.05027634828876019,10.269643077710471,-0.36237071076680283,28.63247863247863,1.0925408687972424
24,"20MA, RSI, MACD, CCI, ATR, OBV",64,0.7,0.0001,64,60,30,100,tanh,0.04014728202616986,8.311723379189601,0.13127935278105995,36.324786324786324,1.203748676412956
0,"20MA, RSI, MACD, CCI, Williams_%R, OBV",32,0.4,0.0005,16,60,1,150,tanh,0.012943485728028196,2.4471861281472536,0.9013193572860292,91.13924050632912,0.9105235849737584
1,"20MA, RSI, MACD, CCI, Williams_%R, OBV",128,0.2,0.0005,64,60,1,50,tanh,0.06109823141580284,15.521135486643134,-1.198805169000861,1.6877637130801686,1.0314826121351106
2,"20MA, RSI, MACD, CCI, Williams_%R, OBV",32,0.4,0.0001,16,60,1,100,sigmoid,0.07233881288775887,17.215550159313448,-2.0822809781016627,2.5316455696202533,1.111466481927567
3,"20MA, RSI, MACD, CCI, Williams_%R, OBV",64,0.8,0.0001,16,60,1,50,relu,0.019559274739623315,3.77170986927281,0.7746617251158913,73.83966244725738,1.1161041112740067
4,"20MA, RSI, MACD, CCI, Williams_%R, OBV",64,0.30000000000000004,0.001,32,60,1,150,relu,0.013910486911501417,2.689150906438326,0.8860238100781035,87.76371308016878,1.0696990504677206
5,"20MA, RSI, MACD, CCI, Williams_%R, OBV",32,0.30000000000000004,0.0005,32,60,1,150,tanh,0.018151562964899802,3.6758118099020693,0.805930394043706,72.9957805907173,0.9887773373323485
6,"20MA, RSI, MACD, CCI, Williams_%R, OBV",32,0.2,0.0005,32,60,1,100,tanh,0.018934875841224084,3.9852667890040965,0.7888192176115733,71.30801687763713,0.8847159390479954
7,"20MA, RSI, MACD, CCI, Williams_%R, OBV",64,0.30000000000000004,0.001,64,60,1,150,relu,0.03166031514102617,7.74579042930324,0.4095815260282698,15.611814345991561,0.9324433064457167
8,"20MA, RSI, MACD, CCI, Williams_%R, OBV",32,0.2,0.0005,16,60,1,100,tanh,0.01682186025459107,3.301037470842194,0.8333222947321107,77.21518987341773,0.9301733523844494
9,"20MA, RSI, MACD, CCI, Williams_%R, OBV",32,0.8,0.001,32,60,1,50,tanh,0.015839183359676327,3.150215115611469,0.8522270157835794,81.43459915611815,1.0517233456110997
10,"20MA, RSI, MACD, CCI, Williams_%R, OBV",128,0.6000000000000001,0.0005,16,60,1,150,sigmoid,0.03250133233600757,7.2280752367696195,0.37779743081070083,28.270042194092827,0.9951019182853664
11,"20MA, RSI, MACD, CCI, Williams_%R, OBV",64,0.5,0.001,32,60,1,150,relu,0.045641553676528085,11.128197833412166,-0.22701623928104842,4.641350210970464,1.105789163474866
12,"20MA, RSI, MACD, CCI, Williams_%R, OBV",64,0.5,0.001,16,60,1,150,relu,0.016657017157911732,3.4728295047709357,0.8365729515541346,77.21518987341773,0.8389306574757176
13,"20MA, RSI, MACD, CCI, Williams_%R, OBV",64,0.4,0.001,32,60,1,150,relu,0.015619279525477647,3.2584312919078635,0.8563017545505855,82.70042194092827,0.8617801407734152
14,"20MA, RSI, MACD, CCI, Williams_%R, OBV",128,0.6000000000000001,0.0001,64,60,1,150,sigmoid,0.041320593922338535,8.996907204975958,-0.005686410122624608,24.894514767932492,1.0579034558852725
15,"20MA, RSI, MACD, CCI, Williams_%R, OBV",32,0.4,0.0005,16,60,1,150,tanh,0.01579636500436031,3.1372300941990914,0.8530248907140842,83.12236286919831,0.9400237530378217
16,"20MA, RSI, MACD, CCI, Williams_%R, OBV",64,0.30000000000000004,0.001,32,60,1,150,relu,0.019610577646593068,4.3875770660649165,0.7734780749041367,61.18143459915611,0.9202460652220731
17,"20MA, RSI, MACD, CCI, Williams_%R, OBV",64,0.5,0.0005,16,60,1,150,relu,0.01748359917353518,3.6228005474786418,0.8199508175187797,77.21518987341773,0.8629523173587339
18,"20MA, RSI, MACD, CCI, Williams_%R, OBV",32,0.6000000000000001,0.001,32,60,1,50,tanh,0.016550840450010592,3.3744670899584834,0.8386497750322689,78.90295358649789,0.9074864949511561
19,"20MA, RSI, MACD, CCI, Williams_%R, OBV",128,0.30000000000000004,0.0001,64,60,1,100,sigmoid,0.04418379903326323,9.555012546959283,-0.14988810327630575,21.940928270042196,1.0129151260112192
20,"20MA, RSI, MACD, CCI, Williams_%R, OBV",64,0.7,0.001,32,60,1,150,tanh,0.01588406664142269,3.3289072795888637,0.8513883445466647,81.85654008438819,0.895305377594118
21,"20MA, RSI, MACD, CCI, Williams_%R, OBV",64,0.4,0.001,32,60,1,150,relu,0.019591968395873748,4.29952297681961,0.7739077821052426,62.869198312236286,0.9202460652220731
22,"20MA, RSI, MACD, CCI, Williams_%R, OBV",64,0.4,0.001,32,60,1,150,relu,0.016083379469054727,3.3273398335298716,0.84763539554154,81.43459915611815,0.863784544712568
23,"20MA, RSI, MACD, CCI, Williams_%R, OBV",64,0.4,0.001,32,60,1,150,relu,0.020223956348501188,4.331585826633667,0.7590861824808489,63.71308016877637,0.8433194248000644
24,"20MA, RSI, MACD, CCI, Williams_%R, OBV",64,0.30000000000000004,0.001,32,60,1,150,relu,0.019704481048118828,4.271660143115319,0.7713035232729867,65.40084388185655,0.8846611956087957
0,"20MA, RSI, MACD, CCI, Williams_%R, OBV",64,0.2,0.001,16,60,30,150,tanh,0.0878411205555885,20.79982369691735,-3.158757341426173,2.564102564102564,1.0
1,"20MA, RSI, MACD, CCI, Williams_%R, OBV",64,0.2,0.001,16,60,30,150,sigmoid,0.2153048299857628,55.40190869960882,-23.984772029414756,0.0,1.0
2,"20MA, RSI, MACD, CCI, Williams_%R, OBV",128,0.8,0.0005,16,60,30,150,tanh,0.08080828282650189,18.81875803903463,-2.5194889194462853,3.8461538461538463,1.0
3,"20MA, RSI, MACD, CCI, Williams_%R, OBV",64,0.6000000000000001,0.001,32,60,30,100,tanh,0.05872336109923195,12.67501186676602,-0.8586159334311385,19.230769230769234,1.0
4,"20MA, RSI, MACD, CCI, Williams_%R, OBV",64,0.7,0.001,64,60,30,100,sigmoid,0.05170952771948924,11.079881055478767,-0.4411493442379042,23.931623931623932,1.0181523454958805
5,"20MA, RSI, MACD, CCI, Williams_%R, OBV",64,0.30000000000000004,0.0005,64,60,30,150,relu,0.048895406366959875,10.274767404728875,-0.2885579826438196,25.213675213675213,0.8837087668046463
6,"20MA, RSI, MACD, CCI, Williams_%R, OBV",64,0.5,0.0005,64,60,30,50,tanh,0.047456820304787345,10.014361221816817,-0.2138502682498471,30.34188034188034,0.834349177910431
7,"20MA, RSI, MACD, CCI, Williams_%R, OBV",128,0.30000000000000004,0.0001,32,60,30,50,tanh,0.06690274164605042,15.228900717315682,-1.412435311116524,7.6923076923076925,1.105789163474866
8,"20MA, RSI, MACD, CCI, Williams_%R, OBV",32,0.2,0.0001,16,60,30,100,sigmoid,0.07484909408746698,16.670578905744456,-2.019541081978426,6.41025641025641,1.0414807391768341
9,"20MA, RSI, MACD, CCI, Williams_%R, OBV",128,0.4,0.001,64,60,30,100,sigmoid,0.10009246139478417,23.979223672923723,-4.399711845556207,1.282051282051282,1.0
10,"20MA, RSI, MACD, CCI, Williams_%R, OBV",32,0.5,0.0005,64,60,30,50,relu,0.04400117608416035,8.99461195208723,-0.04350951956288496,33.76068376068376,0.9953304478227994
11,"20MA, RSI, MACD, CCI, Williams_%R, OBV",32,0.5,0.0005,64,60,30,50,relu,0.04403117787410348,9.110240322117539,-0.04493301908909775,34.61538461538461,0.9707867168893292
12,"20MA, RSI, MACD, CCI, Williams_%R, OBV",32,0.5,0.0005,64,60,30,50,relu,0.0416999660903688,8.706599252141446,0.06278495939286255,34.18803418803419,0.9562338481468363
13,"20MA, RSI, MACD, CCI, Williams_%R, OBV",32,0.6000000000000001,0.0005,64,60,30,50,relu,0.04396687179131447,9.036530768761189,-0.041883067485032344,34.18803418803419,1.0196435715443597
14,"20MA, RSI, MACD, CCI, Williams_%R, OBV",32,0.7,0.0005,64,60,30,50,relu,0.043068915206463346,8.958052624174432,0.00024010245820837994,32.9059829059829,1.1290341619711834
15,"20MA, RSI, MACD, CCI, Williams_%R, OBV",32,0.8,0.0005,64,60,30,50,relu,0.04305250954261092,8.857761915784785,0.0010016076360913617,36.324786324786324,1.1322239698635903
16,"20MA, RSI, MACD, CCI, Williams_%R, OBV",32,0.8,0.0005,32,60,30,50,relu,0.06070664609266316,13.24956216845521,-0.9862793403786492,15.81196581196581,1.0414807391768341
17,"20MA, RSI, MACD, CCI, Williams_%R, OBV",32,0.6000000000000001,0.0001,64,60,30,50,relu,0.04814131515467057,9.792256321254804,-0.2491188059003122,29.059829059829063,0.9912730620278648
18,"20MA, RSI, MACD, CCI, Williams_%R, OBV",32,0.4,0.0005,64,60,30,50,relu,0.04256768142813496,8.804137082313106,0.02337499975260182,33.76068376068376,1.0989585404082598
19,"20MA, RSI, MACD, CCI, Williams_%R, OBV",32,0.4,0.0005,32,60,30,50,relu,0.06216584660739758,13.642625100107844,-1.0829150163745602,14.529914529914532,1.0314826121351106
20,"20MA, RSI, MACD, CCI, Williams_%R, OBV",32,0.4,0.0001,64,60,30,50,relu,0.0562730106173593,11.57671096926099,-0.706743066449171,22.64957264957265,1.0
21,"20MA, RSI, MACD, CCI, Williams_%R, OBV",32,0.5,0.0005,64,60,30,50,relu,0.04208547683134064,8.73067744109542,0.04537599654095503,32.9059829059829,1.1772836662332455
22,"20MA, RSI, MACD, CCI, Williams_%R, OBV",32,0.5,0.0005,64,60,30,50,relu,0.04403383087666808,9.213300617748125,-0.0450589432015136,33.33333333333333,0.9367397354342211
23,"20MA, RSI, MACD, CCI, Williams_%R, OBV",32,0.4,0.0005,64,60,30,50,relu,0.04346198751748686,8.968868511394913,-0.018091968626058552,34.18803418803419,0.9636847794541911
24,"20MA, RSI, MACD, CCI, Williams_%R, OBV",32,0.30000000000000004,0.0005,64,60,30,50,relu,0.04224341438318061,8.743429210169618,0.03819756376122663,32.9059829059829,1.1925599670212756
0,"20MA, RSI, MACD, ATR, Williams_%R, OBV",64,0.4,0.0005,16,60,1,150,tanh,0.013042392351657084,2.447538859718854,0.8998054745228965,89.0295358649789,1.0522518301076507
1,"20MA, RSI, MACD, ATR, Williams_%R, OBV",128,0.6000000000000001,0.001,64,60,1,150,tanh,0.014945121940390127,3.0252808051911,0.8684386271122093,82.70042194092827,1.107410878303583
2,"20MA, RSI, MACD, ATR, Williams_%R, OBV",32,0.7,0.0005,16,60,1,50,sigmoid,0.06436188692027707,15.989830113132506,-1.439984160274221,2.109704641350211,1.0
3,"20MA, RSI, MACD, ATR, Williams_%R, OBV",64,0.8,0.0001,32,60,1,50,tanh,0.03860566685532408,8.94678012963154,0.12212720950679945,20.675105485232066,0.9484560716331362
4,"20MA, RSI, MACD, ATR, Williams_%R, OBV",32,0.7,0.001,64,60,1,100,relu,0.014782310558059055,2.8486108522362517,0.871289459186578,86.91983122362869,1.012292024387964
5,"20MA, RSI, MACD, ATR, Williams_%R, OBV",128,0.8,0.0005,16,60,1,150,tanh,0.011528722900165846,2.1173346506995188,0.921712599520983,91.9831223628692,1.1603423698422906
6,"20MA, RSI, MACD, ATR, Williams_%R, OBV",128,0.5,0.001,64,60,1,100,sigmoid,0.0523117500748561,12.943908753167396,-0.6118624200783562,9.282700421940929,0.8389306574757176
7,"20MA, RSI, MACD, ATR, Williams_%R, OBV",64,0.7,0.0005,32,60,1,100,relu,0.025546774441630723,5.526553701212619,0.6155838559642464,49.789029535864984,0.9390774454517116
8,"20MA, RSI, MACD, ATR, Williams_%R, OBV",128,0.4,0.0005,16,60,1,150,relu,0.01682530054787997,3.3741471766435898,0.8332541121627425,79.74683544303798,1.127052427503243
9,"20MA, RSI, MACD, ATR, Williams_%R, OBV",32,0.6000000000000001,0.0005,32,60,1,150,tanh,0.01929121206627009,3.916630364371296,0.7807959865413865,71.30801687763713,0.9331144148321787
10,"20MA, RSI, MACD, ATR, Williams_%R, OBV",128,0.2,0.0001,16,60,1,150,tanh,0.013224043020640333,2.4566243134167722,0.8969950779239991,89.45147679324894,0.9801445384909739
11,"20MA, RSI, MACD, ATR, Williams_%R, OBV",64,0.30000000000000004,0.0005,16,60,1,150,tanh,0.011359994894139165,2.061048893794802,0.9239873727566308,92.82700421940928,1.3391638369673409
12,"20MA, RSI, MACD, ATR, Williams_%R, OBV",64,0.2,0.0005,16,60,1,150,tanh,0.012724299184447533,2.3741440113409955,0.9046331989251577,90.29535864978902,0.994665277795174
13,"20MA, RSI, MACD, ATR, Williams_%R, OBV",128,0.30000000000000004,0.0005,16,60,1,150,tanh,0.012850671754105524,2.5028847489972885,0.9027295036304828,89.87341772151899,1.010782228490925
14,"20MA, RSI, MACD, ATR, Williams_%R, OBV",64,0.4,0.0005,16,60,1,150,tanh,0.010964637727724947,2.0537545242458646,0.929186176311996,92.40506329113924,1.3390782895439814
15,"20MA, RSI, MACD, ATR, Williams_%R, OBV",64,0.30000000000000004,0.0001,16,60,1,50,sigmoid,0.08275339924495824,20.253512642986628,-3.033677341507598,2.109704641350211,1.0096929671175239
16,"20MA, RSI, MACD, ATR, Williams_%R, OBV",64,0.4,0.0005,16,60,1,150,tanh,0.017476525496932474,3.4284827225394436,0.8200964799801995,78.05907172995781,1.0640669245252867
17,"20MA, RSI, MACD, ATR, Williams_%R, OBV",64,0.30000000000000004,0.0005,16,60,1,150,tanh,0.011169460369941918,2.0319105116960676,0.9265158196831396,93.24894514767934,1.105998161893085
18,"20MA, RSI, MACD, ATR, Williams_%R, OBV",64,0.5,0.001,32,60,1,100,sigmoid,0.03659051662484746,8.86397571220844,0.21138223914124088,24.894514767932492,0.8770671237479922
19,"20MA, RSI, MACD, ATR, Williams_%R, OBV",64,0.30000000000000004,0.0001,64,60,1,50,relu,0.023493746752598108,4.776662451168521,0.6748872234293536,63.29113924050633,1.2722133722638158
20,"20MA, RSI, MACD, ATR, Williams_%R, OBV",64,0.4,0.0005,16,60,1,150,tanh,0.01361755076799285,2.641856935006581,0.8907736359083627,88.60759493670885,1.1405208935155329
21,"20MA, RSI, MACD, ATR, Williams_%R, OBV",64,0.30000000000000004,0.0005,16,60,1,150,tanh,0.012176720226361347,2.310690352073678,0.9126646376254559,91.56118143459916,0.9724140742032957
22,"20MA, RSI, MACD, ATR, Williams_%R, OBV",64,0.2,0.0005,16,60,1,150,tanh,0.03368819532660483,8.008491932592463,0.3315253168764306,11.814345991561181,1.0
23,"20MA, RSI, MACD, ATR, Williams_%R, OBV",64,0.30000000000000004,0.0005,16,60,1,150,tanh,0.013571984693884985,2.5913815294656994,0.8915033838368928,88.60759493670885,0.9830983239857475
24,"20MA, RSI, MACD, ATR, Williams_%R, OBV",64,0.4,0.0005,16,60,1,150,tanh,0.012263030980143644,2.2741617511731804,0.9114221526063188,91.13924050632912,1.0327982586191646
0,"20MA, RSI, MACD, ATR, Williams_%R, OBV",64,0.30000000000000004,0.0005,64,60,30,100,tanh,0.04390761695039525,9.38929035650732,-0.039076635678289895,29.059829059829063,0.9264439396116085
1,"20MA, RSI, MACD, ATR, Williams_%R, OBV",32,0.6000000000000001,0.0005,64,60,30,50,tanh,0.043982084433626986,9.150314608144877,-0.04260418026038115,32.05128205128205,1.0194796902532384
2,"20MA, RSI, MACD, ATR, Williams_%R, OBV",32,0.6000000000000001,0.0001,32,60,30,100,tanh,0.04375240279734591,9.130916229998489,-0.03174331410598996,33.33333333333333,0.9767811919462198
3,"20MA, RSI, MACD, ATR, Williams_%R, OBV",128,0.2,0.001,64,60,30,100,sigmoid,0.08749811358765713,20.444491601438045,-3.1263420527356365,4.700854700854701,1.0
4,"20MA, RSI, MACD, ATR, Williams_%R, OBV",64,0.2,0.001,32,60,30,100,sigmoid,0.13047776089398735,32.66214512721518,-8.175734451943478,0.0,1.0
5,"20MA, RSI, MACD, ATR, Williams_%R, OBV",128,0.2,0.001,64,60,30,50,sigmoid,0.08128931685076075,18.495877706808077,-2.5615151293846607,3.8461538461538463,1.0
6,"20MA, RSI, MACD, ATR, Williams_%R, OBV",128,0.2,0.0005,64,60,30,150,sigmoid,0.06805958955857494,15.377903516722272,-1.4965858079548422,7.6923076923076925,1.0314826121351106
7,"20MA, RSI, MACD, ATR, Williams_%R, OBV",32,0.6000000000000001,0.0001,16,60,30,150,tanh,0.05929896007487752,12.88591610754283,-0.8952303408830726,15.384615384615385,1.0314826121351106
8,"20MA, RSI, MACD, ATR, Williams_%R, OBV",128,0.7,0.0005,16,60,30,50,relu,0.0887504149275916,21.004122544174297,-3.245302391168881,1.7094017094017095,1.0
9,"20MA, RSI, MACD, ATR, Williams_%R, OBV",32,0.30000000000000004,0.001,16,60,30,150,relu,0.06236672996239897,13.799135185621047,-1.0963982721383885,15.81196581196581,1.0
10,"20MA, RSI, MACD, ATR, Williams_%R, OBV",32,0.8,0.0001,32,60,30,100,tanh,0.04418582614527077,9.12494011162303,-0.05228603015789801,32.47863247863248,1.0064349787163092
11,"20MA, RSI, MACD, ATR, Williams_%R, OBV",64,0.4,0.0001,32,60,30,100,tanh,0.04902428479141508,10.292764997596018,-0.295359692454757,27.77777777777778,0.8592165781354549
12,"20MA, RSI, MACD, ATR, Williams_%R, OBV",64,0.5,0.0001,32,60,30,100,tanh,0.05163471966221988,10.86214181294851,-0.43698254544903636,26.923076923076923,0.9228516929087945
13,"20MA, RSI, MACD, ATR, Williams_%R, OBV",64,0.4,0.0005,64,60,30,100,tanh,0.05941174290664141,13.166027871734842,-0.9024464105514147,16.23931623931624,0.9277434621269794
14,"20MA, RSI, MACD, ATR, Williams_%R, OBV",32,0.5,0.0001,32,60,30,100,tanh,0.0415184796333803,8.694795034553174,0.07092509553674742,35.04273504273504,1.1161841742023608
15,"20MA, RSI, MACD, ATR, Williams_%R, OBV",32,0.6000000000000001,0.0001,32,60,30,100,tanh,0.0449501969801875,9.322901924130864,-0.08900793557554953,31.62393162393162,0.9615555690778254
16,"20MA, RSI, MACD, ATR, Williams_%R, OBV",32,0.5,0.0001,32,60,30,100,relu,0.04334693720997886,8.940471088472039,-0.012709022831164152,32.9059829059829,0.9668277290897328
17,"20MA, RSI, MACD, ATR, Williams_%R, OBV",32,0.5,0.0001,32,60,30,100,relu,0.04656980826059086,9.583590222570802,-0.16889835022103195,30.34188034188034,0.9619573038834258
18,"20MA, RSI, MACD, ATR, Williams_%R, OBV",32,0.4,0.0001,32,60,30,50,relu,0.057546124052266716,12.133710594054623,-0.7848429212867072,19.230769230769234,1.0089946636252918
19,"20MA, RSI, MACD, ATR, Williams_%R, OBV",32,0.5,0.0001,32,60,30,150,relu,0.04645938262198841,9.655984751533602,-0.16336157351353098,30.76923076923077,0.9441249469279231
20,"20MA, RSI, MACD, ATR, Williams_%R, OBV",32,0.7,0.0001,32,60,30,100,relu,0.04531655256528596,9.479927225362127,-0.10683166032605595,30.34188034188034,0.9579843128660083
21,"20MA, RSI, MACD, ATR, Williams_%R, OBV",32,0.6000000000000001,0.0001,32,60,30,100,tanh,0.045964509841350414,9.614296029522771,-0.13870994195920971,30.34188034188034,0.9169544777840656
22,"20MA, RSI, MACD, ATR, Williams_%R, OBV",32,0.7,0.0001,32,60,30,100,tanh,0.045305840826515224,9.467535700923227,-0.10630846561283835,29.48717948717949,0.9757354572884096
23,"20MA, RSI, MACD, ATR, Williams_%R, OBV",32,0.5,0.0001,32,60,30,100,relu,0.04926993928749275,10.265634912652272,-0.30837398491133805,30.34188034188034,0.9285474691290234
24,"20MA, RSI, MACD, ATR, Williams_%R, OBV",32,0.4,0.0001,32,60,30,100,tanh,0.04087270609890492,8.454389561450636,0.09960177365049927,33.33333333333333,1.2216074953304608
0,"20MA, RSI, Upper_BB, Lower_BB, CCI, ATR",32,0.4,0.001,64,60,1,150,relu,0.014158456149738171,2.6605623155068945,0.8819240981784451,87.34177215189874,0.8107179746963092
1,"20MA, RSI, Upper_BB, Lower_BB, CCI, ATR",64,0.5,0.0005,16,60,1,150,relu,0.014005415816739522,2.704663794887712,0.8844628937634637,85.23206751054853,0.9114842255176434
2,"20MA, RSI, Upper_BB, Lower_BB, CCI, ATR",32,0.30000000000000004,0.0005,32,60,1,50,tanh,0.017852843830886266,3.584571557501748,0.812265416702519,76.37130801687763,0.761450533149768
3,"20MA, RSI, Upper_BB, Lower_BB, CCI, ATR",128,0.30000000000000004,0.0005,16,60,1,100,relu,0.01280342022108126,2.3698342806133517,0.9034435098943459,89.0295358649789,0.9668131673861644
4,"20MA, RSI, Upper_BB, Lower_BB, CCI, ATR",64,0.7,0.001,64,60,1,150,sigmoid,0.039043253673495655,9.139109681161644,0.10211342936944123,15.18987341772152,0.8560980464972762
5,"20MA, RSI, Upper_BB, Lower_BB, CCI, ATR",128,0.2,0.0001,16,60,1,150,sigmoid,0.03269152021808543,7.3241470066181815,0.37049424588715074,33.33333333333333,0.9018818394241016
6,"20MA, RSI, Upper_BB, Lower_BB, CCI, ATR",64,0.7,0.0001,16,60,1,150,relu,0.030705275235586582,6.402998414937258,0.4446644698088099,42.616033755274266,0.9448304531106058
7,"20MA, RSI, Upper_BB, Lower_BB, CCI, ATR",32,0.8,0.0005,32,60,1,50,sigmoid,0.03916372920131025,9.107284333545872,0.09656367399536236,14.767932489451477,0.9136263860985622
8,"20MA, RSI, Upper_BB, Lower_BB, CCI, ATR",64,0.4,0.001,16,60,1,50,sigmoid,0.22709245807007833,59.02716905731309,-29.37630140747951,0.0,1.0
9,"20MA, RSI, Upper_BB, Lower_BB, CCI, ATR",128,0.6000000000000001,0.0005,16,60,1,50,relu,0.01790678065715783,3.5562209372373053,0.8111293395942553,75.52742616033755,0.9517538811307501
10,"20MA, RSI, Upper_BB, Lower_BB, CCI, ATR",128,0.2,0.0005,32,60,1,100,tanh,0.014965322420130107,2.9549836588970364,0.8680827385588408,86.91983122362869,0.8280946779340608
11,"20MA, RSI, Upper_BB, Lower_BB, CCI, ATR",64,0.5,0.0005,16,60,1,100,relu,0.014077401642694283,2.6658672444040086,0.8832721532227772,86.91983122362869,0.9255211413771691
12,"20MA, RSI, Upper_BB, Lower_BB, CCI, ATR",128,0.4,0.0005,16,60,1,100,relu,0.015134073035550541,3.010721067739406,0.8650909382042422,83.12236286919831,0.94159266406005
13,"20MA, RSI, Upper_BB, Lower_BB, CCI, ATR",128,0.5,0.0005,16,60,1,100,relu,0.012983833915388116,2.4472475922177104,0.9007031722862222,90.29535864978902,1.083772721449175
14,"20MA, RSI, Upper_BB, Lower_BB, CCI, ATR",128,0.30000000000000004,0.0005,16,60,1,100,relu,0.012035275712854492,2.238158801425743,0.914681824667717,91.9831223628692,1.1927460148655782
15,"20MA, RSI, Upper_BB, Lower_BB, CCI, ATR",128,0.30000000000000004,0.0001,64,60,1,100,relu,0.04133516051041335,9.568059703912146,-0.006395596532078107,18.9873417721519,0.8917457959043524
16,"20MA, RSI, Upper_BB, Lower_BB, CCI, ATR",128,0.30000000000000004,0.0005,16,60,1,100,tanh,0.014052398099701822,2.674995228906739,0.8836864367487435,87.34177215189874,1.0936903061655134
17,"20MA, RSI, Upper_BB, Lower_BB, CCI, ATR",128,0.2,0.0005,16,60,1,100,relu,0.013446512992208868,2.5518148464382246,0.8935001925189826,88.18565400843882,1.0650920845160305
18,"20MA, RSI, Upper_BB, Lower_BB, CCI, ATR",128,0.30000000000000004,0.001,64,60,1,100,relu,0.014258104364132622,2.6218086924842376,0.8802561962815281,84.81012658227847,1.048892848397656
19,"20MA, RSI, Upper_BB, Lower_BB, CCI, ATR",128,0.4,0.0001,32,60,1,100,tanh,0.01805610075612195,3.632893876407881,0.8079663175324238,76.37130801687763,0.8261737552710314
20,"20MA, RSI, Upper_BB, Lower_BB, CCI, ATR",32,0.2,0.0005,16,60,1,100,relu,0.015793645310613353,3.074405149227757,0.8530754963913554,81.85654008438819,0.9455030215764717
21,"20MA, RSI, Upper_BB, Lower_BB, CCI, ATR",128,0.5,0.0005,16,60,1,100,relu,0.013974710899773648,2.7008028985962427,0.8849689363598535,88.18565400843882,0.9954283099331591
22,"20MA, RSI, Upper_BB, Lower_BB, CCI, ATR",128,0.6000000000000001,0.0005,16,60,1,100,relu,0.013779056656310493,2.6836879413935018,0.8881673946328307,87.34177215189874,1.099092698376042
23,"20MA, RSI, Upper_BB, Lower_BB, CCI, ATR",128,0.6000000000000001,0.0005,16,60,1,100,relu,0.012123641624093469,2.204239549578293,0.9134243718476803,91.13924050632912,1.244647551183217
24,"20MA, RSI, Upper_BB, Lower_BB, CCI, ATR",128,0.6000000000000001,0.0005,16,60,1,100,relu,0.016522978820579095,3.529370263419931,0.83919255065169,77.21518987341773,0.9951019182853664
0,"20MA, RSI, Upper_BB, Lower_BB, CCI, ATR",128,0.5,0.001,64,60,30,150,tanh,0.04893679702390754,10.36065742385421,-0.2907404713267763,23.931623931623932,0.9882607326192862
1,"20MA, RSI, Upper_BB, Lower_BB, CCI, ATR",32,0.6000000000000001,0.0001,32,60,30,100,relu,0.045689154404292755,9.384740802784137,-0.12510767372761378,32.47863247863248,1.0389023022815644
2,"20MA, RSI, Upper_BB, Lower_BB, CCI, ATR",64,0.2,0.0005,64,60,30,50,tanh,0.05805916471929451,12.857251278344387,-0.816809587067957,17.94871794871795,0.8291324900281155
3,"20MA, RSI, Upper_BB, Lower_BB, CCI, ATR",128,0.4,0.0001,64,60,30,50,relu,0.05805106537364643,12.74864635544087,-0.8163027267811171,16.23931623931624,1.0179898430292194
4,"20MA, RSI, Upper_BB, Lower_BB, CCI, ATR",32,0.6000000000000001,0.001,32,60,30,100,tanh,0.0773446840481215,17.66676898704261,-2.2242505709706784,8.11965811965812,1.0
5,"20MA, RSI, Upper_BB, Lower_BB, CCI, ATR",32,0.7,0.0005,16,60,30,100,sigmoid,0.08716714191212761,20.332082788171533,-3.095184366608769,4.273504273504273,1.0
6,"20MA, RSI, Upper_BB, Lower_BB, CCI, ATR",128,0.8,0.001,16,60,30,100,relu,0.07331207926353074,16.42494693964632,-1.8968027234518,9.401709401709402,1.0
7,"20MA, RSI, Upper_BB, Lower_BB, CCI, ATR",128,0.5,0.001,16,60,30,100,sigmoid,0.1376879963944669,33.79880124022081,-9.2178613772081,0.0,1.0
8,"20MA, RSI, Upper_BB, Lower_BB, CCI, ATR",32,0.7,0.0001,16,60,30,150,relu,0.05107337048869574,10.769024959519665,-0.40590794257386187,25.64102564102564,0.9544141878540995
9,"20MA, RSI, Upper_BB, Lower_BB, CCI, ATR",32,0.4,0.0001,32,60,30,50,sigmoid,0.06863362397088749,14.68000405463191,-1.5388772727802777,11.965811965811966,1.0089946636252918
10,"20MA, RSI, Upper_BB, Lower_BB, CCI, ATR",64,0.2,0.0001,32,60,30,100,relu,0.05188995074033611,10.980751515202625,-0.45122370189689653,24.358974358974358,0.9285474691290234
11,"20MA, RSI, Upper_BB, Lower_BB, CCI, ATR",128,0.5,0.001,64,60,30,150,tanh,0.05007263810233028,10.733253798847404,-0.3513529438046099,19.65811965811966,0.9816758222557839
12,"20MA, RSI, Upper_BB, Lower_BB, CCI, ATR",32,0.5,0.0001,64,60,30,150,tanh,0.04008409839424538,8.284517929688736,0.13401157926640428,35.47008547008547,1.2564555671086903
13,"20MA, RSI, Upper_BB, Lower_BB, CCI, ATR",32,0.6000000000000001,0.0001,32,60,30,150,relu,0.04625664616611404,9.648268207689942,-0.1532305221362802,28.63247863247863,0.9796761323124882
14,"20MA, RSI, Upper_BB, Lower_BB, CCI, ATR",32,0.4,0.0001,64,60,30,150,tanh,0.04043406180677311,8.470454741668657,0.11882414778389883,33.33333333333333,1.2500774283382952
15,"20MA, RSI, Upper_BB, Lower_BB, CCI, ATR",32,0.30000000000000004,0.0001,64,60,30,150,tanh,0.040928718925240276,8.545789107473409,0.09713223286827577,34.61538461538461,1.463353796282866
16,"20MA, RSI, Upper_BB, Lower_BB, CCI, ATR",32,0.4,0.0001,64,60,30,150,tanh,0.04066860322191283,8.494384521000773,0.10857181929921966,34.18803418803419,1.3504000087630394
17,"20MA, RSI, Upper_BB, Lower_BB, CCI, ATR",64,0.30000000000000004,0.0005,64,60,30,150,tanh,0.05081665879831248,10.817829045816106,-0.3918103427163646,24.786324786324787,0.915220514534086
18,"20MA, RSI, Upper_BB, Lower_BB, CCI, ATR",32,0.30000000000000004,0.0001,64,60,30,150,tanh,0.03976062413249653,8.184879057263075,0.14793204585738096,37.60683760683761,1.334359504905883
19,"20MA, RSI, Upper_BB, Lower_BB, CCI, ATR",32,0.30000000000000004,0.0001,64,60,30,150,tanh,0.041102978511980214,8.546146209147725,0.08942770156517443,32.47863247863248,1.1528372173920372
20,"20MA, RSI, Upper_BB, Lower_BB, CCI, ATR",64,0.2,0.0005,64,60,30,150,tanh,0.0704808349497,15.729668307546627,-1.6773794556082011,10.683760683760683,0.9251564205131406
21,"20MA, RSI, Upper_BB, Lower_BB, CCI, ATR",32,0.4,0.0001,64,60,30,150,tanh,0.0406799037360322,8.421553172203948,0.10807635127176651,33.33333333333333,1.3076085521249174
22,"20MA, RSI, Upper_BB, Lower_BB, CCI, ATR",32,0.30000000000000004,0.0001,64,60,30,150,tanh,0.03935699846492852,8.188302869703175,0.16514359063283446,34.61538461538461,1.3129353995562052
23,"20MA, RSI, Upper_BB, Lower_BB, CCI, ATR",32,0.30000000000000004,0.0001,64,60,30,150,tanh,0.04122645646136645,8.557027135433724,0.08394856166724718,34.18803418803419,1.4613259699224548
24,"20MA, RSI, Upper_BB, Lower_BB, CCI, ATR",32,0.30000000000000004,0.0001,64,60,30,150,tanh,0.04078206484939254,8.44766257780922,0.10359087705979053,34.61538461538461,1.3338035783903965
0,"20MA, RSI, Upper_BB, Lower_BB, CCI, Williams_%R",32,0.7,0.0001,32,60,1,150,relu,0.019154861433119428,3.730329556154619,0.7838837115967128,73.83966244725738,1.116715727447439
1,"20MA, RSI, Upper_BB, Lower_BB, CCI, Williams_%R",32,0.8,0.0001,16,60,1,100,tanh,0.021153653990356597,4.308822605679126,0.7364273981426274,67.51054852320675,0.9864552378435215
2,"20MA, RSI, Upper_BB, Lower_BB, CCI, Williams_%R",64,0.7,0.001,16,60,1,150,sigmoid,0.04172689240966734,9.965794716530626,-0.02556113695971174,6.751054852320674,1.0414807391768341
3,"20MA, RSI, Upper_BB, Lower_BB, CCI, Williams_%R",32,0.8,0.001,64,60,1,150,sigmoid,0.017048684853399075,3.2148052606357496,0.8287970527387167,83.12236286919831,1.1933009833386163
4,"20MA, RSI, Upper_BB, Lower_BB, CCI, Williams_%R",32,0.30000000000000004,0.0005,16,60,1,150,sigmoid,0.03478308665631807,7.801252774457336,0.2873673624483901,24.050632911392405,1.111466481927567
5,"20MA, RSI, Upper_BB, Lower_BB, CCI, Williams_%R",128,0.8,0.001,64,60,1,50,relu,0.01757237272116936,3.5743475183588447,0.8181177643634586,78.48101265822784,0.900752450666678
6,"20MA, RSI, Upper_BB, Lower_BB, CCI, Williams_%R",64,0.6000000000000001,0.0001,32,60,1,150,sigmoid,0.024495344636053983,5.05538409813693,0.6465755593702951,56.9620253164557,1.0136149092522975
7,"20MA, RSI, Upper_BB, Lower_BB, CCI, Williams_%R",32,0.8,0.0005,64,60,1,150,relu,0.01615282935934106,3.2473901580247473,0.8463166986102234,82.27848101265823,1.0247288629173603
8,"20MA, RSI, Upper_BB, Lower_BB, CCI, Williams_%R",64,0.2,0.0001,32,60,1,150,relu,0.018599199239779027,3.76107147646539,0.7962404538908368,74.68354430379746,1.1213571271297629
9,"20MA, RSI, Upper_BB, Lower_BB, CCI, Williams_%R",64,0.2,0.0001,16,60,1,150,relu,0.03159275658626651,6.8627725168898435,0.41209857370741443,38.81856540084388,0.9391412160137915
10,"20MA, RSI, Upper_BB, Lower_BB, CCI, Williams_%R",128,0.4,0.0005,64,60,1,50,tanh,0.019226193001665545,3.8841928156856063,0.7822711060585554,78.05907172995781,1.0294410364855053
11,"20MA, RSI, Upper_BB, Lower_BB, CCI, Williams_%R",32,0.5,0.0005,64,60,1,100,sigmoid,0.02416168308228509,4.896068286916255,0.6561382744201825,60.75949367088608,0.9935422082988129
12,"20MA, RSI, Upper_BB, Lower_BB, CCI, Williams_%R",32,0.6000000000000001,0.001,64,60,1,150,relu,0.02510880161328606,5.409392601652649,0.6286516986436006,49.789029535864984,0.9412798544847883
13,"20MA, RSI, Upper_BB, Lower_BB, CCI, Williams_%R",32,0.8,0.0005,64,60,1,50,sigmoid,0.05761469833122319,13.505900987768454,-0.9552219116615097,8.016877637130802,1.0
14,"20MA, RSI, Upper_BB, Lower_BB, CCI, Williams_%R",32,0.7,0.001,64,60,1,150,tanh,0.01674534117090415,3.5329077198387173,0.834835209166554,78.48101265822784,1.0428643972519096
15,"20MA, RSI, Upper_BB, Lower_BB, CCI, Williams_%R",32,0.6000000000000001,0.001,64,60,1,100,tanh,0.018495251050735097,3.8076164614639496,0.798511653674854,73.83966244725738,0.840342570939864
16,"20MA, RSI, Upper_BB, Lower_BB, CCI, Williams_%R",128,0.7,0.0005,64,60,1,150,tanh,0.017883173518118453,3.7434569341326616,0.8116270010106864,72.9957805907173,0.9929971146219363
17,"20MA, RSI, Upper_BB, Lower_BB, CCI, Williams_%R",32,0.5,0.001,64,60,1,150,tanh,0.013787197455114553,2.6544283867221155,0.8880352120456974,89.0295358649789,0.9795954492538554
18,"20MA, RSI, Upper_BB, Lower_BB, CCI, Williams_%R",32,0.4,0.0005,64,60,1,100,relu,0.026641184877558254,5.6719165383494135,0.5819419949767598,48.9451476793249,0.9338168356954935
19,"20MA, RSI, Upper_BB, Lower_BB, CCI, Williams_%R",128,0.5,0.001,32,60,1,50,tanh,0.017489979775778836,3.5763193545648013,0.8198193764080092,74.68354430379746,1.2005262466105646
20,"20MA, RSI, Upper_BB, Lower_BB, CCI, Williams_%R",32,0.4,0.0005,64,60,1,150,relu,0.015605538802884752,3.0863414688019715,0.856554474172512,86.91983122362869,0.9585870659648981
21,"20MA, RSI, Upper_BB, Lower_BB, CCI, Williams_%R",32,0.4,0.0005,64,60,1,150,relu,0.018005875696156286,3.7126227939986487,0.8090331579494043,72.9957805907173,0.9314418936685163
22,"20MA, RSI, Upper_BB, Lower_BB, CCI, Williams_%R",32,0.30000000000000004,0.0005,64,60,1,150,relu,0.023222514141361197,4.701153401705601,0.6823506703978437,64.9789029535865,1.163928270692163
23,"20MA, RSI, Upper_BB, Lower_BB, CCI, Williams_%R",32,0.5,0.0005,64,60,1,150,relu,0.015919704872029025,3.20261864928895,0.8507207324003341,82.70042194092827,0.9128733671751487
24,"20MA, RSI, Upper_BB, Lower_BB, CCI, Williams_%R",32,0.5,0.0005,64,60,1,150,relu,0.01596779190978943,3.0419153538997943,0.8498175448896697,83.96624472573839,1.0555588996954182
0,"20MA, RSI, Upper_BB, Lower_BB, CCI, Williams_%R",64,0.2,0.0001,32,60,30,50,tanh,0.055903313725866995,12.068079858510195,-0.684391145625036,22.22222222222222,0.8848487898794656
1,"20MA, RSI, Upper_BB, Lower_BB, CCI, Williams_%R",32,0.2,0.001,64,60,30,100,tanh,0.04280233541624792,8.91618118439332,0.012578048194366587,32.47863247863248,1.0325921545376895
2,"20MA, RSI, Upper_BB, Lower_BB, CCI, Williams_%R",32,0.4,0.0001,32,60,30,150,sigmoid,0.08291340925028502,18.393946165827767,-2.7052489411152396,5.128205128205128,1.0775426253932618
3,"20MA, RSI, Upper_BB, Lower_BB, CCI, Williams_%R",64,0.8,0.0005,64,60,30,100,sigmoid,0.055323708325101556,11.578695989776167,-0.6496446844696464,22.64957264957265,0.9717161329802358
4,"20MA, RSI, Upper_BB, Lower_BB, CCI, Williams_%R",128,0.8,0.001,32,60,30,150,sigmoid,0.08968414094034477,21.127595133628326,-3.3351003093219482,2.1367521367521367,1.0
5,"20MA, RSI, Upper_BB, Lower_BB, CCI, Williams_%R",32,0.4,0.0005,32,60,30,100,relu,0.05365559323986693,11.396513504953182,-0.5516645849910229,21.794871794871796,1.0414807391768341
6,"20MA, RSI, Upper_BB, Lower_BB, CCI, Williams_%R",32,0.8,0.001,64,60,30,100,relu,0.04503628477784637,9.376537554152687,-0.09318322625450737,28.63247863247863,1.0283619418467072
7,"20MA, RSI, Upper_BB, Lower_BB, CCI, Williams_%R",32,0.8,0.0005,64,60,30,100,tanh,0.04391384146562285,9.029855153742984,-0.039371263683055435,34.18803418803419,0.964595043776696
8,"20MA, RSI, Upper_BB, Lower_BB, CCI, Williams_%R",64,0.7,0.0001,64,60,30,100,sigmoid,0.05441958710694743,11.03341116109305,-0.5961670110448203,25.213675213675213,1.1589578570142955
9,"20MA, RSI, Upper_BB, Lower_BB, CCI, Williams_%R",128,0.5,0.0001,32,60,30,50,sigmoid,0.07885197257857966,18.015065798021666,-2.35114307688416,5.555555555555555,1.0
10,"20MA, RSI, Upper_BB, Lower_BB, CCI, Williams_%R",32,0.2,0.001,16,60,30,50,tanh,0.07871337190752982,18.14028027781993,-2.339372604783797,5.982905982905983,1.0
11,"20MA, RSI, Upper_BB, Lower_BB, CCI, Williams_%R",32,0.6000000000000001,0.0005,64,60,30,100,tanh,0.04577466081765774,9.438794733600664,-0.12932285105018893,31.62393162393162,0.9479263375522314
12,"20MA, RSI, Upper_BB, Lower_BB, CCI, Williams_%R",32,0.4,0.001,64,60,30,100,tanh,0.04618921375406352,9.64044197144387,-0.1498706402750336,26.923076923076923,1.0110095347568635
13,"20MA, RSI, Upper_BB, Lower_BB, CCI, Williams_%R",32,0.30000000000000004,0.0005,16,60,30,100,tanh,0.06288613248456619,13.805948701085608,-1.1314621189203193,14.529914529914532,1.0
14,"20MA, RSI, Upper_BB, Lower_BB, CCI, Williams_%R",32,0.6000000000000001,0.001,64,60,30,100,tanh,0.04448327298914074,9.258072565313178,-0.06650111667292302,30.34188034188034,1.044049991145245
15,"20MA, RSI, Upper_BB, Lower_BB, CCI, Williams_%R",128,0.6000000000000001,0.0005,64,60,30,150,tanh,0.04791089912198722,10.216795818498559,-0.23719024858386373,23.931623931623932,0.9324433064457167
16,"20MA, RSI, Upper_BB, Lower_BB, CCI, Williams_%R",32,0.30000000000000004,0.0005,64,60,30,100,tanh,0.045480580608586195,9.492889621123417,-0.1148587494796185,31.62393162393162,0.9260311204470989
17,"20MA, RSI, Upper_BB, Lower_BB, CCI, Williams_%R",32,0.7,0.001,16,60,30,100,relu,0.07494240905278654,16.982757159842535,-2.027074747314693,7.264957264957266,1.0
18,"20MA, RSI, Upper_BB, Lower_BB, CCI, Williams_%R",128,0.5,0.001,64,60,30,150,tanh,0.046006249235727055,9.693881553461281,-0.14077895753571612,27.77777777777778,0.9367517601276973
19,"20MA, RSI, Upper_BB, Lower_BB, CCI, Williams_%R",64,0.30000000000000004,0.0005,64,60,30,50,tanh,0.05589974754808643,12.211491502787613,-0.6841762515057719,19.65811965811966,0.895305377594118
20,"20MA, RSI, Upper_BB, Lower_BB, CCI, Williams_%R",32,0.7,0.001,16,60,30,100,relu,0.07218977937406391,16.189676318789992,-1.8087900309607492,7.6923076923076925,1.0
21,"20MA, RSI, Upper_BB, Lower_BB, CCI, Williams_%R",32,0.6000000000000001,0.001,64,60,30,100,tanh,0.0449933638271879,9.478803222989606,-0.09110054535704903,29.059829059829063,0.8863040263436225
22,"20MA, RSI, Upper_BB, Lower_BB, CCI, Williams_%R",32,0.7,0.001,64,60,30,100,tanh,0.04218451881147217,8.97223304432877,0.040877575187921344,27.77777777777778,0.9375958317202698
23,"20MA, RSI, Upper_BB, Lower_BB, CCI, Williams_%R",32,0.7,0.001,64,60,30,100,tanh,0.04579956065166923,9.489148475329404,-0.13055181044279407,28.63247863247863,1.091790291780116
24,"20MA, RSI, Upper_BB, Lower_BB, CCI, Williams_%R",32,0.8,0.001,64,60,30,100,tanh,0.046042049963368976,9.608768028572094,-0.14255509047274972,27.77777777777778,0.9825511865004067
0,"20MA, RSI, Upper_BB, Lower_BB, CCI, OBV",128,0.2,0.0001,64,60,1,150,relu,0.03514738311247139,8.15199668230423,0.2723618489021954,25.738396624472575,0.9033782525331774
1,"20MA, RSI, Upper_BB, Lower_BB, CCI, OBV",64,0.30000000000000004,0.001,64,60,1,50,sigmoid,0.05063707606754233,12.461299893366823,-0.5103121343400494,5.063291139240507,0.8389306574757176
2,"20MA, RSI, Upper_BB, Lower_BB, CCI, OBV",128,0.8,0.0001,32,60,1,100,relu,0.018188197477870878,3.682727521582386,0.8051462389761592,76.79324894514767,1.0925358444708242
3,"20MA, RSI, Upper_BB, Lower_BB, CCI, OBV",64,0.5,0.0005,32,60,1,100,sigmoid,0.022768350832349557,4.917221384891104,0.694653729043648,58.64978902953587,0.8710452048472723
4,"20MA, RSI, Upper_BB, Lower_BB, CCI, OBV",32,0.30000000000000004,0.001,32,60,1,150,tanh,0.021969390620078483,4.5590723649923826,0.7157074410844935,61.18143459915611,0.9320620455185393
5,"20MA, RSI, Upper_BB, Lower_BB, CCI, OBV",32,0.2,0.0005,64,60,1,100,relu,0.028936222953443797,6.574335795103652,0.5068112572523548,39.24050632911392,0.8983824451795246
6,"20MA, RSI, Upper_BB, Lower_BB, CCI, OBV",64,0.5,0.001,32,60,1,150,relu,0.019935412220396655,4.011110795183024,0.7659115900162543,68.77637130801688,1.0473533199753144
7,"20MA, RSI, Upper_BB, Lower_BB, CCI, OBV",32,0.2,0.0001,16,60,1,50,relu,0.03006333470244695,6.550687894254764,0.4676420119761141,39.24050632911392,0.9207734326628971
8,"20MA, RSI, Upper_BB, Lower_BB, CCI, OBV",128,0.6000000000000001,0.0001,32,60,1,150,sigmoid,0.04669148196193446,11.100839554888639,-0.28411756891008655,9.282700421940929,0.895305377594118
9,"20MA, RSI, Upper_BB, Lower_BB, CCI, OBV",32,0.8,0.0005,32,60,1,150,sigmoid,0.02355994485470927,5.099257692242978,0.6730525080082507,56.118143459915615,0.9315057295323879
10,"20MA, RSI, Upper_BB, Lower_BB, CCI, OBV",128,0.8,0.0001,16,60,1,100,tanh,0.016014800291424307,3.1424905545171686,0.8489319839925626,80.59071729957806,1.004148693710062
11,"20MA, RSI, Upper_BB, Lower_BB, CCI, OBV",128,0.8,0.0001,16,60,1,100,tanh,0.015612958873214493,3.0287266271332816,0.8564180317277428,81.85654008438819,1.0987631067034969
12,"20MA, RSI, Upper_BB, Lower_BB, CCI, OBV",128,0.7,0.0001,16,60,1,100,tanh,0.017309563575045515,3.3924913277846422,0.8235174755434989,77.21518987341773,0.861315491574498
13,"20MA, RSI, Upper_BB, Lower_BB, CCI, OBV",128,0.7,0.0001,16,60,1,100,tanh,0.01573386550969834,3.0784613408671655,0.8541856258282956,81.85654008438819,1.1218073516021319
14,"20MA, RSI, Upper_BB, Lower_BB, CCI, OBV",128,0.6000000000000001,0.0001,16,60,1,100,tanh,0.01715337304878759,3.373058340432948,0.8266880389339374,78.48101265822784,0.830554267633685
15,"20MA, RSI, Upper_BB, Lower_BB, CCI, OBV",128,0.7,0.0001,16,60,1,100,tanh,0.01604502066628275,3.1328191095109448,0.8483613069383136,81.0126582278481,1.0600509645364518
16,"20MA, RSI, Upper_BB, Lower_BB, CCI, OBV",128,0.7,0.0001,16,60,1,100,tanh,0.017054205237739106,3.3615970477054766,0.8286861633545339,77.21518987341773,0.8625998546143498
17,"20MA, RSI, Upper_BB, Lower_BB, CCI, OBV",128,0.6000000000000001,0.0001,16,60,1,50,tanh,0.01731336467509658,3.392357994583094,0.8234399575419447,78.48101265822784,1.0637317157140969
18,"20MA, RSI, Upper_BB, Lower_BB, CCI, OBV",128,0.7,0.001,16,60,1,100,tanh,0.016587773927712515,3.358530981537201,0.837928860102396,79.74683544303798,0.9814596569689218
19,"20MA, RSI, Upper_BB, Lower_BB, CCI, OBV",64,0.4,0.0005,16,60,1,100,tanh,0.01707357342052513,3.4199890184514024,0.8282968257364745,77.63713080168776,0.9413877972026957
20,"20MA, RSI, Upper_BB, Lower_BB, CCI, OBV",128,0.8,0.0001,16,60,1,50,tanh,0.01729499865077694,3.366130638231282,0.8238143487896934,76.37130801687763,1.0340569093881655
21,"20MA, RSI, Upper_BB, Lower_BB, CCI, OBV",128,0.8,0.0001,16,60,1,100,tanh,0.0160208398123686,3.1393911685619362,0.8488180206001109,81.85654008438819,1.0912157492450885
22,"20MA, RSI, Upper_BB, Lower_BB, CCI, OBV",128,0.8,0.0001,16,60,1,100,tanh,0.016413900742093562,3.2198564117946895,0.8413087150401166,79.32489451476793,0.9137480805681917
23,"20MA, RSI, Upper_BB, Lower_BB, CCI, OBV",128,0.7,0.0001,16,60,1,100,tanh,0.015671884906857475,3.100611393425321,0.8553321796389097,81.43459915611815,0.9924302557386585
24,"20MA, RSI, Upper_BB, Lower_BB, CCI, OBV",128,0.6000000000000001,0.0001,16,60,1,100,tanh,0.01761991283312193,3.4991987865515926,0.8171323085767245,76.37130801687763,0.8702899254598978
0,"20MA, RSI, Upper_BB, Lower_BB, CCI, OBV",32,0.5,0.0001,16,60,30,100,sigmoid,0.06499460499626089,14.300009722962729,-1.2767873163428418,11.538461538461538,1.0
1,"20MA, RSI, Upper_BB, Lower_BB, CCI, OBV",64,0.30000000000000004,0.001,32,60,30,50,tanh,0.07312410516071385,16.689039366743685,-1.8819668106898844,7.6923076923076925,1.0
2,"20MA, RSI, Upper_BB, Lower_BB, CCI, OBV",32,0.5,0.001,16,60,30,150,relu,0.07673409929307795,17.49151642028811,-2.173544887248958,4.273504273504273,1.0
3,"20MA, RSI, Upper_BB, Lower_BB, CCI, OBV",128,0.2,0.001,32,60,30,100,relu,0.06080655656382326,13.126721802331026,-0.9928227230646074,19.230769230769234,1.0
4,"20MA, RSI, Upper_BB, Lower_BB, CCI, OBV",32,0.7,0.001,16,60,30,100,relu,0.07446159257652654,16.85430233519395,-1.9883570592019497,6.837606837606838,1.0
5,"20MA, RSI, Upper_BB, Lower_BB, CCI, OBV",32,0.6000000000000001,0.001,64,60,30,100,sigmoid,0.049408116736119355,10.276755535406004,-0.315722940123764,27.77777777777778,0.96570433597516
6,"20MA, RSI, Upper_BB, Lower_BB, CCI, OBV",64,0.2,0.001,16,60,30,50,tanh,0.09122841663968617,21.674542412117038,-3.4856782650521403,1.282051282051282,1.0
7,"20MA, RSI, Upper_BB, Lower_BB, CCI, OBV",64,0.4,0.001,16,60,30,150,tanh,0.08203158462859061,18.968511770965684,-2.626853789231008,3.418803418803419,1.0
8,"20MA, RSI, Upper_BB, Lower_BB, CCI, OBV",32,0.4,0.001,16,60,30,50,sigmoid,0.1936871586892983,49.46172336897693,-19.21945766403212,0.0,1.0
9,"20MA, RSI, Upper_BB, Lower_BB, CCI, OBV",32,0.6000000000000001,0.001,32,60,30,150,tanh,0.05138981317783063,10.782880197764788,-0.4233834887657102,23.504273504273502,1.0720385884023242
10,"20MA, RSI, Upper_BB, Lower_BB, CCI, OBV",128,0.8,0.0005,64,60,30,100,sigmoid,0.06648887970081575,14.647661398506703,-1.3826808635058505,8.547008547008547,1.0
11,"20MA, RSI, Upper_BB, Lower_BB, CCI, OBV",32,0.7,0.0005,64,60,30,150,tanh,0.04389267640777549,9.069458817826293,-0.03836961814544049,32.05128205128205,1.105398471626539
12,"20MA, RSI, Upper_BB, Lower_BB, CCI, OBV",32,0.7,0.0005,64,60,30,150,sigmoid,0.043226607988950276,8.856593348494716,-0.007094353895586769,33.33333333333333,1.1526549322348119
13,"20MA, RSI, Upper_BB, Lower_BB, CCI, OBV",32,0.8,0.0005,64,60,30,150,sigmoid,0.04323878284902094,8.870661419266497,-0.007661734039782653,34.18803418803419,1.1751503345374632
14,"20MA, RSI, Upper_BB, Lower_BB, CCI, OBV",32,0.8,0.0005,64,60,30,150,sigmoid,0.03985425497254166,8.83738115965814,0.14391431347129358,31.62393162393162,1.2973022620959889
15,"20MA, RSI, Upper_BB, Lower_BB, CCI, OBV",128,0.7,0.0005,64,60,30,150,sigmoid,0.06650324087362643,14.790922264967227,-1.3837102623235764,8.11965811965812,1.0
16,"20MA, RSI, Upper_BB, Lower_BB, CCI, OBV",32,0.8,0.0005,64,60,30,150,sigmoid,0.040532559411870145,8.363009174835451,0.11452581997723588,36.75213675213676,1.2397509292309834
17,"20MA, RSI, Upper_BB, Lower_BB, CCI, OBV",32,0.8,0.0001,64,60,30,150,sigmoid,0.048114088014251294,9.533631430203842,-0.24770628463573918,30.34188034188034,1.0854125986795267
18,"20MA, RSI, Upper_BB, Lower_BB, CCI, OBV",64,0.6000000000000001,0.0005,64,60,30,150,sigmoid,0.03632825641780946,7.850410988242232,0.2886932096680278,36.324786324786324,1.1534564915929957
19,"20MA, RSI, Upper_BB, Lower_BB, CCI, OBV",64,0.6000000000000001,0.0005,64,60,30,150,sigmoid,0.05246640318109181,11.007998573650273,-0.48364648009708944,24.358974358974358,0.9540027562229562
20,"20MA, RSI, Upper_BB, Lower_BB, CCI, OBV",64,0.6000000000000001,0.0005,64,60,30,50,relu,0.04797664723480591,10.040719006868756,-0.24058817009939304,27.350427350427353,0.9285474691290234
21,"20MA, RSI, Upper_BB, Lower_BB, CCI, OBV",64,0.8,0.0005,64,60,30,150,sigmoid,0.0453585403829232,9.496305720150973,-0.1088836688369641,29.914529914529915,0.9253763256863262
22,"20MA, RSI, Upper_BB, Lower_BB, CCI, OBV",64,0.7,0.0005,64,60,30,150,sigmoid,0.04755389211557493,9.953800305192848,-0.21882115136897662,28.205128205128204,0.8495824843432757
23,"20MA, RSI, Upper_BB, Lower_BB, CCI, OBV",128,0.8,0.0005,64,60,30,150,sigmoid,0.06301444637209688,13.80657631036889,-1.1401691327824954,12.393162393162394,0.895305377594118
24,"20MA, RSI, Upper_BB, Lower_BB, CCI, OBV",32,0.4,0.0001,64,60,30,150,sigmoid,0.04259909906931321,8.83996975139787,0.02193284571063081,34.18803418803419,1.2600781283419344
0,"20MA, RSI, Upper_BB, Lower_BB, ATR, Williams_%R",128,0.2,0.001,16,60,1,150,relu,0.016641453300565597,3.435420743516049,0.8368782123256724,80.59071729957806,1.0085740215617538
1,"20MA, RSI, Upper_BB, Lower_BB, ATR, Williams_%R",128,0.8,0.001,64,60,1,150,sigmoid,0.03199984096563169,7.761214384268668,0.3968503072004692,14.345991561181433,0.9324433064457167
2,"20MA, RSI, Upper_BB, Lower_BB, ATR, Williams_%R",64,0.4,0.0005,64,60,1,150,tanh,0.021221267122089486,4.373782133285664,0.7347397984950986,68.35443037974683,0.9620628138973674
3,"20MA, RSI, Upper_BB, Lower_BB, ATR, Williams_%R",32,0.30000000000000004,0.0001,32,60,1,50,sigmoid,0.06045379270518083,13.626147446992368,-1.15266562624228,8.016877637130802,1.0269850224331472
4,"20MA, RSI, Upper_BB, Lower_BB, ATR, Williams_%R",32,0.6000000000000001,0.0001,32,60,1,150,sigmoid,0.027383126606166337,5.579640908575823,0.5583324014949858,55.69620253164557,1.1346995339164017
5,"20MA, RSI, Upper_BB, Lower_BB, ATR, Williams_%R",128,0.6000000000000001,0.0005,16,60,1,50,relu,0.02005837719067291,3.9624992287764047,0.7630148905741663,71.30801687763713,1.0570801679338095
6,"20MA, RSI, Upper_BB, Lower_BB, ATR, Williams_%R",32,0.5,0.001,64,60,1,100,relu,0.01829183858144125,3.756123892479321,0.8029192567098598,75.52742616033755,0.9844107453981085
7,"20MA, RSI, Upper_BB, Lower_BB, ATR, Williams_%R",64,0.2,0.001,64,60,1,50,tanh,0.021019284588046472,4.244356687832767,0.7397652243466768,70.042194092827,1.0025790400961703
8,"20MA, RSI, Upper_BB, Lower_BB, ATR, Williams_%R",64,0.7,0.0001,16,60,1,50,tanh,0.025462174809904935,5.172984322679943,0.6181256732044191,57.383966244725734,1.0391062304275875
9,"20MA, RSI, Upper_BB, Lower_BB, ATR, Williams_%R",64,0.30000000000000004,0.0001,32,60,1,100,sigmoid,0.037160379571285485,8.278832120961455,0.18662699621943724,30.37974683544304,0.8809413743099085
10,"20MA, RSI, Upper_BB, Lower_BB, ATR, Williams_%R",128,0.2,0.001,16,60,1,150,relu,0.015514971893665904,3.141054130385722,0.8582146180693122,83.12236286919831,1.0937898685209535
11,"20MA, RSI, Upper_BB, Lower_BB, ATR, Williams_%R",128,0.2,0.001,16,60,1,150,relu,0.01159486350194207,2.142361796986708,0.9208117488510184,93.24894514767934,1.2862709835257902
12,"20MA, RSI, Upper_BB, Lower_BB, ATR, Williams_%R",128,0.30000000000000004,0.001,16,60,1,150,relu,0.0130043148074127,2.5730665289183308,0.900389660637115,89.87341772151899,1.0770988186324373
13,"20MA, RSI, Upper_BB, Lower_BB, ATR, Williams_%R",128,0.4,0.001,16,60,1,150,relu,0.013018327309054728,2.4074935563425335,0.9001748793025554,89.45147679324894,1.223966231738634
14,"20MA, RSI, Upper_BB, Lower_BB, ATR, Williams_%R",128,0.30000000000000004,0.001,16,60,1,150,relu,0.013669898220248767,2.7050847391092634,0.8899322640975834,88.60759493670885,0.954055974709751
15,"20MA, RSI, Upper_BB, Lower_BB, ATR, Williams_%R",128,0.4,0.001,16,60,1,150,relu,0.017759570661237737,3.8179217015593245,0.8142219517234124,75.10548523206751,1.0096929671175239
16,"20MA, RSI, Upper_BB, Lower_BB, ATR, Williams_%R",128,0.30000000000000004,0.0005,16,60,1,100,relu,0.012858435881574244,2.404935751439517,0.9026119302161061,89.87341772151899,1.267025164084586
17,"20MA, RSI, Upper_BB, Lower_BB, ATR, Williams_%R",128,0.2,0.0005,16,60,1,100,relu,0.01701512276473603,3.5085725760031243,0.8294704504605082,80.16877637130801,0.9772572206944548
18,"20MA, RSI, Upper_BB, Lower_BB, ATR, Williams_%R",128,0.5,0.0005,16,60,1,100,relu,0.018879692142737547,4.039670525044236,0.7900483521383532,69.62025316455697,1.0627929952597233
19,"20MA, RSI, Upper_BB, Lower_BB, ATR, Williams_%R",32,0.4,0.0005,32,60,1,100,tanh,0.0147936040942351,2.8679148375520955,0.8710927169506489,83.54430379746836,1.0329937935536342
20,"20MA, RSI, Upper_BB, Lower_BB, ATR, Williams_%R",128,0.30000000000000004,0.0005,16,60,1,100,relu,0.013464356184588877,2.5873460074502628,0.8932173597313537,90.29535864978902,1.048173892220837
21,"20MA, RSI, Upper_BB, Lower_BB, ATR, Williams_%R",128,0.30000000000000004,0.001,16,60,1,150,relu,0.011885905759333886,2.3190026612810657,0.9167864526614324,90.71729957805907,1.4543693515803806
22,"20MA, RSI, Upper_BB, Lower_BB, ATR, Williams_%R",128,0.2,0.001,16,60,1,150,relu,0.011420543343815478,2.10229757984757,0.923174923062153,93.24894514767934,1.1496637842544637
23,"20MA, RSI, Upper_BB, Lower_BB, ATR, Williams_%R",128,0.2,0.001,16,60,1,150,relu,0.014417417288755868,2.8847364289696404,0.8775653319091737,87.76371308016878,0.9262682709829189
24,"20MA, RSI, Upper_BB, Lower_BB, ATR, Williams_%R",128,0.2,0.001,16,60,1,150,relu,0.014431965822411,2.826297371946333,0.877318110985257,86.49789029535864,1.1132210668752267
0,"20MA, RSI, Upper_BB, Lower_BB, ATR, Williams_%R",32,0.2,0.001,16,60,30,50,relu,0.0732203651901598,16.57035211120353,-1.889559404269956,7.6923076923076925,1.0
1,"20MA, RSI, Upper_BB, Lower_BB, ATR, Williams_%R",32,0.8,0.0001,32,60,30,50,relu,0.04902508375286835,10.246665204933098,-0.2954019144229163,27.350427350427353,0.9135086176152405
2,"20MA, RSI, Upper_BB, Lower_BB, ATR, Williams_%R",64,0.8,0.001,64,60,30,150,relu,0.04302597039819205,9.213571651253845,0.002232866451579829,29.914529914529915,0.9406059131257092
3,"20MA, RSI, Upper_BB, Lower_BB, ATR, Williams_%R",32,0.30000000000000004,0.0001,64,60,30,100,relu,0.05051508983723368,10.12440390194809,-0.3753400991013751,27.350427350427353,1.115484342590944
4,"20MA, RSI, Upper_BB, Lower_BB, ATR, Williams_%R",32,0.8,0.0005,16,60,30,50,relu,0.0733014453255077,16.41615624612794,-1.8959624202755534,8.974358974358974,1.0
5,"20MA, RSI, Upper_BB, Lower_BB, ATR, Williams_%R",128,0.6000000000000001,0.0001,64,60,30,100,relu,0.04591226993682823,9.563150122934964,-0.13612306373188798,30.34188034188034,1.0322324799930447
6,"20MA, RSI, Upper_BB, Lower_BB, ATR, Williams_%R",128,0.5,0.001,16,60,30,100,relu,0.07018324403996888,15.55587579076509,-1.6548178130739317,10.683760683760683,1.0
7,"20MA, RSI, Upper_BB, Lower_BB, ATR, Williams_%R",64,0.8,0.0001,16,60,30,50,sigmoid,0.09059641914585337,21.22138042929839,-3.423743227377205,2.9914529914529915,1.0096929671175239
8,"20MA, RSI, Upper_BB, Lower_BB, ATR, Williams_%R",32,0.30000000000000004,0.0001,16,60,30,100,tanh,0.052934613022558516,11.1559386631276,-0.5102447373494983,24.358974358974358,0.9620247124414824
9,"20MA, RSI, Upper_BB, Lower_BB, ATR, Williams_%R",128,0.7,0.0001,64,60,30,100,tanh,0.046459910747749945,9.880993356647037,-0.16338802262560992,29.48717948717949,1.036323926119616
10,"20MA, RSI, Upper_BB, Lower_BB, ATR, Williams_%R",64,0.5,0.001,32,60,30,150,sigmoid,0.08015021516665474,18.501199259991356,-2.462399936631588,5.555555555555555,1.0
11,"20MA, RSI, Upper_BB, Lower_BB, ATR, Williams_%R",64,0.6000000000000001,0.0005,64,60,30,150,relu,0.04736271598003621,10.283072793783544,-0.20904104148069225,25.64102564102564,0.8150599061028448
12,"20MA, RSI, Upper_BB, Lower_BB, ATR, Williams_%R",128,0.6000000000000001,0.001,64,60,30,150,relu,0.05112597876683633,10.79805423903438,-0.4088057536236769,23.504273504273502,0.9979803344617214
13,"20MA, RSI, Upper_BB, Lower_BB, ATR, Williams_%R",64,0.6000000000000001,0.001,64,60,30,150,relu,0.04176377474519981,9.176837362481928,0.05991454049205491,28.205128205128204,1.0438837400045278
14,"20MA, RSI, Upper_BB, Lower_BB, ATR, Williams_%R",64,0.7,0.001,64,60,30,150,sigmoid,0.05894137809664939,12.816089048909635,-0.8724421876122581,19.230769230769234,1.0314826121351106
15,"20MA, RSI, Upper_BB, Lower_BB, ATR, Williams_%R",64,0.5,0.001,64,60,30,150,tanh,0.057029668545965015,11.872991119194555,-0.7529500493983787,23.076923076923077,0.907963324254041
16,"20MA, RSI, Upper_BB, Lower_BB, ATR, Williams_%R",64,0.7,0.001,64,60,30,150,relu,0.053090346972392954,11.521390771219854,-0.5191441073191321,22.22222222222222,0.8875374403704307
17,"20MA, RSI, Upper_BB, Lower_BB, ATR, Williams_%R",64,0.4,0.001,32,60,30,150,relu,0.053735129797332554,11.489451002197956,-0.5562682254917266,22.22222222222222,1.0
18,"20MA, RSI, Upper_BB, Lower_BB, ATR, Williams_%R",64,0.7,0.0005,64,60,30,150,sigmoid,0.05965743899812006,12.535917359545145,-0.9182140058126804,22.64957264957265,0.8766425664798627
19,"20MA, RSI, Upper_BB, Lower_BB, ATR, Williams_%R",64,0.4,0.001,64,60,30,150,tanh,0.05332817481963576,11.479613879492574,-0.5327851564403714,22.22222222222222,0.8722683447284033
20,"20MA, RSI, Upper_BB, Lower_BB, ATR, Williams_%R",64,0.6000000000000001,0.001,32,60,30,150,relu,0.0566555518477894,12.186193214434955,-0.7300266539294678,20.085470085470085,1.0
21,"20MA, RSI, Upper_BB, Lower_BB, ATR, Williams_%R",128,0.6000000000000001,0.0001,64,60,30,100,relu,0.0484719420896719,10.124263160660831,-0.26633522401752674,27.77777777777778,0.9531869028786092
22,"20MA, RSI, Upper_BB, Lower_BB, ATR, Williams_%R",128,0.7,0.0001,64,60,30,100,relu,0.047757527566697336,9.945366334805842,-0.22928198202312888,28.205128205128204,0.9494224949806023
23,"20MA, RSI, Upper_BB, Lower_BB, ATR, Williams_%R",128,0.4,0.0005,64,60,30,100,relu,0.04777496726730162,10.21662089281285,-0.23017994408900289,26.495726495726498,0.9347790586358021
24,"20MA, RSI, Upper_BB, Lower_BB, ATR, Williams_%R",128,0.8,0.001,64,60,30,150,relu,0.04909411175598841,10.519947279129658,-0.2990523705627841,25.64102564102564,0.8327582943953079
0,"20MA, RSI, Upper_BB, Lower_BB, ATR, OBV",64,0.5,0.0001,32,60,1,150,relu,0.03190362877636084,6.965257778507859,0.40047176982618626,37.552742616033754,0.899866212400483
1,"20MA, RSI, Upper_BB, Lower_BB, ATR, OBV",128,0.30000000000000004,0.0005,64,60,1,100,sigmoid,0.064013710672347,15.951794535359856,-1.413656571236265,2.109704641350211,1.0414807391768341
2,"20MA, RSI, Upper_BB, Lower_BB, ATR, OBV",32,0.5,0.001,16,60,1,100,relu,0.013695227530245956,2.6571107421735993,0.8895239914562671,84.81012658227847,0.83015559321778
3,"20MA, RSI, Upper_BB, Lower_BB, ATR, OBV",128,0.2,0.001,64,60,1,50,relu,0.03526056226946633,8.294099073315257,0.26766812438022647,16.877637130801688,0.895305377594118
4,"20MA, RSI, Upper_BB, Lower_BB, ATR, OBV",32,0.8,0.0005,32,60,1,50,relu,0.01998475220307463,3.9353521217827883,0.7647514222763137,71.30801687763713,0.9441039194697869
5,"20MA, RSI, Upper_BB, Lower_BB, ATR, OBV",128,0.6000000000000001,0.001,16,60,1,100,tanh,0.013348143975976738,2.7687421506804144,0.895052708218744,86.91983122362869,1.3733269931915362
6,"20MA, RSI, Upper_BB, Lower_BB, ATR, OBV",32,0.2,0.0001,16,60,1,150,relu,0.017883107036389595,3.5272592566712833,0.811628401583057,78.05907172995781,0.8777627666990531
7,"20MA, RSI, Upper_BB, Lower_BB, ATR, OBV",64,0.5,0.0001,16,60,1,150,tanh,0.015322710273397896,2.9735471122887147,0.8617068557745067,82.27848101265823,1.1531633368652863
8,"20MA, RSI, Upper_BB, Lower_BB, ATR, OBV",128,0.6000000000000001,0.001,64,60,1,100,tanh,0.04288349787556366,10.490795832469509,-0.08320305316820065,5.9071729957805905,1.0414807391768341
9,"20MA, RSI, Upper_BB, Lower_BB, ATR, OBV",128,0.30000000000000004,0.001,64,60,1,150,relu,0.03337715799625061,7.888478995558655,0.34381215689905875,20.675105485232066,0.990018984544349
10,"20MA, RSI, Upper_BB, Lower_BB, ATR, OBV",128,0.8,0.001,16,60,1,100,tanh,0.011912474929162392,2.2140454244070553,0.9164140139089583,90.29535864978902,0.8362033826472393
11,"20MA, RSI, Upper_BB, Lower_BB, ATR, OBV",128,0.8,0.001,16,60,1,100,tanh,0.0190895302285567,3.833343052356545,0.7853554068662258,73.41772151898735,0.9964777966855354
12,"20MA, RSI, Upper_BB, Lower_BB, ATR, OBV",128,0.7,0.001,16,60,1,100,tanh,0.011949480888456338,2.262584241622998,0.9158938895721167,90.29535864978902,0.9118127863649239
13,"20MA, RSI, Upper_BB, Lower_BB, ATR, OBV",128,0.7,0.001,16,60,1,100,tanh,0.011473127860106198,2.172714725693535,0.9224658307193399,91.56118143459916,1.0149939054379173
14,"20MA, RSI, Upper_BB, Lower_BB, ATR, OBV",128,0.7,0.001,16,60,1,100,sigmoid,0.1477261173982031,37.049126547899924,-11.854169973654388,0.0,1.0
15,"20MA, RSI, Upper_BB, Lower_BB, ATR, OBV",64,0.7,0.0005,16,60,1,100,tanh,0.01643484118307593,3.2303322089395974,0.8409035480684169,78.90295358649789,0.973944985817126
16,"20MA, RSI, Upper_BB, Lower_BB, ATR, OBV",128,0.8,0.001,32,60,1,50,tanh,0.015937781993061593,3.160094778538932,0.8503815211485433,79.32489451476793,1.0052957479598081
17,"20MA, RSI, Upper_BB, Lower_BB, ATR, OBV",128,0.6000000000000001,0.001,16,60,1,100,tanh,0.018356345366022406,3.7811368779184673,0.8015267819745837,75.10548523206751,1.075250215845176
18,"20MA, RSI, Upper_BB, Lower_BB, ATR, OBV",64,0.7,0.0005,16,60,1,100,sigmoid,0.023291561291978766,4.913356061781119,0.680458938333492,56.540084388185655,0.9408785019203709
19,"20MA, RSI, Upper_BB, Lower_BB, ATR, OBV",32,0.8,0.0001,32,60,1,50,tanh,0.02272805304406883,4.495846198493251,0.6957336395152129,67.9324894514768,1.0920929541734166
20,"20MA, RSI, Upper_BB, Lower_BB, ATR, OBV",128,0.4,0.001,16,60,1,100,tanh,0.012541099682385513,2.3633640541585486,0.9073595383187878,90.29535864978902,1.1833084897998944
21,"20MA, RSI, Upper_BB, Lower_BB, ATR, OBV",128,0.7,0.001,16,60,1,100,tanh,0.01131781601553938,2.099020685261702,0.9245507841562502,92.82700421940928,1.2896138169941451
22,"20MA, RSI, Upper_BB, Lower_BB, ATR, OBV",128,0.7,0.001,16,60,1,100,tanh,0.012309789775481694,2.33457542920663,0.9107453721676605,89.0295358649789,1.0804851376570928
23,"20MA, RSI, Upper_BB, Lower_BB, ATR, OBV",128,0.6000000000000001,0.001,16,60,1,100,tanh,0.012673246090984303,2.3867153502380805,0.90539693495052,88.60759493670885,0.9544814332780492
24,"20MA, RSI, Upper_BB, Lower_BB, ATR, OBV",128,0.8,0.001,16,60,1,100,tanh,0.015198012157389676,2.9179192986283002,0.8639485902575551,83.54430379746836,0.9657040629557959
0,"20MA, RSI, Upper_BB, Lower_BB, ATR, OBV",128,0.30000000000000004,0.001,16,60,30,150,relu,0.07172148910641218,15.993106641857752,-1.7724673597729295,11.11111111111111,1.0
1,"20MA, RSI, Upper_BB, Lower_BB, ATR, OBV",128,0.4,0.0005,16,60,30,50,tanh,0.08544568862091037,20.014063733188944,-2.9350309664011736,2.9914529914529915,1.0
2,"20MA, RSI, Upper_BB, Lower_BB, ATR, OBV",32,0.6000000000000001,0.0005,64,60,30,50,sigmoid,0.055743936230267764,11.868964728049155,-0.6748006097464743,17.94871794871795,0.9232286819458575
3,"20MA, RSI, Upper_BB, Lower_BB, ATR, OBV",64,0.7,0.0001,16,60,30,100,sigmoid,0.09624043359414507,22.593084163767767,-3.9920966842697156,2.1367521367521367,1.0
4,"20MA, RSI, Upper_BB, Lower_BB, ATR, OBV",32,0.6000000000000001,0.0001,32,60,30,150,relu,0.04472049944994638,9.288681651474587,-0.07790661320416858,31.62393162393162,1.1557022597411337
5,"20MA, RSI, Upper_BB, Lower_BB, ATR, OBV",32,0.30000000000000004,0.001,16,60,30,150,tanh,0.0693993470860937,15.371119781207831,-1.5958441534477754,11.538461538461538,1.0
6,"20MA, RSI, Upper_BB, Lower_BB, ATR, OBV",64,0.2,0.0005,32,60,30,50,relu,0.061091912840693444,13.404301343654227,-1.011570661922773,14.529914529914532,1.0314826121351106
7,"20MA, RSI, Upper_BB, Lower_BB, ATR, OBV",32,0.30000000000000004,0.0005,16,60,30,150,tanh,0.06687437354061435,14.993805028379112,-1.4103899028592637,8.547008547008547,1.0
8,"20MA, RSI, Upper_BB, Lower_BB, ATR, OBV",32,0.6000000000000001,0.001,16,60,30,100,sigmoid,0.11998506352847119,29.37861328816509,-6.759294177903478,0.0,1.0
9,"20MA, RSI, Upper_BB, Lower_BB, ATR, OBV",64,0.30000000000000004,0.001,16,60,30,50,sigmoid,0.19294676585874102,49.27434376784482,-19.065170424614337,0.0,1.0
10,"20MA, RSI, Upper_BB, Lower_BB, ATR, OBV",32,0.8,0.0001,32,60,30,150,relu,0.04431575530755435,9.177012541630122,-0.05848365830867985,32.05128205128205,1.186126096990044
11,"20MA, RSI, Upper_BB, Lower_BB, ATR, OBV",32,0.8,0.0001,32,60,30,150,relu,0.04379581675134378,9.021387415968189,-0.03379185437778376,30.34188034188034,1.0795287795641089
12,"20MA, RSI, Upper_BB, Lower_BB, ATR, OBV",32,0.8,0.0001,32,60,30,150,relu,0.04361668066297577,8.836442889260123,-0.025352203898284298,32.9059829059829,1.0394638172197055
13,"20MA, RSI, Upper_BB, Lower_BB, ATR, OBV",32,0.8,0.0001,32,60,30,150,relu,0.04218079531131398,8.748627382558352,0.04104688539875323,30.34188034188034,0.9911844529089004
14,"20MA, RSI, Upper_BB, Lower_BB, ATR, OBV",32,0.8,0.0001,32,60,30,150,relu,0.04709008348827071,9.756587424152764,-0.19516197380928335,29.914529914529915,1.0304825519003746
15,"20MA, RSI, Upper_BB, Lower_BB, ATR, OBV",128,0.7,0.0001,64,60,30,150,relu,0.04841408232294601,10.842411063773177,-0.2633138418617864,24.358974358974358,1.0424673534775908
16,"20MA, RSI, Upper_BB, Lower_BB, ATR, OBV",32,0.7,0.0001,32,60,30,100,relu,0.045320661476337946,9.340273128770795,-0.10703238517228231,30.76923076923077,1.0639672964022422
17,"20MA, RSI, Upper_BB, Lower_BB, ATR, OBV",32,0.5,0.0001,32,60,30,150,relu,0.042351555158074775,8.696998814913588,0.033266940030369785,31.62393162393162,1.0939710798377955
18,"20MA, RSI, Upper_BB, Lower_BB, ATR, OBV",64,0.5,0.0001,32,60,30,150,relu,0.04899289129344199,10.240567633198157,-0.29370121435451324,28.205128205128204,0.9364968846190482
19,"20MA, RSI, Upper_BB, Lower_BB, ATR, OBV",128,0.5,0.0001,64,60,30,100,tanh,0.04417114580404215,9.350569726005673,-0.0515869212750395,30.76923076923077,1.100773177657206
20,"20MA, RSI, Upper_BB, Lower_BB, ATR, OBV",32,0.4,0.0001,32,60,30,150,relu,0.04235584958350963,8.760929956498448,0.033070877642147445,32.47863247863248,1.2784443651515571
21,"20MA, RSI, Upper_BB, Lower_BB, ATR, OBV",32,0.4,0.0001,32,60,30,150,relu,0.04274384710781658,8.892198722000638,0.015274778657663246,32.9059829059829,1.168251033082501
22,"20MA, RSI, Upper_BB, Lower_BB, ATR, OBV",32,0.5,0.0001,32,60,30,150,relu,0.043045064512089594,8.939353753103978,0.001347089491368414,32.05128205128205,1.182763096544878
23,"20MA, RSI, Upper_BB, Lower_BB, ATR, OBV",32,0.4,0.0001,32,60,30,150,relu,0.04239787672937989,8.86668145920836,0.031151075176908738,33.76068376068376,1.1468437935024332
24,"20MA, RSI, Upper_BB, Lower_BB, ATR, OBV",32,0.5,0.0001,32,60,30,150,relu,0.04519027807889076,9.398430427557921,-0.10067188582251019,29.059829059829063,1.0769386964075414
0,"20MA, RSI, Upper_BB, Lower_BB, Williams_%R, OBV",32,0.30000000000000004,0.0001,32,60,1,150,relu,0.024313242819080944,5.133029312623629,0.6518108402766338,56.540084388185655,0.9647521868805156
1,"20MA, RSI, Upper_BB, Lower_BB, Williams_%R, OBV",64,0.4,0.0001,32,60,1,100,tanh,0.021234989893906923,4.1730975555033485,0.7343966255698484,69.62025316455697,1.216715384985742
2,"20MA, RSI, Upper_BB, Lower_BB, Williams_%R, OBV",64,0.30000000000000004,0.0001,64,60,1,150,relu,0.029908547532908728,6.2605236880289405,0.47310980553832127,43.88185654008439,1.0081527677131725
3,"20MA, RSI, Upper_BB, Lower_BB, Williams_%R, OBV",128,0.30000000000000004,0.001,64,60,1,100,relu,0.056066415876249026,14.066050074708455,-0.8515483580623315,2.109704641350211,1.0720385884023242
4,"20MA, RSI, Upper_BB, Lower_BB, Williams_%R, OBV",128,0.8,0.0001,32,60,1,50,tanh,0.02156506649999332,4.279298131926591,0.7260753758093325,68.35443037974683,1.2045660525676531
5,"20MA, RSI, Upper_BB, Lower_BB, Williams_%R, OBV",32,0.2,0.0005,64,60,1,150,relu,0.026252400564472405,5.502825126884773,0.5940547019648839,50.63291139240506,1.0615296057066943
6,"20MA, RSI, Upper_BB, Lower_BB, Williams_%R, OBV",128,0.8,0.0001,32,60,1,100,tanh,0.0167384741824968,3.2464302090025674,0.8349706441077901,80.16877637130801,0.9906786531274719
7,"20MA, RSI, Upper_BB, Lower_BB, Williams_%R, OBV",32,0.30000000000000004,0.0005,64,60,1,100,sigmoid,0.027779195078094784,5.796879051832289,0.5454634761797719,52.742616033755276,1.0068767944128876
8,"20MA, RSI, Upper_BB, Lower_BB, Williams_%R, OBV",128,0.30000000000000004,0.001,16,60,1,50,sigmoid,0.13584821586821821,33.70410064896644,-9.870195357531681,0.0,1.0
9,"20MA, RSI, Upper_BB, Lower_BB, Williams_%R, OBV",64,0.8,0.0005,16,60,1,50,sigmoid,0.025135161435083722,5.164975313008022,0.6278715886732157,54.43037974683544,1.0048916074965426
10,"20MA, RSI, Upper_BB, Lower_BB, Williams_%R, OBV",128,0.6000000000000001,0.0001,32,60,1,100,tanh,0.016404612950486248,3.2122512048846037,0.8414882548835231,81.85654008438819,1.0132129613439935
11,"20MA, RSI, Upper_BB, Lower_BB, Williams_%R, OBV",128,0.6000000000000001,0.0001,32,60,1,100,tanh,0.02510533818260266,5.35834114156539,0.6287541368577314,52.320675105485236,0.9736909794667323
12,"20MA, RSI, Upper_BB, Lower_BB, Williams_%R, OBV",128,0.6000000000000001,0.0001,32,60,1,100,tanh,0.024838787884102067,5.137636662664937,0.6365955270009361,56.540084388185655,1.0433147340842652
13,"20MA, RSI, Upper_BB, Lower_BB, Williams_%R, OBV",128,0.7,0.0001,32,60,1,100,tanh,0.019120727658405477,3.8181262238881284,0.7846532595233243,68.35443037974683,1.0808853000582124
14,"20MA, RSI, Upper_BB, Lower_BB, Williams_%R, OBV",128,0.6000000000000001,0.0001,32,60,1,100,tanh,0.01656974404827723,3.2216037263493305,0.8382809911408228,83.12236286919831,1.0026140917068347
15,"20MA, RSI, Upper_BB, Lower_BB, Williams_%R, OBV",128,0.5,0.001,32,60,1,100,tanh,0.012380872321201473,2.3407285297893394,0.9097115991795893,90.29535864978902,0.7950990193373828
16,"20MA, RSI, Upper_BB, Lower_BB, Williams_%R, OBV",128,0.5,0.001,16,60,1,100,tanh,0.01901592087614064,3.926495923943952,0.7870075572492148,72.57383966244726,1.155914592260725
17,"20MA, RSI, Upper_BB, Lower_BB, Williams_%R, OBV",128,0.5,0.001,32,60,1,100,tanh,0.01517076495438816,2.852192702457084,0.8644359826011392,84.38818565400844,1.2106876484747053
18,"20MA, RSI, Upper_BB, Lower_BB, Williams_%R, OBV",64,0.5,0.001,32,60,1,50,tanh,0.01514193958617023,3.0046025164516963,0.8649506527992421,84.38818565400844,0.9824488389158335
19,"20MA, RSI, Upper_BB, Lower_BB, Williams_%R, OBV",64,0.5,0.001,16,60,1,50,sigmoid,0.22380596300400477,58.16655246902689,-28.503448284297395,0.0,1.0
20,"20MA, RSI, Upper_BB, Lower_BB, Williams_%R, OBV",64,0.4,0.001,32,60,1,50,tanh,0.015391478427047358,2.9891989159324854,0.860462754074955,82.70042194092827,1.298958333857284
21,"20MA, RSI, Upper_BB, Lower_BB, Williams_%R, OBV",64,0.5,0.001,32,60,1,50,tanh,0.015536544638239036,3.026606253195446,0.8578200538600543,82.70042194092827,1.3218105227933374
22,"20MA, RSI, Upper_BB, Lower_BB, Williams_%R, OBV",64,0.4,0.001,32,60,1,50,tanh,0.01615086780988605,3.1776306651994553,0.8463540219899675,80.16877637130801,1.1901178147166807
23,"20MA, RSI, Upper_BB, Lower_BB, Williams_%R, OBV",32,0.5,0.001,32,60,1,150,tanh,0.022708013037058855,4.843453783646234,0.6962699645414484,56.540084388185655,0.952243316684597
24,"20MA, RSI, Upper_BB, Lower_BB, Williams_%R, OBV",128,0.7,0.001,32,60,1,100,tanh,0.014441684326986993,2.8333749375990576,0.8771528270651834,86.49789029535864,1.0734270989117283
0,"20MA, RSI, Upper_BB, Lower_BB, Williams_%R, OBV",32,0.2,0.001,16,60,30,50,tanh,0.08615837078592399,20.127180906039786,-3.000947034507382,2.1367521367521367,1.0
1,"20MA, RSI, Upper_BB, Lower_BB, Williams_%R, OBV",64,0.4,0.0005,32,60,30,100,relu,0.05844459806041845,12.551433959150598,-0.8410119114749708,20.51282051282051,1.0720385884023242
2,"20MA, RSI, Upper_BB, Lower_BB, Williams_%R, OBV",32,0.7,0.0001,16,60,30,150,relu,0.05559366122602838,11.813728724161555,-0.665782896100015,20.94017094017094,0.9108176684694544
3,"20MA, RSI, Upper_BB, Lower_BB, Williams_%R, OBV",32,0.6000000000000001,0.001,16,60,30,50,relu,0.09749626749250416,23.321764399126334,-4.1232296695122175,0.8547008547008548,1.0
4,"20MA, RSI, Upper_BB, Lower_BB, Williams_%R, OBV",64,0.2,0.0005,16,60,30,50,relu,0.08456079455967208,19.68531009875276,-2.884646722840623,2.9661016949152543,1.0
5,"20MA, RSI, Upper_BB, Lower_BB, Williams_%R, OBV",32,0.8,0.001,64,60,30,100,relu,0.04266358034174994,8.907374818550945,0.018969649419732115,32.47863247863248,1.0541526884817198
6,"20MA, RSI, Upper_BB, Lower_BB, Williams_%R, OBV",32,0.4,0.0001,64,60,30,150,relu,0.03918952145805334,8.23047815065251,0.17223365184379258,34.61538461538461,1.1698284269958812
7,"20MA, RSI, Upper_BB, Lower_BB, Williams_%R, OBV",64,0.8,0.001,64,60,30,50,tanh,0.05617319772807141,12.132329226283261,-0.7006938477072413,19.65811965811966,1.0414807391768341
8,"20MA, RSI, Upper_BB, Lower_BB, Williams_%R, OBV",128,0.8,0.0005,64,60,30,150,sigmoid,0.045929682903402186,9.94802544322419,-0.13698501303311206,26.06837606837607,0.9192918517770269
9,"20MA, RSI, Upper_BB, Lower_BB, Williams_%R, OBV",64,0.6000000000000001,0.0001,16,60,30,100,relu,0.05979469819515999,12.95185605214165,-0.927050972632393,16.23931623931624,1.0414807391768341
10,"20MA, RSI, Upper_BB, Lower_BB, Williams_%R, OBV",128,0.4,0.0001,32,60,30,150,sigmoid,0.07218575111350854,16.37590531208093,-1.8084765732245716,7.264957264957266,1.027857185103675
11,"20MA, RSI, Upper_BB, Lower_BB, Williams_%R, OBV",32,0.4,0.0001,64,60,30,100,relu,0.04106487079034558,8.63381961284837,0.0911153529879295,32.9059829059829,1.4075137284054924
12,"20MA, RSI, Upper_BB, Lower_BB, Williams_%R, OBV",32,0.4,0.0001,64,60,30,150,relu,0.041089371022795355,9.113288877014176,0.0900305071108789,30.76923076923077,1.6944407497655094
13,"20MA, RSI, Upper_BB, Lower_BB, Williams_%R, OBV",32,0.30000000000000004,0.0001,64,60,30,100,sigmoid,0.13550020753371034,33.23895704855273,-8.895728393163802,0.0,1.0
14,"20MA, RSI, Upper_BB, Lower_BB, Williams_%R, OBV",32,0.5,0.0001,64,60,30,150,relu,0.04093448873353609,8.457260537838998,0.09687765655815106,33.33333333333333,1.4028169435848452
15,"20MA, RSI, Upper_BB, Lower_BB, Williams_%R, OBV",32,0.5,0.0001,64,60,30,150,tanh,0.03692214042061156,7.990153713578589,0.2652466323181306,34.61538461538461,1.1016909685490666
16,"20MA, RSI, Upper_BB, Lower_BB, Williams_%R, OBV",128,0.5,0.0001,64,60,30,150,tanh,0.043920881576298844,9.031654902697628,-0.03970454699539494,33.33333333333333,1.1296787697633568
17,"20MA, RSI, Upper_BB, Lower_BB, Williams_%R, OBV",32,0.5,0.0001,32,60,30,150,tanh,0.041752703455085,8.643942814592204,0.06041289483761769,32.9059829059829,1.1609375065040952
18,"20MA, RSI, Upper_BB, Lower_BB, Williams_%R, OBV",32,0.30000000000000004,0.0001,64,60,30,150,tanh,0.03546377024843731,7.6600353400483305,0.3221436707929821,36.324786324786324,1.293865058250513
19,"20MA, RSI, Upper_BB, Lower_BB, Williams_%R, OBV",128,0.30000000000000004,0.0005,64,60,30,150,tanh,0.043850502276932116,9.301401878066198,-0.036375148868917684,29.914529914529915,0.9137006197171391
20,"20MA, RSI, Upper_BB, Lower_BB, Williams_%R, OBV",32,0.30000000000000004,0.0001,32,60,30,150,tanh,0.04237605008420079,8.868176921967727,0.03214835523546511,30.34188034188034,1.2235304828476639
21,"20MA, RSI, Upper_BB, Lower_BB, Williams_%R, OBV",32,0.6000000000000001,0.0001,64,60,30,150,tanh,0.03700289894333882,7.963638235648274,0.2620289158258534,31.62393162393162,1.1239292838750807
22,"20MA, RSI, Upper_BB, Lower_BB, Williams_%R, OBV",32,0.6000000000000001,0.0001,64,60,30,150,tanh,0.03798423341330065,8.021471764356047,0.22236718656055854,35.47008547008547,1.1956885017686567
23,"20MA, RSI, Upper_BB, Lower_BB, Williams_%R, OBV",32,0.7,0.0001,64,60,30,150,tanh,0.036421661649891086,7.815085738082981,0.2850307608991375,33.76068376068376,1.2664317675085388
24,"20MA, RSI, Upper_BB, Lower_BB, Williams_%R, OBV",32,0.7,0.0001,64,60,30,150,tanh,0.03844098691590308,8.123813541694226,0.2035529572982252,34.61538461538461,1.3737180762790273
