Trial,Indicators,Hidden Size,Dropout,LR,Batch Size,Window Size,Forecast Window,Epochs,Activation Func,RMSE,MAPE,R2,Accuracy,Profit Index
0,"20MA, 50MA, RSI, MACD, Upper_BB, Lower_BB",32,0.30000000000000004,0.0001,64,60,1,50,tanh,0.04682168435671356,5.396138239367977,0.9016776681224546,57.56302521008403,0.8796838619274786
1,"20MA, 50MA, RSI, MACD, Upper_BB, Lower_BB",64,0.8,0.0001,64,60,1,150,tanh,0.03347208060879156,4.01544920143375,0.9497514514255302,69.74789915966386,1.4791385357579239
2,"20MA, 50MA, RSI, MACD, Upper_BB, Lower_BB",64,0.2,0.0005,64,60,1,100,tanh,0.030837727491092686,3.7538200577480354,0.9573496266843711,73.52941176470588,1.2306595276825858
3,"20MA, 50MA, RSI, MACD, Upper_BB, Lower_BB",64,0.30000000000000004,0.0005,16,60,1,50,relu,0.029310556070443985,3.5261573143088443,0.9614693602585138,77.31092436974791,1.3309535301109086
4,"20MA, 50MA, RSI, MACD, Upper_BB, Lower_BB",128,0.8,0.001,16,60,1,100,tanh,0.02661195968402224,2.9904010733310304,0.9682377091787849,81.9327731092437,0.8369072613860707
5,"20MA, 50MA, RSI, MACD, Upper_BB, Lower_BB",128,0.6000000000000001,0.001,32,60,1,150,relu,0.027754392902599994,3.3366462661770733,0.9654521068027526,78.57142857142857,1.396444343820695
6,"20MA, 50MA, RSI, MACD, Upper_BB, Lower_BB",64,0.30000000000000004,0.0005,16,60,1,150,sigmoid,0.036937143056370615,4.648710317772487,0.9388094006453194,63.02521008403361,1.295553968295852
7,"20MA, 50MA, RSI, MACD, Upper_BB, Lower_BB",128,0.4,0.001,32,60,1,100,tanh,0.025609738183116255,2.781869528890899,0.9705850319268278,84.87394957983193,1.2345199936463829
8,"20MA, 50MA, RSI, MACD, Upper_BB, Lower_BB",64,0.6000000000000001,0.0005,16,60,1,150,sigmoid,0.03522629111719048,4.368104861722362,0.9443465689363321,67.64705882352942,1.1514855439667597
9,"20MA, 50MA, RSI, MACD, Upper_BB, Lower_BB",32,0.5,0.001,16,60,1,50,tanh,0.026960191955664722,3.116926454667812,0.9674010160361511,80.67226890756302,1.1931320843409225
10,"20MA, 50MA, RSI, MACD, Upper_BB, Lower_BB",128,0.5,0.001,32,60,1,100,relu,0.030294100921441212,3.693248858816309,0.9588401067238221,73.10924369747899,0.858712397727475
11,"20MA, 50MA, RSI, MACD, Upper_BB, Lower_BB",128,0.8,0.001,32,60,1,100,tanh,0.025531713609112546,2.749834966603308,0.9707639946431615,85.71428571428571,1.1187956756280013
12,"20MA, 50MA, RSI, MACD, Upper_BB, Lower_BB",128,0.5,0.001,32,60,1,100,tanh,0.025793401045496978,2.7935487180905416,0.9701616141425011,85.71428571428571,0.99961768040627
13,"20MA, 50MA, RSI, MACD, Upper_BB, Lower_BB",128,0.7,0.001,32,60,1,100,tanh,0.026804783186086763,2.9830945894396774,0.9677757586447313,83.61344537815127,0.734494396786582
14,"20MA, 50MA, RSI, MACD, Upper_BB, Lower_BB",128,0.4,0.001,32,60,1,100,tanh,0.026279808474610703,2.8665461022326455,0.9690256290037511,84.45378151260505,0.910427236164381
15,"20MA, 50MA, RSI, MACD, Upper_BB, Lower_BB",128,0.7,0.001,32,60,1,100,sigmoid,0.043056549157960984,5.327166341991834,0.9168549223144202,48.319327731092436,0.820106620558987
16,"20MA, 50MA, RSI, MACD, Upper_BB, Lower_BB",128,0.4,0.0001,32,60,1,100,tanh,0.03323931677552111,4.112843465966728,0.9504478752868591,68.4873949579832,1.2600809302275702
17,"20MA, 50MA, RSI, MACD, Upper_BB, Lower_BB",32,0.6000000000000001,0.001,32,60,1,100,tanh,0.025839039757952383,2.894294293615914,0.9700559289497609,85.29411764705883,1.0470856071172294
18,"20MA, 50MA, RSI, MACD, Upper_BB, Lower_BB",128,0.4,0.001,32,60,1,100,sigmoid,0.03682424050725003,4.648406561050102,0.939182900903286,63.4453781512605,0.9910743242485139
19,"20MA, 50MA, RSI, MACD, Upper_BB, Lower_BB",128,0.7,0.0001,32,60,1,50,relu,0.03680346041565109,4.492335275415432,0.9392515202851246,63.4453781512605,1.661850131517265
20,"20MA, 50MA, RSI, MACD, Upper_BB, Lower_BB",32,0.2,0.001,64,60,1,100,tanh,0.030809378879561145,3.766336776678984,0.9574280062032298,73.52941176470588,0.9323617959207464
21,"20MA, 50MA, RSI, MACD, Upper_BB, Lower_BB",128,0.5,0.001,32,60,1,100,tanh,0.02882209579597692,3.3054399749340693,0.9627428852978277,80.67226890756302,0.549871856486093
22,"20MA, 50MA, RSI, MACD, Upper_BB, Lower_BB",128,0.5,0.001,32,60,1,100,tanh,0.026871751436288876,2.9869235941012104,0.9676145413885004,82.77310924369748,0.8178603912049671
23,"20MA, 50MA, RSI, MACD, Upper_BB, Lower_BB",128,0.4,0.001,32,60,1,100,tanh,0.028455798630468383,3.078811923053818,0.9636838616448891,82.77310924369748,1.044824087204871
24,"20MA, 50MA, RSI, MACD, Upper_BB, Lower_BB",128,0.6000000000000001,0.001,32,60,1,100,tanh,0.02562898491514628,2.8097953955860495,0.9705408022870562,85.29411764705883,1.232779839155621
0,"20MA, 50MA, RSI, MACD, Upper_BB, Lower_BB",128,0.6000000000000001,0.0001,64,60,30,100,relu,0.1070695977300046,11.937704303755492,0.4316197873475224,28.936170212765955,1.165193492685871
1,"20MA, 50MA, RSI, MACD, Upper_BB, Lower_BB",32,0.7,0.0005,64,60,30,50,sigmoid,0.10934541632505583,11.83136887849288,0.4072005758157281,32.76595744680851,1.014805165870673
2,"20MA, 50MA, RSI, MACD, Upper_BB, Lower_BB",32,0.6000000000000001,0.0001,64,60,30,50,tanh,0.10711866987574899,11.550146680668098,0.43109866783510364,31.06382978723404,1.2043498491638023
3,"20MA, 50MA, RSI, MACD, Upper_BB, Lower_BB",128,0.5,0.001,16,60,30,100,tanh,0.10635309282959532,12.992969395918234,0.4392014832972344,26.80851063829787,0.9850764784939644
4,"20MA, 50MA, RSI, MACD, Upper_BB, Lower_BB",128,0.7,0.001,64,60,30,100,relu,0.10602905131778223,12.641577861147507,0.4426136108594957,28.510638297872344,0.9469215034988845
5,"20MA, 50MA, RSI, MACD, Upper_BB, Lower_BB",64,0.6000000000000001,0.0001,32,60,30,100,sigmoid,0.10812270540519625,11.610428997779497,0.4203839325050427,34.46808510638298,1.3057419869020124
6,"20MA, 50MA, RSI, MACD, Upper_BB, Lower_BB",64,0.5,0.001,16,60,30,150,sigmoid,0.10537473564074978,13.093828282287994,0.4494717563921613,31.06382978723404,0.9401134174156596
7,"20MA, 50MA, RSI, MACD, Upper_BB, Lower_BB",128,0.7,0.001,16,60,30,100,relu,0.10611599830370506,12.872036703550876,0.44169908910327993,26.382978723404253,0.9850764784939644
8,"20MA, 50MA, RSI, MACD, Upper_BB, Lower_BB",64,0.7,0.0005,32,60,30,50,tanh,0.10707599042679294,12.769494099571288,0.43155191390992,22.5531914893617,1.1274180730691077
9,"20MA, 50MA, RSI, MACD, Upper_BB, Lower_BB",32,0.2,0.0001,64,60,30,150,sigmoid,0.11245276959614435,11.912235725701557,0.373029769375247,32.340425531914896,1.096944483953688
10,"20MA, 50MA, RSI, MACD, Upper_BB, Lower_BB",64,0.30000000000000004,0.001,16,60,30,150,sigmoid,0.13846064882200443,20.62742661080201,0.04948421624289012,14.042553191489363,0.7707687426600138
11,"20MA, 50MA, RSI, MACD, Upper_BB, Lower_BB",64,0.4,0.001,16,60,30,150,relu,0.10416631524831901,12.081818500748035,0.462026093073165,27.659574468085108,0.9824789714432578
12,"20MA, 50MA, RSI, MACD, Upper_BB, Lower_BB",64,0.4,0.001,16,60,30,150,relu,0.10823954428560138,12.882760169488092,0.4191305735064411,17.4468085106383,0.9185918633810742
13,"20MA, 50MA, RSI, MACD, Upper_BB, Lower_BB",64,0.4,0.001,16,60,30,150,relu,0.10567626720082977,12.359912149010887,0.44631655704801876,23.829787234042556,1.037716275572692
14,"20MA, 50MA, RSI, MACD, Upper_BB, Lower_BB",64,0.5,0.001,16,60,30,150,sigmoid,0.13643209627236677,20.148704682524926,0.07713173420968833,15.74468085106383,0.7705410248605975
15,"20MA, 50MA, RSI, MACD, Upper_BB, Lower_BB",64,0.4,0.001,16,60,30,150,sigmoid,0.13457167467746914,19.87250933412956,0.10212904640167264,15.319148936170212,0.7705410248605975
16,"20MA, 50MA, RSI, MACD, Upper_BB, Lower_BB",64,0.30000000000000004,0.001,32,60,30,150,relu,0.10314462503372995,11.797348361705467,0.47252751392505254,27.23404255319149,0.7422142867923173
17,"20MA, 50MA, RSI, MACD, Upper_BB, Lower_BB",64,0.2,0.0005,32,60,30,150,relu,0.10755584134519931,11.375867616499287,0.42644560516018915,30.21276595744681,0.9983958477656047
18,"20MA, 50MA, RSI, MACD, Upper_BB, Lower_BB",64,0.30000000000000004,0.001,32,60,30,150,relu,0.10821386854770443,13.271139654767298,0.4194061194231288,29.361702127659573,0.9291435998170559
19,"20MA, 50MA, RSI, MACD, Upper_BB, Lower_BB",32,0.30000000000000004,0.0005,32,60,30,150,relu,0.10586716355478874,11.426299989534302,0.44431437397617024,31.06382978723404,0.7996502374973201
20,"20MA, 50MA, RSI, MACD, Upper_BB, Lower_BB",64,0.2,0.001,32,60,30,50,relu,0.10578960539887336,12.709431029872793,0.4451282649735785,24.25531914893617,1.1562680162761265
21,"20MA, 50MA, RSI, MACD, Upper_BB, Lower_BB",64,0.4,0.001,16,60,30,150,relu,0.1048283325713746,12.2131408400834,0.4551662982470188,21.70212765957447,1.0051817967676384
22,"20MA, 50MA, RSI, MACD, Upper_BB, Lower_BB",64,0.4,0.001,16,60,30,150,relu,0.10520585401678047,12.669706644100096,0.45123497979757954,20.851063829787233,1.020839486256024
23,"20MA, 50MA, RSI, MACD, Upper_BB, Lower_BB",64,0.30000000000000004,0.001,16,60,30,150,relu,0.10588534899633446,12.181409988109891,0.44412345063294867,25.53191489361702,1.2494629841349445
24,"20MA, 50MA, RSI, MACD, Upper_BB, Lower_BB",64,0.4,0.001,32,60,30,150,relu,0.11082257292636716,11.803756798082324,0.39107603618736453,22.127659574468083,1.011970272298686
0,"20MA, 50MA, RSI, MACD, Upper_BB, CCI",64,0.5,0.001,32,60,1,50,tanh,0.02870507002923234,3.278443675955256,0.9630448196852464,80.25210084033614,1.0424249150452876
1,"20MA, 50MA, RSI, MACD, Upper_BB, CCI",64,0.5,0.001,64,60,1,100,relu,0.028645269085270587,3.1719407185283703,0.9631986359050441,80.25210084033614,1.2608696658762275
2,"20MA, 50MA, RSI, MACD, Upper_BB, CCI",32,0.2,0.0001,32,60,1,50,relu,0.03432446439345597,3.8752510904211857,0.9471596552434299,73.10924369747899,1.4947471895786018
3,"20MA, 50MA, RSI, MACD, Upper_BB, CCI",64,0.4,0.0001,64,60,1,150,relu,0.03250710393648377,3.8371779719231967,0.9526069494404835,71.84873949579831,1.532613306694621
4,"20MA, 50MA, RSI, MACD, Upper_BB, CCI",64,0.5,0.001,16,60,1,100,sigmoid,0.06766375191905097,9.245389100632586,0.794661561418508,40.33613445378151,0.8080106402735402
5,"20MA, 50MA, RSI, MACD, Upper_BB, CCI",128,0.7,0.0001,16,60,1,150,relu,0.030795533875365155,3.582554446546444,0.9574662592950394,72.68907563025209,1.1526291426719595
6,"20MA, 50MA, RSI, MACD, Upper_BB, CCI",128,0.7,0.0005,16,60,1,100,tanh,0.02787364816838356,3.171736720286697,0.9651545777116868,79.83193277310924,0.9224263316482476
7,"20MA, 50MA, RSI, MACD, Upper_BB, CCI",64,0.30000000000000004,0.0005,64,60,1,150,tanh,0.027615199019886322,3.2120579528891318,0.9657977671614782,77.73109243697479,1.2174352130156383
8,"20MA, 50MA, RSI, MACD, Upper_BB, CCI",32,0.2,0.0005,32,60,1,150,relu,0.028405660673482984,3.3470076661656933,0.9638117240116219,77.31092436974791,1.238223424766413
9,"20MA, 50MA, RSI, MACD, Upper_BB, CCI",64,0.8,0.001,16,60,1,100,relu,0.027201171097822854,3.0861875898553732,0.966815650507623,80.25210084033614,1.136164683327414
10,"20MA, 50MA, RSI, MACD, Upper_BB, CCI",32,0.8,0.001,16,60,1,100,sigmoid,0.038229831192876575,4.649632000199959,0.9344514838309865,58.40336134453782,1.321363176017033
11,"20MA, 50MA, RSI, MACD, Upper_BB, CCI",64,0.30000000000000004,0.0005,64,60,1,150,tanh,0.027276667322302973,3.0900727290597256,0.9666311900826542,76.47058823529412,1.5593948840233776
12,"20MA, 50MA, RSI, MACD, Upper_BB, CCI",64,0.8,0.0005,64,60,1,150,tanh,0.026862651983396255,3.0056423201503946,0.9676364707414132,79.83193277310924,1.5816825188474284
13,"20MA, 50MA, RSI, MACD, Upper_BB, CCI",64,0.8,0.001,16,60,1,100,tanh,0.028237653927410875,3.2820494121924697,0.9642385329282464,77.31092436974791,0.9268295467415016
14,"20MA, 50MA, RSI, MACD, Upper_BB, CCI",64,0.7,0.0005,64,60,1,50,sigmoid,0.05660368635329265,6.43640886789612,0.8563030547439836,48.319327731092436,1.1276692295951711
15,"20MA, 50MA, RSI, MACD, Upper_BB, CCI",128,0.6000000000000001,0.001,16,60,1,150,relu,0.028956806980112257,3.2970751479375067,0.9623938004100212,79.41176470588235,0.9751458389789115
16,"20MA, 50MA, RSI, MACD, Upper_BB, CCI",64,0.8,0.0005,64,60,1,100,tanh,0.02853217698448081,3.1929294677170974,0.9634886473443796,77.31092436974791,1.1700893996268595
17,"20MA, 50MA, RSI, MACD, Upper_BB, CCI",64,0.6000000000000001,0.0005,64,60,1,100,relu,0.032312447956789704,3.7672008581973246,0.95317283925626,74.36974789915966,1.005984238883623
18,"20MA, 50MA, RSI, MACD, Upper_BB, CCI",128,0.6000000000000001,0.001,16,60,1,150,tanh,0.02841043196542348,3.3316517550609923,0.9637995659187133,77.31092436974791,0.9475925717629243
19,"20MA, 50MA, RSI, MACD, Upper_BB, CCI",32,0.7,0.0001,32,60,1,50,sigmoid,0.08124453895026043,8.113996596325771,0.7039626818749662,40.7563025210084,1.3811204777004473
20,"20MA, 50MA, RSI, MACD, Upper_BB, CCI",64,0.8,0.001,64,60,1,150,relu,0.027595253195731372,3.2902779060083343,0.9658471562935793,78.57142857142857,1.1603198713227265
21,"20MA, 50MA, RSI, MACD, Upper_BB, CCI",64,0.30000000000000004,0.0005,64,60,1,150,tanh,0.027376410992633524,3.1707617532543377,0.9663867017842861,77.31092436974791,1.5079103295398406
22,"20MA, 50MA, RSI, MACD, Upper_BB, CCI",64,0.4,0.0005,64,60,1,150,tanh,0.026843784573821076,2.996710263327396,0.9676819168518193,81.09243697478992,1.1923610005137617
23,"20MA, 50MA, RSI, MACD, Upper_BB, CCI",64,0.4,0.0005,64,60,1,150,tanh,0.027872050688512097,3.213949208681003,0.9651585716822833,77.73109243697479,1.3395096510558795
24,"20MA, 50MA, RSI, MACD, Upper_BB, CCI",64,0.4,0.0005,64,60,1,150,tanh,0.026398854595611816,2.8593719656242222,0.9687443689226587,82.35294117647058,1.41467772634373
0,"20MA, 50MA, RSI, MACD, Upper_BB, CCI",128,0.6000000000000001,0.0001,64,60,30,50,sigmoid,0.11297732880228246,13.629852621276159,0.3671668621468819,12.340425531914894,0.9413444188618761
1,"20MA, 50MA, RSI, MACD, Upper_BB, CCI",64,0.5,0.001,64,60,30,50,tanh,0.10699925122954504,12.805608641473299,0.43236641243638985,22.127659574468083,1.3749106463576717
2,"20MA, 50MA, RSI, MACD, Upper_BB, CCI",32,0.6000000000000001,0.0001,16,60,30,100,sigmoid,0.107684809883183,12.285248016597427,0.42506930017753974,26.382978723404253,1.1844471683442448
3,"20MA, 50MA, RSI, MACD, Upper_BB, CCI",128,0.8,0.0005,16,60,30,50,sigmoid,0.13629319787568336,20.137942370034683,0.07900987982058161,17.4468085106383,1.0197553159226553
4,"20MA, 50MA, RSI, MACD, Upper_BB, CCI",64,0.30000000000000004,0.0001,16,60,30,100,tanh,0.10706286035353497,12.442058610028113,0.431691315980656,25.106382978723403,1.443163807778207
5,"20MA, 50MA, RSI, MACD, Upper_BB, CCI",64,0.5,0.001,64,60,30,150,tanh,0.10518923244207003,11.774550898340873,0.45140836593321676,28.510638297872344,1.0899695805506004
6,"20MA, 50MA, RSI, MACD, Upper_BB, CCI",64,0.8,0.001,64,60,30,100,tanh,0.10661813810652329,12.736659654493558,0.4364028395485098,22.127659574468083,1.2124330492267488
7,"20MA, 50MA, RSI, MACD, Upper_BB, CCI",64,0.30000000000000004,0.001,32,60,30,100,sigmoid,0.1056954324401852,13.62126386646251,0.4461157089630028,28.085106382978726,0.9817220109504075
8,"20MA, 50MA, RSI, MACD, Upper_BB, CCI",64,0.8,0.0001,16,60,30,50,tanh,0.106941337563731,12.13094260121059,0.4329807129106754,24.25531914893617,1.5405970425981983
9,"20MA, 50MA, RSI, MACD, Upper_BB, CCI",32,0.4,0.001,64,60,30,100,relu,0.10663793317640534,11.838389276652585,0.436193541561403,30.21276595744681,0.9441753064799343
10,"20MA, 50MA, RSI, MACD, Upper_BB, CCI",32,0.2,0.0005,32,60,30,150,relu,0.10322755978446205,11.727045989417178,0.4716789309509982,33.61702127659574,0.990421263350291
11,"20MA, 50MA, RSI, MACD, Upper_BB, CCI",32,0.2,0.0005,32,60,30,150,relu,0.10492820419889465,12.086977920106042,0.4541276601716455,30.21276595744681,1.125549525291196
12,"20MA, 50MA, RSI, MACD, Upper_BB, CCI",32,0.2,0.0005,32,60,30,150,relu,0.10445046817801201,11.85334980534585,0.4590870361926386,31.06382978723404,1.0259350324353473
13,"20MA, 50MA, RSI, MACD, Upper_BB, CCI",32,0.2,0.0005,32,60,30,150,relu,0.10453508144638561,11.982611415051151,0.45821031533886636,29.78723404255319,1.1829248035558986
14,"20MA, 50MA, RSI, MACD, Upper_BB, CCI",32,0.30000000000000004,0.0005,32,60,30,150,relu,0.10419382374914544,12.09275804733339,0.46174191656778685,28.085106382978726,1.0677154492873902
15,"20MA, 50MA, RSI, MACD, Upper_BB, CCI",32,0.30000000000000004,0.0005,32,60,30,150,relu,0.10302353111987086,12.40161804813654,0.4737653140187903,22.5531914893617,0.9295647682555053
16,"20MA, 50MA, RSI, MACD, Upper_BB, CCI",32,0.4,0.0005,32,60,30,150,relu,0.1052328220564591,12.16184696568429,0.45095360736350665,27.23404255319149,1.0267686616284186
17,"20MA, 50MA, RSI, MACD, Upper_BB, CCI",32,0.4,0.0005,32,60,30,150,relu,0.10223865660396012,11.919036071553522,0.481752904481885,28.510638297872344,0.8415074966774495
18,"20MA, 50MA, RSI, MACD, Upper_BB, CCI",128,0.4,0.0005,32,60,30,150,relu,0.10682288977413626,13.168854599667124,0.434236073811585,22.127659574468083,1.1924483643380601
19,"20MA, 50MA, RSI, MACD, Upper_BB, CCI",32,0.6000000000000001,0.0005,32,60,30,150,relu,0.10132880181433783,11.425756480697697,0.4909359565803878,23.829787234042556,1.301715360775371
20,"20MA, 50MA, RSI, MACD, Upper_BB, CCI",32,0.6000000000000001,0.0005,32,60,30,150,relu,0.10483022469465027,11.787943901619329,0.4551466298652591,23.404255319148938,0.9704385687604489
21,"20MA, 50MA, RSI, MACD, Upper_BB, CCI",32,0.7,0.0005,32,60,30,150,relu,0.10317786411756173,12.130821001137464,0.47218749567986684,20.851063829787233,1.263972979508311
22,"20MA, 50MA, RSI, MACD, Upper_BB, CCI",32,0.4,0.0005,32,60,30,150,relu,0.10466392031512155,11.925878607885293,0.45687398718297,29.361702127659573,1.203481815582119
23,"20MA, 50MA, RSI, MACD, Upper_BB, CCI",32,0.5,0.0005,32,60,30,150,relu,0.10410663054040029,12.251184024527593,0.4626424077935224,22.97872340425532,0.8349613749458297
24,"20MA, 50MA, RSI, MACD, Upper_BB, CCI",32,0.7,0.0005,32,60,30,150,relu,0.10400181631267734,11.888925428967562,0.4637238829690593,29.361702127659573,1.0041491336999768
0,"20MA, 50MA, RSI, MACD, Upper_BB, ATR",128,0.8,0.0005,32,60,1,50,tanh,0.029443986296874503,3.3883091860482635,0.9611177562843818,77.73109243697479,0.9281327794222587
1,"20MA, 50MA, RSI, MACD, Upper_BB, ATR",128,0.8,0.0005,64,60,1,50,tanh,0.03231833274024335,3.791598064027439,0.953155781260873,72.68907563025209,0.9873937534830686
2,"20MA, 50MA, RSI, MACD, Upper_BB, ATR",64,0.6000000000000001,0.0005,16,60,1,100,sigmoid,0.038170615441324496,4.6650206348212615,0.9346543881293461,63.4453781512605,1.264988745489256
3,"20MA, 50MA, RSI, MACD, Upper_BB, ATR",128,0.4,0.0005,64,60,1,50,sigmoid,0.04225186646849886,4.67543075347498,0.9199336738339368,64.70588235294117,1.2383680686087521
4,"20MA, 50MA, RSI, MACD, Upper_BB, ATR",128,0.30000000000000004,0.0001,32,60,1,100,relu,0.03538662721186201,4.401499400635258,0.9438387913041807,64.28571428571429,1.4108310508651043
5,"20MA, 50MA, RSI, MACD, Upper_BB, ATR",64,0.7,0.0005,16,60,1,100,sigmoid,0.0385590642441816,4.147006119541575,0.933317622480733,66.80672268907563,1.3131737142313469
6,"20MA, 50MA, RSI, MACD, Upper_BB, ATR",128,0.6000000000000001,0.001,16,60,1,150,tanh,0.027255582306592856,3.1501122823157592,0.9666827586952467,79.83193277310924,0.9410243312669468
7,"20MA, 50MA, RSI, MACD, Upper_BB, ATR",64,0.8,0.001,64,60,1,100,relu,0.02910270014871914,3.5877263764959664,0.9620139029361844,75.63025210084034,1.0978746362147402
8,"20MA, 50MA, RSI, MACD, Upper_BB, ATR",32,0.6000000000000001,0.0005,16,60,1,100,sigmoid,0.04219588297232423,4.953439242415759,0.9201457081730463,58.82352941176471,1.2196380876259156
9,"20MA, 50MA, RSI, MACD, Upper_BB, ATR",64,0.2,0.0001,32,60,1,100,sigmoid,0.051025173713640036,5.84237190886207,0.883231127138429,49.159663865546214,1.1233792881709412
10,"20MA, 50MA, RSI, MACD, Upper_BB, ATR",32,0.5,0.001,16,60,1,150,tanh,0.028785014784048647,3.2690853566479667,0.9628386897681965,78.15126050420169,0.7880476903429949
11,"20MA, 50MA, RSI, MACD, Upper_BB, ATR",32,0.5,0.001,16,60,1,150,tanh,0.026690171446747426,2.924708393287607,0.9680507379631639,83.61344537815127,1.7183560555813586
12,"20MA, 50MA, RSI, MACD, Upper_BB, ATR",32,0.5,0.001,16,60,1,150,tanh,0.027428303436034585,3.064159942390428,0.9662591518780596,80.25210084033614,0.9320327334014926
13,"20MA, 50MA, RSI, MACD, Upper_BB, ATR",32,0.5,0.001,16,60,1,150,tanh,0.029703764237197075,3.593381737524763,0.9604286303317342,74.78991596638656,1.197287506620142
14,"20MA, 50MA, RSI, MACD, Upper_BB, ATR",128,0.6000000000000001,0.001,16,60,1,150,tanh,0.030217375515664106,3.575751472303147,0.9590483327675892,73.94957983193278,0.9103004594281722
15,"20MA, 50MA, RSI, MACD, Upper_BB, ATR",32,0.4,0.001,16,60,1,150,tanh,0.036459203992337416,4.158853994532692,0.9403826772280742,67.22689075630252,0.8262713633508749
16,"20MA, 50MA, RSI, MACD, Upper_BB, ATR",32,0.7,0.001,16,60,1,150,tanh,0.02903270442088194,3.408622461001413,0.9621964060745846,76.89075630252101,0.7227797419548649
17,"20MA, 50MA, RSI, MACD, Upper_BB, ATR",128,0.4,0.001,16,60,1,150,relu,0.02803544028561745,3.135769494168989,0.9647488843755848,78.99159663865547,0.8530212420508738
18,"20MA, 50MA, RSI, MACD, Upper_BB, ATR",32,0.7,0.0001,32,60,1,150,tanh,0.034068642775353444,3.944745459044656,0.9479443625210892,71.42857142857143,1.489711699023991
19,"20MA, 50MA, RSI, MACD, Upper_BB, ATR",128,0.30000000000000004,0.001,64,60,1,150,tanh,0.03669457371404306,4.288859287875586,0.9396104493848711,65.54621848739495,1.0505407220489948
20,"20MA, 50MA, RSI, MACD, Upper_BB, ATR",128,0.6000000000000001,0.001,16,60,1,150,relu,0.03215465934882091,3.9118747673767906,0.9536290567480524,71.84873949579831,1.001799364961751
21,"20MA, 50MA, RSI, MACD, Upper_BB, ATR",32,0.5,0.001,16,60,1,150,tanh,0.035280668872092906,4.463395894537114,0.9441746152989701,64.28571428571429,0.7715411819134808
22,"20MA, 50MA, RSI, MACD, Upper_BB, ATR",32,0.5,0.001,16,60,1,150,tanh,0.03479195876125585,4.44783187910167,0.9457104972319038,63.4453781512605,0.7673075070012817
23,"20MA, 50MA, RSI, MACD, Upper_BB, ATR",32,0.5,0.001,16,60,1,150,tanh,0.03125721125536542,3.8978933961645685,0.9561813937009506,71.84873949579831,0.9198166480838139
24,"20MA, 50MA, RSI, MACD, Upper_BB, ATR",32,0.4,0.001,16,60,1,150,tanh,0.027539318116545013,3.169069071357393,0.9659854703644277,78.57142857142857,1.0907902872169344
0,"20MA, 50MA, RSI, MACD, Upper_BB, ATR",32,0.8,0.0001,16,60,30,100,sigmoid,0.10644830417783195,11.71182412423302,0.4381969373684239,30.638297872340424,1.1020138362470504
1,"20MA, 50MA, RSI, MACD, Upper_BB, ATR",32,0.2,0.001,32,60,30,50,relu,0.10700570208300776,13.380299196934342,0.43229796650929886,22.5531914893617,1.2085201521371305
2,"20MA, 50MA, RSI, MACD, Upper_BB, ATR",64,0.8,0.001,64,60,30,150,tanh,0.10678225361485737,12.656695701859494,0.434666432889133,22.5531914893617,1.3772097071932436
3,"20MA, 50MA, RSI, MACD, Upper_BB, ATR",128,0.4,0.0001,64,60,30,150,relu,0.1054043996025825,11.567375608345639,0.4491617551883753,31.914893617021278,1.2861143883531443
4,"20MA, 50MA, RSI, MACD, Upper_BB, ATR",64,0.7,0.0001,32,60,30,100,sigmoid,0.10916963455526119,11.835583190705313,0.40910499170608805,28.085106382978726,1.0622902442774207
5,"20MA, 50MA, RSI, MACD, Upper_BB, ATR",32,0.5,0.001,32,60,30,50,relu,0.106574358197159,12.750877294668284,0.4368655969579187,24.680851063829788,1.127219561888755
6,"20MA, 50MA, RSI, MACD, Upper_BB, ATR",64,0.8,0.001,16,60,30,100,tanh,0.10708178938136577,13.157293762544272,0.4314903409302552,26.382978723404253,0.9850764784939644
7,"20MA, 50MA, RSI, MACD, Upper_BB, ATR",64,0.30000000000000004,0.0001,16,60,30,50,sigmoid,0.12373029898728097,16.74252177351299,0.24097036424698604,5.531914893617021,0.890969566580519
8,"20MA, 50MA, RSI, MACD, Upper_BB, ATR",128,0.7,0.001,16,60,30,50,sigmoid,0.17761694163223143,27.780565577023125,-0.5641391398402291,7.659574468085106,0.7374100719085516
9,"20MA, 50MA, RSI, MACD, Upper_BB, ATR",32,0.4,0.0005,16,60,30,100,tanh,0.10554054566606713,12.153003619812154,0.44773785082774986,24.25531914893617,1.0259578095904738
10,"20MA, 50MA, RSI, MACD, Upper_BB, ATR",128,0.5,0.0005,64,60,30,150,relu,0.10610171091273722,12.359750961139577,0.44184941754635587,24.680851063829788,1.3593188731857362
11,"20MA, 50MA, RSI, MACD, Upper_BB, ATR",128,0.4,0.0005,64,60,30,150,tanh,0.10785818371492344,12.420817918714068,0.4232165192726359,23.829787234042556,1.280061134170594
12,"20MA, 50MA, RSI, MACD, Upper_BB, ATR",128,0.4,0.0005,64,60,30,150,relu,0.10732546260817895,12.66877886734302,0.4289000181004865,22.127659574468083,1.3424034370676563
13,"20MA, 50MA, RSI, MACD, Upper_BB, ATR",32,0.4,0.0005,16,60,30,100,tanh,0.10799150104887642,13.516466029502292,0.4217897798974518,22.97872340425532,1.2547054866395142
14,"20MA, 50MA, RSI, MACD, Upper_BB, ATR",128,0.30000000000000004,0.0001,64,60,30,150,relu,0.1065012080808992,11.951437857788212,0.43763837590174626,28.085106382978726,1.2653224296079337
15,"20MA, 50MA, RSI, MACD, Upper_BB, ATR",32,0.6000000000000001,0.0005,16,60,30,100,tanh,0.10691821725421496,12.876049634755038,0.4332258612244759,23.404255319148938,1.2399282506689069
16,"20MA, 50MA, RSI, MACD, Upper_BB, ATR",32,0.2,0.0001,64,60,30,150,relu,0.10501365002726544,11.231926715621512,0.4532382614492001,35.319148936170215,1.3467620204659776
17,"20MA, 50MA, RSI, MACD, Upper_BB, ATR",128,0.2,0.0001,64,60,30,150,relu,0.10650859963783833,11.556544986544582,0.43756031345934676,30.638297872340424,1.4292918383923203
18,"20MA, 50MA, RSI, MACD, Upper_BB, ATR",128,0.30000000000000004,0.0001,64,60,30,150,relu,0.10707108342272634,11.773668759557285,0.4316040136036825,27.659574468085108,1.167141744708297
19,"20MA, 50MA, RSI, MACD, Upper_BB, ATR",32,0.2,0.0001,64,60,30,150,relu,0.10488334369179206,11.50802755154307,0.4545943197394836,29.78723404255319,0.9833126455749888
20,"20MA, 50MA, RSI, MACD, Upper_BB, ATR",32,0.2,0.0001,64,60,30,150,relu,0.10592800359847715,11.526286141743077,0.44367550445232795,34.04255319148936,1.2091094780041731
21,"20MA, 50MA, RSI, MACD, Upper_BB, ATR",32,0.30000000000000004,0.0001,64,60,30,150,relu,0.10734329509457605,11.970932138579265,0.42871022197056485,30.638297872340424,1.1919909985548287
22,"20MA, 50MA, RSI, MACD, Upper_BB, ATR",32,0.2,0.0001,64,60,30,150,relu,0.10532375570941231,11.590292480583217,0.45000431484267167,32.340425531914896,1.1052225749862548
23,"20MA, 50MA, RSI, MACD, Upper_BB, ATR",32,0.2,0.0001,64,60,30,150,relu,0.10215827838881733,11.112930246654757,0.48256745747794616,34.46808510638298,1.3292262828180836
24,"20MA, 50MA, RSI, MACD, Upper_BB, ATR",32,0.2,0.0001,64,60,30,150,relu,0.10422064553427524,11.464219244456817,0.46146476192761665,34.04255319148936,1.1474637209172427
0,"20MA, 50MA, RSI, MACD, Upper_BB, Williams_%R",64,0.6000000000000001,0.0005,16,60,1,150,relu,0.031390943100515704,3.415243351276535,0.9558056417691762,77.73109243697479,0.7754516102026594
1,"20MA, 50MA, RSI, MACD, Upper_BB, Williams_%R",128,0.5,0.0005,16,60,1,100,relu,0.027553138378753297,3.074753500724192,0.9659513222660044,81.5126050420168,0.6141516272322876
2,"20MA, 50MA, RSI, MACD, Upper_BB, Williams_%R",32,0.5,0.0001,16,60,1,50,sigmoid,0.05786659534758887,6.311855863925782,0.8498193547412616,50.42016806722689,1.3316100107527193
3,"20MA, 50MA, RSI, MACD, Upper_BB, Williams_%R",64,0.30000000000000004,0.0005,16,60,1,150,sigmoid,0.0476084734348549,6.465612815177215,0.8983454981824852,54.621848739495796,1.3395569144148292
4,"20MA, 50MA, RSI, MACD, Upper_BB, Williams_%R",64,0.8,0.0005,32,60,1,50,tanh,0.03071357235145232,3.7145241123020853,0.9576923629305143,74.78991596638656,0.7581684691991835
5,"20MA, 50MA, RSI, MACD, Upper_BB, Williams_%R",128,0.5,0.0005,32,60,1,100,tanh,0.026348403198372564,2.9183219760652164,0.9688637213316763,85.71428571428571,1.2453556306118858
6,"20MA, 50MA, RSI, MACD, Upper_BB, Williams_%R",64,0.5,0.0001,32,60,1,50,relu,0.03664504664660903,4.50778642830227,0.9397733562458144,62.18487394957983,1.1517992437583437
7,"20MA, 50MA, RSI, MACD, Upper_BB, Williams_%R",64,0.8,0.001,16,60,1,150,tanh,0.02838626518750244,3.2421304025958797,0.9638611261066083,77.73109243697479,1.1567810598278936
8,"20MA, 50MA, RSI, MACD, Upper_BB, Williams_%R",64,0.4,0.0005,32,60,1,150,relu,0.03716010816732259,4.898648043853305,0.9380684366377993,62.18487394957983,1.1728044303345293
9,"20MA, 50MA, RSI, MACD, Upper_BB, Williams_%R",128,0.5,0.001,16,60,1,100,sigmoid,0.03881821353899685,4.728292733123399,0.9324182873008395,61.76470588235294,0.9626393149410709
10,"20MA, 50MA, RSI, MACD, Upper_BB, Williams_%R",128,0.2,0.0001,64,60,1,100,tanh,0.03484490077334499,4.2836543344873315,0.9455451496971127,65.96638655462185,0.7527084715134245
11,"20MA, 50MA, RSI, MACD, Upper_BB, Williams_%R",128,0.6000000000000001,0.0005,64,60,1,100,tanh,0.02883903492244118,3.248223758568019,0.9626990794319475,78.15126050420169,1.0981052479949123
12,"20MA, 50MA, RSI, MACD, Upper_BB, Williams_%R",128,0.6000000000000001,0.0005,32,60,1,100,relu,0.02923728089585292,3.2709077260741135,0.9616617694527808,80.67226890756302,0.9010265807371396
13,"20MA, 50MA, RSI, MACD, Upper_BB, Williams_%R",128,0.4,0.0005,32,60,1,100,relu,0.028787413403718175,3.338612517796083,0.9628324962981479,77.73109243697479,0.8204780535887674
14,"20MA, 50MA, RSI, MACD, Upper_BB, Williams_%R",32,0.7,0.001,64,60,1,100,tanh,0.028483523281602127,3.3870010538428503,0.9636130611187447,78.99159663865547,1.1227750441374817
15,"20MA, 50MA, RSI, MACD, Upper_BB, Williams_%R",128,0.4,0.0005,16,60,1,100,relu,0.029800681969959095,3.452817665888159,0.9601699813530539,77.31092436974791,0.7119808501002114
16,"20MA, 50MA, RSI, MACD, Upper_BB, Williams_%R",128,0.30000000000000004,0.0005,32,60,1,100,tanh,0.027893725672530706,3.125528799795594,0.9651043610287506,82.35294117647058,0.9380685399749511
17,"20MA, 50MA, RSI, MACD, Upper_BB, Williams_%R",32,0.7,0.0005,16,60,1,100,tanh,0.027680448356069427,3.1915761170221457,0.9656359497875481,80.25210084033614,0.8604805038442841
18,"20MA, 50MA, RSI, MACD, Upper_BB, Williams_%R",128,0.30000000000000004,0.001,32,60,1,100,relu,0.03814898473947696,4.946473883986348,0.9347284278551821,58.82352941176471,0.8457284695621409
19,"20MA, 50MA, RSI, MACD, Upper_BB, Williams_%R",128,0.7,0.0001,64,60,1,50,sigmoid,0.05041177529114336,5.968662016890986,0.8860217229439785,48.319327731092436,0.9403398933941775
20,"20MA, 50MA, RSI, MACD, Upper_BB, Williams_%R",128,0.4,0.0005,16,60,1,100,relu,0.028747268272852112,3.3139560783465534,0.9629360869812253,78.57142857142857,0.9364041230919679
21,"20MA, 50MA, RSI, MACD, Upper_BB, Williams_%R",32,0.7,0.0005,16,60,1,100,tanh,0.0277338103704575,3.0402717637863352,0.9655033289250791,85.29411764705883,1.1933494018340056
22,"20MA, 50MA, RSI, MACD, Upper_BB, Williams_%R",32,0.5,0.0005,16,60,1,100,tanh,0.026693877555243817,3.0361754182687912,0.9680418646104726,84.03361344537815,0.9012015737151545
23,"20MA, 50MA, RSI, MACD, Upper_BB, Williams_%R",32,0.5,0.0005,16,60,1,100,tanh,0.027108328291134437,3.0855737757066026,0.9670417929950197,83.61344537815127,0.9356993320177508
24,"20MA, 50MA, RSI, MACD, Upper_BB, Williams_%R",32,0.6000000000000001,0.0005,16,60,1,100,tanh,0.028108674068075816,3.1539849279527887,0.964564478903052,82.35294117647058,0.8948440368482529
0,"20MA, 50MA, RSI, MACD, Upper_BB, Williams_%R",64,0.30000000000000004,0.0005,64,60,30,50,sigmoid,0.10524799281691563,11.601897250194348,0.4507952907557796,34.46808510638298,1.1678125577961251
1,"20MA, 50MA, RSI, MACD, Upper_BB, Williams_%R",64,0.6000000000000001,0.0005,16,60,30,50,tanh,0.10476559874930498,12.862362451012569,0.4558182073715309,28.085106382978726,1.0218529175177864
2,"20MA, 50MA, RSI, MACD, Upper_BB, Williams_%R",64,0.6000000000000001,0.0001,32,60,30,100,sigmoid,0.10438012580380211,11.391138658355004,0.4541720644228249,32.20338983050847,1.0488223787728885
3,"20MA, 50MA, RSI, MACD, Upper_BB, Williams_%R",128,0.4,0.001,16,60,30,150,relu,0.1081109545102343,11.987563987713713,0.42050991228677237,24.680851063829788,1.1479863287024743
4,"20MA, 50MA, RSI, MACD, Upper_BB, Williams_%R",64,0.2,0.0005,64,60,30,150,sigmoid,0.10583002253189815,11.16430935944353,0.44470420424184454,31.06382978723404,0.9194714387823673
5,"20MA, 50MA, RSI, MACD, Upper_BB, Williams_%R",128,0.6000000000000001,0.001,32,60,30,50,sigmoid,0.11984553757382989,16.841185700871126,0.2878846557817031,25.53191489361702,0.8786776236172212
6,"20MA, 50MA, RSI, MACD, Upper_BB, Williams_%R",32,0.4,0.001,16,60,30,100,relu,0.10633847279194286,13.00530213117104,0.4393556552479102,27.23404255319149,1.034111613253545
7,"20MA, 50MA, RSI, MACD, Upper_BB, Williams_%R",64,0.30000000000000004,0.0001,16,60,30,100,tanh,0.10529512742660352,11.930523217184378,0.45030326529334486,26.80851063829787,1.1310249107780177
8,"20MA, 50MA, RSI, MACD, Upper_BB, Williams_%R",128,0.8,0.001,32,60,30,50,sigmoid,0.11779710586585128,16.34988204131504,0.3120199430618247,25.957446808510635,0.9049438491271321
9,"20MA, 50MA, RSI, MACD, Upper_BB, Williams_%R",128,0.8,0.0005,32,60,30,150,tanh,0.10397793552690128,12.410427232837122,0.4639701329902959,20.425531914893615,0.8290636256813998
10,"20MA, 50MA, RSI, MACD, Upper_BB, Williams_%R",32,0.8,0.0005,32,60,30,150,tanh,0.1058701460191527,12.397843920935635,0.44428306425054354,24.680851063829788,0.9749233955967377
11,"20MA, 50MA, RSI, MACD, Upper_BB, Williams_%R",128,0.7,0.0001,32,60,30,100,tanh,0.10691682066195955,12.048900826526399,0.4332406678163436,24.25531914893617,1.1861790276998434
12,"20MA, 50MA, RSI, MACD, Upper_BB, Williams_%R",64,0.6000000000000001,0.0001,32,60,30,150,sigmoid,0.10449395208820503,10.97345169987165,0.4586365660859536,34.46808510638298,1.0828625612579947
13,"20MA, 50MA, RSI, MACD, Upper_BB, Williams_%R",128,0.7,0.0001,32,60,30,100,tanh,0.10585792753023496,11.824513750291372,0.4444113275930909,24.25531914893617,1.2250539346234106
14,"20MA, 50MA, RSI, MACD, Upper_BB, Williams_%R",32,0.7,0.0005,32,60,30,150,relu,0.1117407981579976,11.96248003517049,0.3809437016256445,26.80851063829787,1.0622849004500732
15,"20MA, 50MA, RSI, MACD, Upper_BB, Williams_%R",64,0.5,0.0001,32,60,30,100,sigmoid,0.1049251923592452,11.095734732818073,0.4541589969580414,34.46808510638298,1.2171464072709088
16,"20MA, 50MA, RSI, MACD, Upper_BB, Williams_%R",128,0.8,0.0001,64,60,30,150,tanh,0.10770567733352336,11.651252337468476,0.42484645537187393,26.80851063829787,1.140802233261755
17,"20MA, 50MA, RSI, MACD, Upper_BB, Williams_%R",64,0.5,0.0005,32,60,30,100,tanh,0.10461442160631465,12.327605534442343,0.4573875868864624,22.97872340425532,1.2588674950250835
18,"20MA, 50MA, RSI, MACD, Upper_BB, Williams_%R",128,0.7,0.0005,32,60,30,100,sigmoid,0.102941650009255,12.801997290520342,0.4746014639165749,31.06382978723404,1.0061566149189944
19,"20MA, 50MA, RSI, MACD, Upper_BB, Williams_%R",128,0.7,0.0005,64,60,30,150,relu,0.10355287073321257,11.789082877090017,0.4683437859247057,27.659574468085108,1.0550697166696894
20,"20MA, 50MA, RSI, MACD, Upper_BB, Williams_%R",128,0.7,0.0005,64,60,30,150,relu,0.10406947025844873,12.247898184346582,0.4630259529286246,22.5531914893617,1.2435553420797807
21,"20MA, 50MA, RSI, MACD, Upper_BB, Williams_%R",128,0.8,0.0005,64,60,30,150,relu,0.10377404577371045,11.769551391559576,0.46607026784450467,28.085106382978726,0.9088547632738473
22,"20MA, 50MA, RSI, MACD, Upper_BB, Williams_%R",128,0.7,0.0005,64,60,30,150,relu,0.10378007862005398,11.819033990553539,0.46600818662492405,28.510638297872344,1.034477399880207
23,"20MA, 50MA, RSI, MACD, Upper_BB, Williams_%R",128,0.8,0.0005,64,60,30,150,relu,0.10448774472119908,11.86839813782999,0.4587008825681764,28.510638297872344,1.2092222576094531
24,"20MA, 50MA, RSI, MACD, Upper_BB, Williams_%R",128,0.7,0.0005,64,60,30,150,relu,0.1059554187757426,11.554155730607754,0.4433875030213269,31.914893617021278,0.9855629507347538
0,"20MA, 50MA, RSI, MACD, Upper_BB, OBV",32,0.5,0.0001,32,60,1,150,relu,0.03208820228039524,3.831914080815458,0.9538205370756155,71.42857142857143,1.5867671357360436
1,"20MA, 50MA, RSI, MACD, Upper_BB, OBV",32,0.5,0.0001,32,60,1,150,relu,0.03398660798559543,3.9088688834143555,0.9481947530007929,69.32773109243698,1.8847074288218228
2,"20MA, 50MA, RSI, MACD, Upper_BB, OBV",32,0.2,0.001,32,60,1,50,tanh,0.02765432677720776,3.160656322162642,0.9657007767506511,82.35294117647058,1.1397006393549802
3,"20MA, 50MA, RSI, MACD, Upper_BB, OBV",32,0.6000000000000001,0.0001,32,60,1,100,sigmoid,0.060518242482915756,6.02754200692254,0.8357404160357822,55.04201680672269,1.5323261325451603
4,"20MA, 50MA, RSI, MACD, Upper_BB, OBV",128,0.8,0.0005,64,60,1,100,sigmoid,0.042106737832201244,5.319377018559444,0.9204827601295089,53.36134453781513,1.0845123801505336
5,"20MA, 50MA, RSI, MACD, Upper_BB, OBV",128,0.7,0.001,16,60,1,100,tanh,0.026985160395201244,2.961051358859324,0.9673406067728847,82.35294117647058,1.863048778907707
6,"20MA, 50MA, RSI, MACD, Upper_BB, OBV",32,0.4,0.0005,32,60,1,50,tanh,0.035073740461379344,4.31692577370264,0.9448275496953291,63.4453781512605,1.1596837047445987
7,"20MA, 50MA, RSI, MACD, Upper_BB, OBV",128,0.30000000000000004,0.001,16,60,1,50,tanh,0.02656230528603158,2.95741742959514,0.9683561270693339,82.77310924369748,1.124876675762372
8,"20MA, 50MA, RSI, MACD, Upper_BB, OBV",32,0.5,0.001,32,60,1,100,tanh,0.025762966111040717,2.7543471056764224,0.9702319882310105,86.5546218487395,1.294666294550445
9,"20MA, 50MA, RSI, MACD, Upper_BB, OBV",128,0.2,0.0001,32,60,1,100,relu,0.03953051398944306,4.99968934866987,0.9299153309808,58.40336134453782,1.0413889970715982
10,"20MA, 50MA, RSI, MACD, Upper_BB, OBV",64,0.6000000000000001,0.001,64,60,1,100,tanh,0.027480531441105804,3.198106536716524,0.9661305332803584,81.5126050420168,1.090710843297662
11,"20MA, 50MA, RSI, MACD, Upper_BB, OBV",64,0.30000000000000004,0.001,16,60,1,50,tanh,0.02669962424682665,2.9408364370812254,0.96802810315406,82.77310924369748,1.1279920298411439
12,"20MA, 50MA, RSI, MACD, Upper_BB, OBV",128,0.4,0.001,16,60,1,50,tanh,0.026694958696170928,2.952195008157844,0.9680392758559733,82.35294117647058,1.2389606473005155
13,"20MA, 50MA, RSI, MACD, Upper_BB, OBV",128,0.4,0.001,16,60,1,50,tanh,0.026680814207134255,2.9423238896383923,0.9680731360579583,80.67226890756302,1.230321438949843
14,"20MA, 50MA, RSI, MACD, Upper_BB, OBV",64,0.30000000000000004,0.001,16,60,1,150,sigmoid,0.04553397974204586,5.871762428482827,0.9070114824276398,48.739495798319325,1.180386720497878
15,"20MA, 50MA, RSI, MACD, Upper_BB, OBV",32,0.30000000000000004,0.001,64,60,1,100,tanh,0.030308243211909183,3.563057954086001,0.9588016681487007,74.78991596638656,0.9775619823856243
16,"20MA, 50MA, RSI, MACD, Upper_BB, OBV",128,0.5,0.0005,16,60,1,50,tanh,0.026714193201039918,2.937196348111966,0.9679932019748748,83.19327731092437,1.09740841244407
17,"20MA, 50MA, RSI, MACD, Upper_BB, OBV",32,0.6000000000000001,0.001,32,60,1,100,tanh,0.030025367128153863,3.6492483370259463,0.9595671125470857,76.05042016806722,0.8281509027670311
18,"20MA, 50MA, RSI, MACD, Upper_BB, OBV",128,0.7,0.001,16,60,1,50,sigmoid,0.05476141985342352,7.422053548057715,0.8655045772922502,44.11764705882353,1.8100663921712494
19,"20MA, 50MA, RSI, MACD, Upper_BB, OBV",64,0.4,0.0005,64,60,1,150,relu,0.02952315687976742,3.468688594344231,0.9609083778083809,77.31092436974791,1.0369580660086744
20,"20MA, 50MA, RSI, MACD, Upper_BB, OBV",128,0.2,0.001,16,60,1,50,tanh,0.026935016552414717,2.963386423182007,0.9674618694148798,81.5126050420168,1.5561054777599517
21,"20MA, 50MA, RSI, MACD, Upper_BB, OBV",128,0.4,0.001,16,60,1,50,tanh,0.026715810778509264,2.9684732329896244,0.9679893257550365,82.35294117647058,1.1714181537824855
22,"20MA, 50MA, RSI, MACD, Upper_BB, OBV",128,0.30000000000000004,0.001,16,60,1,50,tanh,0.026872190797437134,2.9628702357273733,0.9676134823560336,80.25210084033614,1.1011998199539241
23,"20MA, 50MA, RSI, MACD, Upper_BB, OBV",128,0.4,0.001,16,60,1,50,tanh,0.026599363012113974,2.9488745659488447,0.9682677711861347,82.35294117647058,1.1241647656735012
24,"20MA, 50MA, RSI, MACD, Upper_BB, OBV",128,0.5,0.001,16,60,1,50,tanh,0.027478611103115943,3.0342020907220055,0.9661352667078216,81.09243697478992,1.8653737077638355
0,"20MA, 50MA, RSI, MACD, Upper_BB, OBV",32,0.5,0.001,16,60,30,50,relu,0.1071268637352806,12.69293585555097,0.4310116302366128,28.936170212765955,1.0977364509831211
1,"20MA, 50MA, RSI, MACD, Upper_BB, OBV",64,0.5,0.001,64,60,30,150,tanh,0.10911132025607524,11.709784899217876,0.40973609073759243,33.191489361702125,0.9588598525204554
2,"20MA, 50MA, RSI, MACD, Upper_BB, OBV",32,0.30000000000000004,0.0005,64,60,30,150,sigmoid,0.11073610704919959,12.59257164888753,0.39202585360376085,27.659574468085108,1.038752160865268
3,"20MA, 50MA, RSI, MACD, Upper_BB, OBV",32,0.7,0.0001,32,60,30,50,relu,0.10755805026160285,12.61465213655199,0.426422046296161,28.936170212765955,1.2245182528994762
4,"20MA, 50MA, RSI, MACD, Upper_BB, OBV",128,0.30000000000000004,0.0001,16,60,30,150,tanh,0.11315808303723254,13.699403479928893,0.3651402825506338,21.70212765957447,1.2353082132834663
5,"20MA, 50MA, RSI, MACD, Upper_BB, OBV",64,0.6000000000000001,0.0001,64,60,30,150,relu,0.11194121741495328,12.932669527825508,0.3787210206960079,29.78723404255319,1.1054306103588072
6,"20MA, 50MA, RSI, MACD, Upper_BB, OBV",32,0.2,0.001,16,60,30,150,sigmoid,0.10649018624895108,12.673142392905563,0.43775476771921407,32.76595744680851,1.1858385991493905
7,"20MA, 50MA, RSI, MACD, Upper_BB, OBV",32,0.6000000000000001,0.0005,32,60,30,100,tanh,0.1090119005746553,12.453146145638394,0.4108112699948797,31.48936170212766,1.1647459513974676
8,"20MA, 50MA, RSI, MACD, Upper_BB, OBV",32,0.8,0.0001,16,60,30,150,relu,0.10974992353451186,12.083142605037517,0.402806515492246,32.340425531914896,1.0292204064530357
9,"20MA, 50MA, RSI, MACD, Upper_BB, OBV",32,0.7,0.0005,64,60,30,100,tanh,0.11230438253237647,11.892105220993843,0.37468331495237817,31.914893617021278,1.056083077562024
10,"20MA, 50MA, RSI, MACD, Upper_BB, OBV",128,0.2,0.001,16,60,30,50,sigmoid,0.15275961687192113,22.967739432491342,-0.1569743455596282,8.936170212765958,0.7970142564755022
11,"20MA, 50MA, RSI, MACD, Upper_BB, OBV",32,0.4,0.001,16,60,30,50,sigmoid,0.12894164619685047,18.339789093783512,0.1756853292520747,21.70212765957447,0.7970142564755022
12,"20MA, 50MA, RSI, MACD, Upper_BB, OBV",32,0.2,0.001,16,60,30,50,sigmoid,0.1156804030262009,15.590991563172658,0.3365225081506641,26.382978723404253,1.0395829726076122
13,"20MA, 50MA, RSI, MACD, Upper_BB, OBV",32,0.4,0.001,16,60,30,50,relu,0.1093292068808268,13.345026038890504,0.40737631682636055,28.085106382978726,0.9817220109504075
14,"20MA, 50MA, RSI, MACD, Upper_BB, OBV",128,0.4,0.001,16,60,30,100,sigmoid,0.1535849546444082,23.10902446505607,-0.16951004349482957,8.936170212765958,0.7970142564755022
15,"20MA, 50MA, RSI, MACD, Upper_BB, OBV",64,0.5,0.001,16,60,30,150,relu,0.10334424708456734,11.78337682705747,0.47048383920265135,26.382978723404253,1.2678399245855712
16,"20MA, 50MA, RSI, MACD, Upper_BB, OBV",64,0.30000000000000004,0.001,32,60,30,150,sigmoid,0.12078942530975839,16.647414520496365,0.2766234296470106,16.170212765957448,0.9900062907218106
17,"20MA, 50MA, RSI, MACD, Upper_BB, OBV",64,0.8,0.001,16,60,30,150,relu,0.10938117042102338,12.503016797259722,0.40681284172648735,23.829787234042556,1.0158909898198287
18,"20MA, 50MA, RSI, MACD, Upper_BB, OBV",64,0.2,0.001,16,60,30,150,relu,0.10665970475741333,12.11849196488735,0.43596330058304433,23.404255319148938,1.0148569662183735
19,"20MA, 50MA, RSI, MACD, Upper_BB, OBV",64,0.5,0.0005,32,60,30,150,sigmoid,0.11295545508104464,14.270515709461797,0.36741188609581177,25.957446808510635,1.262014125289987
20,"20MA, 50MA, RSI, MACD, Upper_BB, OBV",64,0.6000000000000001,0.001,16,60,30,150,sigmoid,0.14656043558449217,22.03485779336142,-0.0649766904801552,16.170212765957448,0.7393091108278987
21,"20MA, 50MA, RSI, MACD, Upper_BB, OBV",64,0.2,0.001,16,60,30,150,relu,0.1065271494647224,11.718381660273183,0.4373643843533934,32.76595744680851,1.0762343611043421
22,"20MA, 50MA, RSI, MACD, Upper_BB, OBV",64,0.30000000000000004,0.001,16,60,30,150,relu,0.11015570168508226,11.851738003161463,0.39838234754072366,33.61702127659574,1.0100277995366536
23,"20MA, 50MA, RSI, MACD, Upper_BB, OBV",64,0.2,0.001,16,60,30,150,relu,0.10539145597782422,12.217676715621241,0.4492970323836163,28.510638297872344,0.8557225581973041
24,"20MA, 50MA, RSI, MACD, Upper_BB, OBV",64,0.4,0.001,16,60,30,150,relu,0.1028607998615575,12.053043919976355,0.4754264335563376,22.5531914893617,1.073888786121591
0,"20MA, 50MA, RSI, MACD, Lower_BB, CCI",128,0.7,0.0005,32,60,1,150,sigmoid,0.0337159388864149,4.182039708757966,0.9490166204654257,67.22689075630252,1.316642225525359
1,"20MA, 50MA, RSI, MACD, Lower_BB, CCI",64,0.8,0.0001,16,60,1,150,tanh,0.02697210747400024,3.0434002806398937,0.9673721943104556,80.67226890756302,1.18490140391867
2,"20MA, 50MA, RSI, MACD, Lower_BB, CCI",128,0.2,0.0001,64,60,1,150,tanh,0.03518737729844148,4.527404355393258,0.944469459610511,62.18487394957983,1.3644906154427556
3,"20MA, 50MA, RSI, MACD, Lower_BB, CCI",32,0.8,0.001,32,60,1,150,tanh,0.027175326398843153,3.0569871989311155,0.9668786795650905,82.35294117647058,1.0742658531897697
4,"20MA, 50MA, RSI, MACD, Lower_BB, CCI",32,0.5,0.0001,16,60,1,50,relu,0.0378553631838844,4.438007675862556,0.9357293135376912,60.50420168067227,1.6474640066283763
5,"20MA, 50MA, RSI, MACD, Lower_BB, CCI",128,0.30000000000000004,0.0001,32,60,1,100,relu,0.03219955871644702,4.0426102034581115,0.9534994655973003,69.74789915966386,1.2947970513857285
6,"20MA, 50MA, RSI, MACD, Lower_BB, CCI",128,0.8,0.0005,64,60,1,100,relu,0.02992300256146062,3.3802378343730353,0.9598423358063054,79.41176470588235,0.9972818573899862
7,"20MA, 50MA, RSI, MACD, Lower_BB, CCI",64,0.2,0.0001,32,60,1,100,tanh,0.03747020290267386,4.581556488899898,0.9370305073923864,64.70588235294117,1.508815320312974
8,"20MA, 50MA, RSI, MACD, Lower_BB, CCI",64,0.4,0.0001,64,60,1,50,relu,0.040953516566961494,4.7104912537772945,0.9247787574647109,62.18487394957983,1.3067332591891534
9,"20MA, 50MA, RSI, MACD, Lower_BB, CCI",32,0.7,0.0005,32,60,1,150,tanh,0.02683641272683166,3.045719151880856,0.9676996648150392,81.9327731092437,1.1875679729823199
10,"20MA, 50MA, RSI, MACD, Lower_BB, CCI",32,0.6000000000000001,0.0005,32,60,1,150,sigmoid,0.03518293331468961,3.818252617855112,0.9444834851648348,71.42857142857143,1.1821054398736666
11,"20MA, 50MA, RSI, MACD, Lower_BB, CCI",64,0.7,0.001,16,60,1,150,tanh,0.031011767889019628,3.457690096257491,0.9568668521735417,79.41176470588235,1.0329010743915792
12,"20MA, 50MA, RSI, MACD, Lower_BB, CCI",64,0.6000000000000001,0.0005,16,60,1,150,tanh,0.02682294782736556,2.8041989031160717,0.9677320694185798,84.45378151260505,0.8910489512540151
13,"20MA, 50MA, RSI, MACD, Lower_BB, CCI",32,0.6000000000000001,0.0005,16,60,1,150,tanh,0.025991774626026802,2.846556979529592,0.9697008831894187,84.45378151260505,0.8437791100345617
14,"20MA, 50MA, RSI, MACD, Lower_BB, CCI",64,0.5,0.0005,16,60,1,150,tanh,0.028695077906319557,3.2469129670592003,0.9630705431156013,78.15126050420169,0.8772462757828569
15,"20MA, 50MA, RSI, MACD, Lower_BB, CCI",32,0.5,0.0005,16,60,1,50,tanh,0.027984051479770886,3.266207266206799,0.9648779961335514,80.67226890756302,1.1828915725031222
16,"20MA, 50MA, RSI, MACD, Lower_BB, CCI",64,0.6000000000000001,0.0005,16,60,1,150,sigmoid,0.03102212776889403,3.361718059983538,0.9568380289945223,78.15126050420169,1.1988009475567187
17,"20MA, 50MA, RSI, MACD, Lower_BB, CCI",32,0.6000000000000001,0.0005,16,60,1,150,tanh,0.028950535866494587,3.0813429378132233,0.9624100872342987,81.9327731092437,1.3635172875559045
18,"20MA, 50MA, RSI, MACD, Lower_BB, CCI",32,0.4,0.001,16,60,1,100,tanh,0.026757536293182914,3.0412767190716496,0.9678892573044563,83.61344537815127,1.090570815348135
19,"20MA, 50MA, RSI, MACD, Lower_BB, CCI",32,0.4,0.001,16,60,1,100,sigmoid,0.03240552638864351,3.441769546240499,0.952902672394784,76.89075630252101,1.359675803515781
20,"20MA, 50MA, RSI, MACD, Lower_BB, CCI",32,0.4,0.001,16,60,1,100,tanh,0.027633070023749078,3.1759279108894463,0.9657534853142967,81.09243697478992,1.0492276616804475
21,"20MA, 50MA, RSI, MACD, Lower_BB, CCI",32,0.6000000000000001,0.001,16,60,1,100,tanh,0.025789649430487418,2.801644596255872,0.9701702934163302,86.97478991596638,0.9914093260592933
22,"20MA, 50MA, RSI, MACD, Lower_BB, CCI",32,0.30000000000000004,0.001,16,60,1,100,tanh,0.026084089519276953,2.897237374207556,0.9694852744495155,84.45378151260505,1.0502524779522882
23,"20MA, 50MA, RSI, MACD, Lower_BB, CCI",32,0.30000000000000004,0.001,16,60,1,100,tanh,0.026669986963281912,2.9930552083913273,0.9680990430485845,83.19327731092437,1.0364431371486262
24,"20MA, 50MA, RSI, MACD, Lower_BB, CCI",32,0.7,0.001,16,60,1,100,tanh,0.025718844105592158,2.7820926155929326,0.9703338631220926,84.03361344537815,1.1225392128125717
0,"20MA, 50MA, RSI, MACD, Lower_BB, CCI",32,0.30000000000000004,0.0005,64,60,30,50,relu,0.10735311946129528,12.522216472409955,0.4286056450220711,25.957446808510635,1.1420183802075228
1,"20MA, 50MA, RSI, MACD, Lower_BB, CCI",32,0.7,0.001,16,60,30,100,relu,0.10357814743900445,12.499450305607995,0.46808420533083417,26.382978723404253,1.1244788993948733
2,"20MA, 50MA, RSI, MACD, Lower_BB, CCI",32,0.2,0.001,64,60,30,50,sigmoid,0.1049572635180696,12.380126899924294,0.45382526530620315,31.914893617021278,1.0504631627882666
3,"20MA, 50MA, RSI, MACD, Lower_BB, CCI",32,0.2,0.001,16,60,30,100,sigmoid,0.10736138971316339,13.297444797297123,0.4285176036632462,33.61702127659574,1.0263184955785585
4,"20MA, 50MA, RSI, MACD, Lower_BB, CCI",64,0.8,0.0005,64,60,30,100,relu,0.1083180971520677,12.430166561350198,0.41828715687926743,19.574468085106382,1.2076214494517157
5,"20MA, 50MA, RSI, MACD, Lower_BB, CCI",64,0.30000000000000004,0.001,16,60,30,100,relu,0.10330487563676792,13.13322806074523,0.4708872258881396,21.27659574468085,1.0225585120965002
6,"20MA, 50MA, RSI, MACD, Lower_BB, CCI",64,0.5,0.0001,32,60,30,150,sigmoid,0.10840707238788017,12.031328436702772,0.4173310969698639,36.17021276595745,1.4231489610290153
7,"20MA, 50MA, RSI, MACD, Lower_BB, CCI",64,0.30000000000000004,0.0005,64,60,30,100,sigmoid,0.10380484565204615,12.584327933121989,0.4657532827817993,30.638297872340424,1.022465916741077
8,"20MA, 50MA, RSI, MACD, Lower_BB, CCI",32,0.6000000000000001,0.0001,64,60,30,150,tanh,0.10575228654699907,12.298932041516231,0.44551967438717677,26.80851063829787,1.286412989700266
9,"20MA, 50MA, RSI, MACD, Lower_BB, CCI",32,0.2,0.0005,16,60,30,100,relu,0.10849095159235501,13.769761863051247,0.41642907626473247,15.319148936170212,1.0448278223098928
10,"20MA, 50MA, RSI, MACD, Lower_BB, CCI",128,0.4,0.001,32,60,30,50,tanh,0.11364402823822248,14.798399005873478,0.3596759012212184,22.127659574468083,1.1920436641220817
11,"20MA, 50MA, RSI, MACD, Lower_BB, CCI",128,0.7,0.001,16,60,30,100,relu,0.10538167645200101,13.04019280873329,0.4493992297386248,28.936170212765955,0.9107263184680705
12,"20MA, 50MA, RSI, MACD, Lower_BB, CCI",64,0.6000000000000001,0.001,16,60,30,100,relu,0.1031457476849198,12.402824362634474,0.47251603158486166,20.425531914893615,1.098845663493233
13,"20MA, 50MA, RSI, MACD, Lower_BB, CCI",64,0.5,0.001,16,60,30,100,relu,0.10447527379639528,12.629472850772533,0.4588300861941452,29.361702127659573,0.9702752526072569
14,"20MA, 50MA, RSI, MACD, Lower_BB, CCI",64,0.4,0.001,16,60,30,100,relu,0.10661886985705699,13.186815468536883,0.43639510326750697,27.23404255319149,0.9850764784939644
15,"20MA, 50MA, RSI, MACD, Lower_BB, CCI",64,0.6000000000000001,0.001,16,60,30,150,relu,0.10669023023718638,12.64037312403477,0.43564040535885784,18.72340425531915,1.2132464347864773
16,"20MA, 50MA, RSI, MACD, Lower_BB, CCI",64,0.5,0.0001,16,60,30,100,tanh,0.10698314238055959,12.75209668879709,0.43253731522911854,26.382978723404253,0.9897278334739303
17,"20MA, 50MA, RSI, MACD, Lower_BB, CCI",128,0.4,0.001,32,60,30,100,relu,0.11242653291785054,14.615100219643912,0.3733222956926724,22.97872340425532,1.2627954693025039
18,"20MA, 50MA, RSI, MACD, Lower_BB, CCI",64,0.6000000000000001,0.001,16,60,30,150,relu,0.10354990001703625,13.494869965142165,0.4683742897059985,12.76595744680851,1.0298359671615884
19,"20MA, 50MA, RSI, MACD, Lower_BB, CCI",64,0.30000000000000004,0.0001,16,60,30,50,tanh,0.11208594141100141,13.718953659564187,0.3771135323805489,22.97872340425532,1.1056211071664068
20,"20MA, 50MA, RSI, MACD, Lower_BB, CCI",64,0.7,0.001,32,60,30,100,relu,0.10310727878254163,12.155357608873087,0.47290941562198796,28.936170212765955,1.0578302855365218
21,"20MA, 50MA, RSI, MACD, Lower_BB, CCI",64,0.8,0.001,32,60,30,100,relu,0.10460124666090813,12.528611969585462,0.45752424947372383,25.957446808510635,1.1819452781580417
22,"20MA, 50MA, RSI, MACD, Lower_BB, CCI",64,0.7,0.001,32,60,30,100,relu,0.10089267398973378,11.601061206798061,0.4953086364071343,28.510638297872344,0.836801501143161
23,"20MA, 50MA, RSI, MACD, Lower_BB, CCI",64,0.7,0.001,32,60,30,100,relu,0.11315518172906815,14.787211063805424,0.36517283700930103,22.5531914893617,1.2971238477409326
24,"20MA, 50MA, RSI, MACD, Lower_BB, CCI",64,0.7,0.001,32,60,30,100,relu,0.1110162786112797,14.467375314580874,0.38894551144042766,23.404255319148938,1.272823160110714
0,"20MA, 50MA, RSI, MACD, Lower_BB, ATR",64,0.2,0.0005,16,60,1,50,sigmoid,0.036977575636114694,4.618735607885518,0.9386753649460576,59.2436974789916,0.8479812721788871
1,"20MA, 50MA, RSI, MACD, Lower_BB, ATR",128,0.6000000000000001,0.0001,64,60,1,150,relu,0.03432041359382785,4.047454740961877,0.947172126407795,67.22689075630252,1.1228886145292905
2,"20MA, 50MA, RSI, MACD, Lower_BB, ATR",128,0.30000000000000004,0.001,16,60,1,150,relu,0.054581627391859205,5.865036700623496,0.8663862771193214,50.84033613445378,0.8900717833297984
3,"20MA, 50MA, RSI, MACD, Lower_BB, ATR",128,0.5,0.001,16,60,1,100,sigmoid,0.07667768515426426,10.625662841774046,0.7363085241318035,21.84873949579832,0.8189996229386296
4,"20MA, 50MA, RSI, MACD, Lower_BB, ATR",128,0.2,0.001,16,60,1,150,tanh,0.03918935122392519,5.069908547169098,0.9311198234035054,55.46218487394958,0.7543813857225676
5,"20MA, 50MA, RSI, MACD, Lower_BB, ATR",128,0.5,0.001,32,60,1,100,tanh,0.028832673580071796,3.2860141306723314,0.9627155333637039,80.67226890756302,0.855354410603757
6,"20MA, 50MA, RSI, MACD, Lower_BB, ATR",32,0.2,0.0005,16,60,1,150,relu,0.03324478968066727,4.052850210214474,0.9504315562748626,69.74789915966386,0.8722188176164068
7,"20MA, 50MA, RSI, MACD, Lower_BB, ATR",128,0.30000000000000004,0.0001,64,60,1,50,relu,0.056361056185357805,6.481526806579696,0.8575323206029083,47.05882352941176,1.1601368763121591
8,"20MA, 50MA, RSI, MACD, Lower_BB, ATR",64,0.7,0.0001,64,60,1,100,tanh,0.034614039465585465,4.03944704255712,0.9462643293777433,68.90756302521008,1.205942635886487
9,"20MA, 50MA, RSI, MACD, Lower_BB, ATR",64,0.7,0.001,32,60,1,150,relu,0.04506482752118336,6.019635177548336,0.9089177960923608,40.33613445378151,0.8356594696988353
10,"20MA, 50MA, RSI, MACD, Lower_BB, ATR",32,0.5,0.001,32,60,1,100,tanh,0.03478938115263999,4.481002505072004,0.9443222885772308,64.01673640167364,1.2196480231251579
11,"20MA, 50MA, RSI, MACD, Lower_BB, ATR",32,0.4,0.0005,32,60,1,100,tanh,0.036091717100103116,4.59751219405346,0.9415784341064614,62.18487394957983,1.545740042394694
12,"20MA, 50MA, RSI, MACD, Lower_BB, ATR",32,0.8,0.0005,32,60,1,150,relu,0.02853289463496788,3.3045708605258293,0.9634868106307242,80.25210084033614,1.0024957400094192
13,"20MA, 50MA, RSI, MACD, Lower_BB, ATR",32,0.8,0.0005,32,60,1,100,tanh,0.029104625473763607,3.4780689661026742,0.9620088767356715,78.57142857142857,1.1722361741670593
14,"20MA, 50MA, RSI, MACD, Lower_BB, ATR",32,0.8,0.0005,32,60,1,50,sigmoid,0.04514207346211869,5.803584858254386,0.9062543822515381,48.11715481171548,1.0422702938014716
15,"20MA, 50MA, RSI, MACD, Lower_BB, ATR",128,0.6000000000000001,0.001,32,60,1,150,relu,0.030139319205969625,3.705687311217269,0.9592596289098811,76.47058823529412,0.8995514655391309
16,"20MA, 50MA, RSI, MACD, Lower_BB, ATR",32,0.4,0.0005,32,60,1,100,tanh,0.030741063622016257,3.513313913015876,0.9576165911370518,75.21008403361344,0.9429235803119153
17,"20MA, 50MA, RSI, MACD, Lower_BB, ATR",32,0.6000000000000001,0.001,32,60,1,100,tanh,0.03542771421446744,4.501101261021916,0.9437082993351408,63.02521008403361,1.070049776268274
18,"20MA, 50MA, RSI, MACD, Lower_BB, ATR",128,0.7,0.0005,32,60,1,150,relu,0.03115403881891154,3.9183028633488526,0.9564701853777297,72.26890756302521,1.1347060418522592
19,"20MA, 50MA, RSI, MACD, Lower_BB, ATR",64,0.4,0.0001,32,60,1,50,sigmoid,0.05675191676933971,6.308060579233301,0.8555494590230115,52.94117647058824,1.210037544267385
20,"20MA, 50MA, RSI, MACD, Lower_BB, ATR",128,0.5,0.001,64,60,1,150,tanh,0.025807894350827136,2.7006545520264686,0.970128072359103,86.1344537815126,1.3712544744152997
21,"20MA, 50MA, RSI, MACD, Lower_BB, ATR",128,0.5,0.001,64,60,1,150,tanh,0.025819778790407193,2.800823359891132,0.9701005542008982,83.61344537815127,1.0938346071731184
22,"20MA, 50MA, RSI, MACD, Lower_BB, ATR",128,0.5,0.001,64,60,1,150,tanh,0.026208433715699902,2.7086012539817323,0.969193650476545,86.1344537815126,1.0170546067267554
23,"20MA, 50MA, RSI, MACD, Lower_BB, ATR",128,0.5,0.001,64,60,1,150,tanh,0.02769852805211198,3.2863629527341987,0.9655910448441521,79.83193277310924,1.0762010834689142
24,"20MA, 50MA, RSI, MACD, Lower_BB, ATR",128,0.4,0.001,64,60,1,150,tanh,0.02559124567318467,2.7322019717777577,0.9706274970385607,85.71428571428571,1.310172124581463
0,"20MA, 50MA, RSI, MACD, Lower_BB, ATR",32,0.4,0.0005,32,60,30,150,relu,0.09809165786058795,12.149850614936298,0.5229424675158397,25.106382978723403,0.8593387012023325
1,"20MA, 50MA, RSI, MACD, Lower_BB, ATR",128,0.6000000000000001,0.0001,64,60,30,150,relu,0.10738658149307413,11.605975469941637,0.4282493815800633,27.23404255319149,1.316039117881211
2,"20MA, 50MA, RSI, MACD, Lower_BB, ATR",128,0.2,0.0001,32,60,30,150,sigmoid,0.10794613225833082,13.757072577637256,0.42227550678789305,25.106382978723403,1.0254024882516135
3,"20MA, 50MA, RSI, MACD, Lower_BB, ATR",64,0.2,0.0001,32,60,30,50,relu,0.10660006819356473,12.524887767186113,0.4365938631172187,25.106382978723403,1.2311321901797538
4,"20MA, 50MA, RSI, MACD, Lower_BB, ATR",32,0.5,0.0001,32,60,30,150,sigmoid,0.10821474596939777,12.649253929153076,0.41939670422084563,28.936170212765955,0.9549872925051138
5,"20MA, 50MA, RSI, MACD, Lower_BB, ATR",128,0.8,0.0001,32,60,30,100,tanh,0.1089249133563467,12.046741209277906,0.41175119379978553,25.957446808510635,1.288344216754034
6,"20MA, 50MA, RSI, MACD, Lower_BB, ATR",64,0.2,0.0005,32,60,30,100,sigmoid,0.09984637795228528,11.58004932318699,0.5057220485543495,31.914893617021278,1.066941823794943
7,"20MA, 50MA, RSI, MACD, Lower_BB, ATR",128,0.2,0.0005,16,60,30,150,relu,0.10624371530945755,12.709733839086615,0.44035438271715044,23.404255319148938,0.9140720367201238
8,"20MA, 50MA, RSI, MACD, Lower_BB, ATR",32,0.8,0.0005,32,60,30,50,sigmoid,0.10713035200077195,13.21829247440491,0.4309745748288418,31.06382978723404,1.0911841527466368
9,"20MA, 50MA, RSI, MACD, Lower_BB, ATR",32,0.8,0.0005,32,60,30,100,tanh,0.10268502892092217,11.630112210330616,0.47721770892032545,28.510638297872344,1.0172587823096295
10,"20MA, 50MA, RSI, MACD, Lower_BB, ATR",32,0.4,0.001,16,60,30,150,relu,0.10620687880371545,13.250124415477291,0.4407423927764992,24.680851063829788,0.8613137945457456
11,"20MA, 50MA, RSI, MACD, Lower_BB, ATR",64,0.4,0.0005,64,60,30,100,sigmoid,0.10200423757217389,11.350212636276922,0.4841267170886667,33.61702127659574,0.9178257319513948
12,"20MA, 50MA, RSI, MACD, Lower_BB, ATR",64,0.30000000000000004,0.0005,32,60,30,100,sigmoid,0.0972653184568417,11.955708926025698,0.5309462263723081,30.638297872340424,1.2489795661365752
13,"20MA, 50MA, RSI, MACD, Lower_BB, ATR",64,0.4,0.001,32,60,30,100,relu,0.10582261310784274,12.50791268021946,0.4447819568095571,25.957446808510635,0.9872082144896085
14,"20MA, 50MA, RSI, MACD, Lower_BB, ATR",32,0.30000000000000004,0.0005,64,60,30,50,tanh,0.10634428865173914,12.157264498972097,0.43929432809162994,26.80851063829787,1.3270448321762418
15,"20MA, 50MA, RSI, MACD, Lower_BB, ATR",64,0.6000000000000001,0.0005,16,60,30,150,sigmoid,0.10030831253313409,13.043927657473157,0.5011379615131815,22.5531914893617,0.8834528382601038
16,"20MA, 50MA, RSI, MACD, Lower_BB, ATR",64,0.30000000000000004,0.0005,32,60,30,100,relu,0.10937312364653957,14.00728725538751,0.4069001157553881,21.70212765957447,1.2280103114069
17,"20MA, 50MA, RSI, MACD, Lower_BB, ATR",32,0.5,0.001,32,60,30,150,sigmoid,0.10989801332501545,13.14511880145536,0.4011937959252291,30.638297872340424,1.0454567855791421
18,"20MA, 50MA, RSI, MACD, Lower_BB, ATR",64,0.30000000000000004,0.0005,16,60,30,100,relu,0.10782494129864852,13.126199209416626,0.42357199942623014,23.829787234042556,1.0209815080816336
19,"20MA, 50MA, RSI, MACD, Lower_BB, ATR",32,0.6000000000000001,0.0005,64,60,30,50,tanh,0.10513692840907601,11.67904714462822,0.45195379098303323,27.23404255319149,1.2134252940275094
20,"20MA, 50MA, RSI, MACD, Lower_BB, ATR",32,0.4,0.001,32,60,30,150,sigmoid,0.10837066750658993,13.954526800924594,0.41772237089897013,28.936170212765955,1.1327051662029932
21,"20MA, 50MA, RSI, MACD, Lower_BB, ATR",64,0.30000000000000004,0.0005,32,60,30,100,sigmoid,0.1218644366565241,16.79206968974726,0.2636902037208889,26.80851063829787,0.8854143057467087
22,"20MA, 50MA, RSI, MACD, Lower_BB, ATR",64,0.2,0.0005,32,60,30,100,sigmoid,0.12323012012047742,17.1234847323441,0.24709470434429825,25.106382978723403,1.004951621881051
23,"20MA, 50MA, RSI, MACD, Lower_BB, ATR",64,0.30000000000000004,0.0005,32,60,30,100,sigmoid,0.11225159571304444,14.53482320533703,0.3752710163508407,25.957446808510635,1.4232844805602747
24,"20MA, 50MA, RSI, MACD, Lower_BB, ATR",64,0.2,0.0005,32,60,30,100,sigmoid,0.12237305633220345,17.284211849235657,0.2575311768588241,19.574468085106382,1.0310782974786419
0,"20MA, 50MA, RSI, MACD, Lower_BB, Williams_%R",128,0.30000000000000004,0.0005,16,60,1,100,tanh,0.025785935413736503,2.7366954160850523,0.9701788844638997,87.39495798319328,0.9507053246362893
1,"20MA, 50MA, RSI, MACD, Lower_BB, Williams_%R",32,0.2,0.0001,64,60,1,100,tanh,0.03836605011244895,4.656923429156963,0.9339835322131913,65.54621848739495,0.8941893691520685
2,"20MA, 50MA, RSI, MACD, Lower_BB, Williams_%R",128,0.4,0.0005,64,60,1,150,relu,0.028140339272001852,3.3031911321377505,0.9644845957308839,79.41176470588235,0.9076551238345409
3,"20MA, 50MA, RSI, MACD, Lower_BB, Williams_%R",64,0.8,0.0005,64,60,1,50,tanh,0.03435780099672511,4.175352578165679,0.9470569662109054,66.38655462184873,0.9966402112887436
4,"20MA, 50MA, RSI, MACD, Lower_BB, Williams_%R",32,0.7,0.0005,64,60,1,150,tanh,0.029149572333532988,3.3814135090441892,0.9618914452148437,74.78991596638656,0.9523926330775723
5,"20MA, 50MA, RSI, MACD, Lower_BB, Williams_%R",64,0.5,0.001,32,60,1,150,tanh,0.02559164487068619,2.781554122819434,0.970626580668846,86.5546218487395,1.2903878762661993
6,"20MA, 50MA, RSI, MACD, Lower_BB, Williams_%R",128,0.4,0.001,16,60,1,100,relu,0.02665727271910503,2.9191657730364344,0.9681294517531517,83.61344537815127,0.8860921511878216
7,"20MA, 50MA, RSI, MACD, Lower_BB, Williams_%R",32,0.30000000000000004,0.001,32,60,1,50,tanh,0.028753995125996513,3.3493553884215155,0.962918739060144,80.25210084033614,0.8781623126934748
8,"20MA, 50MA, RSI, MACD, Lower_BB, Williams_%R",32,0.7,0.0005,16,60,1,50,tanh,0.02963375345304988,3.4414778937722192,0.9606149473049758,77.31092436974791,1.1259689851983468
9,"20MA, 50MA, RSI, MACD, Lower_BB, Williams_%R",64,0.8,0.0001,64,60,1,150,sigmoid,0.04967593473585033,5.63263238912997,0.8893248294473999,54.621848739495796,0.8847133990618233
10,"20MA, 50MA, RSI, MACD, Lower_BB, Williams_%R",64,0.6000000000000001,0.001,32,60,1,150,sigmoid,0.03343429057148564,4.105652083007444,0.9498648487741901,65.96638655462185,0.914124125584743
11,"20MA, 50MA, RSI, MACD, Lower_BB, Williams_%R",128,0.5,0.001,16,60,1,100,tanh,0.026976858253096734,3.034396339135743,0.9673606993875141,80.67226890756302,0.9146087926159445
12,"20MA, 50MA, RSI, MACD, Lower_BB, Williams_%R",128,0.2,0.001,32,60,1,100,tanh,0.025686731507011243,2.763728894443869,0.9704078992643522,86.97478991596638,0.9189789505270218
13,"20MA, 50MA, RSI, MACD, Lower_BB, Williams_%R",64,0.2,0.001,32,60,1,150,tanh,0.025506241026749185,2.797613250184914,0.9708223021324218,86.5546218487395,1.0535260511424263
14,"20MA, 50MA, RSI, MACD, Lower_BB, Williams_%R",64,0.5,0.001,32,60,1,150,sigmoid,0.05309514540993434,6.223460417492147,0.8735648776111291,42.436974789915965,1.033693653532716
15,"20MA, 50MA, RSI, MACD, Lower_BB, Williams_%R",64,0.5,0.001,32,60,1,150,relu,0.026333971413134063,2.8907916228855504,0.9688978204777912,86.1344537815126,0.8818594862596634
16,"20MA, 50MA, RSI, MACD, Lower_BB, Williams_%R",64,0.30000000000000004,0.001,32,60,1,150,tanh,0.025701106659704195,2.8336917548505602,0.97037476854097,84.87394957983193,1.1828089495148304
17,"20MA, 50MA, RSI, MACD, Lower_BB, Williams_%R",64,0.6000000000000001,0.0001,32,60,1,150,tanh,0.03129068298471366,3.704443591615495,0.9560874972994619,74.78991596638656,1.083421825684362
18,"20MA, 50MA, RSI, MACD, Lower_BB, Williams_%R",64,0.4,0.001,32,60,1,150,relu,0.02644756386499063,2.8663167791727227,0.9686289212242969,85.71428571428571,0.90202136356626
19,"20MA, 50MA, RSI, MACD, Lower_BB, Williams_%R",64,0.2,0.001,32,60,1,150,sigmoid,0.033524790001793286,3.4700916710109637,0.9495930713168391,75.21008403361344,1.1812623505574829
20,"20MA, 50MA, RSI, MACD, Lower_BB, Williams_%R",64,0.6000000000000001,0.0001,32,60,1,50,tanh,0.03684727244790135,4.473433690707183,0.9391068002778848,65.54621848739495,1.350624020857779
21,"20MA, 50MA, RSI, MACD, Lower_BB, Williams_%R",128,0.2,0.001,32,60,1,100,tanh,0.025981960449952567,2.8538305052650417,0.9697237600211579,85.29411764705883,1.0472110640486065
22,"20MA, 50MA, RSI, MACD, Lower_BB, Williams_%R",128,0.30000000000000004,0.001,32,60,1,100,tanh,0.025899118900848662,2.7389534357023093,0.9699165193113363,86.5546218487395,1.094860243931909
23,"20MA, 50MA, RSI, MACD, Lower_BB, Williams_%R",128,0.2,0.001,32,60,1,100,tanh,0.026512261357477637,2.7747424843818735,0.9684752501610202,85.29411764705883,1.1074653445493887
24,"20MA, 50MA, RSI, MACD, Lower_BB, Williams_%R",64,0.4,0.001,32,60,1,150,tanh,0.02674955733186761,2.9889550078378537,0.9679084049696711,84.87394957983193,0.9547782879847504
0,"20MA, 50MA, RSI, MACD, Lower_BB, Williams_%R",128,0.6000000000000001,0.0001,16,60,30,100,relu,0.10721366286570456,13.407766279067927,0.4300892154082574,20.425531914893615,0.9922374517411329
1,"20MA, 50MA, RSI, MACD, Lower_BB, Williams_%R",64,0.6000000000000001,0.0005,16,60,30,100,relu,0.10714749197949387,12.970583423391288,0.4307924814499955,28.085106382978726,0.9672131376935204
2,"20MA, 50MA, RSI, MACD, Lower_BB, Williams_%R",32,0.8,0.0005,16,60,30,100,relu,0.10397215149291723,13.413040151291703,0.46402976734863066,29.78723404255319,0.9968964899675273
3,"20MA, 50MA, RSI, MACD, Lower_BB, Williams_%R",32,0.8,0.0005,64,60,30,50,sigmoid,0.10631645500430095,12.009064048289174,0.43958779832557104,30.638297872340424,0.89429555342208
4,"20MA, 50MA, RSI, MACD, Lower_BB, Williams_%R",32,0.6000000000000001,0.001,16,60,30,150,sigmoid,0.1058622211845226,13.338624808560098,0.4443662567302882,31.914893617021278,0.8808858651853209
5,"20MA, 50MA, RSI, MACD, Lower_BB, Williams_%R",64,0.5,0.0001,32,60,30,150,sigmoid,0.10715764595210747,11.622601030754604,0.43068459294398764,37.02127659574468,1.0442361900686232
6,"20MA, 50MA, RSI, MACD, Lower_BB, Williams_%R",32,0.8,0.001,64,60,30,150,relu,0.10670149904048021,12.816733667860838,0.435521181825386,21.70212765957447,0.9893426698854885
7,"20MA, 50MA, RSI, MACD, Lower_BB, Williams_%R",64,0.7,0.0001,64,60,30,50,sigmoid,0.11917117468004301,14.634416068714861,0.29587616016585594,10.212765957446807,0.8861465052612048
8,"20MA, 50MA, RSI, MACD, Lower_BB, Williams_%R",128,0.7,0.0005,32,60,30,50,tanh,0.1145170052474955,14.9829138273879,0.3498005877604623,21.70212765957447,1.0047863219478292
9,"20MA, 50MA, RSI, MACD, Lower_BB, Williams_%R",64,0.4,0.0005,16,60,30,150,tanh,0.11363532167721202,13.687489289248699,0.35977401121187214,20.0,1.109746937506972
10,"20MA, 50MA, RSI, MACD, Lower_BB, Williams_%R",32,0.30000000000000004,0.0005,16,60,30,100,relu,0.11028937280479666,15.009924715426381,0.3969213664538973,11.914893617021278,0.9643553126692895
11,"20MA, 50MA, RSI, MACD, Lower_BB, Williams_%R",32,0.2,0.001,16,60,30,100,sigmoid,0.12273538679694385,17.206793901216734,0.2531279634914301,26.80851063829787,0.8786776236172212
12,"20MA, 50MA, RSI, MACD, Lower_BB, Williams_%R",32,0.6000000000000001,0.001,16,60,30,150,relu,0.10505522709690529,12.674840923060039,0.45280522724732886,22.127659574468083,1.0347291418115074
13,"20MA, 50MA, RSI, MACD, Lower_BB, Williams_%R",32,0.8,0.001,16,60,30,100,relu,0.10508256428094659,12.59694755301777,0.4525204111389455,29.78723404255319,0.9787273548250509
14,"20MA, 50MA, RSI, MACD, Lower_BB, Williams_%R",32,0.5,0.001,16,60,30,150,relu,0.11430886538162387,14.616260340218535,0.35216197385762826,15.74468085106383,1.0812751053354988
15,"20MA, 50MA, RSI, MACD, Lower_BB, Williams_%R",32,0.7,0.0005,32,60,30,150,relu,0.11330661273294954,13.571167424955124,0.363472573031261,20.851063829787233,1.0195021191072478
16,"20MA, 50MA, RSI, MACD, Lower_BB, Williams_%R",128,0.4,0.001,16,60,30,100,tanh,0.10766575065479726,13.345926776073433,0.42527279713901833,22.127659574468083,0.9046582391445926
17,"20MA, 50MA, RSI, MACD, Lower_BB, Williams_%R",32,0.5,0.0005,16,60,30,100,relu,0.10939849219209492,13.42712422283259,0.4066249507813603,18.72340425531915,0.9114515235530595
18,"20MA, 50MA, RSI, MACD, Lower_BB, Williams_%R",32,0.7,0.001,32,60,30,150,relu,0.11570341386698056,13.149609029558551,0.33625852751125607,23.829787234042556,1.190047481744743
19,"20MA, 50MA, RSI, MACD, Lower_BB, Williams_%R",128,0.6000000000000001,0.0001,64,60,30,50,relu,0.11024677213540827,12.16505726181617,0.3973871700211027,25.106382978723403,1.295180398665798
20,"20MA, 50MA, RSI, MACD, Lower_BB, Williams_%R",32,0.4,0.001,16,60,30,150,tanh,0.10796777047630601,13.546820428820785,0.42204386937427174,25.957446808510635,0.9817220109504075
21,"20MA, 50MA, RSI, MACD, Lower_BB, Williams_%R",32,0.8,0.001,16,60,30,100,relu,0.10383281446019511,12.295507386097395,0.46546535292964786,29.78723404255319,1.1494156156827702
22,"20MA, 50MA, RSI, MACD, Lower_BB, Williams_%R",32,0.8,0.001,16,60,30,100,relu,0.10572777068163912,12.606739444687982,0.445776727729423,23.829787234042556,1.0151289467248445
23,"20MA, 50MA, RSI, MACD, Lower_BB, Williams_%R",32,0.7,0.001,16,60,30,100,relu,0.10598953909328175,12.714352387094479,0.4430289587716566,19.574468085106382,0.9867914354907247
24,"20MA, 50MA, RSI, MACD, Lower_BB, Williams_%R",32,0.8,0.001,16,60,30,100,relu,0.10393739049320094,13.256342234800739,0.46438808919559915,20.0,0.9233427936751843
0,"20MA, 50MA, RSI, MACD, Lower_BB, OBV",128,0.30000000000000004,0.001,32,60,1,100,tanh,0.026999627270805345,2.92737561114257,0.9673055796675093,86.1344537815126,0.9196366676867914
1,"20MA, 50MA, RSI, MACD, Lower_BB, OBV",32,0.30000000000000004,0.001,32,60,1,100,tanh,0.04659928995588469,6.5960261117458066,0.9026094759309791,34.87394957983193,0.7598735010756175
2,"20MA, 50MA, RSI, MACD, Lower_BB, OBV",128,0.2,0.0001,64,60,1,150,relu,0.04147258918639777,5.1514021896014,0.9228598633667758,52.52100840336135,1.2375291162941968
3,"20MA, 50MA, RSI, MACD, Lower_BB, OBV",32,0.30000000000000004,0.0001,32,60,1,50,tanh,0.05101233633434784,6.694540045274013,0.8832898753066177,39.49579831932773,1.1972577659225647
4,"20MA, 50MA, RSI, MACD, Lower_BB, OBV",32,0.6000000000000001,0.0001,16,60,1,100,tanh,0.03582930815016333,4.524011237669807,0.9424248671657445,65.54621848739495,1.2808290394445105
5,"20MA, 50MA, RSI, MACD, Lower_BB, OBV",32,0.30000000000000004,0.0005,16,60,1,100,sigmoid,0.036219005241006276,4.073498136519964,0.9411656254957331,69.32773109243698,1.395769641173229
6,"20MA, 50MA, RSI, MACD, Lower_BB, OBV",128,0.8,0.0005,32,60,1,100,tanh,0.026187541611708207,2.9072493482706605,0.9692427455836821,85.29411764705883,1.251684565107049
7,"20MA, 50MA, RSI, MACD, Lower_BB, OBV",32,0.6000000000000001,0.0005,64,60,1,150,relu,0.03817289429639466,4.598190952163833,0.9346465853930058,58.82352941176471,0.8017653477488744
8,"20MA, 50MA, RSI, MACD, Lower_BB, OBV",64,0.2,0.0005,16,60,1,150,sigmoid,0.03342627271711846,3.937854008620837,0.9498888916436812,73.94957983193278,1.0921212374081948
9,"20MA, 50MA, RSI, MACD, Lower_BB, OBV",32,0.5,0.001,32,60,1,100,relu,0.040538091002157835,5.297803141365274,0.926297080595691,50.84033613445378,0.8693157096596358
10,"20MA, 50MA, RSI, MACD, Lower_BB, OBV",128,0.8,0.0005,32,60,1,50,tanh,0.029408047199975484,3.1965748155030527,0.96121261707444,79.83193277310924,0.9696489263047592
11,"20MA, 50MA, RSI, MACD, Lower_BB, OBV",128,0.8,0.001,32,60,1,100,tanh,0.025827459243440508,2.790621180680582,0.970082763541571,86.5546218487395,0.9231880883024888
12,"20MA, 50MA, RSI, MACD, Lower_BB, OBV",128,0.8,0.001,32,60,1,100,tanh,0.02610712336265624,2.851690488445045,0.9694313579232934,85.29411764705883,0.9546307758187303
13,"20MA, 50MA, RSI, MACD, Lower_BB, OBV",128,0.7,0.001,32,60,1,100,tanh,0.026367122435733026,2.929253268481656,0.9688194640437756,84.87394957983193,0.9174150422324816
14,"20MA, 50MA, RSI, MACD, Lower_BB, OBV",64,0.7,0.001,32,60,1,100,tanh,0.02565586168674808,2.7488406776648686,0.9704789829610535,86.1344537815126,0.9368396038455364
15,"20MA, 50MA, RSI, MACD, Lower_BB, OBV",64,0.7,0.001,64,60,1,50,sigmoid,0.04304511377175371,5.010799678997494,0.9168990814415321,60.924369747899156,1.255134300481735
16,"20MA, 50MA, RSI, MACD, Lower_BB, OBV",64,0.5,0.001,32,60,1,100,tanh,0.02543990801312604,2.7217128632230967,0.9709738672268776,85.71428571428571,1.1627142564689346
17,"20MA, 50MA, RSI, MACD, Lower_BB, OBV",64,0.5,0.001,32,60,1,100,tanh,0.026052430678308786,2.7868513610216525,0.9695593023029995,85.71428571428571,0.989896596552523
18,"20MA, 50MA, RSI, MACD, Lower_BB, OBV",64,0.4,0.001,16,60,1,150,sigmoid,0.04063780629363973,5.0346963675352,0.9259340468762458,59.66386554621849,1.0180451280490403
19,"20MA, 50MA, RSI, MACD, Lower_BB, OBV",64,0.5,0.001,64,60,1,50,relu,0.052363960619708314,6.83119233004178,0.8770232307560701,37.81512605042017,0.9241557946426676
20,"20MA, 50MA, RSI, MACD, Lower_BB, OBV",64,0.6000000000000001,0.0001,32,60,1,100,tanh,0.039977135589760834,4.99583472273909,0.928322730866503,58.82352941176471,1.048087292738659
21,"20MA, 50MA, RSI, MACD, Lower_BB, OBV",64,0.7,0.001,32,60,1,100,tanh,0.0259873583626347,2.758526093756966,0.9697111785628262,84.03361344537815,1.1046265386254999
22,"20MA, 50MA, RSI, MACD, Lower_BB, OBV",64,0.7,0.001,32,60,1,100,tanh,0.03844273698710754,5.273982319229733,0.9337193582266363,54.20168067226891,0.7598735010756175
23,"20MA, 50MA, RSI, MACD, Lower_BB, OBV",64,0.8,0.001,32,60,1,100,tanh,0.026093196600850004,2.7211370815646205,0.9694639627140208,86.5546218487395,1.11956744346044
24,"20MA, 50MA, RSI, MACD, Lower_BB, OBV",64,0.4,0.001,32,60,1,100,tanh,0.025561334853000977,2.73527920676012,0.9706961175536871,85.71428571428571,1.0146361876214212
0,"20MA, 50MA, RSI, MACD, Lower_BB, OBV",64,0.5,0.0001,32,60,30,150,sigmoid,0.11282159591726786,12.57997883099532,0.36891030937656544,32.76595744680851,1.110847258756623
1,"20MA, 50MA, RSI, MACD, Lower_BB, OBV",64,0.4,0.0001,64,60,30,100,tanh,0.11422455486690354,13.773927460545554,0.3531172700973281,26.80851063829787,1.0993582400407265
2,"20MA, 50MA, RSI, MACD, Lower_BB, OBV",64,0.30000000000000004,0.0001,16,60,30,100,relu,0.112918029650969,13.526722605855426,0.367831006360837,28.510638297872344,0.9990140655714272
3,"20MA, 50MA, RSI, MACD, Lower_BB, OBV",64,0.7,0.0001,32,60,30,50,sigmoid,0.11597512800301553,14.025322962014435,0.3331374492935252,26.382978723404253,0.980036034304548
4,"20MA, 50MA, RSI, MACD, Lower_BB, OBV",64,0.30000000000000004,0.0001,32,60,30,50,relu,0.11491272031502528,13.97486341653762,0.34529927820018025,27.23404255319149,1.0664949157494537
5,"20MA, 50MA, RSI, MACD, Lower_BB, OBV",32,0.8,0.0001,64,60,30,50,tanh,0.11551284421672219,13.934540526530345,0.33844316163786514,27.659574468085108,0.9971850502795747
6,"20MA, 50MA, RSI, MACD, Lower_BB, OBV",128,0.2,0.0005,64,60,30,100,tanh,0.11263472026392256,13.166448250531884,0.3709992290439027,28.085106382978726,1.1602977421899683
7,"20MA, 50MA, RSI, MACD, Lower_BB, OBV",128,0.7,0.001,64,60,30,150,tanh,0.10733248863441013,12.010323005975957,0.42882524190672,26.382978723404253,1.0177967366995835
8,"20MA, 50MA, RSI, MACD, Lower_BB, OBV",64,0.30000000000000004,0.0001,32,60,30,150,sigmoid,0.11129206570926592,12.587890509967517,0.38590577228803,29.361702127659573,1.0757291109227527
9,"20MA, 50MA, RSI, MACD, Lower_BB, OBV",32,0.30000000000000004,0.001,32,60,30,50,sigmoid,0.1208662236546296,16.390690223308393,0.27570328644848974,20.425531914893615,1.083578123128543
10,"20MA, 50MA, RSI, MACD, Lower_BB, OBV",128,0.6000000000000001,0.001,16,60,30,150,tanh,0.10655104975624063,11.713288910439438,0.43711189165471287,24.680851063829788,1.266001410928064
11,"20MA, 50MA, RSI, MACD, Lower_BB, OBV",128,0.6000000000000001,0.001,16,60,30,150,tanh,0.1105520914823568,12.608191402631613,0.39404477506803925,22.127659574468083,1.056526465072244
12,"20MA, 50MA, RSI, MACD, Lower_BB, OBV",128,0.6000000000000001,0.001,16,60,30,150,tanh,0.10907493039622394,11.611696612072004,0.410129744467281,27.23404255319149,1.0950787701947404
13,"20MA, 50MA, RSI, MACD, Lower_BB, OBV",128,0.8,0.001,16,60,30,150,tanh,0.11210471825721482,12.297107091770828,0.3769048206916711,27.23404255319149,1.033693653532716
14,"20MA, 50MA, RSI, MACD, Lower_BB, OBV",128,0.6000000000000001,0.001,64,60,30,150,tanh,0.10931618186060768,13.031923263846156,0.40132787644859635,25.0,0.8877391687921099
15,"20MA, 50MA, RSI, MACD, Lower_BB, OBV",128,0.7,0.0005,16,60,30,150,tanh,0.11037231040882317,12.443162557933496,0.3960139951929741,27.23404255319149,1.0070054585285975
16,"20MA, 50MA, RSI, MACD, Lower_BB, OBV",128,0.5,0.001,64,60,30,150,relu,0.10741256863087445,12.435559077600491,0.4279726252160819,19.148936170212767,1.044863847383341
17,"20MA, 50MA, RSI, MACD, Lower_BB, OBV",128,0.7,0.001,64,60,30,150,tanh,0.10708159167540243,11.467644635198772,0.4314924402161695,27.23404255319149,1.2175022645673805
18,"20MA, 50MA, RSI, MACD, Lower_BB, OBV",32,0.6000000000000001,0.001,16,60,30,150,tanh,0.10417837300643872,11.845912627897526,0.45628004975426206,31.35593220338983,0.8859956655383334
19,"20MA, 50MA, RSI, MACD, Lower_BB, OBV",32,0.5,0.0005,16,60,30,100,relu,0.09873536652502896,12.513216214902704,0.4750791453652091,27.42616033755274,0.8150644517868731
20,"20MA, 50MA, RSI, MACD, Lower_BB, OBV",32,0.4,0.0005,16,60,30,100,relu,0.11130781097209387,13.49617422148679,0.3857319996308243,24.25531914893617,0.8801507431808805
21,"20MA, 50MA, RSI, MACD, Lower_BB, OBV",32,0.5,0.0005,16,60,30,100,relu,0.10845662044262361,13.068488915099277,0.4167983511315929,24.680851063829788,1.0201964762169295
22,"20MA, 50MA, RSI, MACD, Lower_BB, OBV",32,0.6000000000000001,0.0005,16,60,30,100,relu,0.10247798471695958,12.363791730615748,0.47932375929683624,25.106382978723403,1.01401099005624
23,"20MA, 50MA, RSI, MACD, Lower_BB, OBV",32,0.5,0.0005,16,60,30,100,relu,0.10528945704793446,11.904427255652317,0.4503624685022054,31.06382978723404,1.08086833123396
24,"20MA, 50MA, RSI, MACD, Lower_BB, OBV",32,0.4,0.0005,16,60,30,100,relu,0.1018206442133413,11.022541157259715,0.48061212343752135,33.05084745762712,1.4426386725587366
0,"20MA, 50MA, RSI, MACD, CCI, ATR",32,0.4,0.001,16,60,1,100,relu,0.030663992209665758,3.4596456173676957,0.9578288449752765,76.89075630252101,1.0522656482052177
1,"20MA, 50MA, RSI, MACD, CCI, ATR",32,0.8,0.001,32,60,1,50,tanh,0.0291531042914868,3.4649075236426645,0.9618822096784846,77.73109243697479,1.3687522806029062
2,"20MA, 50MA, RSI, MACD, CCI, ATR",64,0.5,0.001,32,60,1,100,relu,0.025467003863002775,2.8906564005217525,0.9701637884876507,85.77405857740585,1.0252909387762525
3,"20MA, 50MA, RSI, MACD, CCI, ATR",128,0.5,0.0001,64,60,1,150,sigmoid,0.0385172909821416,4.550651537228818,0.933462025962285,61.76470588235294,1.7276164517058417
4,"20MA, 50MA, RSI, MACD, CCI, ATR",64,0.7,0.0005,64,60,1,100,tanh,0.02844150021996058,3.331539394066015,0.9637203485909692,77.73109243697479,1.2809583438691876
5,"20MA, 50MA, RSI, MACD, CCI, ATR",64,0.4,0.0001,64,60,1,150,sigmoid,0.04830839665697119,5.842418558968334,0.8853113391265025,50.0,1.0895895195703653
6,"20MA, 50MA, RSI, MACD, CCI, ATR",64,0.7,0.001,16,60,1,100,sigmoid,0.06754059084133666,9.946597661567305,0.7954083922284045,30.252100840336134,1.038275786476232
7,"20MA, 50MA, RSI, MACD, CCI, ATR",64,0.6000000000000001,0.0001,64,60,1,150,tanh,0.03220920406742768,3.9110940600575637,0.953471603032161,72.26890756302521,1.472790383997003
8,"20MA, 50MA, RSI, MACD, CCI, ATR",128,0.2,0.001,32,60,1,150,tanh,0.02940951803771181,3.3353933407386447,0.9612087370906529,80.25210084033614,0.9533309113833095
9,"20MA, 50MA, RSI, MACD, CCI, ATR",32,0.30000000000000004,0.0005,16,60,1,150,relu,0.027060431249689362,3.1714305880393576,0.9671581562022641,79.83193277310924,1.3682924704170876
10,"20MA, 50MA, RSI, MACD, CCI, ATR",64,0.5,0.001,32,60,1,50,relu,0.031029575442908082,3.6435473620886434,0.9568173021843404,73.94957983193278,1.4910544274429196
11,"20MA, 50MA, RSI, MACD, CCI, ATR",32,0.2,0.0005,16,60,1,100,relu,0.027701052747994993,3.1401932729789306,0.9655847718677387,81.5126050420168,1.6081100055836979
12,"20MA, 50MA, RSI, MACD, CCI, ATR",32,0.30000000000000004,0.0005,32,60,1,150,relu,0.0346428070178482,4.517667291924045,0.9461749733760573,62.60504201680672,1.3084275134557517
13,"20MA, 50MA, RSI, MACD, CCI, ATR",32,0.4,0.0005,16,60,1,100,relu,0.029844495666779394,3.3789432199477423,0.960052777108676,76.89075630252101,1.0550478762742896
14,"20MA, 50MA, RSI, MACD, CCI, ATR",128,0.30000000000000004,0.0005,16,60,1,50,relu,0.02844892101960987,3.3469888984286036,0.9637014143473749,76.89075630252101,1.3071087263230456
15,"20MA, 50MA, RSI, MACD, CCI, ATR",64,0.6000000000000001,0.001,32,60,1,150,relu,0.029613364456348868,3.5408178874467824,0.9606691250828985,76.47058823529412,1.0645791817123673
16,"20MA, 50MA, RSI, MACD, CCI, ATR",32,0.30000000000000004,0.0005,16,60,1,100,relu,0.029551797455356937,3.4572620258585958,0.960832495027073,76.47058823529412,1.2647764504922945
17,"20MA, 50MA, RSI, MACD, CCI, ATR",32,0.6000000000000001,0.0005,32,60,1,150,relu,0.03048567112660478,3.291318970358275,0.9583178967821516,77.31092436974791,1.1949891349223258
18,"20MA, 50MA, RSI, MACD, CCI, ATR",64,0.4,0.001,32,60,1,100,relu,0.029427333312682963,3.4121612248159487,0.9611617260291544,78.99159663865547,0.9598920610849625
19,"20MA, 50MA, RSI, MACD, CCI, ATR",128,0.5,0.0001,16,60,1,50,sigmoid,0.051007763566287716,6.931452275657239,0.8833107982616836,47.89915966386555,1.59908069901236
20,"20MA, 50MA, RSI, MACD, CCI, ATR",64,0.2,0.001,16,60,1,100,relu,0.03584308775153544,4.535953104654713,0.9423805729842447,61.76470588235294,0.8179711309479518
21,"20MA, 50MA, RSI, MACD, CCI, ATR",32,0.2,0.0005,16,60,1,100,relu,0.032371953862996745,3.974771179767014,0.9517912584847333,69.0376569037657,0.9127997892566253
22,"20MA, 50MA, RSI, MACD, CCI, ATR",32,0.30000000000000004,0.0005,16,60,1,100,relu,0.03149409427606583,3.8442258623124186,0.9555147177295488,70.58823529411765,1.0357297373222722
23,"20MA, 50MA, RSI, MACD, CCI, ATR",32,0.2,0.0005,16,60,1,100,relu,0.031106133253834926,3.723802869839403,0.9566039540412871,73.10924369747899,0.9774133167206938
24,"20MA, 50MA, RSI, MACD, CCI, ATR",32,0.30000000000000004,0.0005,16,60,1,100,relu,0.03160514356106123,3.7172577889943645,0.9552004513051099,71.42857142857143,1.2496421023546938
0,"20MA, 50MA, RSI, MACD, CCI, ATR",64,0.5,0.0005,16,60,30,50,tanh,0.1102309707971236,14.120015146656256,0.3975598990109962,21.70212765957447,1.3830527524533185
1,"20MA, 50MA, RSI, MACD, CCI, ATR",32,0.2,0.001,32,60,30,100,relu,0.10146527046261515,11.93291886139245,0.4895638281771717,31.914893617021278,0.958062768660467
2,"20MA, 50MA, RSI, MACD, CCI, ATR",128,0.5,0.001,64,60,30,100,relu,0.10425645477191278,11.975228730070295,0.4610946270237216,25.957446808510635,1.1152537246327334
3,"20MA, 50MA, RSI, MACD, CCI, ATR",64,0.8,0.001,16,60,30,50,relu,0.10702851057780433,13.495793345319562,0.43205592690547445,25.957446808510635,0.9850764784939644
4,"20MA, 50MA, RSI, MACD, CCI, ATR",32,0.6000000000000001,0.0001,32,60,30,100,tanh,0.10524303415258582,12.51389613966904,0.4451100643442719,24.152542372881356,1.3402089869875973
5,"20MA, 50MA, RSI, MACD, CCI, ATR",128,0.8,0.001,32,60,30,150,tanh,0.10765422099949232,13.69557713353845,0.42539588273867146,24.25531914893617,1.181103537528017
6,"20MA, 50MA, RSI, MACD, CCI, ATR",64,0.2,0.0001,32,60,30,150,tanh,0.10637346972702878,11.79396216275591,0.4389865684645551,27.23404255319149,1.2425390954808344
7,"20MA, 50MA, RSI, MACD, CCI, ATR",128,0.8,0.0001,32,60,30,100,sigmoid,0.11503126518736893,15.365438798535209,0.34394779255871977,25.53191489361702,0.8786776236172212
8,"20MA, 50MA, RSI, MACD, CCI, ATR",64,0.5,0.001,32,60,30,100,tanh,0.0990799954666582,11.630083986699379,0.5132807039235208,31.48936170212766,0.7666559619309194
9,"20MA, 50MA, RSI, MACD, CCI, ATR",64,0.7,0.0005,32,60,30,150,relu,0.10791648576126882,13.238383490735478,0.4225927975544904,22.127659574468083,1.1672452364498818
10,"20MA, 50MA, RSI, MACD, CCI, ATR",64,0.4,0.001,64,60,30,100,sigmoid,0.11531587563326351,15.743719141822766,0.34069736665897576,27.659574468085108,0.8696533902184012
11,"20MA, 50MA, RSI, MACD, CCI, ATR",32,0.2,0.001,32,60,30,100,relu,0.10598693532817009,13.32827906957795,0.44305632381097104,26.80851063829787,1.1571569006306563
12,"20MA, 50MA, RSI, MACD, CCI, ATR",32,0.30000000000000004,0.001,32,60,30,100,tanh,0.10714696719461728,13.57700875220391,0.4307980571430955,25.106382978723403,1.136186098973291
13,"20MA, 50MA, RSI, MACD, CCI, ATR",32,0.4,0.001,64,60,30,100,relu,0.1036013565108744,11.973855820241928,0.4678458026303822,31.06382978723404,1.2378674043134905
14,"20MA, 50MA, RSI, MACD, CCI, ATR",32,0.30000000000000004,0.001,32,60,30,100,sigmoid,0.10101861962312739,12.541873896604965,0.49404782440523587,26.382978723404253,0.8458938141537421
15,"20MA, 50MA, RSI, MACD, CCI, ATR",64,0.4,0.0005,16,60,30,50,sigmoid,0.11903676317204309,16.425133175366067,0.29746360737349187,26.80851063829787,1.1093388723446016
16,"20MA, 50MA, RSI, MACD, CCI, ATR",32,0.6000000000000001,0.001,32,60,30,100,sigmoid,0.10472184862907283,13.190794297624967,0.45627261316932644,32.340425531914896,1.0868335658374644
17,"20MA, 50MA, RSI, MACD, CCI, ATR",32,0.30000000000000004,0.001,32,60,30,100,sigmoid,0.11039024964952883,14.148131497243682,0.3958176428503555,29.78723404255319,0.8345534403443476
18,"20MA, 50MA, RSI, MACD, CCI, ATR",64,0.6000000000000001,0.0005,64,60,30,150,sigmoid,0.10338731747155594,11.67306493455535,0.4700423783746398,30.638297872340424,0.999447834857665
19,"20MA, 50MA, RSI, MACD, CCI, ATR",128,0.30000000000000004,0.0001,16,60,30,50,tanh,0.10832498530408806,12.971230539907328,0.41821317009395687,24.25531914893617,1.4499349546606253
20,"20MA, 50MA, RSI, MACD, CCI, ATR",32,0.5,0.001,32,60,30,100,sigmoid,0.09892641489202691,11.932845338240757,0.5147884289613227,34.8936170212766,0.9310370365520743
21,"20MA, 50MA, RSI, MACD, CCI, ATR",32,0.5,0.001,32,60,30,100,sigmoid,0.1059334455911169,13.019988389668564,0.4436183412570319,34.04255319148936,1.0125119531623619
22,"20MA, 50MA, RSI, MACD, CCI, ATR",32,0.4,0.001,32,60,30,100,sigmoid,0.10375877360740238,12.178641078094984,0.46622741048232397,31.914893617021278,0.9781839557702297
23,"20MA, 50MA, RSI, MACD, CCI, ATR",32,0.5,0.001,32,60,30,100,sigmoid,0.10297363515174536,12.688306594331877,0.4742749185817464,34.8936170212766,1.1360544889846267
24,"20MA, 50MA, RSI, MACD, CCI, ATR",32,0.7,0.001,32,60,30,100,sigmoid,0.10712564996733792,13.798308911530007,0.43102452365860744,28.936170212765955,1.219410020487562
0,"20MA, 50MA, RSI, MACD, CCI, Williams_%R",32,0.7,0.0005,32,60,1,100,tanh,0.0323452926237383,4.101358937359163,0.953077593970079,70.16806722689076,1.4287758012076188
1,"20MA, 50MA, RSI, MACD, CCI, Williams_%R",64,0.5,0.0001,32,60,1,100,relu,0.041302558207837715,5.119748860070545,0.9234910911723139,55.88235294117647,1.3890665920389091
2,"20MA, 50MA, RSI, MACD, CCI, Williams_%R",32,0.6000000000000001,0.001,16,60,1,50,relu,0.026994008833440622,3.029720900694401,0.967319185221282,82.77310924369748,1.0982658541119326
3,"20MA, 50MA, RSI, MACD, CCI, Williams_%R",32,0.8,0.0005,32,60,1,150,relu,0.03158658062274548,3.7350397189677786,0.9552530609088893,76.47058823529412,1.1514152840784306
4,"20MA, 50MA, RSI, MACD, CCI, Williams_%R",128,0.4,0.001,16,60,1,150,sigmoid,0.05291564541508558,6.367918378443649,0.8744183168741547,45.378151260504204,1.154218717765657
5,"20MA, 50MA, RSI, MACD, CCI, Williams_%R",128,0.4,0.0005,32,60,1,150,tanh,0.028458749798645922,3.238717815826492,0.9636763285166975,81.9327731092437,0.9892740111066499
6,"20MA, 50MA, RSI, MACD, CCI, Williams_%R",32,0.6000000000000001,0.0005,16,60,1,50,tanh,0.02811113461822522,3.2677787592180243,0.9645582747902053,80.25210084033614,1.1658626808930372
7,"20MA, 50MA, RSI, MACD, CCI, Williams_%R",32,0.6000000000000001,0.0005,16,60,1,150,sigmoid,0.0331945322557966,3.9349217439053223,0.9505813120322245,69.74789915966386,1.0531415842327454
8,"20MA, 50MA, RSI, MACD, CCI, Williams_%R",128,0.6000000000000001,0.001,16,60,1,50,relu,0.02743281974254082,3.1686734515538153,0.9662480395204962,78.15126050420169,1.209286585934158
9,"20MA, 50MA, RSI, MACD, CCI, Williams_%R",32,0.7,0.0001,64,60,1,50,relu,0.04820676043432545,5.179676135117965,0.8957744972502417,60.50420168067227,1.1704437969045065
10,"20MA, 50MA, RSI, MACD, CCI, Williams_%R",64,0.2,0.001,64,60,1,50,relu,0.03180567383693497,3.751960342282343,0.9546301538849022,70.16806722689076,1.1293844973411868
11,"20MA, 50MA, RSI, MACD, CCI, Williams_%R",128,0.5,0.001,16,60,1,50,relu,0.027931518510992414,3.2671525265799946,0.9650097376945995,76.89075630252101,1.1275320585682218
12,"20MA, 50MA, RSI, MACD, CCI, Williams_%R",128,0.6000000000000001,0.001,16,60,1,50,relu,0.028213394816608044,3.366141284266437,0.9642999522472736,76.05042016806722,1.1879904117636522
13,"20MA, 50MA, RSI, MACD, CCI, Williams_%R",128,0.8,0.001,16,60,1,50,relu,0.02814924736776063,3.304979567900266,0.9644621066844796,76.89075630252101,1.1858273202809977
14,"20MA, 50MA, RSI, MACD, CCI, Williams_%R",64,0.30000000000000004,0.001,16,60,1,50,sigmoid,0.048857422923801706,6.484297849469481,0.8929419779371341,54.20168067226891,0.9882289037257908
15,"20MA, 50MA, RSI, MACD, CCI, Williams_%R",32,0.5,0.001,16,60,1,50,relu,0.026963344282074683,3.052981392630296,0.9673933923036475,83.61344537815127,1.4355084306251709
16,"20MA, 50MA, RSI, MACD, CCI, Williams_%R",32,0.4,0.001,64,60,1,100,relu,0.029771321519799537,3.3528043905058222,0.9602484259472134,76.47058823529412,1.1362680361205486
17,"20MA, 50MA, RSI, MACD, CCI, Williams_%R",32,0.7,0.0001,16,60,1,50,relu,0.045383834421961616,5.455915968311912,0.9076237184662259,54.20168067226891,1.5667579691444886
18,"20MA, 50MA, RSI, MACD, CCI, Williams_%R",32,0.5,0.001,16,60,1,50,tanh,0.027020138792961446,3.110853789212984,0.9672558851253426,80.25210084033614,1.2688525086286375
19,"20MA, 50MA, RSI, MACD, CCI, Williams_%R",32,0.30000000000000004,0.001,64,60,1,100,sigmoid,0.035730928456065854,3.8864117992440717,0.9427406113354223,68.4873949579832,1.2066349210207854
20,"20MA, 50MA, RSI, MACD, CCI, Williams_%R",32,0.30000000000000004,0.0001,16,60,1,50,relu,0.04084437773943491,5.028108879853931,0.9251791440442423,56.72268907563025,1.3892416370369536
21,"20MA, 50MA, RSI, MACD, CCI, Williams_%R",32,0.5,0.001,16,60,1,50,tanh,0.026388232884866667,3.063268784053014,0.9679661907386533,81.17154811715481,1.1551036119112064
22,"20MA, 50MA, RSI, MACD, CCI, Williams_%R",32,0.5,0.001,16,60,1,50,tanh,0.027716745021828217,3.2273292049148825,0.9655457692958703,78.57142857142857,1.0165562039522569
23,"20MA, 50MA, RSI, MACD, CCI, Williams_%R",32,0.4,0.001,16,60,1,50,tanh,0.028072097851503178,3.337037976571892,0.9646566393530309,78.15126050420169,0.8923673492433689
24,"20MA, 50MA, RSI, MACD, CCI, Williams_%R",32,0.5,0.001,16,60,1,50,tanh,0.027797429604136403,3.2575445111722066,0.9653448819659104,78.99159663865547,1.2803801319230106
0,"20MA, 50MA, RSI, MACD, CCI, Williams_%R",64,0.8,0.001,16,60,30,50,sigmoid,0.135468313220052,19.988235436149957,0.09012432484164246,17.872340425531917,0.9412843011732727
1,"20MA, 50MA, RSI, MACD, CCI, Williams_%R",128,0.7,0.0005,16,60,30,50,sigmoid,0.1359756440328029,20.06696521410464,0.08329656831206911,17.872340425531917,0.9425601302183578
2,"20MA, 50MA, RSI, MACD, CCI, Williams_%R",32,0.2,0.0005,64,60,30,50,tanh,0.10297567735938652,12.021503498608489,0.474254065662973,25.106382978723403,0.945248031992171
3,"20MA, 50MA, RSI, MACD, CCI, Williams_%R",64,0.2,0.0001,32,60,30,100,sigmoid,0.10336786670542544,11.267103256759084,0.47024176670106577,36.17021276595745,0.9242591369888536
4,"20MA, 50MA, RSI, MACD, CCI, Williams_%R",64,0.8,0.001,16,60,30,100,relu,0.10262115188507388,12.218387846925578,0.4778679185351574,31.914893617021278,0.9228789120796593
5,"20MA, 50MA, RSI, MACD, CCI, Williams_%R",128,0.8,0.0005,16,60,30,150,relu,0.10975492261338862,13.66785905132388,0.4027521102547742,18.72340425531915,0.9579196354465688
6,"20MA, 50MA, RSI, MACD, CCI, Williams_%R",128,0.4,0.001,64,60,30,100,tanh,0.10623541457905446,12.87678190937313,0.4404418285656623,24.680851063829788,0.9224379746167649
7,"20MA, 50MA, RSI, MACD, CCI, Williams_%R",128,0.6000000000000001,0.0005,64,60,30,100,tanh,0.10684437278387336,12.951061099841803,0.43400849086321724,22.5531914893617,1.0713447088183967
8,"20MA, 50MA, RSI, MACD, CCI, Williams_%R",64,0.30000000000000004,0.0001,16,60,30,100,tanh,0.10723832069120393,13.086042063587284,0.4298270403032908,24.680851063829788,1.1985585093902829
9,"20MA, 50MA, RSI, MACD, CCI, Williams_%R",128,0.5,0.001,16,60,30,150,tanh,0.10670492877579661,13.253144818584573,0.4354848928496855,26.80851063829787,0.8608824389694725
10,"20MA, 50MA, RSI, MACD, CCI, Williams_%R",32,0.6000000000000001,0.001,32,60,30,100,relu,0.10524877631367072,13.37660611746348,0.4507871138452715,25.53191489361702,1.0895056871256095
11,"20MA, 50MA, RSI, MACD, CCI, Williams_%R",32,0.2,0.0005,64,60,30,50,relu,0.10360278527387089,12.394035218598594,0.46783112468611543,27.23404255319149,1.103129756442527
12,"20MA, 50MA, RSI, MACD, CCI, Williams_%R",32,0.4,0.001,64,60,30,50,relu,0.1039884976702047,12.303111234716399,0.46386122696523924,25.957446808510635,1.1378088383611258
13,"20MA, 50MA, RSI, MACD, CCI, Williams_%R",32,0.6000000000000001,0.0005,64,60,30,50,tanh,0.10699599556638205,12.412221168061608,0.43240095465280703,25.53191489361702,1.4416898128302646
14,"20MA, 50MA, RSI, MACD, CCI, Williams_%R",64,0.4,0.0001,32,60,30,150,relu,0.1022869360115691,12.138596652909763,0.48126333289987056,26.80851063829787,1.2585985057712001
15,"20MA, 50MA, RSI, MACD, CCI, Williams_%R",64,0.4,0.0001,32,60,30,150,relu,0.10603075221385917,12.808565595333565,0.44259572776207823,23.404255319148938,1.295890686464681
16,"20MA, 50MA, RSI, MACD, CCI, Williams_%R",64,0.5,0.0001,32,60,30,150,relu,0.10305442049819916,12.500930169941125,0.4734497065261618,28.510638297872344,1.3843691636638171
17,"20MA, 50MA, RSI, MACD, CCI, Williams_%R",64,0.7,0.0001,32,60,30,150,relu,0.10440301278462401,12.31349575765542,0.4595784347805211,25.957446808510635,1.4927757992523716
18,"20MA, 50MA, RSI, MACD, CCI, Williams_%R",64,0.30000000000000004,0.0001,16,60,30,150,relu,0.10591650400889267,13.090125201573914,0.4437962875483821,26.382978723404253,0.9217667369726275
19,"20MA, 50MA, RSI, MACD, CCI, Williams_%R",64,0.7,0.001,32,60,30,100,relu,0.10717799973373125,13.574371795513644,0.43046829812214504,24.25531914893617,1.2807076020567132
20,"20MA, 50MA, RSI, MACD, CCI, Williams_%R",64,0.30000000000000004,0.001,16,60,30,150,relu,0.10566168890690278,12.314596350853673,0.44646931042260996,25.957446808510635,0.9762082891933019
21,"20MA, 50MA, RSI, MACD, CCI, Williams_%R",32,0.2,0.0005,64,60,30,50,tanh,0.10711647917665927,12.623668619994655,0.4311219369606054,22.5531914893617,1.6790477189482287
22,"20MA, 50MA, RSI, MACD, CCI, Williams_%R",32,0.30000000000000004,0.0001,32,60,30,100,tanh,0.10152229127865577,11.8353584940881,0.4889899635399271,29.78723404255319,1.2923410932506523
23,"20MA, 50MA, RSI, MACD, CCI, Williams_%R",64,0.4,0.0001,32,60,30,100,sigmoid,0.10629911137054543,11.934508789284996,0.4397706259262313,33.61702127659574,1.225813540614423
24,"20MA, 50MA, RSI, MACD, CCI, Williams_%R",32,0.30000000000000004,0.0001,32,60,30,100,relu,0.10380486279490203,12.328137620445435,0.4657531063253886,27.23404255319149,1.0353365226359839
0,"20MA, 50MA, RSI, MACD, CCI, OBV",64,0.6000000000000001,0.0005,64,60,1,50,relu,0.055102075512055426,7.240090728837566,0.863826054959737,34.45378151260504,1.0387394774273657
1,"20MA, 50MA, RSI, MACD, CCI, OBV",64,0.4,0.0005,64,60,1,150,tanh,0.027186881262567655,3.077184597314636,0.9668505074134536,81.09243697478992,1.2415346192082675
2,"20MA, 50MA, RSI, MACD, CCI, OBV",128,0.30000000000000004,0.0005,64,60,1,100,tanh,0.028553608528706847,3.3325415810481105,0.9634337767644332,78.99159663865547,1.1078684673053876
3,"20MA, 50MA, RSI, MACD, CCI, OBV",32,0.4,0.0001,32,60,1,150,tanh,0.031109257024499383,3.8379171836197443,0.9565952376829504,68.90756302521008,1.4356624652214414
4,"20MA, 50MA, RSI, MACD, CCI, OBV",128,0.2,0.001,64,60,1,100,tanh,0.027800047066492813,3.219796877553123,0.9653383552662227,79.83193277310924,1.2068529629693479
5,"20MA, 50MA, RSI, MACD, CCI, OBV",32,0.4,0.001,16,60,1,50,sigmoid,0.04260927220388347,5.292518133789892,0.9185733933208127,53.78151260504202,1.47424821985209
6,"20MA, 50MA, RSI, MACD, CCI, OBV",128,0.4,0.001,32,60,1,50,sigmoid,0.0874043892116961,13.240227062294373,0.6573706291506097,13.865546218487395,1.097200328765978
7,"20MA, 50MA, RSI, MACD, CCI, OBV",64,0.7,0.0001,64,60,1,150,relu,0.035153547207967616,4.1862673224488365,0.9445761853900257,65.54621848739495,1.947490965310543
8,"20MA, 50MA, RSI, MACD, CCI, OBV",64,0.30000000000000004,0.0001,64,60,1,50,relu,0.03953344250282303,4.64594462455339,0.9299049465221774,62.60504201680672,1.6475257297812882
9,"20MA, 50MA, RSI, MACD, CCI, OBV",128,0.30000000000000004,0.0005,32,60,1,100,tanh,0.025858111164456958,2.7709733367710663,0.9700117101004624,84.87394957983193,1.4144666825226349
10,"20MA, 50MA, RSI, MACD, CCI, OBV",128,0.8,0.0005,32,60,1,100,tanh,0.029226074602337792,3.198538818873968,0.961691152973774,81.09243697478992,0.7859692218307273
11,"20MA, 50MA, RSI, MACD, CCI, OBV",64,0.5,0.0005,16,60,1,150,tanh,0.027034251759441304,2.988773974300971,0.9672216708465852,81.9327731092437,1.421447079631283
12,"20MA, 50MA, RSI, MACD, CCI, OBV",64,0.6000000000000001,0.0005,16,60,1,150,tanh,0.028309260700202454,3.168943072095471,0.9640569307226201,81.09243697478992,0.8872825924213347
13,"20MA, 50MA, RSI, MACD, CCI, OBV",128,0.2,0.0005,16,60,1,100,tanh,0.027679627305786485,3.1419315698577948,0.9656379883524109,78.57142857142857,1.31952741110462
14,"20MA, 50MA, RSI, MACD, CCI, OBV",32,0.5,0.0005,16,60,1,150,tanh,0.02721174081677347,3.000704708817077,0.966789856221577,83.61344537815127,1.189682123674604
15,"20MA, 50MA, RSI, MACD, CCI, OBV",64,0.5,0.0005,32,60,1,100,sigmoid,0.04155754962525441,5.320310237734898,0.9225434822058745,57.56302521008403,1.1445008204932126
16,"20MA, 50MA, RSI, MACD, CCI, OBV",128,0.6000000000000001,0.0005,32,60,1,150,tanh,0.026246826930357316,2.969486958883702,0.9691033267950551,83.61344537815127,0.9391055375476203
17,"20MA, 50MA, RSI, MACD, CCI, OBV",128,0.8,0.0005,32,60,1,100,tanh,0.026187165686057237,2.8093543514776194,0.9692436286263189,84.45378151260505,1.375414491601308
18,"20MA, 50MA, RSI, MACD, CCI, OBV",128,0.8,0.0001,32,60,1,100,relu,0.04176412565802679,5.48397084988965,0.9217715200144806,50.84033613445378,1.1725631498514792
19,"20MA, 50MA, RSI, MACD, CCI, OBV",128,0.7,0.001,32,60,1,100,sigmoid,0.12924941010950586,20.40052423752654,0.2507698535717343,10.92436974789916,0.9220223610643581
20,"20MA, 50MA, RSI, MACD, CCI, OBV",128,0.30000000000000004,0.0005,32,60,1,100,tanh,0.026726779972972417,2.917301071298053,0.9679630339536179,84.45378151260505,0.7893952102281024
21,"20MA, 50MA, RSI, MACD, CCI, OBV",128,0.7,0.0005,32,60,1,100,tanh,0.02681480273686042,2.980596395235739,0.967751663484957,82.35294117647058,0.865697871390631
22,"20MA, 50MA, RSI, MACD, CCI, OBV",128,0.6000000000000001,0.0005,32,60,1,100,tanh,0.02602791365926931,2.8278199235385957,0.9696165686678043,85.29411764705883,0.8994641698558383
23,"20MA, 50MA, RSI, MACD, CCI, OBV",128,0.8,0.0005,32,60,1,100,tanh,0.025886200002552057,2.8221147801329876,0.9699465240769507,84.87394957983193,1.0401160048828841
24,"20MA, 50MA, RSI, MACD, CCI, OBV",128,0.7,0.0005,32,60,1,100,tanh,0.026430543622866114,2.8244079600752277,0.9686692857395661,85.29411764705883,0.964090849419394
0,"20MA, 50MA, RSI, MACD, CCI, OBV",64,0.5,0.0005,16,60,30,50,sigmoid,0.12002344927351839,16.354608979356687,0.2857688041159403,23.404255319148938,0.9443397561097201
1,"20MA, 50MA, RSI, MACD, CCI, OBV",32,0.6000000000000001,0.001,64,60,30,100,relu,0.1106113261191726,12.628903269780311,0.39339525042844303,30.638297872340424,1.089231815592948
2,"20MA, 50MA, RSI, MACD, CCI, OBV",32,0.30000000000000004,0.001,16,60,30,50,relu,0.10736179970962621,12.938582666029626,0.42851323884999115,31.914893617021278,0.9323184110305403
3,"20MA, 50MA, RSI, MACD, CCI, OBV",64,0.7,0.001,16,60,30,50,sigmoid,0.14777939446713248,22.211233551621547,-0.0827654104872313,18.29787234042553,0.8756717817494087
4,"20MA, 50MA, RSI, MACD, CCI, OBV",64,0.5,0.0001,16,60,30,50,relu,0.11445899497595557,14.607709356481305,0.3504591570447736,23.404255319148938,0.9684048799787761
5,"20MA, 50MA, RSI, MACD, CCI, OBV",64,0.4,0.0005,16,60,30,150,relu,0.10212894224501286,12.57024690239227,0.4828645904410136,18.29787234042553,1.106587868368604
6,"20MA, 50MA, RSI, MACD, CCI, OBV",64,0.8,0.001,32,60,30,50,tanh,0.11838059575454465,15.508816037193835,0.30518745573757045,22.127659574468083,1.1803548670672854
7,"20MA, 50MA, RSI, MACD, CCI, OBV",32,0.7,0.0001,64,60,30,150,tanh,0.11380391396710304,13.965322216815476,0.35787289044972603,28.510638297872344,1.0378438959757645
8,"20MA, 50MA, RSI, MACD, CCI, OBV",64,0.7,0.0005,64,60,30,150,tanh,0.11111038108325559,12.980690166395767,0.3879091569678107,29.78723404255319,1.0625417063664953
9,"20MA, 50MA, RSI, MACD, CCI, OBV",64,0.5,0.0001,16,60,30,100,tanh,0.11395663614258786,13.977987972317221,0.3561482950904984,25.106382978723403,0.9413877841608782
10,"20MA, 50MA, RSI, MACD, CCI, OBV",128,0.2,0.0005,32,60,30,150,relu,0.11423228807893603,14.373369554172621,0.35302967683588093,24.680851063829788,1.0719736661821802
11,"20MA, 50MA, RSI, MACD, CCI, OBV",32,0.30000000000000004,0.0005,16,60,30,150,relu,0.10568940201385202,12.37791285049217,0.4461789106180061,20.0,1.063945088722428
12,"20MA, 50MA, RSI, MACD, CCI, OBV",128,0.30000000000000004,0.0005,16,60,30,150,relu,0.10491670065741213,10.838075066733394,0.4542473443106543,30.638297872340424,1.422650898062915
13,"20MA, 50MA, RSI, MACD, CCI, OBV",128,0.30000000000000004,0.0005,16,60,30,150,relu,0.1071037942143335,12.819951394101507,0.4312566644941158,23.404255319148938,0.9960556172472179
14,"20MA, 50MA, RSI, MACD, CCI, OBV",128,0.4,0.0005,16,60,30,150,relu,0.10744971270745977,12.064032202299964,0.4275769340479195,25.53191489361702,0.8961136603279863
15,"20MA, 50MA, RSI, MACD, CCI, OBV",128,0.2,0.0005,32,60,30,150,relu,0.1142199282598946,14.285821563205026,0.3531696723424187,25.106382978723403,1.0231945925822996
16,"20MA, 50MA, RSI, MACD, CCI, OBV",128,0.4,0.0005,16,60,30,150,sigmoid,0.15645285130521644,23.92420211364971,-0.21359442593659494,12.76595744680851,0.8037232194246033
17,"20MA, 50MA, RSI, MACD, CCI, OBV",128,0.4,0.0005,16,60,30,100,relu,0.10654318988337513,12.607155256097899,0.437194932897381,26.80851063829787,1.0136793453257629
18,"20MA, 50MA, RSI, MACD, CCI, OBV",128,0.30000000000000004,0.0005,64,60,30,150,relu,0.10430472793979711,10.73342584562676,0.4605954599975751,31.914893617021278,1.116883358831318
19,"20MA, 50MA, RSI, MACD, CCI, OBV",64,0.4,0.0001,64,60,30,150,sigmoid,0.11454376535723892,11.923017766792547,0.34949667760286074,31.06382978723404,1.0409678083651352
20,"20MA, 50MA, RSI, MACD, CCI, OBV",128,0.2,0.0005,64,60,30,100,relu,0.10793544599775344,11.815694710503601,0.4223898862243768,32.76595744680851,0.9673525145703563
21,"20MA, 50MA, RSI, MACD, CCI, OBV",128,0.30000000000000004,0.0005,64,60,30,150,relu,0.10888673350405256,12.362387779663699,0.4121635019795181,29.361702127659573,0.9427972729157609
22,"20MA, 50MA, RSI, MACD, CCI, OBV",128,0.30000000000000004,0.0005,64,60,30,150,relu,0.1059381482655146,11.987982097204105,0.4435689415637867,25.53191489361702,1.0682288878275916
23,"20MA, 50MA, RSI, MACD, CCI, OBV",128,0.4,0.0005,32,60,30,150,relu,0.1149211408497145,14.486838154948817,0.34520332481727956,24.25531914893617,1.0719736661821802
24,"20MA, 50MA, RSI, MACD, CCI, OBV",128,0.2,0.0005,16,60,30,150,relu,0.10205865219837983,11.730979362900612,0.4835761803689592,26.80851063829787,1.1127268808607198
0,"20MA, 50MA, RSI, MACD, ATR, Williams_%R",128,0.7,0.0005,32,60,1,50,tanh,0.02917717780343123,3.3135999330285126,0.9618192312770891,78.57142857142857,1.030795656342834
1,"20MA, 50MA, RSI, MACD, ATR, Williams_%R",32,0.7,0.001,16,60,1,50,relu,0.03327782671291249,4.131700464086096,0.9503329899750219,68.90756302521008,1.0941920596846715
2,"20MA, 50MA, RSI, MACD, ATR, Williams_%R",128,0.7,0.001,64,60,1,150,sigmoid,0.03233602711882197,3.643577476034528,0.9531044725343898,72.26890756302521,0.8163608335776863
3,"20MA, 50MA, RSI, MACD, ATR, Williams_%R",128,0.8,0.0005,16,60,1,100,sigmoid,0.03812759847169973,4.772884710800596,0.9348015896473276,60.50420168067227,0.9802617722725505
4,"20MA, 50MA, RSI, MACD, ATR, Williams_%R",64,0.8,0.001,16,60,1,150,relu,0.028241166825153007,3.2763378931766356,0.964229634583397,79.41176470588235,1.0164103247632117
5,"20MA, 50MA, RSI, MACD, ATR, Williams_%R",64,0.2,0.001,16,60,1,150,sigmoid,0.06591904062143805,9.337281204790386,0.8051143507032223,23.10924369747899,0.9260097936596036
6,"20MA, 50MA, RSI, MACD, ATR, Williams_%R",64,0.30000000000000004,0.001,64,60,1,100,relu,0.027631489850952595,3.210104423654561,0.9657574019159312,80.67226890756302,1.430227937063264
7,"20MA, 50MA, RSI, MACD, ATR, Williams_%R",128,0.6000000000000001,0.001,16,60,1,50,relu,0.03286908060763141,4.037065360323467,0.951545600338152,69.74789915966386,0.8177588449591557
8,"20MA, 50MA, RSI, MACD, ATR, Williams_%R",64,0.8,0.0005,32,60,1,150,sigmoid,0.031648785006214174,3.808723102061994,0.9550766444387274,71.00840336134453,1.1228671386445535
9,"20MA, 50MA, RSI, MACD, ATR, Williams_%R",128,0.6000000000000001,0.001,32,60,1,150,relu,0.02718569090973938,3.129313270286184,0.9668534101905705,81.09243697478992,0.8855600177570983
10,"20MA, 50MA, RSI, MACD, ATR, Williams_%R",32,0.4,0.0001,32,60,1,150,tanh,0.032249834505447834,3.8499577673115515,0.9533541421029552,70.58823529411765,1.1348968779803323
11,"20MA, 50MA, RSI, MACD, ATR, Williams_%R",64,0.4,0.0001,64,60,1,100,relu,0.036419271163573734,4.480722953743471,0.9405132003513292,65.54621848739495,1.0403935763454655
12,"20MA, 50MA, RSI, MACD, ATR, Williams_%R",128,0.2,0.001,64,60,1,100,relu,0.0276554972186753,3.204021301766545,0.965697873329203,80.25210084033614,1.1427496713159218
13,"20MA, 50MA, RSI, MACD, ATR, Williams_%R",64,0.4,0.001,64,60,1,100,relu,0.02816806380342769,3.2928941532821514,0.9644145800156132,78.99159663865547,1.129540698072118
14,"20MA, 50MA, RSI, MACD, ATR, Williams_%R",32,0.5,0.001,32,60,1,100,relu,0.031097467704851733,3.8705311369790696,0.956628129221067,73.52941176470588,1.0156635496161919
15,"20MA, 50MA, RSI, MACD, ATR, Williams_%R",128,0.30000000000000004,0.0001,64,60,1,150,relu,0.03299107434646686,3.953320852027347,0.9511852554263258,69.74789915966386,0.9492195516227195
16,"20MA, 50MA, RSI, MACD, ATR, Williams_%R",64,0.5,0.001,32,60,1,100,tanh,0.026562328460486166,2.9917274951229897,0.9683560718535077,84.03361344537815,0.769201638479732
17,"20MA, 50MA, RSI, MACD, ATR, Williams_%R",128,0.6000000000000001,0.001,32,60,1,100,tanh,0.02972036755144041,3.3704400666454157,0.9603843800808718,78.99159663865547,0.8978881643452747
18,"20MA, 50MA, RSI, MACD, ATR, Williams_%R",64,0.5,0.0005,32,60,1,150,tanh,0.028734084237633652,3.517434117908664,0.9629700755938111,77.31092436974791,1.0898746745105894
19,"20MA, 50MA, RSI, MACD, ATR, Williams_%R",32,0.6000000000000001,0.0001,32,60,1,50,tanh,0.0351027766618008,4.172857383510538,0.9447361615844462,66.38655462184873,1.4514459758102873
20,"20MA, 50MA, RSI, MACD, ATR, Williams_%R",128,0.5,0.001,32,60,1,150,tanh,0.03143797673801874,3.6243619750923837,0.9556731080866591,75.63025210084034,0.8097145429173221
21,"20MA, 50MA, RSI, MACD, ATR, Williams_%R",64,0.30000000000000004,0.001,64,60,1,100,relu,0.03120627546118867,3.977095644507215,0.9563240882584697,72.68907563025209,0.97114559308396
22,"20MA, 50MA, RSI, MACD, ATR, Williams_%R",64,0.30000000000000004,0.001,32,60,1,100,relu,0.027721227956995366,3.2648461908684805,0.9655346230683243,80.25210084033614,0.9925902345226747
23,"20MA, 50MA, RSI, MACD, ATR, Williams_%R",64,0.6000000000000001,0.001,32,60,1,100,tanh,0.026992943278681562,3.0896184898101846,0.9673217652389912,82.35294117647058,0.7428930240213766
24,"20MA, 50MA, RSI, MACD, ATR, Williams_%R",64,0.6000000000000001,0.001,32,60,1,100,tanh,0.03100645244434531,3.673494312054454,0.9568816370263771,72.26890756302521,0.9198853562333735
0,"20MA, 50MA, RSI, MACD, ATR, Williams_%R",128,0.2,0.001,16,60,30,150,tanh,0.10719441918646805,13.02934830458412,0.4302937825463361,25.53191489361702,0.9963528736016058
1,"20MA, 50MA, RSI, MACD, ATR, Williams_%R",32,0.8,0.001,64,60,30,50,sigmoid,0.10621273759022745,12.44930687730844,0.4406806894040419,23.829787234042556,0.829320311624526
2,"20MA, 50MA, RSI, MACD, ATR, Williams_%R",64,0.5,0.0001,32,60,30,50,tanh,0.10253631556578592,11.473405591250927,0.4787308489083396,25.53191489361702,1.1047364253538774
3,"20MA, 50MA, RSI, MACD, ATR, Williams_%R",64,0.4,0.0005,64,60,30,50,relu,0.10388247501407405,12.09128244872702,0.46495392242010036,26.80851063829787,1.29070899374353
4,"20MA, 50MA, RSI, MACD, ATR, Williams_%R",32,0.30000000000000004,0.0005,32,60,30,150,relu,0.10324782445526956,12.37496289149864,0.4714714804708535,24.680851063829788,0.8825187268269072
5,"20MA, 50MA, RSI, MACD, ATR, Williams_%R",32,0.8,0.0005,64,60,30,150,relu,0.10382510288633912,11.347083116261622,0.4655447488385108,30.21276595744681,0.9500192224530094
6,"20MA, 50MA, RSI, MACD, ATR, Williams_%R",32,0.2,0.001,64,60,30,150,sigmoid,0.10573076882711233,11.773592936154163,0.4457452948231211,35.319148936170215,1.1567101994143936
7,"20MA, 50MA, RSI, MACD, ATR, Williams_%R",64,0.30000000000000004,0.0005,64,60,30,50,sigmoid,0.10157302275284584,11.35849657911913,0.4884791246013317,34.04255319148936,1.09403885785811
8,"20MA, 50MA, RSI, MACD, ATR, Williams_%R",128,0.2,0.001,16,60,30,50,relu,0.11032155406045026,14.787517716707738,0.3965693713579115,21.70212765957447,1.0423943689310993
9,"20MA, 50MA, RSI, MACD, ATR, Williams_%R",64,0.5,0.0005,64,60,30,50,relu,0.10260824697493488,11.910843294212437,0.4779992295524744,26.80851063829787,1.1267808406315376
10,"20MA, 50MA, RSI, MACD, ATR, Williams_%R",64,0.6000000000000001,0.0001,16,60,30,100,sigmoid,0.12429406336531089,14.366817689420225,0.23403772532538492,34.8936170212766,0.9325833330765385
11,"20MA, 50MA, RSI, MACD, ATR, Williams_%R",64,0.6000000000000001,0.0001,32,60,30,50,tanh,0.10104374933002216,11.30080184657949,0.4937960686128179,26.80851063829787,1.2899898730106005
12,"20MA, 50MA, RSI, MACD, ATR, Williams_%R",64,0.6000000000000001,0.0001,32,60,30,100,tanh,0.10377583222541038,11.875253210171824,0.46605188467594594,26.80851063829787,1.1944848952994718
13,"20MA, 50MA, RSI, MACD, ATR, Williams_%R",64,0.7,0.0001,32,60,30,50,tanh,0.1043024925478144,11.97818278742612,0.46061858009360945,26.382978723404253,1.1548862584502095
14,"20MA, 50MA, RSI, MACD, ATR, Williams_%R",64,0.4,0.0005,32,60,30,50,sigmoid,0.13058303684145003,18.83506281783446,0.1545651679252258,25.106382978723403,0.8696533902184012
15,"20MA, 50MA, RSI, MACD, ATR, Williams_%R",64,0.4,0.0001,64,60,30,50,tanh,0.10384426677643245,11.525610281973838,0.46534743264700174,26.80851063829787,1.331241776492274
16,"20MA, 50MA, RSI, MACD, ATR, Williams_%R",128,0.6000000000000001,0.0005,32,60,30,100,sigmoid,0.11682581691431838,15.962225957379427,0.3233185655322708,23.829787234042556,0.9291435998170559
17,"20MA, 50MA, RSI, MACD, ATR, Williams_%R",64,0.30000000000000004,0.0001,64,60,30,50,tanh,0.10264890886371442,11.321313261935831,0.47758542766900236,25.957446808510635,1.1034100053339289
18,"20MA, 50MA, RSI, MACD, ATR, Williams_%R",64,0.7,0.0001,32,60,30,50,sigmoid,0.10685011930135768,11.419571366382254,0.4339476066540786,35.319148936170215,1.094130393530251
19,"20MA, 50MA, RSI, MACD, ATR, Williams_%R",128,0.30000000000000004,0.0005,16,60,30,100,tanh,0.10566816487070942,13.366761695640575,0.44640145698207934,25.957446808510635,1.0994837083205038
20,"20MA, 50MA, RSI, MACD, ATR, Williams_%R",64,0.5,0.0005,64,60,30,50,sigmoid,0.1015210091445772,11.704771722781599,0.48900287064115167,33.191489361702125,1.133790168794029
21,"20MA, 50MA, RSI, MACD, ATR, Williams_%R",64,0.5,0.0005,64,60,30,50,sigmoid,0.10261196412580051,10.954437449359178,0.47796140821122357,32.76595744680851,0.8786841201009742
22,"20MA, 50MA, RSI, MACD, ATR, Williams_%R",64,0.6000000000000001,0.0005,64,60,30,50,sigmoid,0.10337659236748994,11.357962885234206,0.47015232524178563,31.914893617021278,0.9844803702097404
23,"20MA, 50MA, RSI, MACD, ATR, Williams_%R",64,0.7,0.0005,64,60,30,50,sigmoid,0.10171090163944412,11.144023850690752,0.48708946826470156,33.61702127659574,0.9746312462186006
24,"20MA, 50MA, RSI, MACD, ATR, Williams_%R",64,0.4,0.0005,64,60,30,50,sigmoid,0.10242951173288334,11.460275096739922,0.47981621164401633,33.191489361702125,1.1134095757897031
0,"20MA, 50MA, RSI, MACD, ATR, OBV",64,0.5,0.0005,64,60,1,100,sigmoid,0.04917646018861345,5.641217951553078,0.891539242647775,50.42016806722689,1.5211771172752424
1,"20MA, 50MA, RSI, MACD, ATR, OBV",32,0.30000000000000004,0.001,16,60,1,150,sigmoid,0.03780729780834537,4.817866336692943,0.935892420333077,58.82352941176471,1.4436053154017356
2,"20MA, 50MA, RSI, MACD, ATR, OBV",64,0.30000000000000004,0.0001,64,60,1,50,tanh,0.03871874400595854,4.3572178521112175,0.9327641923800774,68.0672268907563,1.3817870369774483
3,"20MA, 50MA, RSI, MACD, ATR, OBV",64,0.6000000000000001,0.0005,16,60,1,50,tanh,0.0285262595586437,3.3719863421813296,0.9635037903050803,76.47058823529412,1.036446853436239
4,"20MA, 50MA, RSI, MACD, ATR, OBV",32,0.7,0.0005,64,60,1,50,relu,0.034910255579294475,4.109579691595397,0.945340688005207,69.32773109243698,1.6866490966358043
5,"20MA, 50MA, RSI, MACD, ATR, OBV",64,0.7,0.001,32,60,1,150,tanh,0.044426179696630645,6.013292948186118,0.9114810931409705,41.17647058823529,0.7543813857225676
6,"20MA, 50MA, RSI, MACD, ATR, OBV",64,0.4,0.0001,16,60,1,50,relu,0.044719870115288385,5.990982524618199,0.9103068717537952,53.36134453781513,1.036944459026849
7,"20MA, 50MA, RSI, MACD, ATR, OBV",64,0.4,0.0001,64,60,1,150,tanh,0.03299783579923632,3.9795977242598477,0.9511652444131145,69.32773109243698,1.244924021874051
8,"20MA, 50MA, RSI, MACD, ATR, OBV",128,0.4,0.0005,64,60,1,50,relu,0.043600238837374156,5.315435895506843,0.9147418625485028,52.10084033613446,0.8864446218661453
9,"20MA, 50MA, RSI, MACD, ATR, OBV",32,0.5,0.0005,32,60,1,50,tanh,0.04584221514890937,6.072308551353712,0.9057482778296791,46.63865546218487,1.0814859267490142
10,"20MA, 50MA, RSI, MACD, ATR, OBV",128,0.8,0.0005,16,60,1,100,tanh,0.027634927014607263,3.2384523992410466,0.9657488823077176,80.25210084033614,1.003165939432079
11,"20MA, 50MA, RSI, MACD, ATR, OBV",128,0.8,0.0005,16,60,1,100,tanh,0.04423011256409266,5.110286170565042,0.9122606942820355,55.88235294117647,0.7924798045755769
12,"20MA, 50MA, RSI, MACD, ATR, OBV",128,0.8,0.0005,16,60,1,100,tanh,0.029186644776870115,3.386773523484518,0.961794450610105,75.63025210084034,1.3393987651839534
13,"20MA, 50MA, RSI, MACD, ATR, OBV",128,0.6000000000000001,0.0005,16,60,1,100,tanh,0.03197959209399297,3.745947064351455,0.9541326188713971,71.00840336134453,0.9791287079213409
14,"20MA, 50MA, RSI, MACD, ATR, OBV",128,0.7,0.0005,16,60,1,100,tanh,0.029588347629892753,3.4077182397091255,0.9607355490158541,75.63025210084034,0.856609574542018
15,"20MA, 50MA, RSI, MACD, ATR, OBV",64,0.6000000000000001,0.001,16,60,1,50,sigmoid,0.03957413425939942,5.044888713739667,0.9297605746383454,60.08403361344538,1.022357563168737
16,"20MA, 50MA, RSI, MACD, ATR, OBV",128,0.8,0.0005,16,60,1,100,tanh,0.02878522915419439,3.192594185758,0.9628381362645618,81.9327731092437,1.3289759381680668
17,"20MA, 50MA, RSI, MACD, ATR, OBV",64,0.6000000000000001,0.0005,32,60,1,100,tanh,0.039581938935423354,5.087117544864199,0.929732867145763,54.20168067226891,0.881450832471506
18,"20MA, 50MA, RSI, MACD, ATR, OBV",128,0.2,0.001,16,60,1,50,relu,0.029235519444737387,3.446778434677991,0.9616663888211103,75.63025210084034,1.2831987183753581
19,"20MA, 50MA, RSI, MACD, ATR, OBV",32,0.7,0.0001,16,60,1,150,sigmoid,0.042131243236963635,4.841837716914754,0.9203901778362416,61.34453781512605,1.1627296872163362
20,"20MA, 50MA, RSI, MACD, ATR, OBV",128,0.6000000000000001,0.0005,32,60,1,50,tanh,0.05884163986174878,8.32140686712828,0.8447156675369986,26.89075630252101,0.8356594696988353
21,"20MA, 50MA, RSI, MACD, ATR, OBV",128,0.8,0.0005,16,60,1,100,tanh,0.045868077163134506,6.103068884786661,0.9056419030856171,43.69747899159664,0.7543813857225676
22,"20MA, 50MA, RSI, MACD, ATR, OBV",128,0.8,0.0005,16,60,1,100,tanh,0.029562489658999942,3.5090793689652235,0.9608041473300422,73.10924369747899,1.347012760322163
23,"20MA, 50MA, RSI, MACD, ATR, OBV",128,0.7,0.0005,16,60,1,100,tanh,0.02918234011540504,3.503245960088576,0.9618057194510038,76.47058823529412,0.8365603841458946
24,"20MA, 50MA, RSI, MACD, ATR, OBV",128,0.8,0.0005,16,60,1,100,tanh,0.029676514900608218,3.4820478369626278,0.9605012001896001,74.78991596638656,1.1428861351889872
0,"20MA, 50MA, RSI, MACD, ATR, OBV",64,0.2,0.0001,16,60,30,50,tanh,0.11094226112339436,13.334018633745885,0.3897600521758722,25.53191489361702,1.291501039474944
1,"20MA, 50MA, RSI, MACD, ATR, OBV",64,0.30000000000000004,0.0005,64,60,30,150,relu,0.11080770617355724,12.666832517087755,0.39123939848086775,30.638297872340424,1.0868743295780772
2,"20MA, 50MA, RSI, MACD, ATR, OBV",128,0.7,0.001,32,60,30,50,sigmoid,0.12911896801368192,18.177316270361523,0.1734165590622051,24.25531914893617,0.8619974282212576
3,"20MA, 50MA, RSI, MACD, ATR, OBV",128,0.2,0.0001,16,60,30,100,tanh,0.1110384682161185,13.403996212461545,0.3887012155069326,25.957446808510635,1.2048382474925752
4,"20MA, 50MA, RSI, MACD, ATR, OBV",64,0.8,0.0005,32,60,30,100,sigmoid,0.10653181841958366,12.315013741365224,0.4373150640087988,29.361702127659573,1.0933902515475444
5,"20MA, 50MA, RSI, MACD, ATR, OBV",64,0.4,0.0005,32,60,30,150,sigmoid,0.10377218333948461,11.991858749717244,0.4660894325610119,31.06382978723404,1.0366648240849468
6,"20MA, 50MA, RSI, MACD, ATR, OBV",64,0.5,0.001,64,60,30,50,tanh,0.10921173962780076,12.521054953395435,0.4086491053207215,31.48936170212766,1.0250535450440352
7,"20MA, 50MA, RSI, MACD, ATR, OBV",128,0.4,0.0005,32,60,30,100,relu,0.10198376759808742,11.213975112978956,0.4843337448242786,28.510638297872344,1.3909789169087583
8,"20MA, 50MA, RSI, MACD, ATR, OBV",128,0.7,0.001,64,60,30,50,tanh,0.10981542902038366,12.594370388384105,0.4020934193451998,29.361702127659573,1.01417045767567
9,"20MA, 50MA, RSI, MACD, ATR, OBV",64,0.8,0.0005,64,60,30,50,tanh,0.10885633765331496,12.533210498994166,0.41249164657473925,29.78723404255319,1.3670419944338168
10,"20MA, 50MA, RSI, MACD, ATR, OBV",32,0.5,0.0005,32,60,30,100,relu,0.11268958855781981,13.280529947975461,0.3703862634303078,32.340425531914896,1.2852554308149606
11,"20MA, 50MA, RSI, MACD, ATR, OBV",32,0.4,0.0005,32,60,30,150,relu,0.09989214448238777,11.946930584301468,0.5052688208722993,25.106382978723403,1.154846543079613
12,"20MA, 50MA, RSI, MACD, ATR, OBV",32,0.4,0.0005,32,60,30,150,relu,0.11001431710946262,13.180447118223565,0.39992570604827216,29.361702127659573,0.9850764784939644
13,"20MA, 50MA, RSI, MACD, ATR, OBV",32,0.4,0.0005,32,60,30,150,relu,0.10315256698959853,11.908904537944405,0.47244628187861204,30.638297872340424,0.942096067863982
14,"20MA, 50MA, RSI, MACD, ATR, OBV",128,0.6000000000000001,0.0005,32,60,30,100,relu,0.11974555412976635,15.850083920277006,0.28907235198213255,20.0,1.0078447008675606
15,"20MA, 50MA, RSI, MACD, ATR, OBV",32,0.30000000000000004,0.0001,32,60,30,150,relu,0.11084192962882616,13.01981039575766,0.3908633035456809,29.361702127659573,1.0083445675574825
16,"20MA, 50MA, RSI, MACD, ATR, OBV",32,0.5,0.0005,16,60,30,100,relu,0.10683992961837768,13.521955522216922,0.4340555638458997,14.042553191489363,0.9071151744614919
17,"20MA, 50MA, RSI, MACD, ATR, OBV",128,0.30000000000000004,0.0005,32,60,30,100,relu,0.11536367862300309,14.725151243942483,0.34015063934515466,20.425531914893615,1.1327733209622348
18,"20MA, 50MA, RSI, MACD, ATR, OBV",32,0.6000000000000001,0.001,32,60,30,150,relu,0.09737603954006843,10.41491152451475,0.5298777324402646,40.42553191489361,0.903936904088976
19,"20MA, 50MA, RSI, MACD, ATR, OBV",32,0.6000000000000001,0.001,16,60,30,150,relu,0.1012490452077546,12.05326048811101,0.49173701691383753,17.4468085106383,1.014761361728395
20,"20MA, 50MA, RSI, MACD, ATR, OBV",32,0.6000000000000001,0.001,32,60,30,150,sigmoid,0.10408806091340934,11.727506267613977,0.46283408895839984,24.680851063829788,0.9846974203616906
21,"20MA, 50MA, RSI, MACD, ATR, OBV",32,0.6000000000000001,0.001,16,60,30,150,relu,0.11281797508479148,13.609633985241576,0.3689508163975994,26.80851063829787,1.0894446677897176
22,"20MA, 50MA, RSI, MACD, ATR, OBV",32,0.7,0.001,16,60,30,150,relu,0.11577788728564513,13.606834856174501,0.3354038076154209,26.382978723404253,0.942321545234112
23,"20MA, 50MA, RSI, MACD, ATR, OBV",32,0.6000000000000001,0.001,16,60,30,150,relu,0.111719504629058,13.035721727642338,0.38117961612490037,24.25531914893617,0.783378790065918
24,"20MA, 50MA, RSI, MACD, ATR, OBV",32,0.5,0.001,16,60,30,150,relu,0.09882812438065518,11.46984941355363,0.5157521351853556,29.361702127659573,1.0966376352350793
0,"20MA, 50MA, RSI, MACD, Williams_%R, OBV",32,0.8,0.001,16,60,1,100,tanh,0.02823007978383459,3.2768576384364763,0.964257714844724,79.83193277310924,1.116349777465117
1,"20MA, 50MA, RSI, MACD, Williams_%R, OBV",64,0.6000000000000001,0.001,16,60,1,50,relu,0.027492691441219522,3.185647721012492,0.9661005525034985,78.15126050420169,1.4949257268923306
2,"20MA, 50MA, RSI, MACD, Williams_%R, OBV",128,0.7,0.0005,16,60,1,150,tanh,0.028363294294619597,3.176912087336908,0.9639195914460579,80.67226890756302,1.133686602355167
3,"20MA, 50MA, RSI, MACD, Williams_%R, OBV",128,0.30000000000000004,0.0001,16,60,1,50,tanh,0.0356051889328556,4.412284723165644,0.9431429014693742,64.70588235294117,1.0087069008977723
4,"20MA, 50MA, RSI, MACD, Williams_%R, OBV",32,0.7,0.001,32,60,1,100,tanh,0.027048424000461927,3.1090641597136983,0.9671872948890538,82.35294117647058,1.094803392366775
5,"20MA, 50MA, RSI, MACD, Williams_%R, OBV",32,0.6000000000000001,0.0005,32,60,1,50,tanh,0.044144305324628194,5.792543714692181,0.9126007958238446,49.57983193277311,0.9823396079178339
6,"20MA, 50MA, RSI, MACD, Williams_%R, OBV",32,0.2,0.0005,64,60,1,50,tanh,0.03267163195226207,3.8972342630286123,0.952125995045584,69.32773109243698,1.0649415301886136
7,"20MA, 50MA, RSI, MACD, Williams_%R, OBV",32,0.30000000000000004,0.001,32,60,1,100,relu,0.034576412579151374,4.156737925047308,0.9463810916545322,66.38655462184873,0.8846238780603107
8,"20MA, 50MA, RSI, MACD, Williams_%R, OBV",64,0.30000000000000004,0.0005,64,60,1,150,tanh,0.03726400019131752,4.645745209458105,0.9377216567101505,60.924369747899156,1.1171173342543899
9,"20MA, 50MA, RSI, MACD, Williams_%R, OBV",64,0.8,0.0001,32,60,1,50,tanh,0.046333004767052884,5.924961216065513,0.9037193450718726,52.94117647058824,1.1009436538094717
10,"20MA, 50MA, RSI, MACD, Williams_%R, OBV",32,0.5,0.001,32,60,1,100,sigmoid,0.0488300790887204,6.120007665784574,0.8930617778589361,49.57983193277311,0.8887031280330795
11,"20MA, 50MA, RSI, MACD, Williams_%R, OBV",64,0.6000000000000001,0.001,16,60,1,100,relu,0.027694406777621302,3.1849798768446616,0.9656012835253542,79.83193277310924,1.0451128548298745
12,"20MA, 50MA, RSI, MACD, Williams_%R, OBV",64,0.6000000000000001,0.001,32,60,1,50,relu,0.0882098127688033,13.612902860637933,0.6510269374773571,14.705882352941178,0.9612085838720339
13,"20MA, 50MA, RSI, MACD, Williams_%R, OBV",64,0.7,0.001,16,60,1,100,sigmoid,0.04915370889392472,6.395869049390422,0.8916395773129905,38.23529411764706,0.8880088709966883
14,"20MA, 50MA, RSI, MACD, Williams_%R, OBV",128,0.5,0.001,64,60,1,150,relu,0.028518215498966912,3.2923661817350243,0.9635243703811666,78.57142857142857,0.880187846248389
15,"20MA, 50MA, RSI, MACD, Williams_%R, OBV",32,0.5,0.001,32,60,1,50,relu,0.051960518960882045,7.397262999880053,0.8789108964017028,40.7563025210084,1.2102480679277934
16,"20MA, 50MA, RSI, MACD, Williams_%R, OBV",64,0.7,0.0001,16,60,1,100,sigmoid,0.042042204250720236,5.153856621849338,0.9207263125964384,58.40336134453782,1.091590359810159
17,"20MA, 50MA, RSI, MACD, Williams_%R, OBV",32,0.4,0.001,16,60,1,50,relu,0.02834580409938711,3.242939445379182,0.9639640756173198,81.5126050420168,1.3998176868743597
18,"20MA, 50MA, RSI, MACD, Williams_%R, OBV",64,0.7,0.001,32,60,1,100,relu,0.044790534673141376,5.873248692542442,0.9100231887797537,45.79831932773109,0.7598735010756175
19,"20MA, 50MA, RSI, MACD, Williams_%R, OBV",128,0.6000000000000001,0.0001,64,60,1,150,sigmoid,0.04806129775868178,5.4697625706701665,0.896402543877626,50.84033613445378,1.004577085305143
20,"20MA, 50MA, RSI, MACD, Williams_%R, OBV",32,0.8,0.001,32,60,1,100,relu,0.03254580109614151,4.000849413147044,0.9524940468546137,69.32773109243698,0.8023392200828687
21,"20MA, 50MA, RSI, MACD, Williams_%R, OBV",64,0.6000000000000001,0.001,16,60,1,100,relu,0.027894752922498958,3.1606313630229637,0.9651017907586826,80.25210084033614,1.1761069946466691
22,"20MA, 50MA, RSI, MACD, Williams_%R, OBV",64,0.6000000000000001,0.001,16,60,1,100,relu,0.029759428393575517,3.6327296483853,0.9602801797311827,74.78991596638656,1.0544337625365883
23,"20MA, 50MA, RSI, MACD, Williams_%R, OBV",64,0.4,0.001,16,60,1,100,relu,0.03167486445005941,3.683185657910357,0.955002577846062,72.26890756302521,1.7867949125994957
24,"20MA, 50MA, RSI, MACD, Williams_%R, OBV",64,0.7,0.001,16,60,1,100,relu,0.02717449538502762,3.0462072523316426,0.9668807052153899,82.35294117647058,1.0915497387008704
0,"20MA, 50MA, RSI, MACD, Williams_%R, OBV",128,0.8,0.001,64,60,30,150,tanh,0.1110339760624972,12.801278191761215,0.38875067570835187,28.085106382978726,0.9217667369726275
1,"20MA, 50MA, RSI, MACD, Williams_%R, OBV",128,0.8,0.001,64,60,30,50,relu,0.12057069467729521,16.294980584341236,0.2792408997509298,18.29787234042553,0.9139525682601183
2,"20MA, 50MA, RSI, MACD, Williams_%R, OBV",128,0.8,0.0005,32,60,30,100,tanh,0.11536528261441553,14.912749797722775,0.3401322904145647,22.127659574468083,1.0066412823297641
3,"20MA, 50MA, RSI, MACD, Williams_%R, OBV",32,0.2,0.0001,16,60,30,50,relu,0.10919193792161119,13.332325513806392,0.4088635272342468,25.957446808510635,0.9217667369726275
4,"20MA, 50MA, RSI, MACD, Williams_%R, OBV",128,0.6000000000000001,0.0005,64,60,30,50,tanh,0.10888710970717412,12.700727508161863,0.4121594400281593,30.21276595744681,1.1341385242706599
5,"20MA, 50MA, RSI, MACD, Williams_%R, OBV",32,0.30000000000000004,0.0005,32,60,30,50,tanh,0.11073591941521314,13.572723818294627,0.392027913934743,24.680851063829788,1.048386220015301
6,"20MA, 50MA, RSI, MACD, Williams_%R, OBV",32,0.7,0.0001,32,60,30,150,relu,0.11128047236937705,13.342024374010473,0.38603370651666935,28.085106382978726,0.9922374517411329
7,"20MA, 50MA, RSI, MACD, Williams_%R, OBV",128,0.30000000000000004,0.0005,16,60,30,100,sigmoid,0.14664766866918919,22.02959484966064,-0.06624482057225567,16.595744680851062,0.8919621592271402
8,"20MA, 50MA, RSI, MACD, Williams_%R, OBV",128,0.30000000000000004,0.0005,16,60,30,100,relu,0.10659533590399412,12.065512079480829,0.4366438845074585,29.78723404255319,0.993387684010072
9,"20MA, 50MA, RSI, MACD, Williams_%R, OBV",64,0.6000000000000001,0.0005,16,60,30,150,tanh,0.110220652798448,12.29796900268126,0.39767267467106315,24.25531914893617,1.5010149448457168
10,"20MA, 50MA, RSI, MACD, Williams_%R, OBV",64,0.4,0.0001,16,60,30,100,sigmoid,0.11286890323276952,11.965005433210582,0.3683809529504848,34.46808510638298,1.0409231872597169
11,"20MA, 50MA, RSI, MACD, Williams_%R, OBV",128,0.5,0.0005,64,60,30,100,relu,0.10968425929131631,12.704063988346132,0.4035209128392202,29.78723404255319,0.9911964983099829
12,"20MA, 50MA, RSI, MACD, Williams_%R, OBV",128,0.5,0.0005,64,60,30,50,tanh,0.10976457506750938,12.924301802267014,0.4026470550788216,28.510638297872344,1.1898902835848186
13,"20MA, 50MA, RSI, MACD, Williams_%R, OBV",128,0.6000000000000001,0.0005,16,60,30,50,relu,0.11119276909380434,14.138234027849943,0.38700109342241995,25.53191489361702,0.9817220109504075
14,"20MA, 50MA, RSI, MACD, Williams_%R, OBV",128,0.4,0.001,64,60,30,100,sigmoid,0.10800788797035867,13.901884058491614,0.42161428822870883,25.957446808510635,0.8013786128454691
15,"20MA, 50MA, RSI, MACD, Williams_%R, OBV",64,0.2,0.001,64,60,30,100,sigmoid,0.1096041259066434,11.362605315283874,0.40439214866289497,30.21276595744681,1.023876978437399
16,"20MA, 50MA, RSI, MACD, Williams_%R, OBV",128,0.4,0.001,16,60,30,100,sigmoid,0.15290869664588233,23.004795742856917,-0.15923365519555355,6.808510638297872,0.7970142564755022
17,"20MA, 50MA, RSI, MACD, Williams_%R, OBV",128,0.30000000000000004,0.001,64,60,30,100,sigmoid,0.1052753569935541,12.776899221719331,0.45050967032806155,28.936170212765955,0.9756150473693528
18,"20MA, 50MA, RSI, MACD, Williams_%R, OBV",64,0.30000000000000004,0.001,16,60,30,100,sigmoid,0.14638390562928874,21.887584332353395,-0.062412737051921185,20.0,0.9071262783486509
19,"20MA, 50MA, RSI, MACD, Williams_%R, OBV",32,0.2,0.001,32,60,30,100,relu,0.11675274494879205,15.358828922466222,0.32416479935162823,20.851063829787233,0.9443397561097201
20,"20MA, 50MA, RSI, MACD, Williams_%R, OBV",128,0.30000000000000004,0.0001,64,60,30,100,sigmoid,0.11314543790897952,12.399521568156349,0.3652821625434125,31.06382978723404,1.1611309697723247
21,"20MA, 50MA, RSI, MACD, Williams_%R, OBV",128,0.4,0.001,64,60,30,100,sigmoid,0.1145799544410201,15.212520208603546,0.34908557119363215,28.510638297872344,0.9194454615654085
22,"20MA, 50MA, RSI, MACD, Williams_%R, OBV",128,0.4,0.001,64,60,30,100,sigmoid,0.11118343768106087,14.492926926897018,0.3871039761158702,28.510638297872344,0.9561528439061656
23,"20MA, 50MA, RSI, MACD, Williams_%R, OBV",128,0.30000000000000004,0.001,64,60,30,100,sigmoid,0.11279067141142507,14.403395293307653,0.36925622652071877,23.829787234042556,1.075343995874275
24,"20MA, 50MA, RSI, MACD, Williams_%R, OBV",128,0.4,0.001,64,60,30,100,sigmoid,0.10717470200028464,13.021680973233604,0.43050334514396804,29.361702127659573,1.057561679307927
0,"20MA, 50MA, RSI, Upper_BB, Lower_BB, CCI",128,0.30000000000000004,0.001,32,60,1,50,relu,0.027907776785203807,3.1207213978886226,0.9650691956974754,83.19327731092437,1.1094206390832329
1,"20MA, 50MA, RSI, Upper_BB, Lower_BB, CCI",128,0.30000000000000004,0.0005,32,60,1,150,tanh,0.026218369397268185,2.901603122969478,0.969170288523618,84.03361344537815,0.9706915215364028
2,"20MA, 50MA, RSI, Upper_BB, Lower_BB, CCI",32,0.4,0.0005,16,60,1,150,sigmoid,0.03689311697621866,4.022767576177598,0.9389551821814501,68.0672268907563,1.221880024364939
3,"20MA, 50MA, RSI, Upper_BB, Lower_BB, CCI",128,0.5,0.001,16,60,1,150,tanh,0.026576793967877776,2.942020877435525,0.9683215967043599,84.45378151260505,0.8606168339633137
4,"20MA, 50MA, RSI, Upper_BB, Lower_BB, CCI",32,0.8,0.0001,16,60,1,100,tanh,0.029590823525597155,3.553229217127232,0.9607289775942857,74.78991596638656,1.3647555904092095
5,"20MA, 50MA, RSI, Upper_BB, Lower_BB, CCI",128,0.7,0.001,64,60,1,50,relu,0.034732876658357996,4.494851005390344,0.9458947245451244,63.86554621848739,1.450456077820324
6,"20MA, 50MA, RSI, Upper_BB, Lower_BB, CCI",128,0.4,0.0005,16,60,1,50,tanh,0.028360238012836863,3.2419905909075313,0.9639273667032665,78.99159663865547,1.1229137310799993
7,"20MA, 50MA, RSI, Upper_BB, Lower_BB, CCI",64,0.4,0.0005,64,60,1,150,tanh,0.027728586027205963,3.0793152393319314,0.9655163242887643,81.09243697478992,1.3181891064185438
8,"20MA, 50MA, RSI, Upper_BB, Lower_BB, CCI",32,0.2,0.0005,16,60,1,100,tanh,0.026791971679445685,2.943526155877352,0.9678065548216171,84.87394957983193,0.7970257617441554
9,"20MA, 50MA, RSI, Upper_BB, Lower_BB, CCI",128,0.5,0.0001,32,60,1,100,relu,0.0335770962948872,4.293396650218868,0.9494356560767813,63.86554621848739,1.374704215398376
10,"20MA, 50MA, RSI, Upper_BB, Lower_BB, CCI",64,0.2,0.0005,32,60,1,150,sigmoid,0.03813699560349398,4.477166107172007,0.9347694473891537,65.12605042016807,1.3947525474735207
11,"20MA, 50MA, RSI, Upper_BB, Lower_BB, CCI",128,0.6000000000000001,0.001,32,60,1,150,tanh,0.02665444725291982,2.87673630501745,0.9681362074618144,85.29411764705883,0.9342056260849516
12,"20MA, 50MA, RSI, Upper_BB, Lower_BB, CCI",128,0.6000000000000001,0.001,16,60,1,150,tanh,0.027066345256331083,2.929857820726152,0.9671437995865462,86.1344537815126,1.2402997134294766
13,"20MA, 50MA, RSI, Upper_BB, Lower_BB, CCI",128,0.30000000000000004,0.001,32,60,1,150,tanh,0.02563253333887702,2.757912988848302,0.9705326442618257,85.29411764705883,1.0496648216431028
14,"20MA, 50MA, RSI, Upper_BB, Lower_BB, CCI",128,0.30000000000000004,0.0001,32,60,1,150,tanh,0.03375330048112858,4.220128988487979,0.9489035655828287,68.4873949579832,1.0978648633065813
15,"20MA, 50MA, RSI, Upper_BB, Lower_BB, CCI",64,0.30000000000000004,0.0005,32,60,1,150,sigmoid,0.03988461256805464,4.243869423960129,0.9286541264564625,68.0672268907563,1.3871444484856648
16,"20MA, 50MA, RSI, Upper_BB, Lower_BB, CCI",128,0.2,0.001,32,60,1,150,tanh,0.025771303036177536,2.8544732050602044,0.9702127191888387,86.1344537815126,1.190647458643801
17,"20MA, 50MA, RSI, Upper_BB, Lower_BB, CCI",128,0.2,0.001,32,60,1,150,tanh,0.027225510034063646,3.074873713342259,0.966756238866414,81.9327731092437,0.7712732864756635
18,"20MA, 50MA, RSI, Upper_BB, Lower_BB, CCI",32,0.2,0.001,64,60,1,50,relu,0.03317374600078681,4.118511151308645,0.9506431841393165,69.32773109243698,1.1475067221229103
19,"20MA, 50MA, RSI, Upper_BB, Lower_BB, CCI",64,0.4,0.001,32,60,1,100,sigmoid,0.03734064914542748,4.463272382888082,0.9374651904547424,63.4453781512605,1.1924432709425046
20,"20MA, 50MA, RSI, Upper_BB, Lower_BB, CCI",128,0.30000000000000004,0.001,32,60,1,150,tanh,0.02678751590695744,2.881350304772178,0.9678172621141402,85.71428571428571,1.005834021819728
21,"20MA, 50MA, RSI, Upper_BB, Lower_BB, CCI",128,0.30000000000000004,0.001,32,60,1,150,tanh,0.025977391872473398,2.7874416045270825,0.9697344064223478,85.29411764705883,1.1384948379187698
22,"20MA, 50MA, RSI, Upper_BB, Lower_BB, CCI",128,0.2,0.001,32,60,1,150,tanh,0.026555252116250608,2.8339767205531006,0.9683729298260071,85.71428571428571,0.9532304928853138
23,"20MA, 50MA, RSI, Upper_BB, Lower_BB, CCI",128,0.30000000000000004,0.001,32,60,1,150,tanh,0.025672845771089848,2.8087429812997735,0.9704398844183756,84.03361344537815,1.1753059537078108
24,"20MA, 50MA, RSI, Upper_BB, Lower_BB, CCI",128,0.4,0.001,32,60,1,150,tanh,0.025604869558513373,2.8214258272282273,0.9705962149247547,86.97478991596638,1.1970993434378758
0,"20MA, 50MA, RSI, Upper_BB, Lower_BB, CCI",128,0.7,0.0001,32,60,30,50,tanh,0.11014595514558258,12.640339404976556,0.39848880468665515,22.127659574468083,1.376604390819081
1,"20MA, 50MA, RSI, Upper_BB, Lower_BB, CCI",64,0.5,0.0001,64,60,30,150,tanh,0.10465303609372481,11.760856243728075,0.4569869429441753,25.957446808510635,1.4800662685143986
2,"20MA, 50MA, RSI, Upper_BB, Lower_BB, CCI",32,0.7,0.0005,16,60,30,50,relu,0.1042777549836703,12.598218612664974,0.460874401404501,31.06382978723404,1.059850170041841
3,"20MA, 50MA, RSI, Upper_BB, Lower_BB, CCI",32,0.7,0.0005,16,60,30,150,tanh,0.10093135416922971,12.099640233133096,0.4949215856165685,22.5531914893617,1.0393462662802424
4,"20MA, 50MA, RSI, Upper_BB, Lower_BB, CCI",64,0.2,0.0001,64,60,30,150,tanh,0.10666733155876215,11.814395168407673,0.4358826337619307,27.23404255319149,1.1567899398152268
5,"20MA, 50MA, RSI, Upper_BB, Lower_BB, CCI",32,0.7,0.0005,64,60,30,150,tanh,0.10462158586142864,11.577574369889025,0.4573132654534181,27.659574468085108,1.1848920090808166
6,"20MA, 50MA, RSI, Upper_BB, Lower_BB, CCI",32,0.5,0.0001,16,60,30,50,relu,0.10474430479099239,12.629348283885733,0.45603939842884467,28.510638297872344,1.1306933850566288
7,"20MA, 50MA, RSI, Upper_BB, Lower_BB, CCI",64,0.4,0.001,64,60,30,100,relu,0.10385829772437667,11.894788651782843,0.46520294341577806,31.06382978723404,1.0497268800217445
8,"20MA, 50MA, RSI, Upper_BB, Lower_BB, CCI",128,0.5,0.0001,16,60,30,150,sigmoid,0.11542617071167083,13.695770025568473,0.33943556968423705,24.25531914893617,0.9806494976536841
9,"20MA, 50MA, RSI, Upper_BB, Lower_BB, CCI",128,0.8,0.0005,64,60,30,150,tanh,0.10562401213898222,11.68130965138364,0.4468639951805272,22.97872340425532,1.001578781042562
10,"20MA, 50MA, RSI, Upper_BB, Lower_BB, CCI",32,0.2,0.001,32,60,30,100,sigmoid,0.10337918420624005,11.02123302052342,0.470125756423469,41.702127659574465,1.0401506082873886
11,"20MA, 50MA, RSI, Upper_BB, Lower_BB, CCI",32,0.2,0.001,32,60,30,100,sigmoid,0.10287066304261713,12.210906094732572,0.4753258274530592,25.53191489361702,1.0657900005613556
12,"20MA, 50MA, RSI, Upper_BB, Lower_BB, CCI",32,0.30000000000000004,0.001,32,60,30,100,sigmoid,0.10311906243061882,12.641339963271946,0.47278893130816724,28.936170212765955,1.0259009892977617
13,"20MA, 50MA, RSI, Upper_BB, Lower_BB, CCI",32,0.6000000000000001,0.001,32,60,30,100,sigmoid,0.10673702076492948,12.39073175751928,0.4351452808525952,30.21276595744681,1.231732857070033
14,"20MA, 50MA, RSI, Upper_BB, Lower_BB, CCI",32,0.30000000000000004,0.0005,16,60,30,100,sigmoid,0.10884249185890797,13.346965434346295,0.4126410912964915,31.48936170212766,1.1284033665860158
15,"20MA, 50MA, RSI, Upper_BB, Lower_BB, CCI",32,0.8,0.001,32,60,30,150,tanh,0.10977046974353806,12.64398494214906,0.40258289418479354,20.0,0.8847232732310353
16,"20MA, 50MA, RSI, Upper_BB, Lower_BB, CCI",32,0.6000000000000001,0.0005,16,60,30,100,sigmoid,0.12173561299568009,15.500597259128657,0.26524609632792684,28.936170212765955,0.8111088302046475
17,"20MA, 50MA, RSI, Upper_BB, Lower_BB, CCI",32,0.4,0.0005,32,60,30,150,sigmoid,0.10871673303518285,13.213378239520424,0.41399759997826835,27.659574468085108,1.045647177615777
18,"20MA, 50MA, RSI, Upper_BB, Lower_BB, CCI",64,0.6000000000000001,0.001,16,60,30,100,tanh,0.10644192454995924,13.09030287010772,0.43826427497618725,26.382978723404253,0.9291435998170559
19,"20MA, 50MA, RSI, Upper_BB, Lower_BB, CCI",128,0.30000000000000004,0.0005,16,60,30,50,relu,0.1042221501321601,12.507198681448498,0.46144921251656035,27.659574468085108,0.9806920892376753
20,"20MA, 50MA, RSI, Upper_BB, Lower_BB, CCI",32,0.4,0.001,32,60,30,150,sigmoid,0.10426046101200477,13.065267061131367,0.4610532094290579,24.25531914893617,1.090409544159332
21,"20MA, 50MA, RSI, Upper_BB, Lower_BB, CCI",32,0.30000000000000004,0.001,32,60,30,100,sigmoid,0.1020866795818726,12.509744475176399,0.48329250043483374,28.936170212765955,0.9899831540915073
22,"20MA, 50MA, RSI, Upper_BB, Lower_BB, CCI",32,0.2,0.001,32,60,30,100,sigmoid,0.10260232706270885,11.62479024304913,0.47805946076566885,33.191489361702125,1.0940539073289373
23,"20MA, 50MA, RSI, Upper_BB, Lower_BB, CCI",32,0.30000000000000004,0.001,32,60,30,100,sigmoid,0.10587167745090968,13.239701489613994,0.4442669870323561,25.53191489361702,1.2092868358109128
24,"20MA, 50MA, RSI, Upper_BB, Lower_BB, CCI",32,0.2,0.001,32,60,30,100,sigmoid,0.10373890943685882,12.232794599612587,0.46643176784771123,28.085106382978726,1.122486410253901
0,"20MA, 50MA, RSI, Upper_BB, Lower_BB, ATR",128,0.6000000000000001,0.0001,32,60,1,100,relu,0.035030408462693,4.504536071130329,0.9449637915499164,63.4453781512605,0.9895839673137092
1,"20MA, 50MA, RSI, Upper_BB, Lower_BB, ATR",32,0.30000000000000004,0.0001,64,60,1,50,relu,0.0476051025739549,5.451831267410799,0.8983598927231976,52.10084033613446,0.968864520378069
2,"20MA, 50MA, RSI, Upper_BB, Lower_BB, ATR",32,0.7,0.001,32,60,1,50,relu,0.03381776204490166,4.068405543191781,0.9487082127608795,68.4873949579832,1.0294098465590265
3,"20MA, 50MA, RSI, Upper_BB, Lower_BB, ATR",128,0.2,0.001,16,60,1,150,tanh,0.03091246273684526,3.8608970368299125,0.9571426497877041,72.26890756302521,0.8884449438280421
4,"20MA, 50MA, RSI, Upper_BB, Lower_BB, ATR",64,0.2,0.0001,16,60,1,50,tanh,0.03352090888975759,4.113559243507485,0.9496047417024499,68.90756302521008,1.5585711522655519
5,"20MA, 50MA, RSI, Upper_BB, Lower_BB, ATR",64,0.8,0.001,16,60,1,100,relu,0.03504020321104962,4.32603725711011,0.9449330102259624,66.38655462184873,1.0779934400330615
6,"20MA, 50MA, RSI, Upper_BB, Lower_BB, ATR",32,0.5,0.001,32,60,1,50,tanh,0.030052091226953587,3.5680248111966946,0.9594951058776068,76.47058823529412,1.2799846981522196
7,"20MA, 50MA, RSI, Upper_BB, Lower_BB, ATR",64,0.2,0.0001,32,60,1,150,tanh,0.03137775098585578,3.815103323741098,0.955842779521433,75.21008403361344,1.143557704905649
8,"20MA, 50MA, RSI, Upper_BB, Lower_BB, ATR",64,0.4,0.0005,64,60,1,50,sigmoid,0.04628278108411289,5.356791514374155,0.9039279630235791,56.30252100840336,1.1523087457820014
9,"20MA, 50MA, RSI, Upper_BB, Lower_BB, ATR",32,0.7,0.0001,16,60,1,100,sigmoid,0.04666130013552206,5.625702496131107,0.9023501062231908,47.05882352941176,1.163189579527366
10,"20MA, 50MA, RSI, Upper_BB, Lower_BB, ATR",32,0.5,0.0005,32,60,1,50,tanh,0.03261502897122208,4.098978087438578,0.9522917329585444,68.0672268907563,1.5535601851427876
11,"20MA, 50MA, RSI, Upper_BB, Lower_BB, ATR",128,0.4,0.001,16,60,1,150,tanh,0.027121355826710145,2.87707735555105,0.9670101077224998,83.19327731092437,1.1367841663900646
12,"20MA, 50MA, RSI, Upper_BB, Lower_BB, ATR",128,0.4,0.001,16,60,1,150,tanh,0.04687303402434614,6.7466505163443085,0.9014618882901095,37.39495798319328,0.7543813857225676
13,"20MA, 50MA, RSI, Upper_BB, Lower_BB, ATR",128,0.5,0.001,32,60,1,150,tanh,0.02591442216760493,2.8243692207228457,0.9698809573646149,83.61344537815127,1.2653355779008975
14,"20MA, 50MA, RSI, Upper_BB, Lower_BB, ATR",128,0.4,0.001,64,60,1,150,tanh,0.03753720749029716,4.802528573253983,0.9368051006955656,60.08403361344538,0.9150559028853104
15,"20MA, 50MA, RSI, Upper_BB, Lower_BB, ATR",128,0.5,0.001,32,60,1,150,tanh,0.025725395094621375,2.847841273349984,0.9703187483457473,84.87394957983193,1.4871892662847395
16,"20MA, 50MA, RSI, Upper_BB, Lower_BB, ATR",128,0.6000000000000001,0.0005,32,60,1,150,sigmoid,0.05602525018597503,7.414751910814068,0.8592249424931939,33.61344537815126,0.9245676280400292
17,"20MA, 50MA, RSI, Upper_BB, Lower_BB, ATR",128,0.6000000000000001,0.001,32,60,1,150,tanh,0.03014369594849477,3.708740289044532,0.9592477956590865,74.78991596638656,0.7828296356348631
18,"20MA, 50MA, RSI, Upper_BB, Lower_BB, ATR",128,0.5,0.001,32,60,1,150,tanh,0.029794648081038905,3.533473501530508,0.9601861088751061,76.47058823529412,0.7711010182189253
19,"20MA, 50MA, RSI, Upper_BB, Lower_BB, ATR",128,0.30000000000000004,0.001,32,60,1,150,sigmoid,0.04055744239812463,5.271060513926474,0.9262266976663145,57.14285714285714,1.0300867805766645
20,"20MA, 50MA, RSI, Upper_BB, Lower_BB, ATR",128,0.7,0.0005,32,60,1,150,tanh,0.033276847369296994,4.296964463629234,0.9503359132640847,67.22689075630252,0.7862162405105769
21,"20MA, 50MA, RSI, Upper_BB, Lower_BB, ATR",128,0.5,0.001,16,60,1,150,tanh,0.02556644475340202,2.788047652773217,0.9706844002557771,84.45378151260505,1.1264083261452138
22,"20MA, 50MA, RSI, Upper_BB, Lower_BB, ATR",128,0.6000000000000001,0.001,16,60,1,150,tanh,0.025929416053030188,2.8972193425206476,0.9698460939886892,83.19327731092437,1.1867541133969222
23,"20MA, 50MA, RSI, Upper_BB, Lower_BB, ATR",128,0.5,0.001,64,60,1,150,tanh,0.0264468960252418,2.8316631099196736,0.9686305055357259,83.61344537815127,1.3236538472310326
24,"20MA, 50MA, RSI, Upper_BB, Lower_BB, ATR",128,0.30000000000000004,0.001,32,60,1,150,tanh,0.0262218473889983,2.935904802528393,0.9691621085646039,82.35294117647058,1.126924563226409
0,"20MA, 50MA, RSI, Upper_BB, Lower_BB, ATR",32,0.4,0.001,16,60,30,100,tanh,0.10542833178446362,12.720753729247763,0.44891158996393243,27.23404255319149,0.9970371274275898
1,"20MA, 50MA, RSI, Upper_BB, Lower_BB, ATR",32,0.5,0.0001,16,60,30,150,tanh,0.10417213080009913,11.934450554188286,0.4619660217835333,30.638297872340424,1.402648468427926
2,"20MA, 50MA, RSI, Upper_BB, Lower_BB, ATR",128,0.6000000000000001,0.0005,32,60,30,50,sigmoid,0.12156007456887728,16.63826366956367,0.26736354660642825,24.680851063829788,0.8948955426555664
3,"20MA, 50MA, RSI, Upper_BB, Lower_BB, ATR",32,0.30000000000000004,0.001,64,60,30,50,sigmoid,0.10985364074247916,12.737762543792764,0.4016772480427361,28.085106382978726,1.01613219062235
4,"20MA, 50MA, RSI, Upper_BB, Lower_BB, ATR",128,0.30000000000000004,0.0001,64,60,30,150,sigmoid,0.1263900446144435,13.230740682715938,0.20798694095226744,20.851063829787233,1.103303198498855
5,"20MA, 50MA, RSI, Upper_BB, Lower_BB, ATR",128,0.30000000000000004,0.0001,32,60,30,50,tanh,0.10810602921500362,12.252038571171992,0.4205627116494932,22.97872340425532,1.3118197261633717
6,"20MA, 50MA, RSI, Upper_BB, Lower_BB, ATR",32,0.8,0.001,16,60,30,50,tanh,0.10603088675749998,13.040833162621853,0.44259431316779874,30.21276595744681,0.9164925755481587
7,"20MA, 50MA, RSI, Upper_BB, Lower_BB, ATR",32,0.7,0.0001,16,60,30,150,tanh,0.105859540401382,12.110606094544256,0.4443943973586384,31.914893617021278,1.2258959464186068
8,"20MA, 50MA, RSI, Upper_BB, Lower_BB, ATR",64,0.4,0.001,16,60,30,50,tanh,0.10624661603217989,13.136142128950748,0.4403238228122198,27.23404255319149,1.0103978841063999
9,"20MA, 50MA, RSI, Upper_BB, Lower_BB, ATR",128,0.2,0.0001,64,60,30,50,tanh,0.10362174582386494,10.811367583258493,0.4676363203118118,31.06382978723404,1.2271300939915477
10,"20MA, 50MA, RSI, Upper_BB, Lower_BB, ATR",64,0.2,0.0005,64,60,30,100,relu,0.10412167211027627,11.771982049438055,0.46248711920847374,30.21276595744681,1.2923535479321537
11,"20MA, 50MA, RSI, Upper_BB, Lower_BB, ATR",64,0.2,0.0005,64,60,30,100,relu,0.10846109865225506,12.533055173967162,0.41675018896040694,25.106382978723403,1.3979306825235014
12,"20MA, 50MA, RSI, Upper_BB, Lower_BB, ATR",64,0.2,0.0005,64,60,30,100,relu,0.1053440524495235,11.907762386874658,0.4497923171785084,31.06382978723404,1.0878012066583642
13,"20MA, 50MA, RSI, Upper_BB, Lower_BB, ATR",64,0.2,0.0005,64,60,30,100,relu,0.10373053349063266,11.667970714197752,0.4665179256533828,29.78723404255319,1.3906883168538662
14,"20MA, 50MA, RSI, Upper_BB, Lower_BB, ATR",128,0.4,0.0001,64,60,30,100,relu,0.10594948308458935,11.40319620913126,0.443449864859344,29.78723404255319,1.4092361720960294
15,"20MA, 50MA, RSI, Upper_BB, Lower_BB, ATR",64,0.5,0.0005,64,60,30,50,relu,0.1046394016855433,11.778868986759193,0.45712842339542925,29.78723404255319,1.1722435787864474
16,"20MA, 50MA, RSI, Upper_BB, Lower_BB, ATR",128,0.2,0.0005,64,60,30,100,relu,0.10424995717032605,12.031004757412548,0.46116179760416964,23.829787234042556,1.456375460849491
17,"20MA, 50MA, RSI, Upper_BB, Lower_BB, ATR",64,0.30000000000000004,0.0001,32,60,30,100,tanh,0.1066635807542471,12.265128111867138,0.43592230582894853,26.382978723404253,1.436811800677794
18,"20MA, 50MA, RSI, Upper_BB, Lower_BB, ATR",128,0.6000000000000001,0.0001,64,60,30,50,relu,0.10413750524200541,11.488813191189976,0.46232363433264767,30.21276595744681,1.226453329610346
19,"20MA, 50MA, RSI, Upper_BB, Lower_BB, ATR",128,0.4,0.0005,64,60,30,150,sigmoid,0.11793054795695589,16.22474160124799,0.31046035471726074,22.97872340425532,0.9879430750615835
20,"20MA, 50MA, RSI, Upper_BB, Lower_BB, ATR",64,0.2,0.0005,32,60,30,50,relu,0.10773472554726073,13.668274343027937,0.424536175793807,22.97872340425532,1.2500956848271079
21,"20MA, 50MA, RSI, Upper_BB, Lower_BB, ATR",64,0.2,0.0005,64,60,30,100,relu,0.1051978192882068,11.993831372741939,0.4513187966091341,25.106382978723403,1.2905103141835306
22,"20MA, 50MA, RSI, Upper_BB, Lower_BB, ATR",64,0.30000000000000004,0.0005,64,60,30,100,relu,0.10902946453851174,12.470830536403582,0.41062139488626137,25.106382978723403,1.245031687311494
23,"20MA, 50MA, RSI, Upper_BB, Lower_BB, ATR",64,0.2,0.0005,64,60,30,100,relu,0.10369895010694592,11.708300887652651,0.4668427404094515,32.340425531914896,1.1405218591632473
24,"20MA, 50MA, RSI, Upper_BB, Lower_BB, ATR",64,0.30000000000000004,0.0005,64,60,30,100,relu,0.10493116521890833,11.807836836205412,0.45409685126299004,28.510638297872344,1.1460067539363425
0,"20MA, 50MA, RSI, Upper_BB, Lower_BB, Williams_%R",64,0.6000000000000001,0.001,32,60,1,50,tanh,0.028124752073914416,3.1463826009184968,0.9645239294658475,81.5126050420168,1.212680591884169
1,"20MA, 50MA, RSI, Upper_BB, Lower_BB, Williams_%R",128,0.4,0.0005,16,60,1,150,relu,0.0307225996939648,3.308299309318632,0.9576674891285233,81.09243697478992,0.8859128763508275
2,"20MA, 50MA, RSI, Upper_BB, Lower_BB, Williams_%R",64,0.30000000000000004,0.001,64,60,1,50,relu,0.03631052512236112,4.7549710528844695,0.9408679189264418,62.60504201680672,1.1826158686873132
3,"20MA, 50MA, RSI, Upper_BB, Lower_BB, Williams_%R",32,0.6000000000000001,0.0001,64,60,1,100,sigmoid,0.06658383300232767,6.606251550491877,0.8011636927095472,49.159663865546214,0.8923159147831917
4,"20MA, 50MA, RSI, Upper_BB, Lower_BB, Williams_%R",128,0.2,0.001,16,60,1,150,tanh,0.026851295153650333,2.907113280560132,0.9676638298716529,84.45378151260505,0.7335194553993678
5,"20MA, 50MA, RSI, Upper_BB, Lower_BB, Williams_%R",128,0.8,0.0001,64,60,1,50,sigmoid,0.04688323074166554,5.631323280899569,0.9014190118440218,52.94117647058824,0.9451311470422219
6,"20MA, 50MA, RSI, Upper_BB, Lower_BB, Williams_%R",128,0.6000000000000001,0.0005,16,60,1,150,relu,0.02910508706813701,3.1220766514774465,0.9620076716607039,80.67226890756302,1.1747692609977116
7,"20MA, 50MA, RSI, Upper_BB, Lower_BB, Williams_%R",32,0.6000000000000001,0.0005,64,60,1,100,tanh,0.03073455572187249,3.5990417998895645,0.9576345344196694,73.52941176470588,1.1045536243223204
8,"20MA, 50MA, RSI, Upper_BB, Lower_BB, Williams_%R",32,0.5,0.001,32,60,1,100,relu,0.02811627891620034,3.1840978551579324,0.9645453020318933,82.77310924369748,1.1355529087911473
9,"20MA, 50MA, RSI, Upper_BB, Lower_BB, Williams_%R",32,0.30000000000000004,0.0005,64,60,1,100,relu,0.042690564603712726,5.598509486208208,0.9182623962854467,54.621848739495796,1.4890423047630672
10,"20MA, 50MA, RSI, Upper_BB, Lower_BB, Williams_%R",128,0.2,0.001,16,60,1,150,tanh,0.027748443695798868,3.017751724959449,0.9654669160283587,82.35294117647058,0.855107266423527
11,"20MA, 50MA, RSI, Upper_BB, Lower_BB, Williams_%R",128,0.2,0.001,16,60,1,150,tanh,0.026726533884979645,2.8681793904599497,0.9679636239144274,85.71428571428571,0.8617589191522382
12,"20MA, 50MA, RSI, Upper_BB, Lower_BB, Williams_%R",128,0.2,0.001,16,60,1,150,tanh,0.027247748843275844,2.9417122865878667,0.9667019072043098,82.77310924369748,1.144367097480272
13,"20MA, 50MA, RSI, Upper_BB, Lower_BB, Williams_%R",128,0.30000000000000004,0.001,16,60,1,150,tanh,0.027403947109170206,3.0093610257572316,0.9663190490019896,83.61344537815127,0.7593614034678081
14,"20MA, 50MA, RSI, Upper_BB, Lower_BB, Williams_%R",128,0.2,0.001,16,60,1,150,tanh,0.027182651622422963,2.9264513283020985,0.9668608211759291,84.03361344537815,0.7334427349983725
15,"20MA, 50MA, RSI, Upper_BB, Lower_BB, Williams_%R",128,0.4,0.001,16,60,1,150,tanh,0.026475295808761578,2.8907926831762896,0.9685630976110419,84.45378151260505,0.6943910342335433
16,"20MA, 50MA, RSI, Upper_BB, Lower_BB, Williams_%R",64,0.4,0.0001,16,60,1,150,sigmoid,0.0456230652163816,4.88462696764535,0.90664726959873,58.82352941176471,1.086551080222071
17,"20MA, 50MA, RSI, Upper_BB, Lower_BB, Williams_%R",128,0.4,0.001,32,60,1,150,tanh,0.026452512565547554,2.8981830634812886,0.9686171802110125,84.03361344537815,0.8203931152093729
18,"20MA, 50MA, RSI, Upper_BB, Lower_BB, Williams_%R",128,0.4,0.001,32,60,1,150,tanh,0.026468077402495828,2.8715543242939177,0.9685802376195778,84.45378151260505,0.9000285321598455
19,"20MA, 50MA, RSI, Upper_BB, Lower_BB, Williams_%R",64,0.5,0.0001,32,60,1,50,tanh,0.03586165968795004,4.375663620635746,0.9423208470154832,64.70588235294117,1.043559453590004
20,"20MA, 50MA, RSI, Upper_BB, Lower_BB, Williams_%R",128,0.8,0.001,32,60,1,150,sigmoid,0.04054713671042522,5.396833469994766,0.9262641846465038,54.20168067226891,1.1104143646861715
21,"20MA, 50MA, RSI, Upper_BB, Lower_BB, Williams_%R",128,0.4,0.001,32,60,1,150,tanh,0.029439752507216484,3.205508737289621,0.9611289373387577,79.41176470588235,0.9418296679847259
22,"20MA, 50MA, RSI, Upper_BB, Lower_BB, Williams_%R",128,0.4,0.001,32,60,1,150,tanh,0.027367762829025345,3.1810476215185677,0.9664079352021865,79.41176470588235,1.38578559744164
23,"20MA, 50MA, RSI, Upper_BB, Lower_BB, Williams_%R",128,0.4,0.001,32,60,1,150,tanh,0.028300534370326234,3.2915772206410567,0.9640790862102625,80.25210084033614,0.982565676338893
24,"20MA, 50MA, RSI, Upper_BB, Lower_BB, Williams_%R",128,0.5,0.001,32,60,1,150,tanh,0.027049393003368973,3.0601982131535106,0.9671849438333194,83.61344537815127,1.0304765560068667
0,"20MA, 50MA, RSI, Upper_BB, Lower_BB, Williams_%R",32,0.30000000000000004,0.001,32,60,30,100,tanh,0.1051613132337959,11.665598713252603,0.45169954044078264,29.78723404255319,1.2647013785587509
1,"20MA, 50MA, RSI, Upper_BB, Lower_BB, Williams_%R",64,0.5,0.0005,64,60,30,50,tanh,0.10317360845944704,11.881079431958213,0.47223103492664753,28.085106382978726,0.92900748530684
2,"20MA, 50MA, RSI, Upper_BB, Lower_BB, Williams_%R",64,0.5,0.001,16,60,30,150,tanh,0.10376280167005437,11.78969892381484,0.46618596606095863,32.76595744680851,1.0112225707798155
3,"20MA, 50MA, RSI, Upper_BB, Lower_BB, Williams_%R",32,0.7,0.001,16,60,30,150,tanh,0.10414233840015766,11.726706067895217,0.4622737246443386,28.085106382978726,1.1169763495580745
4,"20MA, 50MA, RSI, Upper_BB, Lower_BB, Williams_%R",128,0.6000000000000001,0.0005,32,60,30,150,tanh,0.10531777648845951,12.093744158883602,0.45006675948979336,16.170212765957448,1.2002504191968009
5,"20MA, 50MA, RSI, Upper_BB, Lower_BB, Williams_%R",32,0.8,0.0001,16,60,30,50,relu,0.10265960984951046,12.416262933133904,0.4774765002118545,33.191489361702125,1.022456970401675
6,"20MA, 50MA, RSI, Upper_BB, Lower_BB, Williams_%R",128,0.8,0.0005,32,60,30,100,relu,0.10818289409205813,13.915072279560617,0.41973844292085705,23.829787234042556,1.075380179484463
7,"20MA, 50MA, RSI, Upper_BB, Lower_BB, Williams_%R",64,0.6000000000000001,0.001,32,60,30,100,tanh,0.10923089058614995,14.110731517594138,0.4084416930161213,22.97872340425532,1.0968039075134388
8,"20MA, 50MA, RSI, Upper_BB, Lower_BB, Williams_%R",128,0.2,0.0005,16,60,30,150,tanh,0.10469676547514992,12.262956181446857,0.45653305097802577,27.659574468085108,0.9688278870005919
9,"20MA, 50MA, RSI, Upper_BB, Lower_BB, Williams_%R",128,0.5,0.0005,16,60,30,150,sigmoid,0.14604890589163635,22.193227662678716,-0.057555635600214705,12.340425531914894,0.7899084717409997
10,"20MA, 50MA, RSI, Upper_BB, Lower_BB, Williams_%R",32,0.8,0.0001,64,60,30,50,relu,0.10484026437556902,11.914019694566852,0.45504226271465387,27.659574468085108,1.0463025169054272
11,"20MA, 50MA, RSI, Upper_BB, Lower_BB, Williams_%R",64,0.4,0.0001,64,60,30,50,relu,0.10288978267180802,11.545726046358197,0.4751307765499737,31.914893617021278,1.2007105938988667
12,"20MA, 50MA, RSI, Upper_BB, Lower_BB, Williams_%R",32,0.30000000000000004,0.0001,64,60,30,50,relu,0.10689005279009324,12.085201798503546,0.43352442189690954,26.382978723404253,1.0527442588041473
13,"20MA, 50MA, RSI, Upper_BB, Lower_BB, Williams_%R",64,0.4,0.0001,64,60,30,50,relu,0.10301159564633268,11.436810683346433,0.47388723754977957,29.361702127659573,1.0884254718008837
14,"20MA, 50MA, RSI, Upper_BB, Lower_BB, Williams_%R",32,0.4,0.0001,16,60,30,50,relu,0.10573261187181422,12.81108767085565,0.44572597168544825,26.382978723404253,1.034111613253545
15,"20MA, 50MA, RSI, Upper_BB, Lower_BB, Williams_%R",64,0.7,0.0001,64,60,30,50,relu,0.10314184092068342,11.646325893159776,0.472555988956301,30.638297872340424,1.205760366615864
16,"20MA, 50MA, RSI, Upper_BB, Lower_BB, Williams_%R",64,0.4,0.0001,16,60,30,50,sigmoid,0.12373491734077509,17.272513833322755,0.24091370015384816,10.212765957446807,0.890969566580519
17,"20MA, 50MA, RSI, Upper_BB, Lower_BB, Williams_%R",32,0.2,0.0001,64,60,30,50,relu,0.11113495489768824,12.26790967000923,0.3876383799266703,25.957446808510635,1.2629228242777906
18,"20MA, 50MA, RSI, Upper_BB, Lower_BB, Williams_%R",32,0.6000000000000001,0.0001,16,60,30,50,relu,0.10050804439110407,11.750138900965295,0.49914933587467536,34.46808510638298,1.1201084566302886
19,"20MA, 50MA, RSI, Upper_BB, Lower_BB, Williams_%R",32,0.7,0.0001,16,60,30,50,sigmoid,0.10592031116412673,12.202464342430492,0.4437563014866729,30.21276595744681,1.3395260025332312
20,"20MA, 50MA, RSI, Upper_BB, Lower_BB, Williams_%R",32,0.8,0.0001,16,60,30,100,relu,0.10246463827773247,12.019747107762486,0.47945937322996524,31.48936170212766,0.9976265108328156
21,"20MA, 50MA, RSI, Upper_BB, Lower_BB, Williams_%R",32,0.8,0.0001,16,60,30,100,relu,0.10264743839858685,11.973756729943892,0.4776003949378608,31.48936170212766,1.010197461597481
22,"20MA, 50MA, RSI, Upper_BB, Lower_BB, Williams_%R",32,0.7,0.0001,16,60,30,100,relu,0.10123182528626466,12.047999608976246,0.49190988776665623,30.21276595744681,1.0445719840678298
23,"20MA, 50MA, RSI, Upper_BB, Lower_BB, Williams_%R",32,0.6000000000000001,0.0001,16,60,30,100,relu,0.10244769525523612,12.084378713107501,0.4796315068073985,30.21276595744681,1.0218529175177864
24,"20MA, 50MA, RSI, Upper_BB, Lower_BB, Williams_%R",32,0.6000000000000001,0.0001,16,60,30,100,relu,0.10278682064656894,11.983129165728377,0.4761807264489446,30.21276595744681,1.0497268800217445
0,"20MA, 50MA, RSI, Upper_BB, Lower_BB, OBV",128,0.2,0.001,16,60,1,100,sigmoid,0.051573164950426305,7.101661443752208,0.8807095512316974,44.537815126050425,0.828369439894604
1,"20MA, 50MA, RSI, Upper_BB, Lower_BB, OBV",64,0.30000000000000004,0.0005,32,60,1,100,tanh,0.027600686980985542,3.027014912654473,0.9658337048866712,83.61344537815127,0.8708231839326891
2,"20MA, 50MA, RSI, Upper_BB, Lower_BB, OBV",32,0.5,0.0001,16,60,1,150,tanh,0.033075015801149125,4.10168234654246,0.9509365339991767,69.32773109243698,1.2289293900224714
3,"20MA, 50MA, RSI, Upper_BB, Lower_BB, OBV",128,0.6000000000000001,0.0001,16,60,1,150,sigmoid,0.038854512413898805,4.706133759508068,0.9322918370149718,57.56302521008403,0.997372046556953
4,"20MA, 50MA, RSI, Upper_BB, Lower_BB, OBV",32,0.2,0.001,16,60,1,100,sigmoid,0.03906617927919844,5.075823805834927,0.9315521231119019,57.14285714285714,0.9447011434199724
5,"20MA, 50MA, RSI, Upper_BB, Lower_BB, OBV",128,0.2,0.001,16,60,1,50,sigmoid,0.18826524130792413,28.35564582603497,-0.5896385814523777,18.067226890756302,0.8640905840359677
6,"20MA, 50MA, RSI, Upper_BB, Lower_BB, OBV",32,0.2,0.001,16,60,1,150,tanh,0.027717324652004792,3.029730594257787,0.965544328223289,84.87394957983193,1.2067627562085395
7,"20MA, 50MA, RSI, Upper_BB, Lower_BB, OBV",64,0.6000000000000001,0.0005,64,60,1,100,sigmoid,0.05309080919338031,5.884447723353968,0.8735855283760539,52.52100840336135,1.6728175636835965
8,"20MA, 50MA, RSI, Upper_BB, Lower_BB, OBV",64,0.7,0.0005,16,60,1,100,relu,0.028634842089980867,3.1635049999956943,0.9632254227234687,81.5126050420168,1.2346937821099666
9,"20MA, 50MA, RSI, Upper_BB, Lower_BB, OBV",128,0.30000000000000004,0.001,64,60,1,50,tanh,0.030982585524494566,3.6668768036394885,0.9569479913727268,74.36974789915966,1.0180091634049184
10,"20MA, 50MA, RSI, Upper_BB, Lower_BB, OBV",64,0.4,0.0005,32,60,1,100,relu,0.02993551219991012,3.467324786928847,0.9598087520864159,77.31092436974791,0.8388326541477863
11,"20MA, 50MA, RSI, Upper_BB, Lower_BB, OBV",32,0.4,0.0005,32,60,1,150,tanh,0.026049733119959725,2.887039787804899,0.9695656058458799,85.29411764705883,1.136105077398668
12,"20MA, 50MA, RSI, Upper_BB, Lower_BB, OBV",64,0.4,0.0005,32,60,1,150,tanh,0.03535145600021704,4.4615024216134005,0.9439503744809981,61.76470588235294,0.8021571623113831
13,"20MA, 50MA, RSI, Upper_BB, Lower_BB, OBV",32,0.4,0.0005,32,60,1,150,tanh,0.042584339109912675,5.558121599138481,0.918668660061296,50.84033613445378,1.0097639760432247
14,"20MA, 50MA, RSI, Upper_BB, Lower_BB, OBV",32,0.8,0.0005,32,60,1,50,tanh,0.04006128733575878,5.1720319669405095,0.9280206524067726,57.56302521008403,1.3978635714793226
15,"20MA, 50MA, RSI, Upper_BB, Lower_BB, OBV",64,0.30000000000000004,0.0005,32,60,1,100,tanh,0.026856218489617504,2.9245444607469295,0.967651970747257,83.61344537815127,1.3616620332024034
16,"20MA, 50MA, RSI, Upper_BB, Lower_BB, OBV",32,0.5,0.0005,32,60,1,150,tanh,0.026908450278048855,3.012084692046429,0.9675260231243312,84.03361344537815,0.8101589296579257
17,"20MA, 50MA, RSI, Upper_BB, Lower_BB, OBV",64,0.30000000000000004,0.0001,32,60,1,100,relu,0.038662509916579595,4.832338598615729,0.9329593536044332,60.08403361344538,1.3223082305954021
18,"20MA, 50MA, RSI, Upper_BB, Lower_BB, OBV",32,0.4,0.0005,32,60,1,150,tanh,0.03242795174503801,3.9718114140175524,0.9528374650105642,70.58823529411765,0.9976631752125078
19,"20MA, 50MA, RSI, Upper_BB, Lower_BB, OBV",64,0.5,0.0005,64,60,1,50,tanh,0.03523233285802295,4.327307495919147,0.9443274768076287,66.38655462184873,1.1816939894541065
20,"20MA, 50MA, RSI, Upper_BB, Lower_BB, OBV",64,0.30000000000000004,0.0001,32,60,1,150,relu,0.03408772949592244,4.2554485989569795,0.9478860185633392,65.54621848739495,1.0536547080708039
21,"20MA, 50MA, RSI, Upper_BB, Lower_BB, OBV",32,0.5,0.0005,32,60,1,150,tanh,0.02680023011382799,3.01780222801979,0.9677867049625921,84.03361344537815,0.8735361282043521
22,"20MA, 50MA, RSI, Upper_BB, Lower_BB, OBV",32,0.6000000000000001,0.0005,32,60,1,150,tanh,0.026694954298974855,2.9645722998580184,0.9680392863851194,83.19327731092437,1.3124105300159508
23,"20MA, 50MA, RSI, Upper_BB, Lower_BB, OBV",32,0.6000000000000001,0.0005,32,60,1,150,tanh,0.0358732789982714,4.740304910901849,0.9422834644427985,61.34453781512605,0.8532701247461649
24,"20MA, 50MA, RSI, Upper_BB, Lower_BB, OBV",32,0.7,0.0005,32,60,1,150,tanh,0.02719238818515568,3.0816625027733666,0.9668370766579062,84.45378151260505,0.9005864364104915
0,"20MA, 50MA, RSI, Upper_BB, Lower_BB, OBV",32,0.30000000000000004,0.0005,16,60,30,150,relu,0.10671756580697064,11.838126325022095,0.43535117423863967,28.085106382978726,0.9880354949328124
1,"20MA, 50MA, RSI, Upper_BB, Lower_BB, OBV",32,0.6000000000000001,0.001,64,60,30,50,relu,0.11033313128253593,12.645604397879307,0.3964427158367648,31.48936170212766,1.0977364509831211
2,"20MA, 50MA, RSI, Upper_BB, Lower_BB, OBV",64,0.8,0.0001,16,60,30,150,tanh,0.11021496356563219,12.769481969210512,0.39773485343445214,28.936170212765955,0.990945419374035
3,"20MA, 50MA, RSI, Upper_BB, Lower_BB, OBV",32,0.7,0.0005,16,60,30,100,relu,0.10162897784316849,10.836541281254085,0.4879153906534117,28.936170212765955,1.4032990116195092
4,"20MA, 50MA, RSI, Upper_BB, Lower_BB, OBV",32,0.6000000000000001,0.0005,16,60,30,100,sigmoid,0.1029311705481312,12.239244657342562,0.4747084296254571,28.085106382978726,0.9316401957753601
5,"20MA, 50MA, RSI, Upper_BB, Lower_BB, OBV",64,0.2,0.001,64,60,30,50,sigmoid,0.11035740272141059,11.6215528542235,0.39617714166427065,32.340425531914896,1.083748770315745
6,"20MA, 50MA, RSI, Upper_BB, Lower_BB, OBV",32,0.7,0.0005,32,60,30,100,tanh,0.10823723556720713,12.08044836245223,0.41915535279826477,33.61702127659574,0.9669535322703032
7,"20MA, 50MA, RSI, Upper_BB, Lower_BB, OBV",128,0.8,0.0005,16,60,30,100,tanh,0.1021025637827142,10.865390184988092,0.48313169347635665,28.085106382978726,1.372107908116682
8,"20MA, 50MA, RSI, Upper_BB, Lower_BB, OBV",128,0.2,0.0001,16,60,30,50,sigmoid,0.11188013836551193,13.767620443328937,0.37939881887845184,28.510638297872344,0.9528968696223554
9,"20MA, 50MA, RSI, Upper_BB, Lower_BB, OBV",128,0.30000000000000004,0.0001,32,60,30,150,tanh,0.11056019685932848,12.707050587846682,0.3939559178513393,29.361702127659573,1.0590065630950256
10,"20MA, 50MA, RSI, Upper_BB, Lower_BB, OBV",32,0.5,0.0005,32,60,30,100,relu,0.10655334990200031,11.580628011039522,0.43708758896274824,31.06382978723404,1.1555163448245385
11,"20MA, 50MA, RSI, Upper_BB, Lower_BB, OBV",128,0.8,0.0005,16,60,30,100,relu,0.10641608238581393,12.286666376223712,0.43853700030892817,27.23404255319149,1.1172797209627081
12,"20MA, 50MA, RSI, Upper_BB, Lower_BB, OBV",128,0.7,0.0005,16,60,30,100,tanh,0.1053480275087434,11.837089854488612,0.44975079325122735,31.914893617021278,1.010968202263201
13,"20MA, 50MA, RSI, Upper_BB, Lower_BB, OBV",128,0.8,0.0005,16,60,30,100,relu,0.1044037655368581,11.540706933997892,0.45957064180604157,31.06382978723404,1.056443403016419
14,"20MA, 50MA, RSI, Upper_BB, Lower_BB, OBV",64,0.7,0.0005,16,60,30,100,tanh,0.1047274906931823,11.819304373209812,0.4562140231529227,25.957446808510635,1.092767292862839
15,"20MA, 50MA, RSI, Upper_BB, Lower_BB, OBV",32,0.6000000000000001,0.001,64,60,30,100,tanh,0.1071377803508207,11.380807074625217,0.43089566037534044,32.76595744680851,1.074673934192727
16,"20MA, 50MA, RSI, Upper_BB, Lower_BB, OBV",128,0.5,0.0005,16,60,30,100,relu,0.10314386074267412,10.409569018686335,0.4725353309297593,34.04255319148936,1.469023432270707
17,"20MA, 50MA, RSI, Upper_BB, Lower_BB, OBV",128,0.7,0.0005,16,60,30,100,relu,0.10491312152416682,10.819686874758508,0.454284579338893,32.340425531914896,1.3999303449348177
18,"20MA, 50MA, RSI, Upper_BB, Lower_BB, OBV",32,0.4,0.0001,32,60,30,150,tanh,0.11093372774526698,13.358537963166345,0.38985392457220924,27.659574468085108,1.1022872484256279
19,"20MA, 50MA, RSI, Upper_BB, Lower_BB, OBV",64,0.8,0.001,64,60,30,50,sigmoid,0.10903177761665962,12.294943358871897,0.41059638709154866,28.936170212765955,1.252520557947347
20,"20MA, 50MA, RSI, Upper_BB, Lower_BB, OBV",128,0.5,0.0005,16,60,30,100,tanh,0.11007631249414009,13.396678778915245,0.39924920648575046,24.680851063829788,1.0243451527413119
21,"20MA, 50MA, RSI, Upper_BB, Lower_BB, OBV",32,0.6000000000000001,0.0005,16,60,30,100,sigmoid,0.10591754486005635,12.909143646112048,0.4437853557652509,31.06382978723404,1.0703663496142
22,"20MA, 50MA, RSI, Upper_BB, Lower_BB, OBV",32,0.6000000000000001,0.0005,16,60,30,100,sigmoid,0.10760787695546213,13.14676018420127,0.42589049867483586,26.382978723404253,1.225162411033788
23,"20MA, 50MA, RSI, Upper_BB, Lower_BB, OBV",32,0.7,0.0005,16,60,30,100,sigmoid,0.10814040763576767,13.330898142162159,0.4201941233955937,29.78723404255319,1.0895056871256095
24,"20MA, 50MA, RSI, Upper_BB, Lower_BB, OBV",32,0.6000000000000001,0.0005,16,60,30,100,sigmoid,0.10869094661622157,13.426026793549036,0.41427555371927993,25.957446808510635,1.234586365511072
0,"20MA, 50MA, RSI, Upper_BB, CCI, ATR",64,0.6000000000000001,0.0001,32,60,1,150,tanh,0.030005457342453985,3.770057943781958,0.9585820623286628,73.22175732217573,1.2945389914352132
1,"20MA, 50MA, RSI, Upper_BB, CCI, ATR",32,0.5,0.0005,16,60,1,100,tanh,0.03407408968852847,4.1812555648476915,0.9442621305899956,65.69037656903765,1.003993425707713
2,"20MA, 50MA, RSI, Upper_BB, CCI, ATR",128,0.5,0.0005,16,60,1,100,relu,0.027698896589466296,3.1912392691117426,0.9655901291947981,81.09243697478992,1.1877289657165782
3,"20MA, 50MA, RSI, Upper_BB, CCI, ATR",128,0.4,0.0001,64,60,1,100,tanh,0.036130636997518686,4.37195780201683,0.9414523671026211,61.34453781512605,1.8874211708018338
4,"20MA, 50MA, RSI, Upper_BB, CCI, ATR",64,0.8,0.001,16,60,1,50,sigmoid,0.03517033523831707,4.385555240339362,0.9445232360331912,64.70588235294117,1.3275448397002114
5,"20MA, 50MA, RSI, Upper_BB, CCI, ATR",32,0.4,0.0005,32,60,1,150,sigmoid,0.04606179546423701,4.752184569428077,0.9048431999043013,64.28571428571429,1.3614090812158555
6,"20MA, 50MA, RSI, Upper_BB, CCI, ATR",32,0.4,0.0001,16,60,1,150,sigmoid,0.04946285309425123,5.356905058615033,0.8902722607788183,57.98319327731093,1.2885089726541235
7,"20MA, 50MA, RSI, Upper_BB, CCI, ATR",32,0.8,0.0005,64,60,1,150,sigmoid,0.03925654133696862,4.742708670906557,0.9308834309083063,60.08403361344538,1.5598092330298674
8,"20MA, 50MA, RSI, Upper_BB, CCI, ATR",128,0.8,0.001,32,60,1,150,sigmoid,0.03357829741684599,4.156716193708916,0.9481313061333375,66.52719665271967,0.8985075057435077
9,"20MA, 50MA, RSI, Upper_BB, CCI, ATR",128,0.5,0.0001,32,60,1,50,sigmoid,0.04837943738385097,6.141245937348285,0.8950264870119791,51.26050420168067,1.3565446737992817
10,"20MA, 50MA, RSI, Upper_BB, CCI, ATR",128,0.2,0.0005,16,60,1,100,relu,0.03462097013738494,4.143045494738442,0.9448600414080683,65.69037656903765,0.7762224477298411
11,"20MA, 50MA, RSI, Upper_BB, CCI, ATR",64,0.6000000000000001,0.0001,32,60,1,100,relu,0.04024479690867868,4.748328178885133,0.9273597074718274,60.924369747899156,1.7737781440305413
12,"20MA, 50MA, RSI, Upper_BB, CCI, ATR",64,0.6000000000000001,0.0005,16,60,1,150,relu,0.02906028451381371,3.0770104585259572,0.9621245476732027,82.35294117647058,1.4964376896406844
13,"20MA, 50MA, RSI, Upper_BB, CCI, ATR",64,0.6000000000000001,0.0005,16,60,1,100,relu,0.02736704688381463,3.1601818138952473,0.9664096927271609,79.83193277310924,1.2055207463611979
14,"20MA, 50MA, RSI, Upper_BB, CCI, ATR",128,0.7,0.0005,16,60,1,100,relu,0.043269764906375734,5.964509050946763,0.9160294156546076,50.0,0.7307756199335301
15,"20MA, 50MA, RSI, Upper_BB, CCI, ATR",64,0.2,0.0005,16,60,1,100,relu,0.028775521278474686,3.1199730764700213,0.9628631978625604,84.45378151260505,1.586363683846697
16,"20MA, 50MA, RSI, Upper_BB, CCI, ATR",64,0.30000000000000004,0.0005,16,60,1,100,relu,0.0272522368277657,2.9993336315702233,0.9666909372242113,79.41176470588235,1.7830373134664794
17,"20MA, 50MA, RSI, Upper_BB, CCI, ATR",64,0.30000000000000004,0.001,64,60,1,50,relu,0.03034349774416068,3.6606396690258407,0.9587057686509644,71.84873949579831,1.4221547275332738
18,"20MA, 50MA, RSI, Upper_BB, CCI, ATR",64,0.30000000000000004,0.0005,16,60,1,100,relu,0.029007901513453088,3.53167341190318,0.9612902297766942,77.40585774058577,1.080116474724445
19,"20MA, 50MA, RSI, Upper_BB, CCI, ATR",64,0.7,0.0005,16,60,1,100,relu,0.030357523985213356,3.514472447930095,0.9576044120480195,73.22175732217573,0.8191657880522211
20,"20MA, 50MA, RSI, Upper_BB, CCI, ATR",64,0.30000000000000004,0.001,64,60,1,100,relu,0.03128609650938638,3.865908811280404,0.9561003694281901,70.58823529411765,1.3229337352381796
21,"20MA, 50MA, RSI, Upper_BB, CCI, ATR",128,0.5,0.0005,16,60,1,100,relu,0.03363229208321695,4.350396359110942,0.949269278809054,64.70588235294117,1.0645512387847977
22,"20MA, 50MA, RSI, Upper_BB, CCI, ATR",64,0.7,0.0005,16,60,1,100,relu,0.02915564740290526,3.415947630343774,0.9618755591334909,77.73109243697479,1.4060226837647796
23,"20MA, 50MA, RSI, Upper_BB, CCI, ATR",128,0.5,0.0005,16,60,1,100,relu,0.025958349992936298,2.830419312081048,0.9697787605719748,84.45378151260505,1.176946969827128
24,"20MA, 50MA, RSI, Upper_BB, CCI, ATR",64,0.6000000000000001,0.0005,16,60,1,100,relu,0.027266415163164352,2.899370146157541,0.9666562692504652,82.77310924369748,1.4283925212873594
0,"20MA, 50MA, RSI, Upper_BB, CCI, ATR",64,0.5,0.0005,32,60,30,100,sigmoid,0.10694034513532666,13.476345187820835,0.4329912368754594,27.659574468085108,1.1348188223891134
1,"20MA, 50MA, RSI, Upper_BB, CCI, ATR",64,0.6000000000000001,0.001,64,60,30,50,tanh,0.1041439141257059,12.44803131266206,0.4622574523874803,21.70212765957447,1.6597638384045266
2,"20MA, 50MA, RSI, Upper_BB, CCI, ATR",32,0.7,0.0001,16,60,30,150,tanh,0.10450268171846036,12.459374833727797,0.4585461091758075,26.80851063829787,1.211650814026088
3,"20MA, 50MA, RSI, Upper_BB, CCI, ATR",32,0.8,0.0001,32,60,30,50,relu,0.1024112104269577,11.801606044350306,0.4800020797986868,28.085106382978726,1.2288318475271618
4,"20MA, 50MA, RSI, Upper_BB, CCI, ATR",32,0.30000000000000004,0.001,32,60,30,50,tanh,0.10648825368960688,13.563623024103308,0.4377751745276951,24.25531914893617,1.0879843400218576
5,"20MA, 50MA, RSI, Upper_BB, CCI, ATR",128,0.7,0.0001,32,60,30,150,relu,0.10315533859315104,11.8489294840641,0.4724179318443772,25.53191489361702,1.3386417605017547
6,"20MA, 50MA, RSI, Upper_BB, CCI, ATR",64,0.4,0.0005,16,60,30,50,relu,0.10574125621479236,13.139358813948526,0.43984391463006167,27.54237288135593,0.9848949784329408
7,"20MA, 50MA, RSI, Upper_BB, CCI, ATR",64,0.6000000000000001,0.0001,32,60,30,100,sigmoid,0.10908098126146576,11.44024970155653,0.41006429726665083,33.61702127659574,1.230955961390237
8,"20MA, 50MA, RSI, Upper_BB, CCI, ATR",32,0.2,0.0005,16,60,30,50,tanh,0.10481851811735549,12.56667898080204,0.4552683125568405,27.659574468085108,1.022456970401675
9,"20MA, 50MA, RSI, Upper_BB, CCI, ATR",32,0.2,0.0005,64,60,30,100,tanh,0.10214896986501278,11.573260232967405,0.4826617486852236,30.21276595744681,1.4117934026037964
10,"20MA, 50MA, RSI, Upper_BB, CCI, ATR",128,0.2,0.0005,64,60,30,100,tanh,0.10545193832225006,12.268655086614402,0.44866477308625063,22.5531914893617,1.5651167678564717
11,"20MA, 50MA, RSI, Upper_BB, CCI, ATR",32,0.8,0.0001,64,60,30,100,relu,0.10484104282539365,11.90133028786904,0.4493409369402849,30.08474576271186,1.232845342260523
12,"20MA, 50MA, RSI, Upper_BB, CCI, ATR",32,0.4,0.0005,64,60,30,50,relu,0.10346409340923247,11.827140682985675,0.4692549877762965,28.936170212765955,1.2741988808571236
13,"20MA, 50MA, RSI, Upper_BB, CCI, ATR",32,0.8,0.0001,32,60,30,100,relu,0.10231153560353903,11.626730500344005,0.48101379478097483,28.936170212765955,1.2773983276769123
14,"20MA, 50MA, RSI, Upper_BB, CCI, ATR",32,0.4,0.001,64,60,30,100,sigmoid,0.1086054555289592,11.45630007450265,0.4151965968846365,33.191489361702125,1.1763808361139216
15,"20MA, 50MA, RSI, Upper_BB, CCI, ATR",32,0.30000000000000004,0.0001,32,60,30,100,tanh,0.1010453763247191,11.484887221243063,0.4937797668079448,26.80851063829787,1.6027255864301524
16,"20MA, 50MA, RSI, Upper_BB, CCI, ATR",128,0.30000000000000004,0.0005,64,60,30,100,tanh,0.10595795908176872,12.28133473419607,0.44336081287094653,23.404255319148938,1.5136227626209624
17,"20MA, 50MA, RSI, Upper_BB, CCI, ATR",32,0.30000000000000004,0.0001,64,60,30,100,tanh,0.10545963554481871,11.889365460029117,0.44858428324603683,29.78723404255319,1.2809700402574653
18,"20MA, 50MA, RSI, Upper_BB, CCI, ATR",32,0.2,0.0005,32,60,30,150,tanh,0.10333472826482452,12.079203301903448,0.4705813799346974,24.680851063829788,1.3210615809300519
19,"20MA, 50MA, RSI, Upper_BB, CCI, ATR",128,0.30000000000000004,0.001,16,60,30,100,tanh,0.10640690032717813,13.118451710218574,0.4386338872390698,28.085106382978726,0.9323184110305403
20,"20MA, 50MA, RSI, Upper_BB, CCI, ATR",32,0.2,0.0001,64,60,30,100,tanh,0.10273385781935938,11.161565880367197,0.47672040268298743,35.74468085106383,1.082373784265417
21,"20MA, 50MA, RSI, Upper_BB, CCI, ATR",32,0.6000000000000001,0.0001,32,60,30,100,relu,0.10069276873602566,11.460759073021439,0.49730661109982544,27.659574468085108,1.190454632584418
22,"20MA, 50MA, RSI, Upper_BB, CCI, ATR",32,0.6000000000000001,0.0001,32,60,30,100,relu,0.10331832757183765,12.070031499106513,0.47074941914766,29.361702127659573,1.0884566733655006
23,"20MA, 50MA, RSI, Upper_BB, CCI, ATR",32,0.5,0.0001,32,60,30,100,sigmoid,0.1130274297397193,13.060958628968683,0.3666054652037387,16.170212765957448,1.203372044572748
24,"20MA, 50MA, RSI, Upper_BB, CCI, ATR",32,0.4,0.0001,32,60,30,100,tanh,0.10409592342512425,12.136222789572166,0.4627529339681765,24.25531914893617,1.693102997661299
0,"20MA, 50MA, RSI, Upper_BB, CCI, Williams_%R",64,0.5,0.0005,64,60,1,150,tanh,0.028191728592374142,3.2717493912599505,0.9643547622585651,78.57142857142857,1.4690483464211168
1,"20MA, 50MA, RSI, Upper_BB, CCI, Williams_%R",64,0.4,0.001,32,60,1,100,relu,0.030307021460194268,3.6010032163187398,0.9588049895631247,74.36974789915966,1.126527530382861
2,"20MA, 50MA, RSI, Upper_BB, CCI, Williams_%R",128,0.6000000000000001,0.0005,64,60,1,50,relu,0.036239516425114665,4.737735755845715,0.9410989696403222,61.76470588235294,1.3489062622921533
3,"20MA, 50MA, RSI, Upper_BB, CCI, Williams_%R",64,0.5,0.001,32,60,1,100,tanh,0.027586199429922423,3.1743262347471455,0.9658695631272154,81.9327731092437,0.9592656051160682
4,"20MA, 50MA, RSI, Upper_BB, CCI, Williams_%R",32,0.8,0.0005,64,60,1,150,tanh,0.02766421683667651,3.1343171368948686,0.9656762393957171,82.77310924369748,1.2386816700463703
5,"20MA, 50MA, RSI, Upper_BB, CCI, Williams_%R",64,0.2,0.001,32,60,1,50,tanh,0.030202949798211007,3.529662407161344,0.9590874239300394,76.05042016806722,1.0638575063777636
6,"20MA, 50MA, RSI, Upper_BB, CCI, Williams_%R",64,0.7,0.0005,32,60,1,50,tanh,0.029315776893214275,3.488008662718683,0.961455632811216,75.63025210084034,1.2487578028745836
7,"20MA, 50MA, RSI, Upper_BB, CCI, Williams_%R",64,0.30000000000000004,0.0001,64,60,1,150,tanh,0.03444729512963345,4.10303775252595,0.946780798261801,69.74789915966386,1.1325259147388929
8,"20MA, 50MA, RSI, Upper_BB, CCI, Williams_%R",64,0.7,0.0005,16,60,1,150,relu,0.03394953445465146,3.674839562623945,0.9483077125467916,73.94957983193278,1.8826524665928468
9,"20MA, 50MA, RSI, Upper_BB, CCI, Williams_%R",32,0.5,0.001,32,60,1,50,sigmoid,0.04109779893695026,5.347984801896626,0.9242478034364897,52.94117647058824,1.4081862279198019
10,"20MA, 50MA, RSI, Upper_BB, CCI, Williams_%R",128,0.4,0.0001,16,60,1,100,sigmoid,0.038367233146102096,4.770552543715848,0.9339794608580769,60.924369747899156,1.0484035268598135
11,"20MA, 50MA, RSI, Upper_BB, CCI, Williams_%R",32,0.8,0.001,64,60,1,100,tanh,0.03029930694515931,3.8230609394392343,0.9588259589005822,72.26890756302521,1.4055392398347095
12,"20MA, 50MA, RSI, Upper_BB, CCI, Williams_%R",32,0.8,0.001,32,60,1,150,tanh,0.02614131226058048,2.846677688787797,0.9693512424325039,84.45378151260505,0.9246523157951227
13,"20MA, 50MA, RSI, Upper_BB, CCI, Williams_%R",32,0.6000000000000001,0.001,32,60,1,100,tanh,0.029653495252408506,3.488688555755252,0.9605624537319025,77.73109243697479,0.9626291601004842
14,"20MA, 50MA, RSI, Upper_BB, CCI, Williams_%R",32,0.6000000000000001,0.001,32,60,1,150,tanh,0.026756305452043345,2.958191713407249,0.967892211411566,85.71428571428571,1.1435956037683388
15,"20MA, 50MA, RSI, Upper_BB, CCI, Williams_%R",32,0.7,0.001,32,60,1,150,sigmoid,0.046963759014200766,6.485966883373412,0.9010800687154763,39.91596638655462,1.0685881802244255
16,"20MA, 50MA, RSI, Upper_BB, CCI, Williams_%R",32,0.8,0.0001,16,60,1,150,tanh,0.028934141100034342,3.376766545887562,0.9624526497170102,76.89075630252101,1.3307259440485322
17,"20MA, 50MA, RSI, Upper_BB, CCI, Williams_%R",32,0.6000000000000001,0.001,32,60,1,150,tanh,0.026277139421412226,2.877585381084601,0.9690319203772855,84.03361344537815,0.9010230589901952
18,"20MA, 50MA, RSI, Upper_BB, CCI, Williams_%R",32,0.7,0.001,32,60,1,150,sigmoid,0.03167065016979963,3.3299973417348987,0.9550145506917961,77.31092436974791,1.730002110793821
19,"20MA, 50MA, RSI, Upper_BB, CCI, Williams_%R",128,0.6000000000000001,0.001,32,60,1,150,relu,0.027499531280825443,3.081287691406113,0.9660836828836661,81.9327731092437,0.7442170368062492
20,"20MA, 50MA, RSI, Upper_BB, CCI, Williams_%R",32,0.4,0.0001,16,60,1,150,tanh,0.030646657262573086,3.576677829743173,0.9578765118349708,77.73109243697479,1.1894938096277428
21,"20MA, 50MA, RSI, Upper_BB, CCI, Williams_%R",32,0.6000000000000001,0.001,32,60,1,150,tanh,0.028143662853811452,3.156079746251228,0.9644762059726049,81.09243697478992,1.0152138344596684
22,"20MA, 50MA, RSI, Upper_BB, CCI, Williams_%R",32,0.6000000000000001,0.001,32,60,1,150,tanh,0.0289726573731021,3.343733579318354,0.9623526193376633,79.41176470588235,1.100059289518974
23,"20MA, 50MA, RSI, Upper_BB, CCI, Williams_%R",32,0.7,0.001,32,60,1,150,tanh,0.027387156603810626,3.058469192150196,0.9663603092582427,84.87394957983193,1.0733779976684583
24,"20MA, 50MA, RSI, Upper_BB, CCI, Williams_%R",32,0.8,0.001,32,60,1,150,tanh,0.026991803563972842,2.9294787521286167,0.9673245247067647,83.19327731092437,1.5412615827114886
0,"20MA, 50MA, RSI, Upper_BB, CCI, Williams_%R",64,0.8,0.0005,16,60,30,100,relu,0.10374032199536443,12.370966293063002,0.46641723710933947,27.659574468085108,0.9561795962140627
1,"20MA, 50MA, RSI, Upper_BB, CCI, Williams_%R",128,0.7,0.0005,64,60,30,150,tanh,0.10371003704627205,11.882702181461633,0.46672872964708656,24.680851063829788,1.1499334307500675
2,"20MA, 50MA, RSI, Upper_BB, CCI, Williams_%R",64,0.7,0.0001,64,60,30,150,relu,0.10057144671532772,11.329387574933254,0.49851724493635285,30.21276595744681,1.1506090484613234
3,"20MA, 50MA, RSI, Upper_BB, CCI, Williams_%R",32,0.30000000000000004,0.0001,32,60,30,50,relu,0.10491225335451697,12.502559210223705,0.4542936110328989,23.829787234042556,1.1706071661838306
4,"20MA, 50MA, RSI, Upper_BB, CCI, Williams_%R",32,0.7,0.001,16,60,30,50,sigmoid,0.11158804018756269,15.083231677154332,0.382635136554648,25.957446808510635,0.946930356125625
5,"20MA, 50MA, RSI, Upper_BB, CCI, Williams_%R",64,0.4,0.001,16,60,30,150,relu,0.10242639896106777,11.995367141263019,0.4798478273142358,22.5531914893617,1.2451650449956781
6,"20MA, 50MA, RSI, Upper_BB, CCI, Williams_%R",128,0.6000000000000001,0.0005,32,60,30,50,tanh,0.10681923457174944,13.458907594116356,0.4342747910991863,19.574468085106382,1.0552185192471297
7,"20MA, 50MA, RSI, Upper_BB, CCI, Williams_%R",32,0.7,0.001,32,60,30,100,sigmoid,0.102501931367001,11.992254946945433,0.47908039173755657,29.361702127659573,1.2736714972929053
8,"20MA, 50MA, RSI, Upper_BB, CCI, Williams_%R",128,0.7,0.0001,64,60,30,150,sigmoid,0.1076710269999193,11.062095910110513,0.42521646477036235,34.46808510638298,0.9470579846370065
9,"20MA, 50MA, RSI, Upper_BB, CCI, Williams_%R",64,0.2,0.0001,16,60,30,50,sigmoid,0.12164616107564606,16.726990136453686,0.2663255010845189,6.808510638297872,0.890969566580519
10,"20MA, 50MA, RSI, Upper_BB, CCI, Williams_%R",64,0.5,0.0001,64,60,30,150,relu,0.1021123791379579,11.446876727552063,0.48303231321192064,29.78723404255319,1.1650442975994264
11,"20MA, 50MA, RSI, Upper_BB, CCI, Williams_%R",64,0.5,0.0001,64,60,30,150,relu,0.10308546496607221,11.557733005863502,0.47313241910221204,30.21276595744681,1.2063975790096206
12,"20MA, 50MA, RSI, Upper_BB, CCI, Williams_%R",64,0.5,0.0001,64,60,30,150,relu,0.10114843417244268,11.301796575057507,0.49274663547405984,32.340425531914896,1.245605222255862
13,"20MA, 50MA, RSI, Upper_BB, CCI, Williams_%R",64,0.5,0.0001,64,60,30,150,relu,0.10080570614714777,11.16872302853176,0.49617833289288826,31.06382978723404,1.1453319269397555
14,"20MA, 50MA, RSI, Upper_BB, CCI, Williams_%R",64,0.4,0.0001,64,60,30,150,relu,0.1012989112588396,11.31680194600634,0.49123624558977586,29.361702127659573,1.2716907348022688
15,"20MA, 50MA, RSI, Upper_BB, CCI, Williams_%R",64,0.8,0.0001,64,60,30,150,relu,0.10236087830847117,11.516573259570098,0.4805130817737593,31.06382978723404,1.0987985203023933
16,"20MA, 50MA, RSI, Upper_BB, CCI, Williams_%R",64,0.6000000000000001,0.0001,64,60,30,100,tanh,0.10249731509294001,11.26161625772885,0.479127310922283,30.638297872340424,0.9927577536929751
17,"20MA, 50MA, RSI, Upper_BB, CCI, Williams_%R",64,0.6000000000000001,0.0001,64,60,30,150,relu,0.10236676046761944,11.373818529252167,0.48045337551533607,31.914893617021278,1.239680112185507
18,"20MA, 50MA, RSI, Upper_BB, CCI, Williams_%R",32,0.4,0.001,64,60,30,150,relu,0.10304869941634626,11.556666762844069,0.47350816794287953,31.06382978723404,0.9796989833006879
19,"20MA, 50MA, RSI, Upper_BB, CCI, Williams_%R",128,0.30000000000000004,0.0005,32,60,30,100,tanh,0.10646575936638529,13.422700690100536,0.43801267548695244,20.0,1.0944630490349603
20,"20MA, 50MA, RSI, Upper_BB, CCI, Williams_%R",64,0.6000000000000001,0.0001,64,60,30,150,relu,0.10226535333568652,11.527252888593338,0.48148221802117086,29.78723404255319,1.2771248789806482
21,"20MA, 50MA, RSI, Upper_BB, CCI, Williams_%R",64,0.5,0.0001,64,60,30,150,relu,0.10190563271716961,11.390859366717503,0.48512359771385216,32.340425531914896,1.1521505583094118
22,"20MA, 50MA, RSI, Upper_BB, CCI, Williams_%R",64,0.5,0.0001,64,60,30,150,relu,0.10062611588129551,11.318537282979863,0.4979718993888136,31.48936170212766,1.202256740306949
23,"20MA, 50MA, RSI, Upper_BB, CCI, Williams_%R",64,0.4,0.0001,64,60,30,150,relu,0.10227782081787481,11.383740103959955,0.48135578213530095,29.361702127659573,1.1324850098185495
24,"20MA, 50MA, RSI, Upper_BB, CCI, Williams_%R",64,0.6000000000000001,0.0001,64,60,30,150,relu,0.10291936995844413,11.541054597579821,0.4748288672912453,29.361702127659573,1.189734379362388
0,"20MA, 50MA, RSI, Upper_BB, CCI, OBV",64,0.5,0.0001,32,60,1,100,sigmoid,0.046239787554280314,5.639751872316933,0.9041063687903305,46.21848739495798,1.240554348609266
1,"20MA, 50MA, RSI, Upper_BB, CCI, OBV",32,0.2,0.0005,16,60,1,100,sigmoid,0.03691750052322657,4.5479549585359065,0.9388744635436104,61.34453781512605,1.2316503256177775
2,"20MA, 50MA, RSI, Upper_BB, CCI, OBV",128,0.7,0.0001,64,60,1,100,sigmoid,0.046592545495266445,5.214926291078614,0.9026376651596592,56.30252100840336,1.9741174113249635
3,"20MA, 50MA, RSI, Upper_BB, CCI, OBV",128,0.30000000000000004,0.0001,64,60,1,150,tanh,0.03138059615590332,3.733791504884755,0.9558347712676167,73.52941176470588,1.1723039177828385
4,"20MA, 50MA, RSI, Upper_BB, CCI, OBV",64,0.7,0.0005,64,60,1,100,tanh,0.03396881175411111,4.054059401288308,0.9482489918229335,70.16806722689076,1.2070614940238706
5,"20MA, 50MA, RSI, Upper_BB, CCI, OBV",32,0.5,0.0001,16,60,1,150,relu,0.031999456818250345,3.9995430864377166,0.9540756184029355,69.74789915966386,1.3050965925127551
6,"20MA, 50MA, RSI, Upper_BB, CCI, OBV",32,0.5,0.0001,32,60,1,100,sigmoid,0.05507588657486407,5.9150629664943,0.8639554658168065,50.0,1.1886230027968347
7,"20MA, 50MA, RSI, Upper_BB, CCI, OBV",128,0.4,0.0005,16,60,1,100,sigmoid,0.05474348166767396,7.441819332183597,0.865592676130206,41.596638655462186,1.1084097985525025
8,"20MA, 50MA, RSI, Upper_BB, CCI, OBV",128,0.30000000000000004,0.0001,32,60,1,100,tanh,0.0373037793847943,4.704711615676756,0.937588621901596,60.50420168067227,0.884129039297071
9,"20MA, 50MA, RSI, Upper_BB, CCI, OBV",32,0.2,0.001,64,60,1,50,relu,0.03488726511771185,4.269144510136493,0.9454126570587136,68.90756302521008,1.1186121554329784
10,"20MA, 50MA, RSI, Upper_BB, CCI, OBV",128,0.8,0.001,64,60,1,150,tanh,0.02961796452282809,3.373382893737021,0.96065690501302,78.15126050420169,1.4701374478834768
11,"20MA, 50MA, RSI, Upper_BB, CCI, OBV",128,0.8,0.001,64,60,1,150,tanh,0.03139901100744226,3.8116559364634885,0.9557829217261591,75.21008403361344,1.1028526639975147
12,"20MA, 50MA, RSI, Upper_BB, CCI, OBV",128,0.8,0.001,64,60,1,150,tanh,0.02940757160884271,3.280157217317562,0.9612138716144707,78.99159663865547,1.1246312767404434
13,"20MA, 50MA, RSI, Upper_BB, CCI, OBV",128,0.8,0.001,64,60,1,150,tanh,0.02919751950625036,3.266510886233249,0.9617659750922726,79.83193277310924,0.8091288581836122
14,"20MA, 50MA, RSI, Upper_BB, CCI, OBV",128,0.7,0.001,64,60,1,150,tanh,0.02975540280928236,3.325207775119742,0.9602909248750668,80.67226890756302,1.3409441811757459
15,"20MA, 50MA, RSI, Upper_BB, CCI, OBV",128,0.6000000000000001,0.001,64,60,1,50,tanh,0.030203778610002344,3.6067975300042563,0.9590851785009711,76.05042016806722,1.0692335940157285
16,"20MA, 50MA, RSI, Upper_BB, CCI, OBV",64,0.8,0.001,64,60,1,150,relu,0.03410173214156706,4.195599099156854,0.9478431947374691,68.90756302521008,1.1431043075840437
17,"20MA, 50MA, RSI, Upper_BB, CCI, OBV",128,0.6000000000000001,0.001,64,60,1,150,tanh,0.028094536803048534,3.1294451624257404,0.9646001145486602,80.67226890756302,1.1519136729581612
18,"20MA, 50MA, RSI, Upper_BB, CCI, OBV",128,0.6000000000000001,0.001,32,60,1,150,tanh,0.026033608241759716,2.833447901197512,0.9696032721826738,82.77310924369748,1.088991902635625
19,"20MA, 50MA, RSI, Upper_BB, CCI, OBV",64,0.6000000000000001,0.001,32,60,1,50,tanh,0.03668875685682952,4.399118436239103,0.9396295938803734,62.18487394957983,1.2546767715280824
20,"20MA, 50MA, RSI, Upper_BB, CCI, OBV",128,0.6000000000000001,0.001,32,60,1,150,relu,0.028139957513561065,3.2925296209509987,0.9644855593449512,78.57142857142857,1.319058711815761
21,"20MA, 50MA, RSI, Upper_BB, CCI, OBV",128,0.6000000000000001,0.001,32,60,1,150,relu,0.027339503202173925,3.183242219190589,0.96647727291932,82.35294117647058,1.4366768408686847
22,"20MA, 50MA, RSI, Upper_BB, CCI, OBV",128,0.6000000000000001,0.001,32,60,1,150,relu,0.027487782654457706,3.1512456467435292,0.9661126568333884,81.9327731092437,1.3142686919333038
23,"20MA, 50MA, RSI, Upper_BB, CCI, OBV",128,0.6000000000000001,0.001,32,60,1,150,relu,0.026492150485963952,2.9183698669218985,0.9685230582094088,84.45378151260505,1.165038069332464
24,"20MA, 50MA, RSI, Upper_BB, CCI, OBV",128,0.4,0.001,32,60,1,150,relu,0.03684024865273578,4.696389089391902,0.9391300128832899,60.08403361344538,1.0
0,"20MA, 50MA, RSI, Upper_BB, CCI, OBV",64,0.8,0.001,64,60,30,150,tanh,0.10844780036220132,11.754560852999333,0.41689320336403124,29.78723404255319,1.033694612647117
1,"20MA, 50MA, RSI, Upper_BB, CCI, OBV",128,0.7,0.001,32,60,30,100,tanh,0.11587653750532101,15.09408409463559,0.33427076755612994,22.5531914893617,1.0077923396509756
2,"20MA, 50MA, RSI, Upper_BB, CCI, OBV",64,0.7,0.0005,64,60,30,100,tanh,0.1077461279688788,11.75933073266499,0.42441435753412116,31.06382978723404,1.0498293871100663
3,"20MA, 50MA, RSI, Upper_BB, CCI, OBV",32,0.8,0.001,16,60,30,100,relu,0.1057098516511059,13.278686714332505,0.44596457434900794,17.4468085106383,0.9533812155264115
4,"20MA, 50MA, RSI, Upper_BB, CCI, OBV",64,0.5,0.001,32,60,30,50,sigmoid,0.12272450174170663,17.260558312150334,0.2532604335651828,17.02127659574468,0.9729314479040091
5,"20MA, 50MA, RSI, Upper_BB, CCI, OBV",64,0.6000000000000001,0.0005,64,60,30,50,tanh,0.10929404974695939,12.275528754775083,0.40775739706641334,32.76595744680851,1.0951798493803488
6,"20MA, 50MA, RSI, Upper_BB, CCI, OBV",32,0.2,0.0005,64,60,30,50,sigmoid,0.11208351777133421,12.49671186944429,0.37714046949702296,24.25531914893617,1.3804777241786632
7,"20MA, 50MA, RSI, Upper_BB, CCI, OBV",128,0.6000000000000001,0.001,16,60,30,150,sigmoid,0.15427085104511534,23.045578525914472,-0.1799792189955427,19.574468085106382,0.7818843007624481
8,"20MA, 50MA, RSI, Upper_BB, CCI, OBV",128,0.4,0.001,64,60,30,100,relu,0.10783810318818036,11.907007358829862,0.4234312649239904,31.48936170212766,1.01922872156066
9,"20MA, 50MA, RSI, Upper_BB, CCI, OBV",32,0.5,0.001,16,60,30,150,sigmoid,0.11825964217725178,16.373956557642146,0.3066065587402492,17.4468085106383,1.1375046216741447
10,"20MA, 50MA, RSI, Upper_BB, CCI, OBV",32,0.30000000000000004,0.0001,16,60,30,100,relu,0.10812117813325775,12.574489431858565,0.4204003069584855,29.361702127659573,1.0095945735985739
11,"20MA, 50MA, RSI, Upper_BB, CCI, OBV",64,0.8,0.0005,16,60,30,100,relu,0.10721119070281529,11.844395391685994,0.4301154974325938,32.76595744680851,0.9989868472750144
12,"20MA, 50MA, RSI, Upper_BB, CCI, OBV",32,0.8,0.0001,16,60,30,100,relu,0.10818338749396464,11.944308303292415,0.41973314998034483,36.17021276595745,1.144057974295042
13,"20MA, 50MA, RSI, Upper_BB, CCI, OBV",64,0.8,0.0005,16,60,30,100,relu,0.1022091273900284,11.921409494680288,0.4820522280419707,22.97872340425532,0.8594844164652421
14,"20MA, 50MA, RSI, Upper_BB, CCI, OBV",32,0.7,0.0005,16,60,30,100,relu,0.10537506075460829,11.660663355401963,0.4494683592849418,25.53191489361702,1.1903148946716802
15,"20MA, 50MA, RSI, Upper_BB, CCI, OBV",64,0.7,0.0005,16,60,30,100,relu,0.10256706096076683,10.661559157138441,0.47841819814386055,31.06382978723404,1.514250518434928
16,"20MA, 50MA, RSI, Upper_BB, CCI, OBV",64,0.6000000000000001,0.0005,16,60,30,100,relu,0.10675136514033373,11.724354380049782,0.4349934491351938,31.48936170212766,1.0283908851574717
17,"20MA, 50MA, RSI, Upper_BB, CCI, OBV",64,0.7,0.0005,32,60,30,100,relu,0.1048754933811042,11.700436340373411,0.45467596175537417,33.61702127659574,0.9668802206585849
18,"20MA, 50MA, RSI, Upper_BB, CCI, OBV",64,0.6000000000000001,0.0005,16,60,30,150,relu,0.10817507860540909,11.502911902827393,0.4198222798837664,35.74468085106383,1.027407348924528
19,"20MA, 50MA, RSI, Upper_BB, CCI, OBV",64,0.7,0.0001,16,60,30,50,relu,0.10941103702634054,12.885367043976432,0.4064888571610138,30.21276595744681,1.0095945735985739
20,"20MA, 50MA, RSI, Upper_BB, CCI, OBV",64,0.4,0.0005,32,60,30,100,relu,0.10472320387539316,11.425323817844035,0.4562585399015592,33.191489361702125,1.1443433697330914
21,"20MA, 50MA, RSI, Upper_BB, CCI, OBV",64,0.4,0.0005,32,60,30,100,relu,0.10210226111609619,11.0620067325298,0.4831347578176354,25.106382978723403,1.2881069305417878
22,"20MA, 50MA, RSI, Upper_BB, CCI, OBV",64,0.30000000000000004,0.0005,32,60,30,100,relu,0.10621646069616504,11.880046655319507,0.44064147675231846,30.638297872340424,0.8693357529942382
23,"20MA, 50MA, RSI, Upper_BB, CCI, OBV",64,0.4,0.0005,32,60,30,100,relu,0.10622874952963789,11.813441945917734,0.4405120380318327,31.48936170212766,1.0269949293460667
24,"20MA, 50MA, RSI, Upper_BB, CCI, OBV",64,0.5,0.0005,32,60,30,100,relu,0.10490259892961055,11.376147326518055,0.4543940423699817,33.191489361702125,1.1802190190070607
0,"20MA, 50MA, RSI, Upper_BB, ATR, Williams_%R",128,0.6000000000000001,0.001,64,60,1,100,sigmoid,0.049776623797346216,5.8919939953441265,0.8888757156912909,47.05882352941176,1.241279895646468
1,"20MA, 50MA, RSI, Upper_BB, ATR, Williams_%R",32,0.30000000000000004,0.001,16,60,1,150,sigmoid,0.05224477842433659,7.076191169340736,0.877582392502136,40.7563025210084,1.1104173871811893
2,"20MA, 50MA, RSI, Upper_BB, ATR, Williams_%R",32,0.5,0.0001,16,60,1,100,relu,0.03369772543504783,4.169462007623505,0.9490716883367412,70.58823529411765,1.2424249145963853
3,"20MA, 50MA, RSI, Upper_BB, ATR, Williams_%R",128,0.8,0.0005,64,60,1,50,relu,0.03285282962187535,4.037054090760684,0.9515935017144549,68.90756302521008,1.100468103204713
4,"20MA, 50MA, RSI, Upper_BB, ATR, Williams_%R",64,0.4,0.001,32,60,1,100,sigmoid,0.03317224158505071,4.075680777959971,0.9506476606604056,67.22689075630252,0.982656139700415
5,"20MA, 50MA, RSI, Upper_BB, ATR, Williams_%R",32,0.2,0.001,32,60,1,150,relu,0.03113980492843029,3.6328618518313087,0.9565099527462033,73.52941176470588,1.0985872805167574
6,"20MA, 50MA, RSI, Upper_BB, ATR, Williams_%R",32,0.7,0.0005,32,60,1,50,tanh,0.033673983047417325,4.353006245147677,0.9491434281193394,66.80672268907563,1.3073552003997766
7,"20MA, 50MA, RSI, Upper_BB, ATR, Williams_%R",128,0.8,0.0005,64,60,1,100,tanh,0.027804377461571012,2.996388208053376,0.9653275559819064,82.77310924369748,1.435202407124694
8,"20MA, 50MA, RSI, Upper_BB, ATR, Williams_%R",128,0.4,0.0005,32,60,1,100,sigmoid,0.07970343399822537,11.935779454595503,0.7150870622836514,26.89075630252101,1.0305411954986483
9,"20MA, 50MA, RSI, Upper_BB, ATR, Williams_%R",32,0.2,0.001,32,60,1,100,tanh,0.03203340826457573,3.8334352773392233,0.9539781151020893,73.10924369747899,1.1110155289180716
10,"20MA, 50MA, RSI, Upper_BB, ATR, Williams_%R",64,0.8,0.0001,64,60,1,50,tanh,0.0432979815334801,5.306135437665791,0.9159198639057289,55.88235294117647,1.0249866283325715
11,"20MA, 50MA, RSI, Upper_BB, ATR, Williams_%R",128,0.2,0.0005,64,60,1,150,relu,0.030291642698638124,3.2545949012503836,0.9588467863135772,79.83193277310924,0.9173729910814536
12,"20MA, 50MA, RSI, Upper_BB, ATR, Williams_%R",128,0.6000000000000001,0.0005,64,60,1,150,tanh,0.053155604239571955,7.653126110396105,0.873276773242979,28.991596638655466,0.8356594696988353
13,"20MA, 50MA, RSI, Upper_BB, ATR, Williams_%R",128,0.6000000000000001,0.0005,64,60,1,150,relu,0.028806902068988578,3.4437340482588565,0.962782155531924,76.89075630252101,1.0518838634232432
14,"20MA, 50MA, RSI, Upper_BB, ATR, Williams_%R",128,0.7,0.0005,64,60,1,150,relu,0.029597870511133814,3.204240254298502,0.9607102707624576,80.67226890756302,1.3108849387136075
15,"20MA, 50MA, RSI, Upper_BB, ATR, Williams_%R",128,0.7,0.0005,64,60,1,100,tanh,0.03043689753681865,3.667809046335785,0.9584511632943344,73.52941176470588,1.529037415464007
16,"20MA, 50MA, RSI, Upper_BB, ATR, Williams_%R",128,0.6000000000000001,0.0005,16,60,1,150,relu,0.029575424704636033,3.6178448047636613,0.96076983959293,73.94957983193278,0.9297395330240985
17,"20MA, 50MA, RSI, Upper_BB, ATR, Williams_%R",64,0.5,0.0001,64,60,1,150,tanh,0.034505629205588875,4.109862008386873,0.9466003996809993,71.42857142857143,0.8104595208366492
18,"20MA, 50MA, RSI, Upper_BB, ATR, Williams_%R",128,0.8,0.0005,64,60,1,100,tanh,0.030441237364690923,3.564788641480203,0.9584393140147276,77.73109243697479,1.4640238949674282
19,"20MA, 50MA, RSI, Upper_BB, ATR, Williams_%R",128,0.7,0.0005,64,60,1,50,relu,0.03794296446643639,4.833448777609573,0.935431511138189,60.924369747899156,1.1534620085328353
20,"20MA, 50MA, RSI, Upper_BB, ATR, Williams_%R",64,0.6000000000000001,0.0001,16,60,1,150,relu,0.03132880502501346,3.7695039235699404,0.9559804332285083,74.36974789915966,1.2246395300151085
21,"20MA, 50MA, RSI, Upper_BB, ATR, Williams_%R",128,0.6000000000000001,0.0005,16,60,1,150,relu,0.03320493649437109,4.2842993674888215,0.9505503283513299,68.0672268907563,1.018378648091434
22,"20MA, 50MA, RSI, Upper_BB, ATR, Williams_%R",128,0.4,0.0005,16,60,1,150,relu,0.03049871871338565,3.34891567797105,0.958282210033563,74.78991596638656,0.9432730778268195
23,"20MA, 50MA, RSI, Upper_BB, ATR, Williams_%R",128,0.5,0.0005,16,60,1,150,relu,0.039125074629386726,5.164616299647609,0.9313455863849395,59.2436974789916,0.7640476579703597
24,"20MA, 50MA, RSI, Upper_BB, ATR, Williams_%R",128,0.7,0.0005,16,60,1,150,relu,0.028249081641245254,3.3226421976566867,0.9642095819036806,80.25210084033614,1.0298709076536159
0,"20MA, 50MA, RSI, Upper_BB, ATR, Williams_%R",32,0.4,0.0001,64,60,30,50,sigmoid,0.11604352217191097,13.576036174028419,0.3323506778643819,13.617021276595745,1.1519845093374785
1,"20MA, 50MA, RSI, Upper_BB, ATR, Williams_%R",64,0.2,0.0001,32,60,30,100,sigmoid,0.10216848481091288,11.331029020881893,0.48246406108497875,34.8936170212766,1.167530665039614
2,"20MA, 50MA, RSI, Upper_BB, ATR, Williams_%R",32,0.2,0.001,32,60,30,50,tanh,0.10059160700466734,12.499807219006422,0.4983161729405333,23.829787234042556,1.153719533870224
3,"20MA, 50MA, RSI, Upper_BB, ATR, Williams_%R",64,0.4,0.0001,32,60,30,150,sigmoid,0.1041458783079928,11.542489016416662,0.46223716825746375,33.61702127659574,1.2232683284665553
4,"20MA, 50MA, RSI, Upper_BB, ATR, Williams_%R",64,0.5,0.001,32,60,30,150,relu,0.10619520045230697,12.475290497492823,0.4408653762942836,26.382978723404253,0.9801001787469724
5,"20MA, 50MA, RSI, Upper_BB, ATR, Williams_%R",64,0.4,0.0001,32,60,30,150,tanh,0.10126207140839773,11.465954887684603,0.49160622730532144,26.80851063829787,0.9381724603557743
6,"20MA, 50MA, RSI, Upper_BB, ATR, Williams_%R",64,0.8,0.0001,64,60,30,100,relu,0.10028100800536358,11.06844850206539,0.5014095110618524,34.46808510638298,1.1325148844167046
7,"20MA, 50MA, RSI, Upper_BB, ATR, Williams_%R",128,0.4,0.001,16,60,30,100,tanh,0.10529344548563609,12.918682675843312,0.45032082641124493,28.510638297872344,0.8730346582670956
8,"20MA, 50MA, RSI, Upper_BB, ATR, Williams_%R",128,0.4,0.001,64,60,30,150,tanh,0.10462018166905646,11.894418889251284,0.4573278328383985,23.829787234042556,1.00703682912476
9,"20MA, 50MA, RSI, Upper_BB, ATR, Williams_%R",64,0.7,0.0005,16,60,30,100,sigmoid,0.12065622471752409,16.914888967844224,0.27821795764515234,25.957446808510635,0.9049438491271321
10,"20MA, 50MA, RSI, Upper_BB, ATR, Williams_%R",32,0.8,0.0005,64,60,30,100,relu,0.10248300324480264,11.556382561059186,0.47927276117854367,30.638297872340424,1.2828849886241873
11,"20MA, 50MA, RSI, Upper_BB, ATR, Williams_%R",32,0.2,0.001,64,60,30,50,relu,0.1005032138366252,11.540983597502375,0.4991974778576177,28.936170212765955,1.141538716765695
12,"20MA, 50MA, RSI, Upper_BB, ATR, Williams_%R",32,0.7,0.001,64,60,30,50,relu,0.09922016742452472,11.16132125231103,0.5119025719187936,32.340425531914896,0.9176623187911904
13,"20MA, 50MA, RSI, Upper_BB, ATR, Williams_%R",32,0.7,0.0001,64,60,30,50,relu,0.11261170186917929,12.984075252397782,0.37125629202697374,14.893617021276595,1.0739078381673839
14,"20MA, 50MA, RSI, Upper_BB, ATR, Williams_%R",128,0.8,0.0005,64,60,30,100,relu,0.10215716001981624,11.58479008138176,0.48257878651279906,26.382978723404253,1.1863670044974284
15,"20MA, 50MA, RSI, Upper_BB, ATR, Williams_%R",64,0.7,0.0001,64,60,30,50,relu,0.10063148589222574,11.241454703800416,0.4979183155194864,31.914893617021278,1.0399829884553813
16,"20MA, 50MA, RSI, Upper_BB, ATR, Williams_%R",32,0.6000000000000001,0.001,16,60,30,100,relu,0.1033800703994621,12.780539073635012,0.470116671945207,31.06382978723404,0.9291435998170559
17,"20MA, 50MA, RSI, Upper_BB, ATR, Williams_%R",32,0.6000000000000001,0.0001,64,60,30,50,relu,0.10723011595944118,11.401215869076538,0.42991428406471444,26.382978723404253,1.2455743987897563
18,"20MA, 50MA, RSI, Upper_BB, ATR, Williams_%R",64,0.8,0.001,64,60,30,100,relu,0.10055938630164997,11.27445902218704,0.49863751220973573,32.340425531914896,1.0766139637684915
19,"20MA, 50MA, RSI, Upper_BB, ATR, Williams_%R",128,0.6000000000000001,0.0005,64,60,30,50,relu,0.10114248165745979,11.300575310839102,0.4928063367325398,28.085106382978726,1.0998576071435948
20,"20MA, 50MA, RSI, Upper_BB, ATR, Williams_%R",64,0.7,0.001,16,60,30,50,relu,0.10497481165985692,13.147483277254285,0.4536426166245773,28.085106382978726,0.9291435998170559
21,"20MA, 50MA, RSI, Upper_BB, ATR, Williams_%R",32,0.30000000000000004,0.001,64,60,30,50,relu,0.09989663929319435,11.207242104884953,0.5052242973896599,32.76595744680851,1.088806653141908
22,"20MA, 50MA, RSI, Upper_BB, ATR, Williams_%R",32,0.5,0.001,64,60,30,50,relu,0.10095867905174971,11.580065461655897,0.4946480714715812,29.78723404255319,1.0655099814913576
23,"20MA, 50MA, RSI, Upper_BB, ATR, Williams_%R",32,0.30000000000000004,0.001,64,60,30,50,relu,0.10065684671087662,11.046402489309417,0.49766521765602556,34.04255319148936,0.8009254235856477
24,"20MA, 50MA, RSI, Upper_BB, ATR, Williams_%R",32,0.30000000000000004,0.001,64,60,30,50,relu,0.10097493769501702,11.433509108629568,0.4944852920375101,28.510638297872344,1.0528334470406608
0,"20MA, 50MA, RSI, Upper_BB, ATR, OBV",64,0.6000000000000001,0.0005,32,60,1,50,sigmoid,0.05861261874708204,8.164910868693696,0.8459220982815933,34.87394957983193,1.0483655787357542
1,"20MA, 50MA, RSI, Upper_BB, ATR, OBV",128,0.30000000000000004,0.0005,64,60,1,100,tanh,0.029490875888416052,3.4030818358308985,0.96099381761588,76.89075630252101,1.340900071625028
2,"20MA, 50MA, RSI, Upper_BB, ATR, OBV",32,0.5,0.001,16,60,1,150,tanh,0.030201319469338347,3.765412565367764,0.9590918406611361,71.00840336134453,1.1885653022429985
3,"20MA, 50MA, RSI, Upper_BB, ATR, OBV",64,0.2,0.0005,16,60,1,150,relu,0.028346572971084213,3.064307720324134,0.9639621206628572,80.67226890756302,1.1719204362962197
4,"20MA, 50MA, RSI, Upper_BB, ATR, OBV",128,0.30000000000000004,0.001,64,60,1,100,tanh,0.038633326435623436,4.934982518336682,0.9330605234990151,54.20168067226891,0.8194514259690248
5,"20MA, 50MA, RSI, Upper_BB, ATR, OBV",128,0.5,0.0001,16,60,1,50,relu,0.04427314355431265,5.797765158293494,0.9120898900238965,49.159663865546214,1.0998752638448406
6,"20MA, 50MA, RSI, Upper_BB, ATR, OBV",64,0.5,0.0001,64,60,1,100,tanh,0.03635649391120822,4.204721692973732,0.940718102818473,70.16806722689076,1.2943016458242236
7,"20MA, 50MA, RSI, Upper_BB, ATR, OBV",32,0.2,0.0001,32,60,1,50,relu,0.041147920031530755,4.6293969186104835,0.9240629225765449,63.02521008403361,1.3055538231588575
8,"20MA, 50MA, RSI, Upper_BB, ATR, OBV",32,0.4,0.0005,64,60,1,100,tanh,0.03251072571987509,3.8759722013440174,0.9525963882458737,70.58823529411765,1.1257138111152483
9,"20MA, 50MA, RSI, Upper_BB, ATR, OBV",128,0.4,0.0005,16,60,1,150,tanh,0.027348928579089486,3.158953185952857,0.9664541548106645,79.83193277310924,1.437266432780245
10,"20MA, 50MA, RSI, Upper_BB, ATR, OBV",128,0.8,0.0005,16,60,1,150,sigmoid,0.08289440363582164,11.737329153656594,0.6918171073732338,30.252100840336134,1.3351269243053698
11,"20MA, 50MA, RSI, Upper_BB, ATR, OBV",64,0.2,0.0005,16,60,1,150,relu,0.025979910744023754,2.887836714785305,0.9697285367924,84.03361344537815,1.106876074620029
12,"20MA, 50MA, RSI, Upper_BB, ATR, OBV",64,0.7,0.0005,16,60,1,150,relu,0.026389656236412436,2.7597652877858434,0.9687661464155105,86.1344537815126,0.9378997556385197
13,"20MA, 50MA, RSI, Upper_BB, ATR, OBV",64,0.8,0.0005,16,60,1,150,relu,0.026760291914717703,2.876503784197709,0.9678826431222377,86.1344537815126,1.359549404152574
14,"20MA, 50MA, RSI, Upper_BB, ATR, OBV",64,0.7,0.0005,16,60,1,150,relu,0.027846398307401963,3.006664582694078,0.9652226756345605,81.9327731092437,0.9186511645714299
15,"20MA, 50MA, RSI, Upper_BB, ATR, OBV",64,0.7,0.001,16,60,1,150,relu,0.025616786077734738,2.73665164438523,0.9705688394831224,87.81512605042016,1.256753565527879
16,"20MA, 50MA, RSI, Upper_BB, ATR, OBV",64,0.6000000000000001,0.001,32,60,1,150,relu,0.026052646642851604,2.906106904539264,0.9695587976177599,87.39495798319328,1.2448012044808368
17,"20MA, 50MA, RSI, Upper_BB, ATR, OBV",64,0.7,0.001,16,60,1,150,relu,0.031140246964290786,3.844111110422759,0.9565087180373186,71.00840336134453,1.0803647167041304
18,"20MA, 50MA, RSI, Upper_BB, ATR, OBV",64,0.6000000000000001,0.001,16,60,1,150,sigmoid,0.048439377490949884,6.5211350494412015,0.8947662102584242,49.57983193277311,1.0886150239647148
19,"20MA, 50MA, RSI, Upper_BB, ATR, OBV",64,0.30000000000000004,0.001,32,60,1,50,relu,0.030335247788785318,3.5228934805058523,0.9587282201993255,73.52941176470588,1.1692077378371322
20,"20MA, 50MA, RSI, Upper_BB, ATR, OBV",32,0.4,0.001,16,60,1,150,relu,0.027039879874299535,2.9611437623113837,0.9672080215393326,84.45378151260505,1.392696907422267
21,"20MA, 50MA, RSI, Upper_BB, ATR, OBV",64,0.6000000000000001,0.001,32,60,1,150,relu,0.028079334589623896,3.177859845222046,0.964638414593744,80.67226890756302,0.7693932461220313
22,"20MA, 50MA, RSI, Upper_BB, ATR, OBV",64,0.7,0.001,32,60,1,150,relu,0.0319327507054722,4.121959473091218,0.9542668868968316,68.0672268907563,0.8829817874064946
23,"20MA, 50MA, RSI, Upper_BB, ATR, OBV",64,0.6000000000000001,0.001,32,60,1,150,relu,0.026803703281005578,2.95908658716922,0.967778355078416,85.71428571428571,0.9709873341028801
24,"20MA, 50MA, RSI, Upper_BB, ATR, OBV",64,0.8,0.001,32,60,1,150,relu,0.04321096691579553,5.880171018765084,0.9162574708364282,44.537815126050425,0.7543813857225676
0,"20MA, 50MA, RSI, Upper_BB, ATR, OBV",32,0.4,0.0001,16,60,30,150,tanh,0.10968039556350696,12.876148633819176,0.40356293513595165,33.191489361702125,1.034111613253545
1,"20MA, 50MA, RSI, Upper_BB, ATR, OBV",128,0.2,0.0001,16,60,30,100,relu,0.11251043267449302,13.812968623334646,0.3723866139800682,28.510638297872344,1.082310832743728
2,"20MA, 50MA, RSI, Upper_BB, ATR, OBV",128,0.5,0.0005,64,60,30,50,sigmoid,0.11406892505130264,14.053312544624799,0.3548788117599585,21.27659574468085,0.890969566580519
3,"20MA, 50MA, RSI, Upper_BB, ATR, OBV",128,0.4,0.0005,32,60,30,100,tanh,0.11342779487950494,14.234205317331092,0.3621103046397858,24.25531914893617,1.1926733722636127
4,"20MA, 50MA, RSI, Upper_BB, ATR, OBV",64,0.4,0.001,64,60,30,50,relu,0.1087514301703163,11.953962953481852,0.4136234929114454,32.76595744680851,1.2689485842939907
5,"20MA, 50MA, RSI, Upper_BB, ATR, OBV",128,0.6000000000000001,0.0001,64,60,30,150,relu,0.11058036692954144,13.0003968250014,0.39373477014943903,27.659574468085108,0.9932522343570636
6,"20MA, 50MA, RSI, Upper_BB, ATR, OBV",32,0.5,0.001,32,60,30,50,relu,0.10857822382140629,12.711637926403,0.4154898270659767,31.48936170212766,1.0855876188423292
7,"20MA, 50MA, RSI, Upper_BB, ATR, OBV",32,0.4,0.0001,32,60,30,150,relu,0.11223425009325905,13.437317624838277,0.3754640732800141,30.638297872340424,0.9817220109504075
8,"20MA, 50MA, RSI, Upper_BB, ATR, OBV",64,0.5,0.001,16,60,30,100,sigmoid,0.1463125315068751,21.67047504229622,-0.061376963480256785,23.829787234042556,1.0767379277888633
9,"20MA, 50MA, RSI, Upper_BB, ATR, OBV",128,0.5,0.001,32,60,30,50,sigmoid,0.11961881725884797,15.93008394294343,0.29057642560866703,14.893617021276595,0.890969566580519
10,"20MA, 50MA, RSI, Upper_BB, ATR, OBV",32,0.8,0.001,32,60,30,50,relu,0.11250101651066674,14.449028459135278,0.3724916613614654,23.404255319148938,1.0325827070112563
11,"20MA, 50MA, RSI, Upper_BB, ATR, OBV",64,0.2,0.001,64,60,30,50,relu,0.10855684420743975,12.164044157722172,0.41571999055722375,32.76595744680851,1.2976712600749374
12,"20MA, 50MA, RSI, Upper_BB, ATR, OBV",64,0.2,0.001,64,60,30,50,relu,0.10866107365116665,12.141703608116963,0.4145974742094384,32.340425531914896,1.1073003871853786
13,"20MA, 50MA, RSI, Upper_BB, ATR, OBV",32,0.8,0.001,32,60,30,50,relu,0.10843151214841988,12.536564294039506,0.4170683485467861,30.21276595744681,1.0864132973611447
14,"20MA, 50MA, RSI, Upper_BB, ATR, OBV",64,0.8,0.001,64,60,30,50,relu,0.10888049783365719,12.168688629614374,0.4122308278983239,32.76595744680851,1.191187796347156
15,"20MA, 50MA, RSI, Upper_BB, ATR, OBV",32,0.7,0.001,32,60,30,50,tanh,0.1079190132926878,12.495363445705019,0.42256575012191255,29.78723404255319,1.0590065630950256
16,"20MA, 50MA, RSI, Upper_BB, ATR, OBV",32,0.7,0.0005,32,60,30,50,tanh,0.112772063333753,14.384082649034887,0.36946432814487884,22.5531914893617,1.0571078710244792
17,"20MA, 50MA, RSI, Upper_BB, ATR, OBV",32,0.7,0.001,32,60,30,50,tanh,0.1112474693656838,13.971181008119146,0.3863978265947091,24.680851063829788,1.0739597563996999
18,"20MA, 50MA, RSI, Upper_BB, ATR, OBV",32,0.7,0.001,32,60,30,100,tanh,0.11223338190000662,14.308379895664626,0.3754737354959571,22.97872340425532,1.1672870987790356
19,"20MA, 50MA, RSI, Upper_BB, ATR, OBV",32,0.8,0.0005,32,60,30,150,tanh,0.10799091029448783,12.659368401927404,0.4217961059376947,31.06382978723404,1.0472863610742982
20,"20MA, 50MA, RSI, Upper_BB, ATR, OBV",32,0.6000000000000001,0.0005,32,60,30,150,tanh,0.12424625954978763,13.03200098718722,0.23462679413522025,27.659574468085108,1.0879727128335337
21,"20MA, 50MA, RSI, Upper_BB, ATR, OBV",32,0.8,0.0005,32,60,30,150,tanh,0.10675029452409933,12.258465067963142,0.43500478205167303,29.361702127659573,1.099844933354793
22,"20MA, 50MA, RSI, Upper_BB, ATR, OBV",32,0.8,0.0005,32,60,30,150,tanh,0.10397251422377587,12.45016083720485,0.4640260276302728,22.97872340425532,1.1399864885790467
23,"20MA, 50MA, RSI, Upper_BB, ATR, OBV",32,0.7,0.0005,32,60,30,150,tanh,0.11147940730841886,12.83975136204862,0.38383658211230576,28.936170212765955,1.249226414772321
24,"20MA, 50MA, RSI, Upper_BB, ATR, OBV",32,0.6000000000000001,0.0005,32,60,30,150,tanh,0.10615845184336961,12.112896575702884,0.4412522838823545,33.61702127659574,1.0087909685043543
0,"20MA, 50MA, RSI, Upper_BB, Williams_%R, OBV",64,0.4,0.001,32,60,1,50,sigmoid,0.07708148307286623,11.415822960377788,0.733523921679741,20.588235294117645,0.8501223034709717
1,"20MA, 50MA, RSI, Upper_BB, Williams_%R, OBV",32,0.6000000000000001,0.0001,64,60,1,100,relu,0.045196325599624554,5.192738785526853,0.9083854692224331,59.2436974789916,0.9844229288941145
2,"20MA, 50MA, RSI, Upper_BB, Williams_%R, OBV",64,0.2,0.0005,32,60,1,50,sigmoid,0.06245862041248027,8.951214700493388,0.8250383447231345,31.092436974789916,1.0315236084423154
3,"20MA, 50MA, RSI, Upper_BB, Williams_%R, OBV",64,0.7,0.0005,32,60,1,100,relu,0.03170988558439206,3.7492304586863896,0.9549030205495108,73.94957983193278,0.9363798367574562
4,"20MA, 50MA, RSI, Upper_BB, Williams_%R, OBV",32,0.7,0.0001,32,60,1,100,tanh,0.03354137982876109,4.090616922572208,0.9495431709814112,67.64705882352942,0.8467122904306609
5,"20MA, 50MA, RSI, Upper_BB, Williams_%R, OBV",64,0.30000000000000004,0.0005,32,60,1,50,relu,0.043317453797502035,5.558231704710413,0.915844220713862,49.57983193277311,1.033396866255074
6,"20MA, 50MA, RSI, Upper_BB, Williams_%R, OBV",64,0.8,0.0005,32,60,1,100,tanh,0.029645705013590904,3.299510021004446,0.9605831722033968,78.57142857142857,0.9919444903743808
7,"20MA, 50MA, RSI, Upper_BB, Williams_%R, OBV",32,0.6000000000000001,0.0001,32,60,1,50,relu,0.04123586976103213,4.986203646966832,0.9237379592299085,59.66386554621849,0.9800300479131733
8,"20MA, 50MA, RSI, Upper_BB, Williams_%R, OBV",64,0.30000000000000004,0.0005,64,60,1,100,tanh,0.031149714670568516,3.6193831178042113,0.9564822683255519,74.36974789915966,1.0294414769122133
9,"20MA, 50MA, RSI, Upper_BB, Williams_%R, OBV",128,0.6000000000000001,0.0001,16,60,1,100,tanh,0.02896444655399315,3.3179317960970782,0.962373954766238,76.05042016806722,1.3185606928095543
10,"20MA, 50MA, RSI, Upper_BB, Williams_%R, OBV",128,0.5,0.001,16,60,1,150,tanh,0.029691015969747877,3.4506227755263055,0.9604625895394857,77.73109243697479,1.368872006767436
11,"20MA, 50MA, RSI, Upper_BB, Williams_%R, OBV",128,0.8,0.0001,16,60,1,100,tanh,0.02935761120320449,3.354695681957618,0.9613455468644766,78.15126050420169,1.2667026042030922
12,"20MA, 50MA, RSI, Upper_BB, Williams_%R, OBV",128,0.8,0.0001,16,60,1,150,tanh,0.029225152841576372,3.3031141091492975,0.9616935693800577,79.83193277310924,0.8418609232375204
13,"20MA, 50MA, RSI, Upper_BB, Williams_%R, OBV",128,0.6000000000000001,0.0001,16,60,1,150,tanh,0.030681393676669513,3.5813327081679307,0.9577809680921511,74.36974789915966,0.7095440300933222
14,"20MA, 50MA, RSI, Upper_BB, Williams_%R, OBV",128,0.7,0.0001,16,60,1,150,tanh,0.030180654142154876,3.4364248874836196,0.9591478045253127,78.57142857142857,0.9061259941808972
15,"20MA, 50MA, RSI, Upper_BB, Williams_%R, OBV",128,0.5,0.0001,16,60,1,150,tanh,0.02878984979283063,3.2527240272634117,0.9628262047753859,81.9327731092437,0.9481265420670932
16,"20MA, 50MA, RSI, Upper_BB, Williams_%R, OBV",128,0.5,0.0001,16,60,1,150,sigmoid,0.04597906915924603,5.55529194412074,0.9051846933878276,48.739495798319325,0.9246783889623064
17,"20MA, 50MA, RSI, Upper_BB, Williams_%R, OBV",128,0.4,0.001,16,60,1,150,tanh,0.03319084476530484,3.9175735902796034,0.9505922909982073,69.74789915966386,1.277753114500065
18,"20MA, 50MA, RSI, Upper_BB, Williams_%R, OBV",128,0.4,0.0001,16,60,1,100,tanh,0.02871073868463371,3.2483756265470185,0.9630302224822525,78.57142857142857,0.9009993546372754
19,"20MA, 50MA, RSI, Upper_BB, Williams_%R, OBV",128,0.4,0.0001,64,60,1,150,sigmoid,0.044355924276481044,5.07758711261935,0.9117608388105063,57.14285714285714,1.169237627942289
20,"20MA, 50MA, RSI, Upper_BB, Williams_%R, OBV",128,0.30000000000000004,0.001,16,60,1,150,tanh,0.02917297395397599,3.423360345436419,0.9618302326591972,76.05042016806722,1.515255973255677
21,"20MA, 50MA, RSI, Upper_BB, Williams_%R, OBV",128,0.5,0.0001,16,60,1,100,tanh,0.030513552178264163,3.6299216810379877,0.9582416201410049,75.21008403361344,1.0542077648782213
22,"20MA, 50MA, RSI, Upper_BB, Williams_%R, OBV",128,0.5,0.0001,16,60,1,100,tanh,0.028620854421104708,3.207186590191127,0.9632613415507867,80.25210084033614,1.1326852153280347
23,"20MA, 50MA, RSI, Upper_BB, Williams_%R, OBV",128,0.4,0.0001,16,60,1,100,tanh,0.035521459922058594,4.497526187309407,0.943409996871438,66.80672268907563,1.1122364130463853
24,"20MA, 50MA, RSI, Upper_BB, Williams_%R, OBV",128,0.5,0.0001,16,60,1,100,tanh,0.030604003647800672,3.588774320813232,0.9579936840731504,73.94957983193278,1.034000338505998
0,"20MA, 50MA, RSI, Upper_BB, Williams_%R, OBV",32,0.30000000000000004,0.001,16,60,30,50,relu,0.10648390279213152,12.746801445521955,0.43782111635725673,30.638297872340424,0.9056281741781955
1,"20MA, 50MA, RSI, Upper_BB, Williams_%R, OBV",32,0.4,0.001,16,60,30,50,relu,0.12022282227667506,15.843060295757686,0.28339399003489707,21.70212765957447,0.8730346582670956
2,"20MA, 50MA, RSI, Upper_BB, Williams_%R, OBV",32,0.4,0.0005,16,60,30,50,relu,0.10924919804369078,13.523015512762045,0.40824338215193656,26.382978723404253,0.8730346582670956
3,"20MA, 50MA, RSI, Upper_BB, Williams_%R, OBV",128,0.8,0.0005,32,60,30,150,sigmoid,0.11042891125725118,14.562399275417276,0.3953943672119372,20.0,0.8932512538143464
4,"20MA, 50MA, RSI, Upper_BB, Williams_%R, OBV",32,0.8,0.0001,16,60,30,150,tanh,0.10515656355835964,12.285624573895511,0.45174906797772796,30.638297872340424,1.0218529175177864
5,"20MA, 50MA, RSI, Upper_BB, Williams_%R, OBV",32,0.4,0.001,64,60,30,150,tanh,0.10671118900092516,11.732508825665096,0.43541865232327526,31.914893617021278,0.9982965053604957
6,"20MA, 50MA, RSI, Upper_BB, Williams_%R, OBV",128,0.2,0.001,64,60,30,150,sigmoid,0.10836055371512153,13.964884255354,0.41783104900999724,28.510638297872344,0.9216465688560979
7,"20MA, 50MA, RSI, Upper_BB, Williams_%R, OBV",64,0.8,0.0001,16,60,30,50,tanh,0.10825340670626399,12.84741352114889,0.41898177812807436,28.510638297872344,1.1545930120056476
8,"20MA, 50MA, RSI, Upper_BB, Williams_%R, OBV",64,0.7,0.0005,32,60,30,100,tanh,0.10706911839634126,12.171535933485185,0.4316248764328543,30.638297872340424,1.034111613253545
9,"20MA, 50MA, RSI, Upper_BB, Williams_%R, OBV",64,0.8,0.0005,64,60,30,50,sigmoid,0.10663505451282672,11.719335268850358,0.43622398077121505,34.04255319148936,1.2778788940270818
10,"20MA, 50MA, RSI, Upper_BB, Williams_%R, OBV",32,0.6000000000000001,0.0001,16,60,30,100,tanh,0.10396753948628179,12.1008732639509,0.4640773155316692,24.680851063829788,1.099844933354793
11,"20MA, 50MA, RSI, Upper_BB, Williams_%R, OBV",32,0.6000000000000001,0.0001,16,60,30,100,tanh,0.10581156765754215,12.389922748543936,0.4448978547838922,30.638297872340424,1.0218529175177864
12,"20MA, 50MA, RSI, Upper_BB, Williams_%R, OBV",32,0.6000000000000001,0.0001,16,60,30,100,tanh,0.10504529789515418,12.326756020482799,0.45290865761797405,32.340425531914896,0.933510193049835
13,"20MA, 50MA, RSI, Upper_BB, Williams_%R, OBV",32,0.6000000000000001,0.0001,16,60,30,100,tanh,0.10693293824219462,12.563339442079858,0.4330697783813038,29.361702127659573,1.0218529175177864
14,"20MA, 50MA, RSI, Upper_BB, Williams_%R, OBV",32,0.6000000000000001,0.0001,16,60,30,100,tanh,0.10614725877153071,12.610924234177626,0.4413701034908646,30.21276595744681,1.0472863610742982
15,"20MA, 50MA, RSI, Upper_BB, Williams_%R, OBV",128,0.5,0.0001,32,60,30,100,tanh,0.10507818880352147,11.875270489089141,0.4525660026169609,27.23404255319149,1.2880016610309386
16,"20MA, 50MA, RSI, Upper_BB, Williams_%R, OBV",32,0.5,0.0001,16,60,30,100,tanh,0.10503422475708893,12.273507708138292,0.4530239925980829,30.638297872340424,1.099844933354793
17,"20MA, 50MA, RSI, Upper_BB, Williams_%R, OBV",32,0.5,0.0001,16,60,30,100,tanh,0.10677846925019704,12.205186130584003,0.434706503039173,31.48936170212766,1.0218529175177864
18,"20MA, 50MA, RSI, Upper_BB, Williams_%R, OBV",128,0.7,0.0001,32,60,30,100,sigmoid,0.11433579848378263,12.332729090572146,0.3518566546990832,28.085106382978726,1.0953991809175878
19,"20MA, 50MA, RSI, Upper_BB, Williams_%R, OBV",64,0.5,0.0001,64,60,30,100,relu,0.10499590747488552,11.867123392097957,0.4534230018000496,30.638297872340424,1.189701166551504
20,"20MA, 50MA, RSI, Upper_BB, Williams_%R, OBV",64,0.30000000000000004,0.0001,64,60,30,100,relu,0.10510287345137828,12.144040249741005,0.45230876935388653,31.06382978723404,1.022456970401675
21,"20MA, 50MA, RSI, Upper_BB, Williams_%R, OBV",64,0.5,0.0001,64,60,30,100,relu,0.10878382062035201,12.458087313446534,0.413274148956042,28.510638297872344,1.1012233738908614
22,"20MA, 50MA, RSI, Upper_BB, Williams_%R, OBV",64,0.7,0.0001,64,60,30,100,relu,0.10663138842193594,12.182302949284688,0.436262745108308,31.914893617021278,1.0373506372244632
23,"20MA, 50MA, RSI, Upper_BB, Williams_%R, OBV",64,0.5,0.0001,64,60,30,100,relu,0.10612239175756952,12.400977079611796,0.44163181218550907,30.21276595744681,1.1233810564352507
24,"20MA, 50MA, RSI, Upper_BB, Williams_%R, OBV",32,0.5,0.0001,16,60,30,100,tanh,0.10421395380105351,11.936296639978709,0.4615339155666498,30.638297872340424,1.1270645137050619
0,"20MA, 50MA, RSI, Lower_BB, CCI, ATR",128,0.2,0.001,64,60,1,150,sigmoid,0.031087077898956386,3.4369239048355227,0.9566571058596152,76.89075630252101,1.5247690772733924
1,"20MA, 50MA, RSI, Lower_BB, CCI, ATR",32,0.6000000000000001,0.0001,32,60,1,100,sigmoid,0.06589113650250543,6.8384053290837095,0.8052793094551765,48.319327731092436,1.4656720986006662
2,"20MA, 50MA, RSI, Lower_BB, CCI, ATR",128,0.8,0.0001,64,60,1,100,tanh,0.04196642537478756,5.269063626085915,0.9210118284076811,56.72268907563025,1.630215405775709
3,"20MA, 50MA, RSI, Lower_BB, CCI, ATR",128,0.5,0.0005,16,60,1,150,tanh,0.03174239626274066,3.745057998773594,0.954810501453605,72.26890756302521,1.228028753525777
4,"20MA, 50MA, RSI, Lower_BB, CCI, ATR",32,0.30000000000000004,0.001,32,60,1,50,sigmoid,0.03603752970878457,4.093792573760191,0.9417537283865762,65.96638655462185,1.0456962956386278
5,"20MA, 50MA, RSI, Lower_BB, CCI, ATR",32,0.4,0.001,16,60,1,100,tanh,0.03085828505992128,3.834165019171556,0.9572927431001386,72.26890756302521,1.2155783158513667
6,"20MA, 50MA, RSI, Lower_BB, CCI, ATR",32,0.6000000000000001,0.0005,32,60,1,150,tanh,0.04835050467477056,6.778996987035973,0.8951520056251205,44.957983193277315,1.248644235138636
7,"20MA, 50MA, RSI, Lower_BB, CCI, ATR",32,0.4,0.001,16,60,1,100,tanh,0.04154429298705998,5.740461136581568,0.9225928907618406,50.84033613445378,0.7943560936402597
8,"20MA, 50MA, RSI, Lower_BB, CCI, ATR",128,0.4,0.0001,32,60,1,50,tanh,0.034286174476741184,4.303749705266709,0.9472774793049459,64.70588235294117,1.6923523985825828
9,"20MA, 50MA, RSI, Lower_BB, CCI, ATR",64,0.2,0.0005,32,60,1,150,sigmoid,0.0329599018335533,3.6679461272101026,0.9512774597201358,74.36974789915966,1.1915313789436213
10,"20MA, 50MA, RSI, Lower_BB, CCI, ATR",64,0.8,0.001,16,60,1,100,relu,0.03233294264368997,3.979843849576672,0.9531134186667565,71.84873949579831,0.8690525758904956
11,"20MA, 50MA, RSI, Lower_BB, CCI, ATR",128,0.2,0.001,64,60,1,150,relu,0.0329267360068086,4.179193362079358,0.951375464279011,65.12605042016807,1.3763135869047036
12,"20MA, 50MA, RSI, Lower_BB, CCI, ATR",128,0.30000000000000004,0.001,64,60,1,150,sigmoid,0.03717317265326535,3.8314669234297103,0.9380248820676763,73.10924369747899,1.292588887798636
13,"20MA, 50MA, RSI, Lower_BB, CCI, ATR",32,0.30000000000000004,0.001,64,60,1,100,sigmoid,0.04584465547295659,4.691432302159529,0.9057382429365007,62.18487394957983,1.1938922479820342
14,"20MA, 50MA, RSI, Lower_BB, CCI, ATR",64,0.5,0.001,16,60,1,50,relu,0.03405544723275616,3.9818424442316314,0.9479846793226729,71.00840336134453,1.3999193531162981
15,"20MA, 50MA, RSI, Lower_BB, CCI, ATR",32,0.2,0.001,64,60,1,100,tanh,0.02875334604489695,3.4263840183284406,0.9629204131561337,77.73109243697479,1.1117651997263611
16,"20MA, 50MA, RSI, Lower_BB, CCI, ATR",32,0.4,0.001,16,60,1,100,tanh,0.02703489555387761,2.9490322861972373,0.9672201096598806,83.61344537815127,1.635271510186506
17,"20MA, 50MA, RSI, Lower_BB, CCI, ATR",32,0.6000000000000001,0.001,64,60,1,100,tanh,0.03510831028762523,4.186428116412894,0.9447187365522123,64.28571428571429,1.1449513118417178
18,"20MA, 50MA, RSI, Lower_BB, CCI, ATR",32,0.30000000000000004,0.0001,16,60,1,100,tanh,0.03359004678428728,4.236601607083378,0.9493966438121784,65.54621848739495,1.4715425713786474
19,"20MA, 50MA, RSI, Lower_BB, CCI, ATR",32,0.7,0.0005,64,60,1,100,tanh,0.04217248249842156,5.536490439387544,0.9202342528366427,52.52100840336135,1.5384464194281504
20,"20MA, 50MA, RSI, Lower_BB, CCI, ATR",32,0.4,0.001,16,60,1,100,tanh,0.04944323045084419,6.412470622243878,0.8903593047348817,44.11764705882353,0.9219970295535315
21,"20MA, 50MA, RSI, Lower_BB, CCI, ATR",32,0.4,0.001,16,60,1,100,tanh,0.03288874545181052,3.8580797436304946,0.9514876046026138,68.0672268907563,1.125123143438185
22,"20MA, 50MA, RSI, Lower_BB, CCI, ATR",32,0.5,0.001,16,60,1,100,tanh,0.055175875665811336,6.509719809154032,0.8634610455506039,44.11764705882353,0.9812527268509795
23,"20MA, 50MA, RSI, Lower_BB, CCI, ATR",32,0.30000000000000004,0.001,16,60,1,100,tanh,0.03809374987635775,4.659517340060018,0.9349173008432694,63.4453781512605,0.8308874673933299
24,"20MA, 50MA, RSI, Lower_BB, CCI, ATR",32,0.4,0.001,16,60,1,100,tanh,0.03284324475390397,4.0448956733725545,0.951621742947759,69.74789915966386,0.9600837070051511
0,"20MA, 50MA, RSI, Lower_BB, CCI, ATR",128,0.8,0.001,32,60,30,50,relu,0.11345142628917619,15.14157518761627,0.36184448261607705,22.5531914893617,1.1155642031922979
1,"20MA, 50MA, RSI, Lower_BB, CCI, ATR",64,0.8,0.0005,64,60,30,100,tanh,0.10498276775228568,12.291971586317226,0.45355979609842934,25.106382978723403,1.5281448364769383
2,"20MA, 50MA, RSI, Lower_BB, CCI, ATR",64,0.30000000000000004,0.0001,64,60,30,150,tanh,0.10400560590342393,11.798760292109773,0.46368480088168085,30.638297872340424,1.4239650581539718
3,"20MA, 50MA, RSI, Lower_BB, CCI, ATR",128,0.4,0.0005,64,60,30,150,sigmoid,0.10712882925736204,12.584050538441538,0.4309907508899118,29.78723404255319,1.077172884387968
4,"20MA, 50MA, RSI, Lower_BB, CCI, ATR",128,0.6000000000000001,0.0005,64,60,30,50,tanh,0.10750654684695418,13.348205448347569,0.4269712223049824,19.574468085106382,1.4103204553678717
5,"20MA, 50MA, RSI, Lower_BB, CCI, ATR",128,0.6000000000000001,0.0005,16,60,30,150,tanh,0.10343244175375436,13.504164354771364,0.46957966831343767,17.4468085106383,0.9850764784939644
6,"20MA, 50MA, RSI, Lower_BB, CCI, ATR",128,0.6000000000000001,0.0001,32,60,30,150,sigmoid,0.10390928740482185,11.926755240734503,0.4646776926546007,31.06382978723404,1.2290206126125796
7,"20MA, 50MA, RSI, Lower_BB, CCI, ATR",32,0.4,0.001,64,60,30,150,relu,0.10487272772655826,12.22785135873139,0.45470472267884265,22.97872340425532,1.025306520809404
8,"20MA, 50MA, RSI, Lower_BB, CCI, ATR",64,0.7,0.0001,32,60,30,50,tanh,0.10604709305117783,12.585117387974854,0.44242390677215226,23.404255319148938,1.6063298436948872
9,"20MA, 50MA, RSI, Lower_BB, CCI, ATR",64,0.2,0.0005,16,60,30,100,tanh,0.10395252722963834,12.935765500035926,0.46423207206562,26.80851063829787,1.034111613253545
10,"20MA, 50MA, RSI, Lower_BB, CCI, ATR",32,0.5,0.0005,16,60,30,150,relu,0.10201201388215467,13.155972875046787,0.4840480587198316,21.27659574468085,1.026959413960057
11,"20MA, 50MA, RSI, Lower_BB, CCI, ATR",32,0.5,0.0005,16,60,30,150,relu,0.104706078845817,12.022583171084314,0.4564363577469879,29.361702127659573,1.0178582855006526
12,"20MA, 50MA, RSI, Lower_BB, CCI, ATR",32,0.6000000000000001,0.0005,16,60,30,150,relu,0.09608670153906904,12.832857016288743,0.5422449137519096,25.106382978723403,0.9846589287303413
13,"20MA, 50MA, RSI, Lower_BB, CCI, ATR",32,0.5,0.0005,16,60,30,150,relu,0.10407743564026939,12.746245632509739,0.4629437507806038,23.404255319148938,1.176199578864432
14,"20MA, 50MA, RSI, Lower_BB, CCI, ATR",32,0.4,0.0005,16,60,30,150,relu,0.1062510904619971,13.111043303676562,0.4402766818377616,15.319148936170212,0.9872116280489827
15,"20MA, 50MA, RSI, Lower_BB, CCI, ATR",32,0.7,0.001,16,60,30,100,relu,0.11379537781353836,14.949414881715887,0.35796921560858574,25.106382978723403,0.9291435998170559
16,"20MA, 50MA, RSI, Lower_BB, CCI, ATR",32,0.7,0.0005,16,60,30,150,relu,0.103966325671429,13.518427897379093,0.46408982918968644,21.27659574468085,0.940766593394453
17,"20MA, 50MA, RSI, Lower_BB, CCI, ATR",32,0.5,0.0005,16,60,30,150,relu,0.1062226693802459,13.236808688899925,0.44057608233348045,19.574468085106382,1.1592677646864753
18,"20MA, 50MA, RSI, Lower_BB, CCI, ATR",32,0.30000000000000004,0.0001,16,60,30,50,sigmoid,0.1116584919549431,13.79071921314857,0.3818553365704813,8.51063829787234,1.1076984297093613
19,"20MA, 50MA, RSI, Lower_BB, CCI, ATR",32,0.6000000000000001,0.001,16,60,30,100,relu,0.10045441235741069,11.918275269611703,0.4996837104721549,30.21276595744681,0.8622002790689847
20,"20MA, 50MA, RSI, Lower_BB, CCI, ATR",32,0.6000000000000001,0.001,32,60,30,100,relu,0.10477184701628088,12.361668106994918,0.45575329494686334,26.382978723404253,1.0604830685982192
21,"20MA, 50MA, RSI, Lower_BB, CCI, ATR",32,0.5,0.001,16,60,30,100,relu,0.09647429680586286,12.14800216890517,0.5385444734521136,19.574468085106382,1.0671009356510286
22,"20MA, 50MA, RSI, Lower_BB, CCI, ATR",32,0.7,0.001,16,60,30,100,relu,0.10290275651444775,12.271816490967526,0.4749984018892528,31.48936170212766,1.0242474276382765
23,"20MA, 50MA, RSI, Lower_BB, CCI, ATR",32,0.6000000000000001,0.001,16,60,30,100,relu,0.10399322017312648,12.354774462674502,0.4638125297637077,30.21276595744681,0.9783243035410127
24,"20MA, 50MA, RSI, Lower_BB, CCI, ATR",32,0.5,0.001,16,60,30,100,relu,0.10426252040776429,12.156388445127334,0.4610319182188334,29.78723404255319,1.0218529175177864
0,"20MA, 50MA, RSI, Lower_BB, CCI, Williams_%R",64,0.4,0.0001,64,60,1,150,tanh,0.0338180885424377,4.179473754279911,0.9487072223509895,65.54621848739495,1.249956364913069
1,"20MA, 50MA, RSI, Lower_BB, CCI, Williams_%R",128,0.2,0.0001,64,60,1,150,sigmoid,0.05511905638589389,7.257412507510486,0.8637421122457981,40.33613445378151,1.0534731358120684
2,"20MA, 50MA, RSI, Lower_BB, CCI, Williams_%R",64,0.7,0.0001,64,60,1,50,sigmoid,0.06108306551237223,6.844287372422689,0.832660004461797,42.436974789915965,0.9308958719443865
3,"20MA, 50MA, RSI, Lower_BB, CCI, Williams_%R",32,0.2,0.001,64,60,1,50,relu,0.04937501959740151,6.735388387499487,0.8906616121127953,47.47899159663865,1.4011668772105401
4,"20MA, 50MA, RSI, Lower_BB, CCI, Williams_%R",64,0.4,0.001,16,60,1,150,relu,0.028869937137069243,3.2351231342113778,0.9626190976552376,77.31092436974791,1.2162396939169047
5,"20MA, 50MA, RSI, Lower_BB, CCI, Williams_%R",64,0.4,0.001,32,60,1,100,tanh,0.026515341333509468,2.80389091628879,0.9684679251642967,84.87394957983193,1.232177491029927
6,"20MA, 50MA, RSI, Lower_BB, CCI, Williams_%R",128,0.6000000000000001,0.0001,16,60,1,150,sigmoid,0.03803553588935602,4.684792550592622,0.9351160646034833,58.40336134453782,0.9006879428258299
7,"20MA, 50MA, RSI, Lower_BB, CCI, Williams_%R",128,0.8,0.0001,32,60,1,150,tanh,0.02896923550519847,3.4090039496618365,0.9623615116359684,78.99159663865547,1.6331475285224089
8,"20MA, 50MA, RSI, Lower_BB, CCI, Williams_%R",128,0.6000000000000001,0.0001,64,60,1,150,relu,0.04230853817155141,5.4314697079606855,0.9197187466142606,56.30252100840336,1.3669157361652224
9,"20MA, 50MA, RSI, Lower_BB, CCI, Williams_%R",128,0.4,0.0005,16,60,1,50,relu,0.031230051254051584,3.4065220062316035,0.9562575103025592,77.73109243697479,1.147416197449159
10,"20MA, 50MA, RSI, Lower_BB, CCI, Williams_%R",32,0.30000000000000004,0.001,32,60,1,100,tanh,0.02681728058851988,2.8743403362560946,0.9677457033228136,83.19327731092437,1.129296395859972
11,"20MA, 50MA, RSI, Lower_BB, CCI, Williams_%R",32,0.30000000000000004,0.001,32,60,1,100,tanh,0.027986359859877852,3.256868008423434,0.9648722015273629,81.9327731092437,1.0046814944232387
12,"20MA, 50MA, RSI, Lower_BB, CCI, Williams_%R",32,0.5,0.001,32,60,1,100,tanh,0.029417177817933873,3.1747843262162387,0.9611885279024244,78.15126050420169,1.2096066041226394
13,"20MA, 50MA, RSI, Lower_BB, CCI, Williams_%R",32,0.30000000000000004,0.001,32,60,1,100,tanh,0.026390961598145714,2.9419565198635285,0.9687630563801372,86.1344537815126,0.9528845588667934
14,"20MA, 50MA, RSI, Lower_BB, CCI, Williams_%R",64,0.30000000000000004,0.0005,32,60,1,100,tanh,0.02723351039525423,2.955083068366748,0.9667366982830965,84.03361344537815,1.1760446351820406
15,"20MA, 50MA, RSI, Lower_BB, CCI, Williams_%R",32,0.5,0.001,32,60,1,100,tanh,0.02975542250486309,3.3807565975973946,0.9602908723068958,76.47058823529412,1.2064266090167612
16,"20MA, 50MA, RSI, Lower_BB, CCI, Williams_%R",64,0.30000000000000004,0.001,32,60,1,100,tanh,0.027210036156539344,2.9306968633356933,0.9667940169431302,84.45378151260505,0.9962484142186416
17,"20MA, 50MA, RSI, Lower_BB, CCI, Williams_%R",32,0.4,0.001,32,60,1,100,tanh,0.026829955338088584,3.035837939028359,0.9677152071849635,81.9327731092437,0.8945174554340876
18,"20MA, 50MA, RSI, Lower_BB, CCI, Williams_%R",64,0.2,0.0005,32,60,1,100,tanh,0.028612310403980476,3.190582030377868,0.9632832730326049,79.83193277310924,0.9608786475779796
19,"20MA, 50MA, RSI, Lower_BB, CCI, Williams_%R",32,0.5,0.001,32,60,1,100,sigmoid,0.03515578130967787,4.214888656155253,0.9445691405036079,65.96638655462185,1.3982135999546506
20,"20MA, 50MA, RSI, Lower_BB, CCI, Williams_%R",64,0.6000000000000001,0.001,16,60,1,100,tanh,0.03368574174292711,3.778858962254102,0.9491079044717635,72.26890756302521,1.2165054289987314
21,"20MA, 50MA, RSI, Lower_BB, CCI, Williams_%R",32,0.30000000000000004,0.001,32,60,1,100,tanh,0.026291213833305002,2.897602629997369,0.9689987375998982,85.71428571428571,1.056270874947018
22,"20MA, 50MA, RSI, Lower_BB, CCI, Williams_%R",32,0.30000000000000004,0.001,32,60,1,100,tanh,0.029554539909286994,3.411356773358423,0.9608252250759135,77.31092436974791,0.8213890169046133
23,"20MA, 50MA, RSI, Lower_BB, CCI, Williams_%R",32,0.4,0.001,32,60,1,100,tanh,0.027046155116460475,3.0303381815862735,0.9671927994684869,84.45378151260505,0.7947525103391826
24,"20MA, 50MA, RSI, Lower_BB, CCI, Williams_%R",32,0.2,0.001,32,60,1,100,tanh,0.026657969405164305,2.9289123767533556,0.9681277858620423,84.03361344537815,1.2250731376163664
0,"20MA, 50MA, RSI, Lower_BB, CCI, Williams_%R",64,0.2,0.0005,16,60,30,150,sigmoid,0.1018753322591241,12.642036453116578,0.4854297372475235,30.21276595744681,0.9561795962140627
1,"20MA, 50MA, RSI, Lower_BB, CCI, Williams_%R",32,0.4,0.001,16,60,30,100,tanh,0.10668931354353517,13.325971743430696,0.43565010339088406,27.659574468085108,0.9850764784939644
2,"20MA, 50MA, RSI, Lower_BB, CCI, Williams_%R",32,0.2,0.001,16,60,30,150,sigmoid,0.11341993021288782,15.290183264989258,0.36219875942945956,26.80851063829787,0.9049438491271321
3,"20MA, 50MA, RSI, Lower_BB, CCI, Williams_%R",128,0.6000000000000001,0.0005,64,60,30,150,sigmoid,0.17924430240497058,27.395068824732245,-0.5929323333826046,2.127659574468085,0.6692094637785785
4,"20MA, 50MA, RSI, Lower_BB, CCI, Williams_%R",32,0.8,0.0001,32,60,30,100,relu,0.1037713306438218,12.344242734537993,0.4660982068074444,31.48936170212766,1.0881691134951574
5,"20MA, 50MA, RSI, Lower_BB, CCI, Williams_%R",32,0.5,0.0001,64,60,30,100,relu,0.10143159436535058,11.833757459375498,0.48990259720648033,27.659574468085108,1.072836186188068
6,"20MA, 50MA, RSI, Lower_BB, CCI, Williams_%R",128,0.8,0.001,64,60,30,150,tanh,0.1051877688502082,12.724925649591908,0.45142363191903334,23.829787234042556,1.0218529175177864
7,"20MA, 50MA, RSI, Lower_BB, CCI, Williams_%R",128,0.4,0.0001,32,60,30,100,tanh,0.10536673690574522,12.792024120626783,0.4495553316889508,23.829787234042556,1.0777973795079103
8,"20MA, 50MA, RSI, Lower_BB, CCI, Williams_%R",128,0.2,0.001,32,60,30,50,relu,0.11201599028359388,14.931505244947957,0.3778907576760595,22.5531914893617,1.0632342214108825
9,"20MA, 50MA, RSI, Lower_BB, CCI, Williams_%R",128,0.30000000000000004,0.0001,16,60,30,150,tanh,0.11195888887865715,12.87178117531905,0.3785248503170833,28.936170212765955,1.0112225707798155
10,"20MA, 50MA, RSI, Lower_BB, CCI, Williams_%R",64,0.6000000000000001,0.0001,64,60,30,50,relu,0.10293596594894197,11.623698059744997,0.47465948347461107,30.638297872340424,1.22968720623459
11,"20MA, 50MA, RSI, Lower_BB, CCI, Williams_%R",64,0.6000000000000001,0.0005,16,60,30,100,sigmoid,0.11789219717510795,16.25165363727322,0.31090875566407083,27.659574468085108,1.0511457108443518
12,"20MA, 50MA, RSI, Lower_BB, CCI, Williams_%R",64,0.4,0.0005,64,60,30,150,sigmoid,0.10940523092663412,13.416535996378972,0.40655184702989833,15.74468085106383,1.056003138276696
13,"20MA, 50MA, RSI, Lower_BB, CCI, Williams_%R",32,0.5,0.0005,64,60,30,100,relu,0.10344500939646023,12.200979326700816,0.46945076217748083,26.382978723404253,1.0445719840678298
14,"20MA, 50MA, RSI, Lower_BB, CCI, Williams_%R",64,0.30000000000000004,0.0001,16,60,30,50,sigmoid,0.12045549555334059,16.518494876584207,0.2806175385984787,12.76595744680851,0.890969566580519
15,"20MA, 50MA, RSI, Lower_BB, CCI, Williams_%R",32,0.7,0.0005,64,60,30,150,relu,0.10444145581202856,12.169758968065501,0.45918037603817063,26.80851063829787,0.9676969035433433
16,"20MA, 50MA, RSI, Lower_BB, CCI, Williams_%R",64,0.5,0.0001,16,60,30,100,relu,0.10465909102280796,12.90198267557291,0.4569241067229076,29.78723404255319,1.034111613253545
17,"20MA, 50MA, RSI, Lower_BB, CCI, Williams_%R",64,0.30000000000000004,0.0005,16,60,30,150,sigmoid,0.10881120867118893,14.454706798818481,0.41297867670305977,25.53191489361702,0.982259746444447
18,"20MA, 50MA, RSI, Lower_BB, CCI, Williams_%R",32,0.2,0.0001,64,60,30,100,sigmoid,0.11685776045996445,14.014423495619408,0.32294846652461306,11.48936170212766,1.1288592440732776
19,"20MA, 50MA, RSI, Lower_BB, CCI, Williams_%R",32,0.5,0.0005,32,60,30,50,relu,0.10474061451984663,12.909435461114862,0.4560777265604885,23.829787234042556,1.099844933354793
20,"20MA, 50MA, RSI, Lower_BB, CCI, Williams_%R",64,0.7,0.0005,64,60,30,150,sigmoid,0.10314050421696173,11.06601916294279,0.47256966006780465,30.21276595744681,0.9175064755758842
21,"20MA, 50MA, RSI, Lower_BB, CCI, Williams_%R",64,0.6000000000000001,0.0001,64,60,30,50,relu,0.1040612368140825,11.88246654793317,0.4631109148495888,29.361702127659573,1.4497758820827913
22,"20MA, 50MA, RSI, Lower_BB, CCI, Williams_%R",64,0.7,0.0001,64,60,30,50,relu,0.10517240448718072,11.926790690598434,0.4515838769931285,28.085106382978726,1.4231683849757257
23,"20MA, 50MA, RSI, Lower_BB, CCI, Williams_%R",64,0.6000000000000001,0.0001,64,60,30,50,relu,0.10367851328839567,11.956723901841675,0.46705286721353434,28.936170212765955,1.359230522017673
24,"20MA, 50MA, RSI, Lower_BB, CCI, Williams_%R",64,0.4,0.0001,64,60,30,50,relu,0.10547223945789139,11.940986229430832,0.44845247146731804,29.361702127659573,1.2508404889008948
0,"20MA, 50MA, RSI, Lower_BB, CCI, OBV",32,0.30000000000000004,0.0001,16,60,1,150,relu,0.03342726416104958,3.9614443202935363,0.9498859189466362,70.16806722689076,0.7680101699122586
1,"20MA, 50MA, RSI, Lower_BB, CCI, OBV",128,0.4,0.001,32,60,1,150,tanh,0.026236568374817394,2.8701089865763727,0.969127473965152,84.45378151260505,1.451693085318959
2,"20MA, 50MA, RSI, Lower_BB, CCI, OBV",32,0.5,0.001,16,60,1,50,relu,0.030491134276170714,3.5006484733223,0.9583029562570172,78.15126050420169,1.2740809988837976
3,"20MA, 50MA, RSI, Lower_BB, CCI, OBV",128,0.4,0.0001,16,60,1,150,sigmoid,0.040338178419442115,4.974601844335737,0.9270222163918994,57.98319327731093,0.8787792675818434
4,"20MA, 50MA, RSI, Lower_BB, CCI, OBV",64,0.7,0.0001,32,60,1,150,tanh,0.034296155064520106,4.3055613615668085,0.947246780147544,64.28571428571429,1.281989243023246
5,"20MA, 50MA, RSI, Lower_BB, CCI, OBV",64,0.30000000000000004,0.0001,16,60,1,50,sigmoid,0.05874493359267916,7.8083732623616235,0.8452256678794285,36.134453781512605,1.1518893382855013
6,"20MA, 50MA, RSI, Lower_BB, CCI, OBV",32,0.7,0.0001,64,60,1,100,relu,0.050556444147628686,6.4427471420644675,0.8853666074808544,45.79831932773109,1.2864913741922008
7,"20MA, 50MA, RSI, Lower_BB, CCI, OBV",64,0.7,0.0005,64,60,1,150,relu,0.04047900686376222,5.160740234440353,0.9265117675689207,57.14285714285714,1.3781860862457505
8,"20MA, 50MA, RSI, Lower_BB, CCI, OBV",32,0.4,0.0005,16,60,1,50,tanh,0.03316132349934845,3.7501542242602763,0.9506801422999241,71.84873949579831,1.0797453775724628
9,"20MA, 50MA, RSI, Lower_BB, CCI, OBV",32,0.30000000000000004,0.001,32,60,1,50,relu,0.029460890563179513,3.463525011369918,0.9610730976249202,78.99159663865547,1.3062310156258496
10,"20MA, 50MA, RSI, Lower_BB, CCI, OBV",128,0.2,0.001,32,60,1,100,tanh,0.029737692178868628,3.3499700749685424,0.9603381810632359,78.57142857142857,0.7221120211794321
11,"20MA, 50MA, RSI, Lower_BB, CCI, OBV",128,0.5,0.001,32,60,1,50,tanh,0.030604626445967124,3.5428258865225946,0.9579919743803249,75.63025210084034,1.08731900281208
12,"20MA, 50MA, RSI, Lower_BB, CCI, OBV",128,0.2,0.001,32,60,1,150,relu,0.026582893987735067,2.882100148476401,0.9683070531092299,85.71428571428571,0.9429359022021903
13,"20MA, 50MA, RSI, Lower_BB, CCI, OBV",128,0.2,0.001,32,60,1,150,tanh,0.02814777432845519,3.204044516785668,0.9644658259557843,81.9327731092437,0.9804019769274248
14,"20MA, 50MA, RSI, Lower_BB, CCI, OBV",128,0.5,0.001,32,60,1,150,sigmoid,0.10227686989978091,15.983027657473178,0.5308486602281632,7.9831932773109235,0.7926237881728141
15,"20MA, 50MA, RSI, Lower_BB, CCI, OBV",128,0.2,0.001,32,60,1,150,relu,0.0412459674569098,4.768301920316013,0.9237006050921005,59.66386554621849,1.3591823455843235
16,"20MA, 50MA, RSI, Lower_BB, CCI, OBV",128,0.6000000000000001,0.001,32,60,1,150,tanh,0.029972856216762347,3.1624589625500854,0.9597084138123295,81.09243697478992,1.505728722387407
17,"20MA, 50MA, RSI, Lower_BB, CCI, OBV",128,0.4,0.0005,64,60,1,100,tanh,0.03311092908351432,4.034661693882841,0.9508299286547375,69.32773109243698,0.9576809692935759
18,"20MA, 50MA, RSI, Lower_BB, CCI, OBV",128,0.8,0.001,32,60,1,150,relu,0.03552837942662001,4.6201815160573,0.9433879475004603,62.18487394957983,0.736014615353426
19,"20MA, 50MA, RSI, Lower_BB, CCI, OBV",128,0.30000000000000004,0.001,32,60,1,150,sigmoid,0.0790400774928253,11.842445339904554,0.7198098788686111,16.80672268907563,0.9762174134721224
20,"20MA, 50MA, RSI, Lower_BB, CCI, OBV",64,0.4,0.0005,64,60,1,100,tanh,0.03032166444445832,3.5749577337371794,0.9587651728088323,73.10924369747899,0.9655404506437648
21,"20MA, 50MA, RSI, Lower_BB, CCI, OBV",128,0.2,0.001,32,60,1,150,tanh,0.028195319824121587,3.1204926782529068,0.9643456802711046,83.19327731092437,0.9028310794192301
22,"20MA, 50MA, RSI, Lower_BB, CCI, OBV",128,0.2,0.001,32,60,1,150,tanh,0.03051858502290451,3.435094614872092,0.9582278439166568,76.47058823529412,1.0252417245939318
23,"20MA, 50MA, RSI, Lower_BB, CCI, OBV",128,0.30000000000000004,0.001,32,60,1,150,tanh,0.026284526714752118,2.9124435040231362,0.9690145058146288,84.45378151260505,1.017148945281029
24,"20MA, 50MA, RSI, Lower_BB, CCI, OBV",128,0.30000000000000004,0.001,32,60,1,150,tanh,0.03438722279774379,3.9027329436492764,0.9469662533999418,68.90756302521008,0.6745065594083295
0,"20MA, 50MA, RSI, Lower_BB, CCI, OBV",128,0.2,0.0001,64,60,30,50,relu,0.11360709626324449,13.527283610883927,0.3600920179557775,25.957446808510635,1.0250969352134085
1,"20MA, 50MA, RSI, Lower_BB, CCI, OBV",32,0.6000000000000001,0.0005,16,60,30,100,sigmoid,0.106647121989994,12.743446236766125,0.4360963728429359,34.46808510638298,0.7163536142319671
2,"20MA, 50MA, RSI, Lower_BB, CCI, OBV",64,0.8,0.0001,64,60,30,50,tanh,0.11348592762438357,13.819486309476828,0.3547854520665711,24.576271186440678,0.9705095121891092
3,"20MA, 50MA, RSI, Lower_BB, CCI, OBV",32,0.4,0.001,64,60,30,100,sigmoid,0.11109476299849241,13.706705511293777,0.3880812203646534,22.127659574468083,1.0554897997939374
4,"20MA, 50MA, RSI, Lower_BB, CCI, OBV",64,0.30000000000000004,0.001,64,60,30,150,sigmoid,0.10262602581533037,12.401709152706806,0.47781832065527197,23.829787234042556,0.9698210674797311
5,"20MA, 50MA, RSI, Lower_BB, CCI, OBV",128,0.5,0.0001,64,60,30,150,tanh,0.11664928820082891,14.096613658708106,0.3253620086074679,25.53191489361702,1.0057935228866413
6,"20MA, 50MA, RSI, Lower_BB, CCI, OBV",64,0.5,0.0005,64,60,30,50,relu,0.11142655923745193,13.229677039363127,0.38442064208143545,31.06382978723404,0.9787273548250509
7,"20MA, 50MA, RSI, Lower_BB, CCI, OBV",32,0.7,0.0001,16,60,30,50,tanh,0.1104821108687958,13.396952103891572,0.3948116840685705,28.085106382978726,1.1193004810137706
8,"20MA, 50MA, RSI, Lower_BB, CCI, OBV",128,0.2,0.0001,32,60,30,50,relu,0.11543223924365749,14.395928844147857,0.3393661094963528,29.78723404255319,1.006819431633817
9,"20MA, 50MA, RSI, Lower_BB, CCI, OBV",32,0.7,0.001,16,60,30,150,relu,0.10476351811741559,12.728445750175284,0.45583982192367,27.659574468085108,0.9282883767117533
10,"20MA, 50MA, RSI, Lower_BB, CCI, OBV",64,0.30000000000000004,0.001,32,60,30,150,sigmoid,0.11794865892361622,15.72256551928691,0.310248548893045,19.574468085106382,0.8249538245647029
11,"20MA, 50MA, RSI, Lower_BB, CCI, OBV",32,0.8,0.001,16,60,30,150,relu,0.10284194623403176,11.684765187758986,0.4756187168800584,29.361702127659573,0.9890343775804419
12,"20MA, 50MA, RSI, Lower_BB, CCI, OBV",64,0.4,0.001,16,60,30,150,sigmoid,0.1490912858994887,22.41586295395581,-0.10207494532158923,18.72340425531915,0.8598214374749278
13,"20MA, 50MA, RSI, Lower_BB, CCI, OBV",32,0.8,0.001,16,60,30,150,sigmoid,0.11953448434386137,16.19930110645097,0.29157637979082873,27.659574468085108,1.226843280947734
14,"20MA, 50MA, RSI, Lower_BB, CCI, OBV",64,0.30000000000000004,0.001,32,60,30,150,relu,0.12153004869049343,16.18049107744178,0.2677254308240675,21.70212765957447,1.0289786119505355
15,"20MA, 50MA, RSI, Lower_BB, CCI, OBV",32,0.6000000000000001,0.001,64,60,30,150,relu,0.10313433760207766,11.956980279928862,0.47263272670839174,22.127659574468083,1.182259554890062
16,"20MA, 50MA, RSI, Lower_BB, CCI, OBV",64,0.4,0.001,16,60,30,100,sigmoid,0.14238581779901832,21.10564484774449,-0.005171291121174759,22.97872340425532,0.9151286430236021
17,"20MA, 50MA, RSI, Lower_BB, CCI, OBV",64,0.30000000000000004,0.0005,64,60,30,150,relu,0.10612151751069958,12.500491625136462,0.4416410119334918,21.70212765957447,0.9976568848559294
18,"20MA, 50MA, RSI, Lower_BB, CCI, OBV",32,0.6000000000000001,0.001,16,60,30,150,sigmoid,0.12300737583390038,16.92303583550582,0.24981406849143173,25.957446808510635,1.0527747122834092
19,"20MA, 50MA, RSI, Lower_BB, CCI, OBV",128,0.7,0.001,32,60,30,150,tanh,0.12818581292003003,17.677079096021096,0.18532098054809798,19.148936170212767,0.8440882428881825
20,"20MA, 50MA, RSI, Lower_BB, CCI, OBV",32,0.2,0.0005,64,60,30,100,sigmoid,0.10626620651871989,11.761935921229218,0.44011740984840286,30.21276595744681,1.4795696039485793
21,"20MA, 50MA, RSI, Lower_BB, CCI, OBV",32,0.6000000000000001,0.001,64,60,30,150,relu,0.10494275821698905,11.211471010721922,0.4539762197281483,27.659574468085108,1.3308953680649895
22,"20MA, 50MA, RSI, Lower_BB, CCI, OBV",32,0.5,0.001,64,60,30,150,relu,0.10351272733245973,10.604301245239016,0.46875591069708433,32.76595744680851,1.4040736100874063
23,"20MA, 50MA, RSI, Lower_BB, CCI, OBV",32,0.8,0.001,64,60,30,150,relu,0.10263701356603867,11.356971072100407,0.4777064989370997,26.382978723404253,1.1960721203040496
24,"20MA, 50MA, RSI, Lower_BB, CCI, OBV",32,0.8,0.001,64,60,30,150,relu,0.10590114848232608,11.764044122940966,0.443957550079661,25.53191489361702,1.0918019282348166
0,"20MA, 50MA, RSI, Lower_BB, ATR, Williams_%R",64,0.8,0.0005,64,60,1,100,tanh,0.0297244458469851,3.502887487699459,0.9603735070463416,78.15126050420169,1.351579720261621
1,"20MA, 50MA, RSI, Lower_BB, ATR, Williams_%R",128,0.5,0.0005,64,60,1,150,sigmoid,0.04450932516573481,6.137826337690463,0.9111494493529877,48.319327731092436,1.320911489852762
2,"20MA, 50MA, RSI, Lower_BB, ATR, Williams_%R",32,0.4,0.001,16,60,1,150,tanh,0.02985228510692701,3.738122157129077,0.9600319218653763,76.05042016806722,0.9571850444791191
3,"20MA, 50MA, RSI, Lower_BB, ATR, Williams_%R",128,0.5,0.001,16,60,1,50,relu,0.04097564941185225,4.874603007370693,0.9246974306283305,63.02521008403361,0.9593873105748278
4,"20MA, 50MA, RSI, Lower_BB, ATR, Williams_%R",128,0.7,0.001,32,60,1,50,sigmoid,0.07233485444902213,10.717512498247814,0.7653322939048989,23.10924369747899,0.9749194728658791
5,"20MA, 50MA, RSI, Lower_BB, ATR, Williams_%R",64,0.6000000000000001,0.0005,16,60,1,150,relu,0.031126632438833002,3.6161842960958763,0.9565467385276585,75.21008403361344,0.8893032965304454
6,"20MA, 50MA, RSI, Lower_BB, ATR, Williams_%R",32,0.2,0.0005,32,60,1,50,tanh,0.034762833618673716,4.459585298045106,0.9458013531503515,66.80672268907563,1.2767392789798624
7,"20MA, 50MA, RSI, Lower_BB, ATR, Williams_%R",32,0.4,0.0005,64,60,1,50,sigmoid,0.05244505371313756,5.947347391796025,0.8766420415376173,52.10084033613446,0.9985220450329493
8,"20MA, 50MA, RSI, Lower_BB, ATR, Williams_%R",128,0.4,0.001,64,60,1,150,relu,0.02833921218875303,3.328686116195202,0.9639808342156158,79.83193277310924,1.062042964601547
9,"20MA, 50MA, RSI, Lower_BB, ATR, Williams_%R",64,0.7,0.001,32,60,1,50,tanh,0.03407435665851605,4.200491391106917,0.9479268998487252,68.0672268907563,1.18103270032302
10,"20MA, 50MA, RSI, Lower_BB, ATR, Williams_%R",128,0.2,0.0001,64,60,1,100,relu,0.036057661584283585,4.399662485332059,0.9416886332355897,64.70588235294117,0.9581263170537418
11,"20MA, 50MA, RSI, Lower_BB, ATR, Williams_%R",64,0.8,0.0001,64,60,1,100,tanh,0.037460459557013444,4.568303726854478,0.9370632509441533,63.86554621848739,1.1099687384764036
12,"20MA, 50MA, RSI, Lower_BB, ATR, Williams_%R",64,0.30000000000000004,0.001,64,60,1,100,relu,0.027654140476041044,2.969735092455871,0.9657012388818638,84.03361344537815,1.3659744292855514
13,"20MA, 50MA, RSI, Lower_BB, ATR, Williams_%R",128,0.30000000000000004,0.001,64,60,1,100,relu,0.029394490358095167,3.2272724647567688,0.9612483700920585,78.15126050420169,1.3037538531244686
14,"20MA, 50MA, RSI, Lower_BB, ATR, Williams_%R",64,0.30000000000000004,0.001,64,60,1,150,relu,0.027718996887879366,2.8677547840574724,0.9655401705530051,85.29411764705883,1.1166488001815233
15,"20MA, 50MA, RSI, Lower_BB, ATR, Williams_%R",64,0.30000000000000004,0.001,64,60,1,150,relu,0.030509612690470422,3.7741992082585814,0.9582524019737703,74.78991596638656,0.7867400935543929
16,"20MA, 50MA, RSI, Lower_BB, ATR, Williams_%R",64,0.30000000000000004,0.001,64,60,1,100,relu,0.03541468744736059,4.64742368376201,0.9437496886301547,61.76470588235294,0.9936239883242018
17,"20MA, 50MA, RSI, Lower_BB, ATR, Williams_%R",64,0.2,0.0001,64,60,1,100,relu,0.04191837933794731,5.0653400169558065,0.9211925870089307,53.36134453781513,0.9356445990605824
18,"20MA, 50MA, RSI, Lower_BB, ATR, Williams_%R",64,0.30000000000000004,0.001,32,60,1,150,relu,0.030478853671785888,3.6310974301249166,0.9583365372825047,75.63025210084034,0.9825911817423763
19,"20MA, 50MA, RSI, Lower_BB, ATR, Williams_%R",64,0.4,0.001,16,60,1,100,relu,0.04201619649594527,5.732265214351317,0.9208243613526625,49.159663865546214,0.7598735010756175
20,"20MA, 50MA, RSI, Lower_BB, ATR, Williams_%R",64,0.6000000000000001,0.0001,64,60,1,150,sigmoid,0.057633166249064026,6.615146083711513,0.8510285437332898,42.857142857142854,0.7246716525456706
21,"20MA, 50MA, RSI, Lower_BB, ATR, Williams_%R",128,0.4,0.001,64,60,1,150,relu,0.02648182418151337,2.8160935318029856,0.968547592052816,85.71428571428571,1.0272733231606732
22,"20MA, 50MA, RSI, Lower_BB, ATR, Williams_%R",128,0.30000000000000004,0.001,64,60,1,150,relu,0.027057559449086513,2.9354169084428015,0.9671651265436695,83.19327731092437,1.0287091863081104
23,"20MA, 50MA, RSI, Lower_BB, ATR, Williams_%R",128,0.4,0.001,64,60,1,150,relu,0.031008746015230706,3.875126419686187,0.9568752577941969,71.00840336134453,1.1133251522248073
24,"20MA, 50MA, RSI, Lower_BB, ATR, Williams_%R",128,0.2,0.001,64,60,1,150,relu,0.031400765342754544,3.9038520747136882,0.9557779805674165,71.00840336134453,0.934039092197316
0,"20MA, 50MA, RSI, Lower_BB, ATR, Williams_%R",128,0.5,0.0001,64,60,30,100,tanh,0.10416842111898356,12.046562534765965,0.462004341033308,24.680851063829788,1.2089751319509017
1,"20MA, 50MA, RSI, Lower_BB, ATR, Williams_%R",64,0.30000000000000004,0.0001,16,60,30,150,relu,0.10430046626175558,13.083200730472946,0.4606395370316183,19.148936170212767,0.8930222689366277
2,"20MA, 50MA, RSI, Lower_BB, ATR, Williams_%R",64,0.6000000000000001,0.0005,16,60,30,150,relu,0.10505306895511284,13.125533378506091,0.45282770898023283,19.148936170212767,0.9110661301464273
3,"20MA, 50MA, RSI, Lower_BB, ATR, Williams_%R",32,0.4,0.001,64,60,30,100,tanh,0.1021241538712768,11.973401228977789,0.4829130816817685,25.53191489361702,1.0583860038041444
4,"20MA, 50MA, RSI, Lower_BB, ATR, Williams_%R",128,0.5,0.001,32,60,30,100,sigmoid,0.12737452666009844,18.205944256409108,0.1956005324933774,25.957446808510635,0.9049438491271321
5,"20MA, 50MA, RSI, Lower_BB, ATR, Williams_%R",64,0.6000000000000001,0.001,32,60,30,50,tanh,0.10855470176674815,14.277473783068602,0.4157430526298964,23.829787234042556,0.9884827845238459
6,"20MA, 50MA, RSI, Lower_BB, ATR, Williams_%R",128,0.4,0.001,16,60,30,150,relu,0.10515396703842898,12.956942522229257,0.4517761424055865,28.085106382978726,1.0855876188423292
7,"20MA, 50MA, RSI, Lower_BB, ATR, Williams_%R",64,0.2,0.0001,16,60,30,150,relu,0.10747365517837311,12.06977885644655,0.42732180540785725,26.80851063829787,1.0092517529295988
8,"20MA, 50MA, RSI, Lower_BB, ATR, Williams_%R",64,0.7,0.0001,64,60,30,50,sigmoid,0.1112820945559573,12.787435563988556,0.3860158062486322,18.29787234042553,1.1213253113483606
9,"20MA, 50MA, RSI, Lower_BB, ATR, Williams_%R",32,0.8,0.0005,16,60,30,50,relu,0.10218586956508192,12.32997104704284,0.4822879206525795,32.76595744680851,0.9671252021199711
10,"20MA, 50MA, RSI, Lower_BB, ATR, Williams_%R",32,0.2,0.001,64,60,30,100,tanh,0.10252817179066216,12.12569144814273,0.47881364747862354,24.680851063829788,1.2388686499706782
11,"20MA, 50MA, RSI, Lower_BB, ATR, Williams_%R",32,0.8,0.0005,64,60,30,50,tanh,0.10155122711672238,11.8327692224553,0.48869862632323313,23.404255319148938,1.0960071986633757
12,"20MA, 50MA, RSI, Lower_BB, ATR, Williams_%R",32,0.8,0.0005,64,60,30,100,tanh,0.1006021631535092,11.62822295724937,0.4982108733597307,28.936170212765955,1.2520166100790044
13,"20MA, 50MA, RSI, Lower_BB, ATR, Williams_%R",32,0.8,0.0005,64,60,30,50,tanh,0.10153143235095924,11.822536684795361,0.4888979366573799,24.25531914893617,0.9856120311371095
14,"20MA, 50MA, RSI, Lower_BB, ATR, Williams_%R",32,0.7,0.0005,64,60,30,100,tanh,0.1005075953562768,11.62881640074799,0.4991538111162429,25.957446808510635,1.1674505097794745
15,"20MA, 50MA, RSI, Lower_BB, ATR, Williams_%R",32,0.7,0.0005,64,60,30,100,tanh,0.10165216694317011,11.614825707204457,0.48768167510837324,28.510638297872344,1.0716526156310726
16,"20MA, 50MA, RSI, Lower_BB, ATR, Williams_%R",32,0.7,0.0005,64,60,30,100,sigmoid,0.10926865718487895,12.053342196041909,0.40803255953177253,21.70212765957447,0.9439479671147665
17,"20MA, 50MA, RSI, Lower_BB, ATR, Williams_%R",32,0.6000000000000001,0.0005,32,60,30,100,tanh,0.1024040958634329,12.600811273115978,0.48007432637629166,25.53191489361702,1.199731382144288
18,"20MA, 50MA, RSI, Lower_BB, ATR, Williams_%R",32,0.7,0.0005,64,60,30,100,tanh,0.10260474085542506,11.894161918023944,0.47803490243200386,23.404255319148938,1.108931723733797
19,"20MA, 50MA, RSI, Lower_BB, ATR, Williams_%R",32,0.8,0.0005,64,60,30,100,tanh,0.10153421654398358,11.695912822096794,0.4888699054107528,29.78723404255319,1.203918005459306
20,"20MA, 50MA, RSI, Lower_BB, ATR, Williams_%R",128,0.6000000000000001,0.0005,64,60,30,100,sigmoid,0.10838008413097959,14.222618898377034,0.4176211751036454,25.957446808510635,0.9049438491271321
21,"20MA, 50MA, RSI, Lower_BB, ATR, Williams_%R",32,0.8,0.0005,64,60,30,50,tanh,0.10113002751857791,11.716074350978726,0.4929312352186974,27.23404255319149,1.0445719840678298
22,"20MA, 50MA, RSI, Lower_BB, ATR, Williams_%R",32,0.8,0.0005,64,60,30,50,tanh,0.09895056586402627,11.41997303580003,0.514551489990458,28.085106382978726,1.1039343514688298
23,"20MA, 50MA, RSI, Lower_BB, ATR, Williams_%R",32,0.7,0.0005,64,60,30,50,tanh,0.10005267073475439,11.512549923364771,0.5036774814493234,28.085106382978726,1.2666845441241696
24,"20MA, 50MA, RSI, Lower_BB, ATR, Williams_%R",32,0.7,0.0005,32,60,30,50,tanh,0.09906105606322332,12.022250458310907,0.5134667615030639,25.53191489361702,1.249634451582985
0,"20MA, 50MA, RSI, Lower_BB, ATR, OBV",32,0.6000000000000001,0.0005,16,60,1,150,relu,0.033884250216159414,4.234902157610153,0.9485063277529238,70.16806722689076,1.0070966315367682
1,"20MA, 50MA, RSI, Lower_BB, ATR, OBV",32,0.7,0.001,64,60,1,150,tanh,0.028585230496515967,3.274422483344471,0.9633527406874408,77.31092436974791,1.2614787822588653
2,"20MA, 50MA, RSI, Lower_BB, ATR, OBV",64,0.5,0.0005,64,60,1,150,sigmoid,0.0458165260428784,4.999948065791244,0.9058538819793668,57.98319327731093,1.1165426379104462
3,"20MA, 50MA, RSI, Lower_BB, ATR, OBV",32,0.30000000000000004,0.001,32,60,1,50,sigmoid,0.0550277948970944,7.473088883808769,0.8641929473659312,31.092436974789916,1.1380748138258807
4,"20MA, 50MA, RSI, Lower_BB, ATR, OBV",128,0.2,0.001,64,60,1,100,tanh,0.03185287982279495,3.9380869469233297,0.95449537807717,71.42857142857143,0.9529517141392656
5,"20MA, 50MA, RSI, Lower_BB, ATR, OBV",32,0.8,0.0005,32,60,1,100,sigmoid,0.043151871748856166,5.598754159414644,0.9164863661899735,51.26050420168067,1.0366311585877235
6,"20MA, 50MA, RSI, Lower_BB, ATR, OBV",128,0.6000000000000001,0.0005,32,60,1,100,tanh,0.03329120086971323,4.361938812985046,0.9502930602124486,67.64705882352942,1.0028393956022565
7,"20MA, 50MA, RSI, Lower_BB, ATR, OBV",64,0.5,0.001,32,60,1,150,tanh,0.04191040784469451,5.446196855466172,0.9212225573006345,48.739495798319325,0.768567386416491
8,"20MA, 50MA, RSI, Lower_BB, ATR, OBV",32,0.6000000000000001,0.0005,32,60,1,150,sigmoid,0.049857924196273475,6.300257386970809,0.8885124195912654,44.537815126050425,0.9336782047027257
9,"20MA, 50MA, RSI, Lower_BB, ATR, OBV",128,0.30000000000000004,0.0001,16,60,1,100,relu,0.04230065922491367,5.597780982621963,0.9197486447313722,53.36134453781513,1.1499419918225255
10,"20MA, 50MA, RSI, Lower_BB, ATR, OBV",32,0.8,0.0001,64,60,1,50,tanh,0.040918596895567615,4.673331531893734,0.9249069799687551,64.70588235294117,1.1668380524105324
11,"20MA, 50MA, RSI, Lower_BB, ATR, OBV",128,0.2,0.001,64,60,1,100,tanh,0.02750372034507515,3.1010291561067405,0.9660733490018583,82.77310924369748,1.2431538605631132
12,"20MA, 50MA, RSI, Lower_BB, ATR, OBV",128,0.4,0.001,64,60,1,150,tanh,0.02761629736315572,2.8522314327693454,0.9657950464467542,85.71428571428571,1.2631680797630431
13,"20MA, 50MA, RSI, Lower_BB, ATR, OBV",128,0.2,0.001,64,60,1,100,tanh,0.027489546512186797,2.944427550041483,0.9661083076742963,84.45378151260505,1.2246808427105225
14,"20MA, 50MA, RSI, Lower_BB, ATR, OBV",128,0.2,0.001,64,60,1,100,tanh,0.029750217487813292,3.5539642422619053,0.9603047634629789,76.47058823529412,0.7213921157969044
15,"20MA, 50MA, RSI, Lower_BB, ATR, OBV",128,0.30000000000000004,0.001,64,60,1,100,tanh,0.05192951379405527,7.089577062253816,0.8790553625386723,36.554621848739494,0.966802051942001
16,"20MA, 50MA, RSI, Lower_BB, ATR, OBV",128,0.2,0.001,16,60,1,100,relu,0.0310066829393567,3.843288836762862,0.9568809959595201,74.36974789915966,0.9449126724044425
17,"20MA, 50MA, RSI, Lower_BB, ATR, OBV",128,0.4,0.0001,64,60,1,50,tanh,0.039331390570487096,4.428886419630496,0.9306196147925538,65.54621848739495,1.9497481779293648
18,"20MA, 50MA, RSI, Lower_BB, ATR, OBV",64,0.4,0.001,64,60,1,100,tanh,0.041450359446574686,5.492589253030207,0.9229425370374672,50.42016806722689,0.8883161939011838
19,"20MA, 50MA, RSI, Lower_BB, ATR, OBV",128,0.2,0.001,64,60,1,100,relu,0.034888238866818744,4.172784655304016,0.9440054107574821,66.52719665271967,0.82897302488359
20,"20MA, 50MA, RSI, Lower_BB, ATR, OBV",128,0.30000000000000004,0.0001,16,60,1,100,tanh,0.044334548413980365,5.917046645087079,0.9118458661756076,44.537815126050425,0.740400218052851
21,"20MA, 50MA, RSI, Lower_BB, ATR, OBV",128,0.4,0.001,64,60,1,150,tanh,0.027300206893534257,3.0607242707410025,0.9665735711364875,83.19327731092437,0.7646739818728322
22,"20MA, 50MA, RSI, Lower_BB, ATR, OBV",128,0.30000000000000004,0.001,64,60,1,150,tanh,0.027580322906748514,2.915793011862592,0.9658841027843215,84.45378151260505,1.14156428004866
23,"20MA, 50MA, RSI, Lower_BB, ATR, OBV",128,0.4,0.001,64,60,1,50,tanh,0.03952111186490961,4.262419017268311,0.9299486655548411,66.80672268907563,1.1925464751240622
24,"20MA, 50MA, RSI, Lower_BB, ATR, OBV",128,0.2,0.001,64,60,1,100,tanh,0.035362735042953036,4.570725255252159,0.9439146029997617,61.76470588235294,0.8821602910529004
0,"20MA, 50MA, RSI, Lower_BB, ATR, OBV",32,0.6000000000000001,0.0005,32,60,30,150,sigmoid,0.10695268648095436,12.553579860013253,0.4328603591437795,27.659574468085108,1.0895581782424753
1,"20MA, 50MA, RSI, Lower_BB, ATR, OBV",128,0.2,0.0005,64,60,30,50,sigmoid,0.10944610656851524,12.899490360301819,0.4061083196868268,31.914893617021278,1.0855876188423292
2,"20MA, 50MA, RSI, Lower_BB, ATR, OBV",32,0.7,0.0001,32,60,30,150,relu,0.11187006480900549,13.479352420503051,0.37951057025293544,27.659574468085108,0.9850764784939644
3,"20MA, 50MA, RSI, Lower_BB, ATR, OBV",128,0.7,0.0005,32,60,30,150,sigmoid,0.1279841081184765,18.195888097941534,0.1878828145129926,16.170212765957448,0.834318434518076
4,"20MA, 50MA, RSI, Lower_BB, ATR, OBV",32,0.5,0.001,32,60,30,150,relu,0.09891582125295342,11.600459719257648,0.514892342178919,25.106382978723403,1.170100695419097
5,"20MA, 50MA, RSI, Lower_BB, ATR, OBV",32,0.30000000000000004,0.0005,16,60,30,100,tanh,0.11936765793805493,16.07724514155358,0.29355240028980545,20.851063829787233,1.211519164231875
6,"20MA, 50MA, RSI, Lower_BB, ATR, OBV",32,0.8,0.001,16,60,30,50,sigmoid,0.13015585754883696,18.41908792564194,0.16008750129102323,23.404255319148938,0.7970142564755022
7,"20MA, 50MA, RSI, Lower_BB, ATR, OBV",64,0.4,0.0005,64,60,30,50,tanh,0.1099501187440082,12.657289347894697,0.4006258430784695,30.638297872340424,1.2670522386546066
8,"20MA, 50MA, RSI, Lower_BB, ATR, OBV",32,0.30000000000000004,0.0001,32,60,30,100,sigmoid,0.10885128251732233,13.552331925843175,0.41254621143935977,17.02127659574468,0.9479556171503413
9,"20MA, 50MA, RSI, Lower_BB, ATR, OBV",128,0.6000000000000001,0.0005,64,60,30,100,relu,0.10840918444372906,12.34849064425344,0.41730839289299027,32.340425531914896,1.0365249391884748
10,"20MA, 50MA, RSI, Lower_BB, ATR, OBV",64,0.5,0.001,32,60,30,150,relu,0.10612952826476563,10.580968366584807,0.44155671149263775,33.61702127659574,1.354412910049962
11,"20MA, 50MA, RSI, Lower_BB, ATR, OBV",64,0.5,0.001,32,60,30,150,relu,0.09904021378751766,10.939511790249865,0.5136714714775386,32.340425531914896,1.3205004824529876
12,"20MA, 50MA, RSI, Lower_BB, ATR, OBV",64,0.5,0.001,32,60,30,150,relu,0.10920620731374933,12.493932261760683,0.4087090156565941,28.936170212765955,1.006955947887589
13,"20MA, 50MA, RSI, Lower_BB, ATR, OBV",64,0.5,0.001,32,60,30,150,relu,0.10968448383016652,11.809295618406914,0.4035184706863285,30.21276595744681,1.3290952351423608
14,"20MA, 50MA, RSI, Lower_BB, ATR, OBV",64,0.4,0.001,32,60,30,150,relu,0.10819019692930618,12.307078645153911,0.4196600996896954,27.23404255319149,1.1400307307585187
15,"20MA, 50MA, RSI, Lower_BB, ATR, OBV",32,0.6000000000000001,0.001,16,60,30,150,relu,0.1103469130127382,12.66401391733254,0.39629192553360504,22.5531914893617,1.0778972400448066
16,"20MA, 50MA, RSI, Lower_BB, ATR, OBV",64,0.4,0.001,32,60,30,150,relu,0.1055306325742111,12.018377561849897,0.4478415904525854,31.06382978723404,0.969197285094263
17,"20MA, 50MA, RSI, Lower_BB, ATR, OBV",64,0.5,0.001,32,60,30,150,tanh,0.11300246694930394,14.10052886827662,0.36688521232439375,25.106382978723403,1.1485706520795491
18,"20MA, 50MA, RSI, Lower_BB, ATR, OBV",32,0.30000000000000004,0.0001,16,60,30,100,relu,0.11090525858742306,13.512153600297614,0.3901670505508992,30.638297872340424,0.9850764784939644
19,"20MA, 50MA, RSI, Lower_BB, ATR, OBV",128,0.7,0.001,64,60,30,50,relu,0.12094325774122748,16.207317180480306,0.274779731220093,19.148936170212767,0.7205698548474023
20,"20MA, 50MA, RSI, Lower_BB, ATR, OBV",64,0.8,0.001,32,60,30,150,tanh,0.10312473355183413,11.866313559877813,0.472730940864469,27.23404255319149,1.1801189599630493
21,"20MA, 50MA, RSI, Lower_BB, ATR, OBV",64,0.8,0.001,32,60,30,150,tanh,0.11920206409588166,15.657933990884118,0.29551109213714577,24.680851063829788,1.2113681761034012
22,"20MA, 50MA, RSI, Lower_BB, ATR, OBV",64,0.6000000000000001,0.001,32,60,30,150,tanh,0.09930001222475787,10.036232770062744,0.5111166888970187,31.48936170212766,1.3249874116678217
23,"20MA, 50MA, RSI, Lower_BB, ATR, OBV",64,0.6000000000000001,0.001,32,60,30,150,tanh,0.11820621310246225,15.390964920942988,0.30723296011349466,22.97872340425532,1.2795318414639234
24,"20MA, 50MA, RSI, Lower_BB, ATR, OBV",64,0.5,0.001,32,60,30,150,tanh,0.11792876756070221,15.389777311911443,0.31048117450578117,24.25531914893617,1.3025587180058924
0,"20MA, 50MA, RSI, Lower_BB, Williams_%R, OBV",32,0.7,0.001,64,60,1,50,sigmoid,0.04175192752630204,4.8617037610005545,0.9218172100383887,58.40336134453782,0.947442364748259
1,"20MA, 50MA, RSI, Lower_BB, Williams_%R, OBV",128,0.8,0.0005,16,60,1,150,tanh,0.028391596734354943,3.192292074208624,0.9638475495270599,81.09243697478992,1.423311781027276
2,"20MA, 50MA, RSI, Lower_BB, Williams_%R, OBV",128,0.4,0.0005,32,60,1,150,tanh,0.027735825755670053,3.1864863905650402,0.9654983150733251,81.09243697478992,1.1106579280764113
3,"20MA, 50MA, RSI, Lower_BB, Williams_%R, OBV",32,0.6000000000000001,0.0001,32,60,1,100,relu,0.03540317284208352,4.3272588882359715,0.9437862607353098,67.64705882352942,1.2310336914257114
4,"20MA, 50MA, RSI, Lower_BB, Williams_%R, OBV",128,0.8,0.001,64,60,1,50,tanh,0.031673237577602355,3.7776687091346544,0.9550072000086535,76.05042016806722,0.8467276396408863
5,"20MA, 50MA, RSI, Lower_BB, Williams_%R, OBV",128,0.30000000000000004,0.0001,64,60,1,50,relu,0.041716310708455356,5.179876846226239,0.9219505420607184,58.82352941176471,1.1025356794054406
6,"20MA, 50MA, RSI, Lower_BB, Williams_%R, OBV",128,0.4,0.0005,16,60,1,50,sigmoid,0.03995299549301289,5.014216157780941,0.9284092690222963,53.78151260504202,0.8693013833326558
7,"20MA, 50MA, RSI, Lower_BB, Williams_%R, OBV",64,0.7,0.0005,16,60,1,50,tanh,0.09876737075749632,10.756332571038373,0.5624929156375815,57.56302521008403,0.8116048587752858
8,"20MA, 50MA, RSI, Lower_BB, Williams_%R, OBV",32,0.7,0.0001,64,60,1,100,tanh,0.04211220786956088,5.211832471809146,0.9204620988031776,54.20168067226891,1.1659148345735773
9,"20MA, 50MA, RSI, Lower_BB, Williams_%R, OBV",64,0.4,0.0005,64,60,1,100,tanh,0.04107276322845165,4.879661626202763,0.9243400678549314,59.66386554621849,0.9786656594495655
10,"20MA, 50MA, RSI, Lower_BB, Williams_%R, OBV",128,0.2,0.0005,32,60,1,150,relu,0.03817284103990045,4.431415017203974,0.9346467677470758,63.4453781512605,1.3472103575936096
11,"20MA, 50MA, RSI, Lower_BB, Williams_%R, OBV",128,0.5,0.0005,16,60,1,150,tanh,0.026619065496725183,2.9627118216247337,0.9682207448496197,84.45378151260505,1.0484443319055083
12,"20MA, 50MA, RSI, Lower_BB, Williams_%R, OBV",128,0.5,0.0005,32,60,1,150,tanh,0.030104609392789902,3.6977165611379204,0.9593534118114877,76.05042016806722,0.9839278390167334
13,"20MA, 50MA, RSI, Lower_BB, Williams_%R, OBV",128,0.5,0.0005,32,60,1,150,tanh,0.04288749381820607,5.84577014027894,0.9175065548751901,49.159663865546214,0.8297538076937628
14,"20MA, 50MA, RSI, Lower_BB, Williams_%R, OBV",128,0.4,0.001,16,60,1,150,tanh,0.033830640099002454,3.925743988242329,0.9486691407383683,72.68907563025209,1.0523001859888454
15,"20MA, 50MA, RSI, Lower_BB, Williams_%R, OBV",64,0.2,0.0005,32,60,1,150,sigmoid,0.05343596356800168,6.699624198759646,0.8719364919210257,41.17647058823529,1.0773617631913777
16,"20MA, 50MA, RSI, Lower_BB, Williams_%R, OBV",128,0.30000000000000004,0.0005,16,60,1,150,tanh,0.04646648930695537,5.460144654846017,0.903163780322835,65.12605042016807,1.4785479140807092
17,"20MA, 50MA, RSI, Lower_BB, Williams_%R, OBV",128,0.6000000000000001,0.0005,16,60,1,150,tanh,0.028820327107202774,3.2273803948771365,0.9627474577771583,79.83193277310924,1.0489305746243227
18,"20MA, 50MA, RSI, Lower_BB, Williams_%R, OBV",32,0.30000000000000004,0.001,32,60,1,150,relu,0.03391467217437942,3.690593960993125,0.94841382214513,72.68907563025209,0.9357573227749404
19,"20MA, 50MA, RSI, Lower_BB, Williams_%R, OBV",64,0.6000000000000001,0.0001,16,60,1,150,sigmoid,0.03937661258772561,4.343472489022373,0.930459980228779,65.12605042016807,1.050030463092982
20,"20MA, 50MA, RSI, Lower_BB, Williams_%R, OBV",128,0.5,0.0005,32,60,1,100,tanh,0.03594839622507755,4.470463426666916,0.942041499091305,69.74789915966386,0.7777139045192265
21,"20MA, 50MA, RSI, Lower_BB, Williams_%R, OBV",128,0.8,0.0005,16,60,1,150,tanh,0.027435248538178195,2.9784663868824546,0.9662420627201467,83.61344537815127,1.1268742525240922
22,"20MA, 50MA, RSI, Lower_BB, Williams_%R, OBV",128,0.5,0.0005,16,60,1,150,tanh,0.02750205685619641,3.0032140560108243,0.9660774528030321,82.77310924369748,1.5037174768851003
23,"20MA, 50MA, RSI, Lower_BB, Williams_%R, OBV",128,0.6000000000000001,0.0005,16,60,1,150,tanh,0.05211108638989517,6.407194220016693,0.8782081131667097,39.91596638655462,1.1087069923947381
24,"20MA, 50MA, RSI, Lower_BB, Williams_%R, OBV",128,0.5,0.0005,16,60,1,150,tanh,0.04578318178929162,5.58179803480917,0.9059908670357527,55.04201680672269,1.0232165560500535
0,"20MA, 50MA, RSI, Lower_BB, Williams_%R, OBV",64,0.4,0.0001,16,60,30,150,sigmoid,0.1076590526833477,12.931825062957685,0.4253443033818526,31.914893617021278,0.9771970727853688
1,"20MA, 50MA, RSI, Lower_BB, Williams_%R, OBV",128,0.5,0.0005,16,60,30,100,sigmoid,0.15196496456599523,22.969536983010347,-0.14496854166181627,14.468085106382977,0.8705301955926059
2,"20MA, 50MA, RSI, Lower_BB, Williams_%R, OBV",64,0.5,0.0005,16,60,30,150,relu,0.1064013139448784,10.948764337490351,0.4386928293450031,33.191489361702125,1.267389082598792
3,"20MA, 50MA, RSI, Lower_BB, Williams_%R, OBV",32,0.30000000000000004,0.001,64,60,30,50,tanh,0.10968892061368243,13.025304927831879,0.40347021385273485,31.06382978723404,1.0037763020316661
4,"20MA, 50MA, RSI, Lower_BB, Williams_%R, OBV",128,0.2,0.001,16,60,30,150,relu,0.10994988914851794,11.532462858301095,0.4006283462764887,32.76595744680851,1.2639018420805255
5,"20MA, 50MA, RSI, Lower_BB, Williams_%R, OBV",64,0.30000000000000004,0.0001,16,60,30,50,tanh,0.1120513095905833,14.077764856443087,0.3774983863497928,24.25531914893617,1.1528678878546734
6,"20MA, 50MA, RSI, Lower_BB, Williams_%R, OBV",64,0.8,0.0005,32,60,30,150,sigmoid,0.11927382301902585,12.97115328344925,0.29466264069145565,32.76595744680851,0.9848256584135262
7,"20MA, 50MA, RSI, Lower_BB, Williams_%R, OBV",128,0.8,0.001,64,60,30,50,sigmoid,0.11291755901043443,14.306332132364894,0.3678362760902856,22.5531914893617,0.9279305291698127
8,"20MA, 50MA, RSI, Lower_BB, Williams_%R, OBV",32,0.30000000000000004,0.0001,16,60,30,100,sigmoid,0.11521684616205019,14.773913811366121,0.34182925515522133,15.74468085106383,0.9817220109504075
9,"20MA, 50MA, RSI, Lower_BB, Williams_%R, OBV",128,0.8,0.0001,64,60,30,100,relu,0.1090386237586908,12.879727244338468,0.4105223670650976,28.085106382978726,1.1084632727881014
10,"20MA, 50MA, RSI, Lower_BB, Williams_%R, OBV",64,0.6000000000000001,0.0005,32,60,30,150,relu,0.10738101987685018,11.167823686967687,0.42830860266947446,29.361702127659573,1.372107908116682
11,"20MA, 50MA, RSI, Lower_BB, Williams_%R, OBV",64,0.6000000000000001,0.0005,32,60,30,150,relu,0.11117678964799314,12.37304223193248,0.3871772681691328,36.59574468085106,1.0506458508501277
12,"20MA, 50MA, RSI, Lower_BB, Williams_%R, OBV",64,0.6000000000000001,0.0005,32,60,30,150,relu,0.11016698557929279,11.641667784395947,0.39825908678273825,31.914893617021278,1.0267613712339172
13,"20MA, 50MA, RSI, Lower_BB, Williams_%R, OBV",64,0.6000000000000001,0.0005,32,60,30,150,relu,0.11687801268190984,12.784030704555269,0.3227137711814366,24.680851063829788,1.102444002002497
14,"20MA, 50MA, RSI, Lower_BB, Williams_%R, OBV",64,0.5,0.0005,32,60,30,150,relu,0.11420118667737449,12.189633162007881,0.3533819230343411,30.638297872340424,1.28294394161766
15,"20MA, 50MA, RSI, Lower_BB, Williams_%R, OBV",64,0.7,0.0005,16,60,30,150,relu,0.10620680319362882,10.975824115327077,0.440743189062042,31.48936170212766,1.2937896065706482
16,"20MA, 50MA, RSI, Lower_BB, Williams_%R, OBV",32,0.7,0.0005,16,60,30,150,relu,0.11365799509305388,11.84498307770534,0.35951849984363415,30.21276595744681,1.1871856629900832
17,"20MA, 50MA, RSI, Lower_BB, Williams_%R, OBV",64,0.7,0.0005,16,60,30,150,tanh,0.11258614855136521,13.622105979546786,0.371541602783509,20.851063829787233,0.9850764784939644
18,"20MA, 50MA, RSI, Lower_BB, Williams_%R, OBV",64,0.4,0.0005,16,60,30,50,relu,0.11467114567677789,14.741965325649769,0.3480490668233136,24.680851063829788,0.9810076336286129
19,"20MA, 50MA, RSI, Lower_BB, Williams_%R, OBV",32,0.7,0.001,16,60,30,100,relu,0.10205063406936138,10.173858760273578,0.4836573217532103,37.87234042553192,1.387814740266302
20,"20MA, 50MA, RSI, Lower_BB, Williams_%R, OBV",32,0.7,0.001,16,60,30,100,tanh,0.11039098295316255,13.473264491954106,0.39580961586262986,27.659574468085108,0.9850764784939644
21,"20MA, 50MA, RSI, Lower_BB, Williams_%R, OBV",32,0.7,0.001,16,60,30,100,relu,0.11284679587121384,14.540867614312136,0.36862835613678036,26.382978723404253,0.8730346582670956
22,"20MA, 50MA, RSI, Lower_BB, Williams_%R, OBV",32,0.5,0.001,16,60,30,100,relu,0.10757976028182606,12.481574101211061,0.4261904756109647,28.936170212765955,1.123812964777426
23,"20MA, 50MA, RSI, Lower_BB, Williams_%R, OBV",32,0.4,0.001,16,60,30,100,relu,0.10501173969565679,10.433646038623777,0.45325815384853907,34.8936170212766,1.4084184705597178
24,"20MA, 50MA, RSI, Lower_BB, Williams_%R, OBV",32,0.4,0.001,16,60,30,100,relu,0.10339997077430388,10.194261255339168,0.46991265018860295,37.4468085106383,1.387814740266302
0,"20MA, 50MA, RSI, CCI, ATR, Williams_%R",128,0.5,0.0005,32,60,1,50,tanh,0.028537253009392763,3.2777100306388722,0.96347565506401,80.25210084033614,1.5343849788217117
1,"20MA, 50MA, RSI, CCI, ATR, Williams_%R",128,0.6000000000000001,0.0005,16,60,1,100,relu,0.02940244741257648,3.393144269496822,0.9612273872097907,78.99159663865547,1.0496142168613976
2,"20MA, 50MA, RSI, CCI, ATR, Williams_%R",32,0.6000000000000001,0.001,16,60,1,50,sigmoid,0.05686034699639882,7.99882255203295,0.8549969572387883,34.45378151260504,1.0762440329777774
3,"20MA, 50MA, RSI, CCI, ATR, Williams_%R",32,0.6000000000000001,0.001,32,60,1,100,sigmoid,0.038590603151845586,4.424916550751766,0.9332084938238768,64.28571428571429,1.1762383518050201
4,"20MA, 50MA, RSI, CCI, ATR, Williams_%R",64,0.4,0.001,16,60,1,150,relu,0.027403346532415294,3.1606562895743284,0.9663205252692235,81.5126050420168,1.3350162358670012
5,"20MA, 50MA, RSI, CCI, ATR, Williams_%R",32,0.7,0.0001,32,60,1,50,tanh,0.03842777253914649,4.707486288346974,0.933770949775263,60.924369747899156,1.1016728431388476
6,"20MA, 50MA, RSI, CCI, ATR, Williams_%R",128,0.7,0.001,32,60,1,100,sigmoid,0.06701180258445891,9.990400615092902,0.7985994255086311,22.268907563025213,0.908208464752303
7,"20MA, 50MA, RSI, CCI, ATR, Williams_%R",64,0.30000000000000004,0.0005,64,60,1,50,relu,0.03535497149938232,4.279220894541797,0.9439392263003351,66.80672268907563,0.8710427462835896
8,"20MA, 50MA, RSI, CCI, ATR, Williams_%R",64,0.5,0.0005,32,60,1,150,sigmoid,0.03796100142199133,5.158343500267301,0.935370108673051,57.56302521008403,1.3412464745497992
9,"20MA, 50MA, RSI, CCI, ATR, Williams_%R",32,0.30000000000000004,0.0001,16,60,1,100,relu,0.03420711193421938,4.275850455720607,0.9475203509897192,67.22689075630252,1.1506710567495886
10,"20MA, 50MA, RSI, CCI, ATR, Williams_%R",64,0.2,0.001,64,60,1,150,relu,0.03593284611331645,4.789422664741179,0.9420916301866006,60.08403361344538,1.1751919787156198
11,"20MA, 50MA, RSI, CCI, ATR, Williams_%R",128,0.4,0.0005,16,60,1,150,tanh,0.026849196028373365,3.0487596211305092,0.9676688854951144,82.35294117647058,1.124863856639854
12,"20MA, 50MA, RSI, CCI, ATR, Williams_%R",128,0.4,0.001,16,60,1,150,tanh,0.038822199382184695,4.59072498674217,0.9324044080460234,63.02521008403361,0.8684289546131244
13,"20MA, 50MA, RSI, CCI, ATR, Williams_%R",64,0.4,0.0005,16,60,1,150,tanh,0.02908095009597438,3.528362800498533,0.9620706599297428,78.57142857142857,0.890391027458539
14,"20MA, 50MA, RSI, CCI, ATR, Williams_%R",128,0.4,0.0001,16,60,1,150,tanh,0.02908624558319646,3.106647040350395,0.9620568452075775,81.09243697478992,1.0541230572418083
15,"20MA, 50MA, RSI, CCI, ATR, Williams_%R",64,0.2,0.0005,16,60,1,150,relu,0.03914753350655441,5.322396378551036,0.9312667446905031,54.20168067226891,0.8513738895418921
16,"20MA, 50MA, RSI, CCI, ATR, Williams_%R",128,0.8,0.001,16,60,1,150,tanh,0.02743228995312169,3.1939636295937706,0.9662493431603727,79.41176470588235,1.1968411003548283
17,"20MA, 50MA, RSI, CCI, ATR, Williams_%R",64,0.30000000000000004,0.001,64,60,1,150,relu,0.027990242662457254,3.290385598503277,0.9648624536524113,78.15126050420169,1.235673530385139
18,"20MA, 50MA, RSI, CCI, ATR, Williams_%R",64,0.4,0.0005,16,60,1,150,relu,0.027307253437088015,3.129943333045746,0.9665563133050107,79.83193277310924,1.2526343260126793
19,"20MA, 50MA, RSI, CCI, ATR, Williams_%R",128,0.5,0.0005,16,60,1,150,tanh,0.03210472459913227,3.520297891770132,0.9537729689237857,77.73109243697479,1.2588198846937595
20,"20MA, 50MA, RSI, CCI, ATR, Williams_%R",128,0.30000000000000004,0.0005,64,60,1,150,tanh,0.033363740592538854,4.29977227153968,0.9500762067567023,65.96638655462185,1.3797633019204516
21,"20MA, 50MA, RSI, CCI, ATR, Williams_%R",64,0.4,0.0005,16,60,1,150,relu,0.028565522573074095,3.398888996714923,0.9634032557538408,77.31092436974791,1.090458287408077
22,"20MA, 50MA, RSI, CCI, ATR, Williams_%R",64,0.5,0.0005,16,60,1,150,relu,0.026780527740893373,3.048301513902739,0.9678340512021963,82.77310924369748,1.0688552183694109
23,"20MA, 50MA, RSI, CCI, ATR, Williams_%R",64,0.5,0.0005,16,60,1,150,relu,0.05879245437002001,7.4791312186289876,0.8449751621429031,33.193277310924366,0.7598735010756175
24,"20MA, 50MA, RSI, CCI, ATR, Williams_%R",64,0.5,0.0005,16,60,1,150,relu,0.034680654788478926,4.275145735622764,0.9460572998819448,65.54621848739495,0.9004828118828917
0,"20MA, 50MA, RSI, CCI, ATR, Williams_%R",64,0.8,0.0001,16,60,30,100,relu,0.10096412662252692,12.145143035747626,0.4945935340173263,30.638297872340424,1.053717805056036
1,"20MA, 50MA, RSI, CCI, ATR, Williams_%R",64,0.5,0.0001,16,60,30,100,sigmoid,0.10695538025343197,13.312875658111922,0.4328317901672516,28.510638297872344,0.9555233823890816
2,"20MA, 50MA, RSI, CCI, ATR, Williams_%R",32,0.6000000000000001,0.0001,64,60,30,150,sigmoid,0.1057022918414292,11.911861253831015,0.4460438148841229,18.72340425531915,1.2927324356604033
3,"20MA, 50MA, RSI, CCI, ATR, Williams_%R",64,0.30000000000000004,0.0001,64,60,30,150,sigmoid,0.10486919764534279,11.532792887139784,0.4547414320171005,32.340425531914896,1.1763758175252685
4,"20MA, 50MA, RSI, CCI, ATR, Williams_%R",128,0.5,0.0005,64,60,30,150,tanh,0.10278754345594036,12.304209803700873,0.4761733593018973,26.382978723404253,1.0528729809635717
5,"20MA, 50MA, RSI, CCI, ATR, Williams_%R",32,0.30000000000000004,0.0001,32,60,30,50,sigmoid,0.11167507944730912,13.378236205169557,0.38167166524712215,11.914893617021278,1.0732051923481307
6,"20MA, 50MA, RSI, CCI, ATR, Williams_%R",64,0.30000000000000004,0.0005,64,60,30,50,sigmoid,0.10296586222029572,11.134438090165073,0.47435428396069934,31.914893617021278,1.0453731926630134
7,"20MA, 50MA, RSI, CCI, ATR, Williams_%R",128,0.7,0.001,16,60,30,100,sigmoid,0.152309395819199,22.902452338743153,-0.15016460597935866,7.234042553191489,0.7970142564755022
8,"20MA, 50MA, RSI, CCI, ATR, Williams_%R",32,0.30000000000000004,0.001,16,60,30,100,relu,0.1042502813679145,12.829968961689023,0.46115844622979685,27.23404255319149,1.034111613253545
9,"20MA, 50MA, RSI, CCI, ATR, Williams_%R",64,0.8,0.0005,32,60,30,100,sigmoid,0.11378206146371146,15.478364047643172,0.35811946786762616,25.957446808510635,0.890969566580519
10,"20MA, 50MA, RSI, CCI, ATR, Williams_%R",64,0.8,0.0001,16,60,30,100,relu,0.10184402217067542,12.219195307519419,0.4857459819024391,30.21276595744681,1.0105375593801262
11,"20MA, 50MA, RSI, CCI, ATR, Williams_%R",64,0.8,0.0001,16,60,30,100,relu,0.1009588566138627,12.19708432632403,0.494646293884236,30.21276595744681,1.2348765770110253
12,"20MA, 50MA, RSI, CCI, ATR, Williams_%R",64,0.7,0.0001,16,60,30,100,relu,0.10089773456650786,12.300830805229843,0.4952580064982577,29.78723404255319,1.053717805056036
13,"20MA, 50MA, RSI, CCI, ATR, Williams_%R",64,0.6000000000000001,0.0001,16,60,30,100,relu,0.10062498698208323,11.89979212334135,0.49798316358088346,32.76595744680851,0.997283491314681
14,"20MA, 50MA, RSI, CCI, ATR, Williams_%R",64,0.6000000000000001,0.0001,16,60,30,100,relu,0.10146271313405049,12.304368958669736,0.4895895578982209,29.78723404255319,1.087023363156613
15,"20MA, 50MA, RSI, CCI, ATR, Williams_%R",128,0.6000000000000001,0.001,16,60,30,50,tanh,0.11158744228443905,15.178660394450752,0.3826417523781852,20.0,0.9048845890506223
16,"20MA, 50MA, RSI, CCI, ATR, Williams_%R",64,0.7,0.0001,32,60,30,100,relu,0.10072213685217378,11.73558489678171,0.49701333659891733,29.361702127659573,1.5133192842720051
17,"20MA, 50MA, RSI, CCI, ATR, Williams_%R",64,0.4,0.0001,32,60,30,100,relu,0.09963763839671556,11.259753626304576,0.5077865703217257,29.361702127659573,1.326277979819794
18,"20MA, 50MA, RSI, CCI, ATR, Williams_%R",32,0.4,0.0005,32,60,30,150,relu,0.10179732449168238,12.279751803045421,0.486217466884483,27.23404255319149,1.0472863610742982
19,"20MA, 50MA, RSI, CCI, ATR, Williams_%R",128,0.2,0.001,32,60,30,50,tanh,0.10902941601281303,14.325230926541172,0.41062191951512894,23.829787234042556,1.0328520775968808
20,"20MA, 50MA, RSI, CCI, ATR, Williams_%R",64,0.4,0.0001,32,60,30,100,relu,0.09730658124625094,10.725808664803237,0.5305481693309064,33.61702127659574,1.0251334121381792
21,"20MA, 50MA, RSI, CCI, ATR, Williams_%R",64,0.4,0.0001,32,60,30,100,relu,0.09885330081122927,11.521362841918116,0.5155053798061011,33.191489361702125,1.2137559373281557
22,"20MA, 50MA, RSI, CCI, ATR, Williams_%R",64,0.4,0.0001,32,60,30,100,relu,0.09872174017567449,11.197650756828207,0.5167941178575204,30.21276595744681,1.2924119886965828
23,"20MA, 50MA, RSI, CCI, ATR, Williams_%R",64,0.4,0.0001,32,60,30,100,relu,0.10122040712712092,11.433029376486163,0.4920244984943616,30.21276595744681,1.1429620643754865
24,"20MA, 50MA, RSI, CCI, ATR, Williams_%R",64,0.4,0.0001,32,60,30,100,relu,0.0995181863236489,11.363475938247056,0.5089660577389521,31.06382978723404,1.2455055671583666
0,"20MA, 50MA, RSI, CCI, ATR, OBV",128,0.30000000000000004,0.001,32,60,1,100,sigmoid,0.13097717183101737,20.628336060635746,0.2306050679351227,10.504201680672269,1.0280202435414592
1,"20MA, 50MA, RSI, CCI, ATR, OBV",32,0.5,0.001,32,60,1,50,tanh,0.03800495589419076,4.98759973120914,0.9352203540670544,57.56302521008403,1.2077998662851877
2,"20MA, 50MA, RSI, CCI, ATR, OBV",64,0.5,0.0001,16,60,1,150,relu,0.02960549183931766,3.3489425552307446,0.9606900342746383,80.25210084033614,1.5183677983750943
3,"20MA, 50MA, RSI, CCI, ATR, OBV",32,0.8,0.0001,16,60,1,150,tanh,0.036925828363405834,4.716678361372648,0.9388468830678881,59.66386554621849,1.388344535908378
4,"20MA, 50MA, RSI, CCI, ATR, OBV",64,0.5,0.0001,16,60,1,100,tanh,0.031194883620890006,3.8230124305919695,0.9563559701917704,72.68907563025209,1.19805308660656
5,"20MA, 50MA, RSI, CCI, ATR, OBV",64,0.30000000000000004,0.001,32,60,1,50,relu,0.03013191180691144,3.366190302030069,0.9592796521293726,78.15126050420169,0.898749176139486
6,"20MA, 50MA, RSI, CCI, ATR, OBV",32,0.30000000000000004,0.0001,16,60,1,100,tanh,0.037567185825090194,4.889798904734713,0.9367041217219783,57.56302521008403,1.4177167852954795
7,"20MA, 50MA, RSI, CCI, ATR, OBV",64,0.2,0.0001,64,60,1,150,relu,0.037491405375175806,4.464280922389253,0.9369592247962449,68.0672268907563,1.2666803211385702
8,"20MA, 50MA, RSI, CCI, ATR, OBV",128,0.7,0.001,64,60,1,100,tanh,0.032925199155159623,3.6502199361190963,0.951380003262402,77.73109243697479,1.4511258715778375
9,"20MA, 50MA, RSI, CCI, ATR, OBV",64,0.8,0.0001,64,60,1,100,relu,0.039798578646569924,4.774671180862339,0.9289615906467986,62.18487394957983,1.6146388197542993
10,"20MA, 50MA, RSI, CCI, ATR, OBV",64,0.6000000000000001,0.0005,16,60,1,150,sigmoid,0.044121994101483486,5.686711747456915,0.9126891193508182,56.72268907563025,1.1641471800285093
11,"20MA, 50MA, RSI, CCI, ATR, OBV",64,0.4,0.0005,32,60,1,50,relu,0.02847197334884279,3.3763053968893857,0.9636425645959074,77.73109243697479,0.978575908982602
12,"20MA, 50MA, RSI, CCI, ATR, OBV",64,0.4,0.0005,32,60,1,50,relu,0.05221165135137976,7.325320356504007,0.8777375870093957,39.91596638655462,1.1435309711647268
13,"20MA, 50MA, RSI, CCI, ATR, OBV",64,0.5,0.0005,16,60,1,150,relu,0.03201938688758932,4.14976991984658,0.9540183948604667,69.32773109243698,1.0271059088912888
14,"20MA, 50MA, RSI, CCI, ATR, OBV",64,0.6000000000000001,0.0005,32,60,1,50,relu,0.03752708416918061,4.760136914223949,0.9352145303380609,57.32217573221757,1.0612952902979451
15,"20MA, 50MA, RSI, CCI, ATR, OBV",128,0.4,0.0005,32,60,1,150,relu,0.027365732992131374,3.092242119256766,0.9664129179904577,82.77310924369748,1.0548613486030147
16,"20MA, 50MA, RSI, CCI, ATR, OBV",128,0.4,0.0005,32,60,1,50,sigmoid,0.0731727521829004,10.74758738875505,0.7598642144389132,19.747899159663866,0.9924641498038883
17,"20MA, 50MA, RSI, CCI, ATR, OBV",128,0.2,0.0005,32,60,1,150,relu,0.0294234721923758,3.3832994626679977,0.9611719171945418,79.41176470588235,1.1228250335229077
18,"20MA, 50MA, RSI, CCI, ATR, OBV",128,0.4,0.0005,32,60,1,50,relu,0.029769682549842868,3.4038876309314627,0.9602528026318154,75.63025210084034,0.9043398926614867
19,"20MA, 50MA, RSI, CCI, ATR, OBV",128,0.6000000000000001,0.0005,32,60,1,150,relu,0.04746577755029534,6.234628623553924,0.8989539587873592,39.49579831932773,0.7598735010756175
20,"20MA, 50MA, RSI, CCI, ATR, OBV",128,0.4,0.0005,32,60,1,50,sigmoid,0.07285697170933712,10.793639404986548,0.7619323768473532,18.907563025210084,0.9988408824524944
21,"20MA, 50MA, RSI, CCI, ATR, OBV",128,0.2,0.0005,32,60,1,150,relu,0.0713900066112966,8.586003856644588,0.7714227788673191,25.210084033613445,0.7543813857225676
22,"20MA, 50MA, RSI, CCI, ATR, OBV",128,0.2,0.0005,32,60,1,150,relu,0.05356071387880223,7.663325293000349,0.8713378459936305,21.428571428571427,0.7598735010756175
23,"20MA, 50MA, RSI, CCI, ATR, OBV",128,0.30000000000000004,0.0005,32,60,1,150,relu,0.033544100299955124,4.116170664028396,0.9495349857536548,68.90756302521008,0.8555481635551972
24,"20MA, 50MA, RSI, CCI, ATR, OBV",128,0.30000000000000004,0.0005,32,60,1,150,relu,0.0291233901951385,3.3507379745922385,0.9609813870585305,79.07949790794979,1.123722385711312
0,"20MA, 50MA, RSI, CCI, ATR, OBV",128,0.6000000000000001,0.0005,64,60,30,100,tanh,0.10986432264324865,12.662660557934297,0.40156053920219503,31.06382978723404,1.0134512422467294
1,"20MA, 50MA, RSI, CCI, ATR, OBV",128,0.6000000000000001,0.001,64,60,30,150,sigmoid,0.10943099941791042,13.931075609595798,0.4062719198381779,31.48936170212766,1.140053489791075
2,"20MA, 50MA, RSI, CCI, ATR, OBV",32,0.4,0.0001,64,60,30,50,sigmoid,0.1232099092308622,14.659776621178983,0.24734121807117537,11.914893617021278,1.090829234869803
3,"20MA, 50MA, RSI, CCI, ATR, OBV",128,0.5,0.001,16,60,30,150,tanh,0.11150101098727318,13.959963668800945,0.38359739080058564,26.80851063829787,0.9323184110305405
4,"20MA, 50MA, RSI, CCI, ATR, OBV",32,0.30000000000000004,0.0001,16,60,30,100,tanh,0.11109343394852353,13.535668591493755,0.38809550927041503,27.659574468085108,0.9617219790599715
5,"20MA, 50MA, RSI, CCI, ATR, OBV",32,0.2,0.0001,16,60,30,50,relu,0.11003278490305603,13.633872182247902,0.399723878232522,27.23404255319149,1.0483862200153016
6,"20MA, 50MA, RSI, CCI, ATR, OBV",32,0.2,0.0001,16,60,30,100,sigmoid,0.11711903692838847,12.911920830126537,0.31991711880985696,34.8936170212766,1.1002944244903412
7,"20MA, 50MA, RSI, CCI, ATR, OBV",128,0.8,0.0005,64,60,30,50,sigmoid,0.10801235302543118,11.983873681955872,0.42156613343695726,29.361702127659573,1.1759683439226303
8,"20MA, 50MA, RSI, CCI, ATR, OBV",64,0.6000000000000001,0.0005,16,60,30,150,sigmoid,0.10461055073803537,12.875875300457643,0.45742742871404796,27.659574468085108,1.004920394291976
9,"20MA, 50MA, RSI, CCI, ATR, OBV",64,0.30000000000000004,0.0005,64,60,30,50,sigmoid,0.10888876363468049,12.934236527335297,0.412141243828572,25.957446808510635,1.166696599999117
10,"20MA, 50MA, RSI, CCI, ATR, OBV",64,0.8,0.0005,32,60,30,150,relu,0.09905164288269432,11.99509406028941,0.5135589419532656,26.80851063829787,0.9997697475384006
11,"20MA, 50MA, RSI, CCI, ATR, OBV",64,0.8,0.0005,32,60,30,150,relu,0.1166615312179951,12.872797887129067,0.3252199986561354,31.914893617021278,1.3299904242335023
12,"20MA, 50MA, RSI, CCI, ATR, OBV",64,0.7,0.0005,32,60,30,150,relu,0.10606116997823978,12.06061103449202,0.4422755483030234,32.76595744680851,0.8245329522647346
13,"20MA, 50MA, RSI, CCI, ATR, OBV",64,0.7,0.0005,32,60,30,150,relu,0.10137268082076119,9.788728720923059,0.4904946820116224,34.04255319148936,1.309281797588583
14,"20MA, 50MA, RSI, CCI, ATR, OBV",64,0.7,0.0005,32,60,30,150,relu,0.10061618649451556,12.252370550896915,0.49807068202899507,25.106382978723403,1.0013837306667834
15,"20MA, 50MA, RSI, CCI, ATR, OBV",64,0.8,0.0005,32,60,30,150,relu,0.10739180483180819,11.481126123610162,0.4281934307734663,22.97872340425532,1.1205536888111394
16,"20MA, 50MA, RSI, CCI, ATR, OBV",64,0.7,0.001,32,60,30,150,relu,0.11358012086594915,14.468528251186008,0.3603954993641614,24.25531914893617,1.081583355732914
17,"20MA, 50MA, RSI, CCI, ATR, OBV",64,0.5,0.0005,32,60,30,150,relu,0.10712524078764771,11.842595604848716,0.4310285428622912,34.8936170212766,1.0745019290188476
18,"20MA, 50MA, RSI, CCI, ATR, OBV",64,0.7,0.0005,32,60,30,150,relu,0.10021853422478345,11.248501722046193,0.5020302620148773,25.106382978723403,1.0909790900808618
19,"20MA, 50MA, RSI, CCI, ATR, OBV",64,0.8,0.001,32,60,30,100,relu,0.10350914224764925,12.459385816305142,0.4687924029252799,28.936170212765955,1.0456139248007088
20,"20MA, 50MA, RSI, CCI, ATR, OBV",64,0.5,0.0005,32,60,30,150,relu,0.0952466220148727,10.319661860649791,0.5502139081444456,35.74468085106383,1.0401773125485014
21,"20MA, 50MA, RSI, CCI, ATR, OBV",64,0.5,0.0005,32,60,30,150,relu,0.10410171326628627,12.564873046058189,0.46269285955918793,23.829787234042556,1.3503825257621194
22,"20MA, 50MA, RSI, CCI, ATR, OBV",64,0.4,0.0005,32,60,30,150,relu,0.10719295608722966,12.697766346477298,0.4303090065616828,25.53191489361702,0.8860868762298553
23,"20MA, 50MA, RSI, CCI, ATR, OBV",64,0.6000000000000001,0.0005,32,60,30,150,relu,0.11511906638359146,12.536645291254203,0.3429455277716844,30.21276595744681,0.9809699125796029
24,"20MA, 50MA, RSI, CCI, ATR, OBV",64,0.7,0.0005,32,60,30,150,relu,0.10600848955460512,12.877900784101051,0.44282945250007744,21.27659574468085,1.1381312947975593
0,"20MA, 50MA, RSI, CCI, Williams_%R, OBV",32,0.30000000000000004,0.0005,16,60,1,100,relu,0.03300901625597273,3.9098856785175253,0.9511321153205653,71.00840336134453,1.1426308058743855
1,"20MA, 50MA, RSI, CCI, Williams_%R, OBV",32,0.2,0.0005,16,60,1,50,tanh,0.032022626771319534,3.8180829555393334,0.9540090601770762,71.84873949579831,1.4176757692627096
2,"20MA, 50MA, RSI, CCI, Williams_%R, OBV",64,0.7,0.0005,16,60,1,100,tanh,0.03800110421676938,4.493571484675221,0.9352334430989577,64.28571428571429,1.0940133819618798
3,"20MA, 50MA, RSI, CCI, Williams_%R, OBV",64,0.8,0.0005,16,60,1,50,tanh,0.03345020555463578,4.0443870740662184,0.9498170764239081,67.64705882352942,1.140033171352875
4,"20MA, 50MA, RSI, CCI, Williams_%R, OBV",128,0.5,0.0005,64,60,1,100,sigmoid,0.0536335139054681,7.197849736457533,0.870987770541076,36.97478991596639,1.0955309875947927
5,"20MA, 50MA, RSI, CCI, Williams_%R, OBV",128,0.4,0.0001,32,60,1,100,tanh,0.036637574409304687,4.627174265382982,0.9397978773513247,60.50420168067227,1.1252169259730982
6,"20MA, 50MA, RSI, CCI, Williams_%R, OBV",32,0.30000000000000004,0.0005,16,60,1,50,relu,0.03225685952384169,3.7766765719478275,0.9533337887145633,73.94957983193278,1.300548121556466
7,"20MA, 50MA, RSI, CCI, Williams_%R, OBV",32,0.8,0.0005,64,60,1,100,sigmoid,0.04416959755611735,4.783243925585296,0.9125005623677582,60.924369747899156,0.9913972913002798
8,"20MA, 50MA, RSI, CCI, Williams_%R, OBV",64,0.8,0.0001,16,60,1,50,tanh,0.04194968759840047,5.6126863104913784,0.9210747730921189,56.72268907563025,1.3933664517491402
9,"20MA, 50MA, RSI, CCI, Williams_%R, OBV",64,0.6000000000000001,0.001,32,60,1,100,sigmoid,0.08943658381077421,13.820472153946174,0.641252583961901,15.546218487394958,1.0050668343955091
10,"20MA, 50MA, RSI, CCI, Williams_%R, OBV",32,0.2,0.001,32,60,1,150,tanh,0.03232461639847366,3.9684511685433757,0.9531375341761474,73.10924369747899,1.1377363399773632
11,"20MA, 50MA, RSI, CCI, Williams_%R, OBV",32,0.2,0.0005,16,60,1,50,relu,0.03079448859060939,3.513445712779886,0.9574691199350225,75.63025210084034,1.400731476047139
12,"20MA, 50MA, RSI, CCI, Williams_%R, OBV",32,0.2,0.0005,16,60,1,50,relu,0.036658920405023984,4.786194965338315,0.9397277062970572,62.18487394957983,1.0935045390890659
13,"20MA, 50MA, RSI, CCI, Williams_%R, OBV",32,0.30000000000000004,0.0005,16,60,1,50,relu,0.03137547192190836,3.765092004608407,0.9558491660892755,72.68907563025209,1.1318053718066923
14,"20MA, 50MA, RSI, CCI, Williams_%R, OBV",32,0.4,0.001,64,60,1,150,relu,0.032798474426126996,3.7684694336190656,0.9517535165401769,74.78991596638656,1.0895988328011732
15,"20MA, 50MA, RSI, CCI, Williams_%R, OBV",32,0.30000000000000004,0.0001,16,60,1,50,relu,0.04278374064031041,5.579944104445075,0.9179051558127235,54.20168067226891,1.3671543770005468
16,"20MA, 50MA, RSI, CCI, Williams_%R, OBV",128,0.4,0.0005,16,60,1,50,relu,0.02964153386892333,3.4107430505536205,0.960594238532505,78.15126050420169,1.5257964582561114
17,"20MA, 50MA, RSI, CCI, Williams_%R, OBV",128,0.5,0.0005,16,60,1,50,relu,0.03421360743661373,3.974095171598255,0.9475003856400037,73.94957983193278,1.1796172428987022
18,"20MA, 50MA, RSI, CCI, Williams_%R, OBV",128,0.4,0.0001,64,60,1,150,relu,0.03698495141730256,4.556741140335196,0.9386508595435639,60.924369747899156,1.072303783511775
19,"20MA, 50MA, RSI, CCI, Williams_%R, OBV",128,0.6000000000000001,0.001,32,60,1,50,relu,0.03626140833971263,4.289779929078524,0.9410277480783112,65.12605042016807,1.0833563509203428
20,"20MA, 50MA, RSI, CCI, Williams_%R, OBV",128,0.4,0.0005,16,60,1,50,relu,0.0320439455485992,3.911437086687303,0.9539478036799289,70.58823529411765,1.1927904914015925
21,"20MA, 50MA, RSI, CCI, Williams_%R, OBV",32,0.30000000000000004,0.0005,16,60,1,50,relu,0.031707497263079365,3.9316755502077707,0.9549097851682746,69.74789915966386,1.260147663552265
22,"20MA, 50MA, RSI, CCI, Williams_%R, OBV",32,0.2,0.0005,16,60,1,50,relu,0.0344087072728328,4.058207865678528,0.9468999303915404,68.0672268907563,1.012409802950642
23,"20MA, 50MA, RSI, CCI, Williams_%R, OBV",128,0.30000000000000004,0.0005,16,60,1,50,relu,0.030600365694084527,3.545429962419946,0.9580036438160122,73.94957983193278,1.5310818004617541
24,"20MA, 50MA, RSI, CCI, Williams_%R, OBV",128,0.4,0.0005,16,60,1,50,relu,0.031375616625779236,3.721170131586734,0.9558487588404974,73.52941176470588,1.3638960610136135
0,"20MA, 50MA, RSI, CCI, Williams_%R, OBV",32,0.6000000000000001,0.0001,32,60,30,50,relu,0.10735116778340492,13.167852729126228,0.42862609199778934,25.53191489361702,1.0483862200153016
1,"20MA, 50MA, RSI, CCI, Williams_%R, OBV",64,0.7,0.0005,16,60,30,100,tanh,0.10367084681032931,11.710957066739304,0.46713137498417534,28.510638297872344,0.8496811121957382
2,"20MA, 50MA, RSI, CCI, Williams_%R, OBV",64,0.6000000000000001,0.001,64,60,30,150,tanh,0.1083905908223632,12.515453164244608,0.41750791940895926,31.48936170212766,0.9799774142332303
3,"20MA, 50MA, RSI, CCI, Williams_%R, OBV",128,0.2,0.001,32,60,30,150,relu,0.1194799932068588,16.02105681962196,0.29222171110971884,19.148936170212767,1.058773807236398
4,"20MA, 50MA, RSI, CCI, Williams_%R, OBV",64,0.4,0.0005,32,60,30,150,tanh,0.10350593515964589,10.127530997222664,0.4688253198847402,37.4468085106383,1.3878150757704877
5,"20MA, 50MA, RSI, CCI, Williams_%R, OBV",128,0.6000000000000001,0.0001,16,60,30,150,relu,0.11950848853036809,13.486015301119487,0.291884068366421,20.0,0.9897919269040957
6,"20MA, 50MA, RSI, CCI, Williams_%R, OBV",128,0.2,0.0001,16,60,30,150,tanh,0.11294600590167105,14.218046398007331,0.3675173548919448,23.404255319148938,1.0231945294765041
7,"20MA, 50MA, RSI, CCI, Williams_%R, OBV",32,0.7,0.0005,64,60,30,50,tanh,0.10893942581118288,12.971721128147534,0.41159409586979023,31.06382978723404,1.0264452994983588
8,"20MA, 50MA, RSI, CCI, Williams_%R, OBV",64,0.4,0.0005,64,60,30,100,tanh,0.10876676498595464,12.808575752958129,0.41345777631914427,31.914893617021278,1.0472855860827304
9,"20MA, 50MA, RSI, CCI, Williams_%R, OBV",128,0.2,0.0005,32,60,30,50,sigmoid,0.12633365146590972,17.915905995746048,0.20869309430313054,24.680851063829788,0.9469298465007614
10,"20MA, 50MA, RSI, CCI, Williams_%R, OBV",64,0.4,0.0005,32,60,30,150,sigmoid,0.09887982429206517,11.9157443318831,0.5152450750543867,25.106382978723403,1.179539430276818
11,"20MA, 50MA, RSI, CCI, Williams_%R, OBV",64,0.4,0.0005,32,60,30,150,sigmoid,0.1154879422567314,13.333719741197308,0.3387279838812256,23.829787234042556,0.9817567715294792
12,"20MA, 50MA, RSI, CCI, Williams_%R, OBV",64,0.4,0.0005,32,60,30,150,sigmoid,0.10598362956290497,12.362548450886713,0.44309074536670634,24.680851063829788,0.9946426045168025
13,"20MA, 50MA, RSI, CCI, Williams_%R, OBV",64,0.30000000000000004,0.0005,32,60,30,150,sigmoid,0.11270825622314475,11.86419251715737,0.3701772856854625,30.21276595744681,0.9800161835315959
14,"20MA, 50MA, RSI, CCI, Williams_%R, OBV",64,0.5,0.0005,32,60,30,150,sigmoid,0.12070183600440966,14.023873095908963,0.27767173302390813,20.851063829787233,0.8828000112765129
15,"20MA, 50MA, RSI, CCI, Williams_%R, OBV",64,0.5,0.001,32,60,30,100,tanh,0.1222689925551769,16.746453611033328,0.258792976950845,19.148936170212767,1.0574643688303795
16,"20MA, 50MA, RSI, CCI, Williams_%R, OBV",32,0.30000000000000004,0.0005,32,60,30,150,sigmoid,0.11235899530250253,13.245037645270369,0.3740746334487809,27.23404255319149,0.920655551038173
17,"20MA, 50MA, RSI, CCI, Williams_%R, OBV",64,0.8,0.0005,32,60,30,150,sigmoid,0.10574657726655624,13.189806219648101,0.44557922360113333,25.957446808510635,1.0238462339158638
18,"20MA, 50MA, RSI, CCI, Williams_%R, OBV",64,0.30000000000000004,0.001,16,60,30,50,tanh,0.12005605164986259,16.616797332375693,0.2853803222104504,20.425531914893615,0.9640910091550592
19,"20MA, 50MA, RSI, CCI, Williams_%R, OBV",32,0.5,0.0001,64,60,30,100,relu,0.11058781585234706,13.629579278562678,0.39365273999730077,25.53191489361702,1.0483862200153016
20,"20MA, 50MA, RSI, CCI, Williams_%R, OBV",64,0.4,0.0005,32,60,30,150,sigmoid,0.10376560661914384,11.840857502167646,0.4661567980858974,29.78723404255319,0.872686194759155
21,"20MA, 50MA, RSI, CCI, Williams_%R, OBV",64,0.8,0.0005,16,60,30,100,tanh,0.10844791880357299,12.242322693508005,0.41689159421630184,28.936170212765955,1.1384760491237789
22,"20MA, 50MA, RSI, CCI, Williams_%R, OBV",64,0.7,0.0005,16,60,30,100,tanh,0.1182321344128788,15.849302019211365,0.30692869582801796,22.5531914893617,1.0015726684438189
23,"20MA, 50MA, RSI, CCI, Williams_%R, OBV",64,0.7,0.0005,16,60,30,100,tanh,0.11660739307259127,15.398585971326764,0.32584613241334137,22.127659574468083,1.0983450991467185
24,"20MA, 50MA, RSI, CCI, Williams_%R, OBV",64,0.30000000000000004,0.0005,16,60,30,100,tanh,0.11955289899617319,16.22261217304638,0.29135768564843334,20.0,1.122540709110342
0,"20MA, 50MA, RSI, ATR, Williams_%R, OBV",64,0.5,0.0001,32,60,1,100,relu,0.03653707563440358,4.509761667355474,0.9401276994866002,63.4453781512605,0.9265786343943962
1,"20MA, 50MA, RSI, ATR, Williams_%R, OBV",32,0.30000000000000004,0.0001,32,60,1,150,tanh,0.03291048278588443,4.013864033882031,0.9514234257632977,71.42857142857143,1.03405658251249
2,"20MA, 50MA, RSI, ATR, Williams_%R, OBV",128,0.2,0.0005,16,60,1,150,sigmoid,0.044852829771954685,5.354976137024913,0.909772676819107,60.924369747899156,1.2652367814250103
3,"20MA, 50MA, RSI, ATR, Williams_%R, OBV",64,0.8,0.001,16,60,1,50,relu,0.03384567550191323,4.331241002517513,0.9486234722010461,66.38655462184873,1.104682915388872
4,"20MA, 50MA, RSI, ATR, Williams_%R, OBV",32,0.7,0.0001,32,60,1,50,relu,0.04839020982885504,5.452081547469749,0.894979667775508,52.52100840336135,1.0993826825565016
5,"20MA, 50MA, RSI, ATR, Williams_%R, OBV",128,0.2,0.0005,64,60,1,100,relu,0.0550647208814196,6.965148733855124,0.864010536146409,40.7563025210084,0.9103993663237914
6,"20MA, 50MA, RSI, ATR, Williams_%R, OBV",128,0.8,0.0001,32,60,1,50,sigmoid,0.05476982493738551,7.4567347043278,0.8654632033612738,41.596638655462186,1.129044199601298
7,"20MA, 50MA, RSI, ATR, Williams_%R, OBV",64,0.5,0.0001,16,60,1,150,sigmoid,0.049264059490496746,6.25520373013157,0.891152422157558,51.26050420168067,1.5231171204366836
8,"20MA, 50MA, RSI, ATR, Williams_%R, OBV",64,0.2,0.0001,16,60,1,100,sigmoid,0.061224516479725724,8.808717087896861,0.8318839779645331,31.932773109243694,1.2053074701811204
9,"20MA, 50MA, RSI, ATR, Williams_%R, OBV",32,0.30000000000000004,0.0005,16,60,1,100,sigmoid,0.03434500348477815,3.5982646824562052,0.9470963658016043,73.94957983193278,1.603591671649645
10,"20MA, 50MA, RSI, ATR, Williams_%R, OBV",32,0.4,0.001,64,60,1,150,tanh,0.028094171160556104,3.0629343442108534,0.9646010137304727,83.61344537815127,1.1721099298837403
11,"20MA, 50MA, RSI, ATR, Williams_%R, OBV",32,0.4,0.001,64,60,1,150,tanh,0.029600869164207632,3.1703862900094886,0.9607022845258524,80.67226890756302,1.6063545625820623
12,"20MA, 50MA, RSI, ATR, Williams_%R, OBV",32,0.4,0.001,64,60,1,150,tanh,0.03188456718375742,3.5268251198949105,0.9544047680561941,76.47058823529412,1.0003757987464956
13,"20MA, 50MA, RSI, ATR, Williams_%R, OBV",32,0.6000000000000001,0.001,64,60,1,150,tanh,0.03108122145964018,3.283736631450352,0.9566734076683822,78.15126050420169,1.2026296945868429
14,"20MA, 50MA, RSI, ATR, Williams_%R, OBV",32,0.4,0.001,64,60,1,150,tanh,0.02797861178361914,3.236759794930175,0.9648916271601949,80.67226890756302,1.3644275021024637
15,"20MA, 50MA, RSI, ATR, Williams_%R, OBV",32,0.4,0.001,64,60,1,150,tanh,0.029782102115845047,3.5784110007092416,0.9602196065698516,76.05042016806722,1.1011802949212892
16,"20MA, 50MA, RSI, ATR, Williams_%R, OBV",32,0.5,0.001,64,60,1,150,tanh,0.030219021422052263,3.5569964638359632,0.9590438457193248,73.94957983193278,1.3207259789074546
17,"20MA, 50MA, RSI, ATR, Williams_%R, OBV",32,0.30000000000000004,0.001,64,60,1,150,tanh,0.02643739240571776,2.9264793195482977,0.9686530268642486,86.5546218487395,1.7480380572696441
18,"20MA, 50MA, RSI, ATR, Williams_%R, OBV",32,0.30000000000000004,0.001,64,60,1,150,tanh,0.029210315871576447,3.384661935060128,0.9617324301242844,79.41176470588235,1.424632662104091
19,"20MA, 50MA, RSI, ATR, Williams_%R, OBV",128,0.6000000000000001,0.001,64,60,1,50,tanh,0.039026134357758896,4.877155772009861,0.9316923337174067,57.98319327731093,1.3804297024433076
20,"20MA, 50MA, RSI, ATR, Williams_%R, OBV",32,0.30000000000000004,0.001,64,60,1,150,tanh,0.029555991797899677,3.414305208435643,0.9608213513747058,77.73109243697479,1.1606298653887077
21,"20MA, 50MA, RSI, ATR, Williams_%R, OBV",32,0.4,0.001,64,60,1,150,tanh,0.028389476176410494,3.2618741153712647,0.9638529270303804,80.67226890756302,1.1790676393324526
22,"20MA, 50MA, RSI, ATR, Williams_%R, OBV",32,0.4,0.001,64,60,1,150,tanh,0.028655678330734135,3.2106710001414207,0.9631718618086633,79.41176470588235,1.1997894586365083
23,"20MA, 50MA, RSI, ATR, Williams_%R, OBV",32,0.30000000000000004,0.001,64,60,1,150,tanh,0.030374941888634616,3.3950732487460287,0.9586201141099414,76.47058823529412,1.472314865455173
24,"20MA, 50MA, RSI, ATR, Williams_%R, OBV",32,0.6000000000000001,0.001,64,60,1,150,tanh,0.030168963479989624,3.4736451683149343,0.9591794214352105,76.05042016806722,1.4549632748725638
0,"20MA, 50MA, RSI, ATR, Williams_%R, OBV",64,0.2,0.0001,64,60,30,100,relu,0.10807475207482865,12.741151672734544,0.42089761454766594,28.510638297872344,1.0483862200153016
1,"20MA, 50MA, RSI, ATR, Williams_%R, OBV",64,0.5,0.001,64,60,30,50,tanh,0.107235864939326,12.315973458684208,0.4298528258565526,34.04255319148936,0.9561792575015013
2,"20MA, 50MA, RSI, ATR, Williams_%R, OBV",128,0.7,0.001,32,60,30,100,tanh,0.12119215782988733,16.601299823750978,0.2717912477282174,17.4468085106383,0.9938458497039528
3,"20MA, 50MA, RSI, ATR, Williams_%R, OBV",64,0.4,0.0001,32,60,30,150,relu,0.10466564516824167,12.09103183730358,0.45685577321399995,31.48936170212766,0.9441962728549146
4,"20MA, 50MA, RSI, ATR, Williams_%R, OBV",128,0.5,0.001,32,60,30,50,relu,0.12077961946906234,16.684802615215535,0.2767404580624411,17.872340425531917,1.004939345922843
5,"20MA, 50MA, RSI, ATR, Williams_%R, OBV",64,0.30000000000000004,0.0005,16,60,30,150,sigmoid,0.10052105013803819,10.279896857154775,0.499019419059581,42.12765957446808,1.0120705009643196
6,"20MA, 50MA, RSI, ATR, Williams_%R, OBV",128,0.2,0.0005,16,60,30,50,relu,0.10681281342246472,13.078783321064666,0.4343424777095335,28.936170212765955,0.9850764784939645
7,"20MA, 50MA, RSI, ATR, Williams_%R, OBV",128,0.30000000000000004,0.001,16,60,30,50,sigmoid,0.15130992053814152,22.726806639172317,-0.13511970917278293,7.234042553191489,0.7970138138598423
8,"20MA, 50MA, RSI, ATR, Williams_%R, OBV",128,0.30000000000000004,0.0001,64,60,30,100,sigmoid,0.10909542078678792,12.18296319812553,0.40990776272090057,30.21276595744681,1.0348696173241392
9,"20MA, 50MA, RSI, ATR, Williams_%R, OBV",128,0.7,0.0005,16,60,30,150,relu,0.10360624586299659,10.06198866499224,0.467795266400006,37.02127659574468,1.4837144685198238
10,"20MA, 50MA, RSI, ATR, Williams_%R, OBV",32,0.8,0.0005,16,60,30,150,sigmoid,0.11037772222189661,13.173955004301938,0.39595441653097996,31.48936170212766,0.9585393762694148
11,"20MA, 50MA, RSI, ATR, Williams_%R, OBV",32,0.7,0.0005,16,60,30,150,sigmoid,0.10099984673144177,11.610467060865245,0.49423556417473113,36.17021276595745,0.961257224512817
12,"20MA, 50MA, RSI, ATR, Williams_%R, OBV",32,0.6000000000000001,0.0005,16,60,30,150,sigmoid,0.10505282847513356,12.60991003732358,0.4528298992825973,21.70212765957447,0.9221670936094646
13,"20MA, 50MA, RSI, ATR, Williams_%R, OBV",32,0.8,0.0005,16,60,30,150,sigmoid,0.10416714820938822,12.073059974803755,0.4620171797676852,31.914893617021278,1.0540064822621982
14,"20MA, 50MA, RSI, ATR, Williams_%R, OBV",64,0.6000000000000001,0.0005,16,60,30,150,sigmoid,0.1240562094245987,17.386664713422743,0.2369660316204747,25.53191489361702,0.8208390920859941
15,"20MA, 50MA, RSI, ATR, Williams_%R, OBV",32,0.4,0.0005,16,60,30,150,sigmoid,0.10488898973626094,13.109786288550529,0.4545352841639174,30.638297872340424,0.8804395706476591
16,"20MA, 50MA, RSI, ATR, Williams_%R, OBV",32,0.4,0.0005,16,60,30,150,tanh,0.10761560896018704,13.301231634510922,0.42580766179758234,28.510638297872344,1.0341108745955343
17,"20MA, 50MA, RSI, ATR, Williams_%R, OBV",64,0.6000000000000001,0.0005,16,60,30,150,sigmoid,0.11165795898966181,15.085435629848511,0.3818608819599485,28.085106382978726,1.0243440451302464
18,"20MA, 50MA, RSI, ATR, Williams_%R, OBV",64,0.30000000000000004,0.0005,64,60,30,150,sigmoid,0.10977245353473654,12.490745805507535,0.4025609570258465,25.106382978723403,1.1783616241395727
19,"20MA, 50MA, RSI, ATR, Williams_%R, OBV",32,0.7,0.0001,32,60,30,100,sigmoid,0.11509610370641926,15.195801227272252,0.3432076255359834,8.51063829787234,0.9291433172125818
20,"20MA, 50MA, RSI, ATR, Williams_%R, OBV",64,0.5,0.0005,16,60,30,150,tanh,0.11047722249365491,14.080061767495769,0.39486488889146887,25.957446808510635,0.8730343927284852
21,"20MA, 50MA, RSI, ATR, Williams_%R, OBV",128,0.7,0.0005,16,60,30,150,relu,0.11087923914727661,13.281909269470574,0.3904528116569478,24.680851063829788,0.9291433172125818
22,"20MA, 50MA, RSI, ATR, Williams_%R, OBV",128,0.8,0.0005,16,60,30,150,relu,0.10287450509519332,9.69078231260149,0.47528633338995907,39.148936170212764,1.5119242278168064
23,"20MA, 50MA, RSI, ATR, Williams_%R, OBV",32,0.8,0.0005,16,60,30,150,relu,0.12164134837437657,14.783794762561412,0.26638313078169484,15.319148936170212,1.0306622426513958
24,"20MA, 50MA, RSI, ATR, Williams_%R, OBV",64,0.8,0.0005,16,60,30,150,sigmoid,0.1108246852306188,13.578571817220277,0.3910524731676883,17.4468085106383,1.1077070837669953
0,"20MA, 50MA, MACD, Upper_BB, Lower_BB, CCI",128,0.8,0.001,32,60,1,50,sigmoid,0.05024853152540726,6.35275172515274,0.8867586271063466,39.49579831932773,0.7173432726150034
1,"20MA, 50MA, MACD, Upper_BB, Lower_BB, CCI",128,0.7,0.0001,32,60,1,100,relu,0.03230957002565282,4.015299412788127,0.9531811508438316,68.0672268907563,1.104022470351465
2,"20MA, 50MA, MACD, Upper_BB, Lower_BB, CCI",32,0.4,0.001,64,60,1,150,relu,0.025708922412915926,2.8257435965204905,0.9703567289945789,83.19327731092437,1.2848789540508962
3,"20MA, 50MA, MACD, Upper_BB, Lower_BB, CCI",128,0.30000000000000004,0.0005,32,60,1,150,tanh,0.02587807315595844,2.74615228362852,0.9699653725207036,86.1344537815126,0.8479806796566458
4,"20MA, 50MA, MACD, Upper_BB, Lower_BB, CCI",128,0.30000000000000004,0.0001,16,60,1,100,tanh,0.02738256186691639,3.165259661667843,0.9663715746192394,78.57142857142857,1.39481652108908
5,"20MA, 50MA, MACD, Upper_BB, Lower_BB, CCI",32,0.8,0.001,64,60,1,100,tanh,0.027132833383794294,3.169912483083769,0.9669821589031729,79.41176470588235,1.1887397987743291
6,"20MA, 50MA, MACD, Upper_BB, Lower_BB, CCI",128,0.5,0.0005,32,60,1,50,tanh,0.027518897081143894,3.1648446009557065,0.9660358754181912,78.15126050420169,1.3899376275387134
7,"20MA, 50MA, MACD, Upper_BB, Lower_BB, CCI",128,0.7,0.001,32,60,1,100,tanh,0.027484299370934218,3.092037736750363,0.9661212234799339,81.9327731092437,0.5768618428682013
8,"20MA, 50MA, MACD, Upper_BB, Lower_BB, CCI",128,0.7,0.0001,32,60,1,100,sigmoid,0.042363574237140884,5.086489056618033,0.9195096962153682,54.621848739495796,1.4636218752264722
9,"20MA, 50MA, MACD, Upper_BB, Lower_BB, CCI",128,0.2,0.001,32,60,1,50,sigmoid,0.0628978270927386,8.637670754403333,0.8225689339830597,25.630252100840334,0.9633701290132233
10,"20MA, 50MA, MACD, Upper_BB, Lower_BB, CCI",32,0.5,0.001,64,60,1,150,relu,0.02663474843243176,2.922957288139538,0.9681832675747953,82.77310924369748,1.2377846112306232
11,"20MA, 50MA, MACD, Upper_BB, Lower_BB, CCI",64,0.30000000000000004,0.0005,64,60,1,150,relu,0.028009424598504605,3.095547380267046,0.9648142549526332,79.41176470588235,0.9128325939464892
12,"20MA, 50MA, MACD, Upper_BB, Lower_BB, CCI",32,0.4,0.0005,16,60,1,150,relu,0.030816986268866475,3.5779223436564136,0.9574069532536894,76.47058823529412,1.5634065439803846
13,"20MA, 50MA, MACD, Upper_BB, Lower_BB, CCI",64,0.4,0.0005,64,60,1,150,tanh,0.027093740789232545,3.100618803841888,0.9670772336200564,78.57142857142857,1.090321468525944
14,"20MA, 50MA, MACD, Upper_BB, Lower_BB, CCI",32,0.2,0.0005,64,60,1,150,relu,0.03190003889590645,3.589235263233336,0.9543605079316401,75.63025210084034,0.8373945037509523
15,"20MA, 50MA, MACD, Upper_BB, Lower_BB, CCI",32,0.4,0.001,16,60,1,150,tanh,0.026854271916694407,2.9384423896714122,0.9676566394994709,81.9327731092437,0.8472512263303866
16,"20MA, 50MA, MACD, Upper_BB, Lower_BB, CCI",64,0.5,0.0005,64,60,1,150,relu,0.029141997578537793,3.1618066697926084,0.9619112243393116,81.9327731092437,1.3261828827148545
17,"20MA, 50MA, MACD, Upper_BB, Lower_BB, CCI",32,0.30000000000000004,0.001,64,60,1,150,relu,0.028416604614845915,3.072566624061978,0.9637838111252213,81.5126050420168,1.3458795252871911
18,"20MA, 50MA, MACD, Upper_BB, Lower_BB, CCI",32,0.6000000000000001,0.0005,32,60,1,150,tanh,0.028467130216104287,3.236776263773305,0.9636549096253243,78.15126050420169,1.1324134325233273
19,"20MA, 50MA, MACD, Upper_BB, Lower_BB, CCI",64,0.30000000000000004,0.0001,16,60,1,150,sigmoid,0.045331829758317774,5.003464099545841,0.9078352444633365,60.50420168067227,1.09484068959179
20,"20MA, 50MA, MACD, Upper_BB, Lower_BB, CCI",128,0.4,0.001,64,60,1,50,tanh,0.037472389123280214,4.954477045879759,0.9370231196089172,57.98319327731093,0.9079999816176105
21,"20MA, 50MA, MACD, Upper_BB, Lower_BB, CCI",32,0.6000000000000001,0.001,64,60,1,150,relu,0.03061462738538351,3.3287977993232234,0.9579644888173322,78.99159663865547,1.0031335489622841
22,"20MA, 50MA, MACD, Upper_BB, Lower_BB, CCI",32,0.5,0.001,64,60,1,150,relu,0.02983258966563044,3.816927217008312,0.9600846183175419,71.42857142857143,1.156712275881698
23,"20MA, 50MA, MACD, Upper_BB, Lower_BB, CCI",32,0.5,0.001,64,60,1,150,relu,0.028151786111082613,3.4500029504830976,0.9644556738217449,76.89075630252101,1.386430908910068
24,"20MA, 50MA, MACD, Upper_BB, Lower_BB, CCI",32,0.6000000000000001,0.001,64,60,1,150,relu,0.02789567844792527,3.0974768678908964,0.9650994529933571,81.9327731092437,1.3893847024122281
0,"20MA, 50MA, MACD, Upper_BB, Lower_BB, CCI",64,0.5,0.0005,32,60,30,50,relu,0.10812439599113745,13.368919944031706,0.42036547336423213,20.0,1.129961947602243
1,"20MA, 50MA, MACD, Upper_BB, Lower_BB, CCI",32,0.5,0.0005,64,60,30,150,tanh,0.10742018466450308,12.259466883275756,0.42789117458165304,26.80851063829787,1.1389424737421894
2,"20MA, 50MA, MACD, Upper_BB, Lower_BB, CCI",128,0.7,0.001,32,60,30,100,sigmoid,0.12281534364043802,17.13193696888148,0.2521541060466449,24.680851063829788,0.8696531708790247
3,"20MA, 50MA, MACD, Upper_BB, Lower_BB, CCI",128,0.7,0.0005,32,60,30,50,tanh,0.11184774250924512,13.999313992343065,0.3797578108343592,18.29787234042553,1.0826861986442118
4,"20MA, 50MA, MACD, Upper_BB, Lower_BB, CCI",64,0.30000000000000004,0.001,32,60,30,100,relu,0.1056688108730661,12.740964430946434,0.4463943696190896,22.97872340425532,1.1161073392755905
5,"20MA, 50MA, MACD, Upper_BB, Lower_BB, CCI",32,0.5,0.0001,32,60,30,100,tanh,0.10726298904864616,12.462511389857838,0.42956436471336445,25.957446808510635,1.1563553512543034
6,"20MA, 50MA, MACD, Upper_BB, Lower_BB, CCI",64,0.7,0.001,16,60,30,50,sigmoid,0.14028274607351168,20.912094152953884,0.024302088241186737,15.74468085106383,0.8220694173581942
7,"20MA, 50MA, MACD, Upper_BB, Lower_BB, CCI",128,0.8,0.0005,32,60,30,100,relu,0.10659380879673405,12.399466458362292,0.43665970181584435,25.53191489361702,0.9963411835522091
8,"20MA, 50MA, MACD, Upper_BB, Lower_BB, CCI",128,0.7,0.0001,32,60,30,150,tanh,0.10949022291525635,12.501861850432194,0.4056291007377244,22.5531914893617,1.2381588227482039
9,"20MA, 50MA, MACD, Upper_BB, Lower_BB, CCI",32,0.6000000000000001,0.001,32,60,30,100,tanh,0.10615657819283113,12.885228609182498,0.44127168557731333,22.5531914893617,0.9817217123539016
10,"20MA, 50MA, MACD, Upper_BB, Lower_BB, CCI",64,0.2,0.001,16,60,30,100,relu,0.10782230933168381,13.322565551305432,0.42359980826522914,23.829787234042556,0.9817217123539016
11,"20MA, 50MA, MACD, Upper_BB, Lower_BB, CCI",32,0.30000000000000004,0.001,64,60,30,100,relu,0.10809365463019234,12.439128173787022,0.42069502380414703,26.80851063829787,1.1122974306801257
12,"20MA, 50MA, MACD, Upper_BB, Lower_BB, CCI",32,0.30000000000000004,0.001,32,60,30,100,tanh,0.1060732619977099,12.785639052096423,0.442148368876804,21.27659574468085,1.063184919919626
13,"20MA, 50MA, MACD, Upper_BB, Lower_BB, CCI",64,0.30000000000000004,0.001,32,60,30,100,relu,0.10572375518452355,12.695461528611226,0.44581850644859955,24.680851063829788,1.1028773989333447
14,"20MA, 50MA, MACD, Upper_BB, Lower_BB, CCI",64,0.30000000000000004,0.001,64,60,30,100,relu,0.10622355179374005,12.096238039026753,0.4405664659510823,26.382978723404253,1.184901083043386
15,"20MA, 50MA, MACD, Upper_BB, Lower_BB, CCI",64,0.4,0.001,16,60,30,150,relu,0.10637687624658174,12.655346721552995,0.438950313161636,23.829787234042556,0.9344251033492111
16,"20MA, 50MA, MACD, Upper_BB, Lower_BB, CCI",64,0.2,0.0001,32,60,30,100,relu,0.10747828905459861,12.512040944532329,0.42727209121465026,25.106382978723403,1.322729866561814
17,"20MA, 50MA, MACD, Upper_BB, Lower_BB, CCI",64,0.4,0.001,32,60,30,100,relu,0.10713281746581538,13.567367183320773,0.4309480563955117,27.23404255319149,0.8643351343442329
18,"20MA, 50MA, MACD, Upper_BB, Lower_BB, CCI",64,0.4,0.001,16,60,30,150,sigmoid,0.12620447796563017,17.80926105168658,0.21031045634125967,20.0,0.864459687931717
19,"20MA, 50MA, MACD, Upper_BB, Lower_BB, CCI",64,0.2,0.0001,64,60,30,50,relu,0.1089323880095067,12.266151597747529,0.41167011885714355,25.53191489361702,1.0970558394197332
20,"20MA, 50MA, MACD, Upper_BB, Lower_BB, CCI",64,0.30000000000000004,0.001,32,60,30,100,relu,0.10625535688031638,12.122673007301971,0.440231408510099,26.382978723404253,1.247323203590629
21,"20MA, 50MA, MACD, Upper_BB, Lower_BB, CCI",32,0.30000000000000004,0.001,32,60,30,100,tanh,0.10432767316060683,12.271148210680302,0.46035780425473527,26.80851063829787,1.027279865295772
22,"20MA, 50MA, MACD, Upper_BB, Lower_BB, CCI",32,0.4,0.001,32,60,30,100,tanh,0.10514681457231861,12.488453028819086,0.4518504037762122,23.829787234042556,1.0247215105950924
23,"20MA, 50MA, MACD, Upper_BB, Lower_BB, CCI",32,0.4,0.001,32,60,30,100,tanh,0.10553155373387574,12.743576102561036,0.4478316333435477,23.829787234042556,0.9294811972216552
24,"20MA, 50MA, MACD, Upper_BB, Lower_BB, CCI",32,0.4,0.001,32,60,30,100,tanh,0.10642703509007,13.117926595519828,0.4384210959277528,21.70212765957447,0.9413872203266704
0,"20MA, 50MA, MACD, Upper_BB, Lower_BB, ATR",32,0.2,0.0001,16,60,1,50,sigmoid,0.08209232606374639,8.727478090697497,0.6977519552089275,38.23529411764706,0.9756152979516047
1,"20MA, 50MA, MACD, Upper_BB, Lower_BB, ATR",128,0.6000000000000001,0.001,32,60,1,100,relu,0.032507765799275716,4.010065212491893,0.9526049897310597,71.42857142857143,0.8094892790864905
2,"20MA, 50MA, MACD, Upper_BB, Lower_BB, ATR",32,0.4,0.0001,16,60,1,100,tanh,0.031992955434390694,3.93132083541625,0.9540942487203844,73.10924369747899,1.2539346743077633
3,"20MA, 50MA, MACD, Upper_BB, Lower_BB, ATR",128,0.7,0.001,32,60,1,100,sigmoid,0.08715955574850649,12.42077113431937,0.6592872442336148,10.084033613445378,0.7042931517521072
4,"20MA, 50MA, MACD, Upper_BB, Lower_BB, ATR",128,0.6000000000000001,0.0001,32,60,1,150,relu,0.039562304109586215,5.0490003418333655,0.9298025184804054,60.08403361344538,1.4051436319688095
5,"20MA, 50MA, MACD, Upper_BB, Lower_BB, ATR",32,0.4,0.0005,64,60,1,100,sigmoid,0.05735787965242952,6.299255534380936,0.8524481856773645,50.42016806722689,1.2087870063614665
6,"20MA, 50MA, MACD, Upper_BB, Lower_BB, ATR",64,0.8,0.0005,64,60,1,50,sigmoid,0.044981617424627876,5.457938260967262,0.909253786575978,57.56302521008403,0.9560674871781659
7,"20MA, 50MA, MACD, Upper_BB, Lower_BB, ATR",64,0.30000000000000004,0.001,64,60,1,100,tanh,0.03150777549995848,4.003225662246172,0.9554760319995534,71.84873949579831,0.9382847524062871
8,"20MA, 50MA, MACD, Upper_BB, Lower_BB, ATR",32,0.6000000000000001,0.0001,32,60,1,50,relu,0.06615088361567988,6.872637903290416,0.8037409570932323,52.52100840336135,1.0307957862138521
9,"20MA, 50MA, MACD, Upper_BB, Lower_BB, ATR",32,0.30000000000000004,0.001,16,60,1,100,sigmoid,0.038583785034819656,4.75029678384991,0.9332320509713572,57.14285714285714,1.0557240325463835
10,"20MA, 50MA, MACD, Upper_BB, Lower_BB, ATR",64,0.2,0.001,64,60,1,150,tanh,0.028382457145062146,3.4574919561028232,0.9638707988693761,76.47058823529412,0.980821026263387
11,"20MA, 50MA, MACD, Upper_BB, Lower_BB, ATR",64,0.2,0.001,64,60,1,150,tanh,0.03296308751366746,4.285638514915242,0.9512680102535077,65.96638655462185,0.9306163507667466
12,"20MA, 50MA, MACD, Upper_BB, Lower_BB, ATR",64,0.30000000000000004,0.001,64,60,1,150,tanh,0.03007785282437141,3.7517966182338465,0.9594256064709025,75.21008403361344,0.9646964530012468
13,"20MA, 50MA, MACD, Upper_BB, Lower_BB, ATR",64,0.30000000000000004,0.001,64,60,1,150,tanh,0.03869505564107257,5.09007979396833,0.9328463955598426,57.98319327731093,0.9608915847356915
14,"20MA, 50MA, MACD, Upper_BB, Lower_BB, ATR",64,0.2,0.001,64,60,1,150,tanh,0.03697270755679765,4.914727249496544,0.9386914720605464,59.2436974789916,1.0790166425156595
15,"20MA, 50MA, MACD, Upper_BB, Lower_BB, ATR",64,0.4,0.001,64,60,1,150,tanh,0.02579816752404302,2.7759644829146475,0.9701505664216761,83.61344537815127,0.9679549820528511
16,"20MA, 50MA, MACD, Upper_BB, Lower_BB, ATR",64,0.5,0.0005,64,60,1,150,tanh,0.026850290369624996,3.0930567099100434,0.9676662295614236,83.61344537815127,0.9707541397287248
17,"20MA, 50MA, MACD, Upper_BB, Lower_BB, ATR",64,0.5,0.0005,64,60,1,150,tanh,0.028804789684091107,3.4312745503305675,0.9627875902444881,76.47058823529412,0.9648427666646525
18,"20MA, 50MA, MACD, Upper_BB, Lower_BB, ATR",64,0.5,0.0005,64,60,1,150,tanh,0.02956426627624156,3.669019832018524,0.9607994114404442,76.47058823529412,1.0798944475799026
19,"20MA, 50MA, MACD, Upper_BB, Lower_BB, ATR",64,0.4,0.0005,16,60,1,150,tanh,0.03350962879773758,4.392918855091644,0.9496386212687876,66.80672268907563,0.754381616504012
20,"20MA, 50MA, MACD, Upper_BB, Lower_BB, ATR",128,0.5,0.0005,64,60,1,150,relu,0.029188581873881635,3.6407247594201047,0.9617893550724661,74.78991596638656,1.1621519237425706
21,"20MA, 50MA, MACD, Upper_BB, Lower_BB, ATR",64,0.4,0.001,64,60,1,150,tanh,0.02587563131420878,2.7316631836713823,0.9699710403574641,85.29411764705883,1.18249702942644
22,"20MA, 50MA, MACD, Upper_BB, Lower_BB, ATR",64,0.4,0.001,64,60,1,150,tanh,0.02881777026332737,3.5439445839058377,0.9627540439157787,76.47058823529412,0.9743273664658043
23,"20MA, 50MA, MACD, Upper_BB, Lower_BB, ATR",64,0.4,0.0005,64,60,1,150,tanh,0.02781520003464355,3.2265132763034297,0.9653005371199739,81.9327731092437,1.1109828806582656
24,"20MA, 50MA, MACD, Upper_BB, Lower_BB, ATR",64,0.5,0.001,64,60,1,150,tanh,0.025486722121370108,2.717230953952813,0.9708669237813663,86.1344537815126,0.9517860957847746
0,"20MA, 50MA, MACD, Upper_BB, Lower_BB, ATR",64,0.30000000000000004,0.0001,32,60,30,100,sigmoid,0.1098174190085512,12.710802494689178,0.40207140557867027,27.23404255319149,1.1338148890506228
1,"20MA, 50MA, MACD, Upper_BB, Lower_BB, ATR",64,0.8,0.001,16,60,30,50,tanh,0.1086187542373193,13.784154574405374,0.4150530335587812,21.70212765957447,0.9515889710420795
2,"20MA, 50MA, MACD, Upper_BB, Lower_BB, ATR",32,0.6000000000000001,0.0001,64,60,30,100,sigmoid,0.1146612568068017,13.939255003562728,0.3481611312621453,23.829787234042556,1.0369909940407436
3,"20MA, 50MA, MACD, Upper_BB, Lower_BB, ATR",32,0.5,0.0005,32,60,30,150,relu,0.1066101536787853,12.872008567278339,0.4364869256146743,20.851063829787233,1.0259879928600535
4,"20MA, 50MA, MACD, Upper_BB, Lower_BB, ATR",32,0.8,0.0001,64,60,30,150,sigmoid,0.11461348645763302,13.807239141993616,0.3487041583443313,18.29787234042553,0.9806112613679486
5,"20MA, 50MA, MACD, Upper_BB, Lower_BB, ATR",32,0.8,0.0005,32,60,30,50,relu,0.10824417476379462,12.681022545207954,0.4190805391509346,25.53191489361702,0.9499339832348145
6,"20MA, 50MA, MACD, Upper_BB, Lower_BB, ATR",128,0.4,0.001,64,60,30,100,sigmoid,0.12454194997045281,17.8760441398471,0.23097903347820314,17.02127659574468,0.9304669115901554
7,"20MA, 50MA, MACD, Upper_BB, Lower_BB, ATR",64,0.5,0.001,32,60,30,50,tanh,0.11113771235168979,13.840617846996317,0.38760763969573386,18.72340425531915,0.9108653810759139
8,"20MA, 50MA, MACD, Upper_BB, Lower_BB, ATR",64,0.4,0.0005,32,60,30,50,tanh,0.10857237228606913,12.77362518741641,0.41555249038259723,21.70212765957447,1.0802375291279598
9,"20MA, 50MA, MACD, Upper_BB, Lower_BB, ATR",128,0.30000000000000004,0.0005,16,60,30,100,sigmoid,0.1431215118305928,21.37459302094437,-0.015585960032903134,13.617021276595745,0.8416809599481152
10,"20MA, 50MA, MACD, Upper_BB, Lower_BB, ATR",32,0.6000000000000001,0.0005,32,60,30,150,relu,0.10917660952295519,12.811020768666273,0.40902914344458374,22.97872340425532,1.0103773277897665
11,"20MA, 50MA, MACD, Upper_BB, Lower_BB, ATR",32,0.7,0.0005,32,60,30,150,relu,0.10790356354720171,12.843333329953818,0.4227307377926225,26.80851063829787,0.9536217231986788
12,"20MA, 50MA, MACD, Upper_BB, Lower_BB, ATR",32,0.6000000000000001,0.0005,32,60,30,150,relu,0.10859891564868439,12.905340235762667,0.4152666884211008,23.404255319148938,0.9492394333192102
13,"20MA, 50MA, MACD, Upper_BB, Lower_BB, ATR",32,0.7,0.0005,32,60,30,150,relu,0.10452411590177643,11.976696836037167,0.4583236633012937,27.659574468085108,0.8654637485665818
14,"20MA, 50MA, MACD, Upper_BB, Lower_BB, ATR",32,0.5,0.0005,32,60,30,150,relu,0.10954174007022222,12.835601800454052,0.40506964436592374,22.5531914893617,0.9920660468210124
15,"20MA, 50MA, MACD, Upper_BB, Lower_BB, ATR",32,0.2,0.0005,16,60,30,150,relu,0.11038417162957964,13.102943963596253,0.39588382529276445,24.680851063829788,1.0398317094241998
16,"20MA, 50MA, MACD, Upper_BB, Lower_BB, ATR",128,0.7,0.0005,32,60,30,150,relu,0.10011006620323604,11.181922505065163,0.5031075989110689,27.23404255319149,1.2012328950894748
17,"20MA, 50MA, MACD, Upper_BB, Lower_BB, ATR",128,0.7,0.0005,32,60,30,150,relu,0.1121148123437384,13.816533247706925,0.3767922481496667,20.0,0.8591580272434636
18,"20MA, 50MA, MACD, Upper_BB, Lower_BB, ATR",128,0.7,0.0001,64,60,30,150,relu,0.11212907688808194,12.681613393528638,0.3766336546515253,20.425531914893615,1.0605455109574944
19,"20MA, 50MA, MACD, Upper_BB, Lower_BB, ATR",128,0.7,0.001,16,60,30,150,relu,0.10943419110707907,13.50236992537504,0.406237285719371,20.851063829787233,0.9890272722924217
20,"20MA, 50MA, MACD, Upper_BB, Lower_BB, ATR",128,0.6000000000000001,0.0005,32,60,30,150,tanh,0.10136538709523994,11.696091029966846,0.49056799679863683,26.80851063829787,1.009091986787917
21,"20MA, 50MA, MACD, Upper_BB, Lower_BB, ATR",128,0.6000000000000001,0.0005,32,60,30,150,tanh,0.09626152543314107,10.800622520831647,0.5405774191790733,25.53191489361702,1.039608565512558
22,"20MA, 50MA, MACD, Upper_BB, Lower_BB, ATR",128,0.6000000000000001,0.0005,32,60,30,150,tanh,0.10311269780221224,11.925545494967256,0.4728537061894359,20.425531914893615,0.9535896728448877
23,"20MA, 50MA, MACD, Upper_BB, Lower_BB, ATR",128,0.6000000000000001,0.0005,32,60,30,150,tanh,0.10376906245035158,12.2867065738978,0.4661212390451259,28.085106382978726,0.9667248361756788
24,"20MA, 50MA, MACD, Upper_BB, Lower_BB, ATR",128,0.6000000000000001,0.0005,32,60,30,150,tanh,0.1053344949751019,12.549036685702616,0.4498918327661219,23.404255319148938,1.1428323545229098
0,"20MA, 50MA, MACD, Upper_BB, Lower_BB, Williams_%R",128,0.6000000000000001,0.001,16,60,1,100,relu,0.030962666578821837,3.5607501550685927,0.9570033034945982,76.05042016806722,0.7363555774238087
1,"20MA, 50MA, MACD, Upper_BB, Lower_BB, Williams_%R",64,0.6000000000000001,0.0005,16,60,1,100,sigmoid,0.033019232096459454,4.130158605881547,0.9511018627518224,68.90756302521008,1.0037836516962129
2,"20MA, 50MA, MACD, Upper_BB, Lower_BB, Williams_%R",64,0.4,0.0001,32,60,1,150,relu,0.03512868848068003,4.343040115763584,0.9446545084598481,63.02521008403361,0.6751395851391431
3,"20MA, 50MA, MACD, Upper_BB, Lower_BB, Williams_%R",32,0.2,0.0005,32,60,1,100,sigmoid,0.04526769673393003,5.525349376632201,0.9080958394317074,53.78151260504202,1.2213803837518042
4,"20MA, 50MA, MACD, Upper_BB, Lower_BB, Williams_%R",64,0.30000000000000004,0.0001,64,60,1,50,sigmoid,0.06447324379018501,6.798475535313124,0.8135693046708059,49.57983193277311,0.9536212803566847
5,"20MA, 50MA, MACD, Upper_BB, Lower_BB, Williams_%R",64,0.7,0.0001,64,60,1,50,tanh,0.04245409968618078,5.0401700337286846,0.9191653340555759,57.14285714285714,0.7425416462353209
6,"20MA, 50MA, MACD, Upper_BB, Lower_BB, Williams_%R",64,0.4,0.0005,64,60,1,50,sigmoid,0.0439179552709925,5.44292564373492,0.9134947229564042,53.36134453781513,1.1676346774922601
7,"20MA, 50MA, MACD, Upper_BB, Lower_BB, Williams_%R",128,0.2,0.0001,32,60,1,100,sigmoid,0.04530362916661663,5.831760087456972,0.9079498788036426,55.88235294117647,1.241964191856371
8,"20MA, 50MA, MACD, Upper_BB, Lower_BB, Williams_%R",64,0.30000000000000004,0.0001,16,60,1,50,sigmoid,0.051391203957787714,6.753840712830342,0.8815497554923359,49.159663865546214,0.9284757516843573
9,"20MA, 50MA, MACD, Upper_BB, Lower_BB, Williams_%R",32,0.5,0.0005,32,60,1,100,relu,0.03195730207803233,3.9642158208781133,0.9541965076152377,71.84873949579831,0.8414437422331017
10,"20MA, 50MA, MACD, Upper_BB, Lower_BB, Williams_%R",128,0.8,0.001,16,60,1,150,relu,0.026567899046588052,2.869400732962073,0.9683427779891457,83.61344537815127,0.5890656408741032
11,"20MA, 50MA, MACD, Upper_BB, Lower_BB, Williams_%R",128,0.8,0.001,16,60,1,150,relu,0.026502562296507905,2.94880598568702,0.9684982917300866,82.35294117647058,0.7813285810223749
12,"20MA, 50MA, MACD, Upper_BB, Lower_BB, Williams_%R",128,0.8,0.001,16,60,1,150,relu,0.028191292810795018,3.0795902798296004,0.9643558418372344,81.5126050420168,0.7327613195253074
13,"20MA, 50MA, MACD, Upper_BB, Lower_BB, Williams_%R",128,0.8,0.001,16,60,1,150,relu,0.02720691263578989,3.0361907305547877,0.9668016192640922,82.77310924369748,1.0525067193075999
14,"20MA, 50MA, MACD, Upper_BB, Lower_BB, Williams_%R",128,0.7,0.001,16,60,1,150,tanh,0.03078016403462713,3.5789938541939113,0.957508678589986,74.78991596638656,0.8700239263054138
15,"20MA, 50MA, MACD, Upper_BB, Lower_BB, Williams_%R",128,0.8,0.001,16,60,1,150,relu,0.030521444396585898,3.341330001879686,0.9582199897816536,79.83193277310924,0.7620808364472218
16,"20MA, 50MA, MACD, Upper_BB, Lower_BB, Williams_%R",128,0.7,0.001,16,60,1,150,relu,0.028116610493278456,3.0740635677243544,0.964544443501064,82.35294117647058,0.5815065192723843
17,"20MA, 50MA, MACD, Upper_BB, Lower_BB, Williams_%R",128,0.6000000000000001,0.001,16,60,1,150,relu,0.027444299173993065,3.0275377987482646,0.9662197649473748,82.35294117647058,0.5870828809538521
18,"20MA, 50MA, MACD, Upper_BB, Lower_BB, Williams_%R",32,0.8,0.001,16,60,1,150,tanh,0.027077448284023118,2.9450129190816945,0.9671168171585336,82.35294117647058,0.9382012130558802
19,"20MA, 50MA, MACD, Upper_BB, Lower_BB, Williams_%R",128,0.7,0.001,64,60,1,150,relu,0.03384950400434736,4.4321361513147775,0.9486118484834782,65.54621848739495,0.7327779251209537
20,"20MA, 50MA, MACD, Upper_BB, Lower_BB, Williams_%R",128,0.5,0.001,16,60,1,150,relu,0.028060719398533936,3.012856827125025,0.9646852627704836,82.35294117647058,0.6854366125336528
21,"20MA, 50MA, MACD, Upper_BB, Lower_BB, Williams_%R",32,0.8,0.001,16,60,1,150,tanh,0.027627421477494148,3.1220908611896334,0.9657674631999056,80.25210084033614,0.8272717470366788
22,"20MA, 50MA, MACD, Upper_BB, Lower_BB, Williams_%R",32,0.8,0.001,16,60,1,150,tanh,0.026575452518838107,2.8816707573881923,0.9683247746129869,82.77310924369748,0.8918567398441157
23,"20MA, 50MA, MACD, Upper_BB, Lower_BB, Williams_%R",32,0.7,0.001,16,60,1,150,tanh,0.026718192958758918,2.878320712442123,0.9679835967562178,83.61344537815127,0.8341746826402942
24,"20MA, 50MA, MACD, Upper_BB, Lower_BB, Williams_%R",32,0.8,0.001,16,60,1,150,tanh,0.027021539713968905,2.9503830298262814,0.9672524690653714,82.77310924369748,0.9468558701067523
0,"20MA, 50MA, MACD, Upper_BB, Lower_BB, Williams_%R",32,0.5,0.0005,16,60,30,100,relu,0.10470332174466465,12.401235508773722,0.4564646707061185,27.23404255319149,0.9979605279147772
1,"20MA, 50MA, MACD, Upper_BB, Lower_BB, Williams_%R",32,0.8,0.0005,64,60,30,50,tanh,0.10422466660356346,11.864008642697579,0.461422895453352,28.085106382978726,0.9168688512284174
2,"20MA, 50MA, MACD, Upper_BB, Lower_BB, Williams_%R",128,0.8,0.001,16,60,30,150,tanh,0.10570097910242199,12.400578360531538,0.4460572555090311,28.085106382978726,1.1492651417792912
3,"20MA, 50MA, MACD, Upper_BB, Lower_BB, Williams_%R",32,0.8,0.0005,32,60,30,100,relu,0.10421142096371999,11.93074767860793,0.46155977946131965,28.510638297872344,0.9731316738399842
4,"20MA, 50MA, MACD, Upper_BB, Lower_BB, Williams_%R",64,0.6000000000000001,0.0005,64,60,30,100,tanh,0.10562961607728348,11.8470424195048,0.4468049815156171,28.510638297872344,0.9393735686857113
5,"20MA, 50MA, MACD, Upper_BB, Lower_BB, Williams_%R",32,0.2,0.001,64,60,30,50,relu,0.10388324363893667,11.878007339973196,0.4649456969752229,29.361702127659573,1.0360058913069727
6,"20MA, 50MA, MACD, Upper_BB, Lower_BB, Williams_%R",64,0.5,0.0001,64,60,30,100,tanh,0.10323684597045615,11.396109242256793,0.4715835688395692,31.06382978723404,1.2068331961875682
7,"20MA, 50MA, MACD, Upper_BB, Lower_BB, Williams_%R",64,0.8,0.0005,16,60,30,50,sigmoid,0.12273628439186116,17.22325504206077,0.25311660963695615,25.53191489361702,0.8786764528029053
8,"20MA, 50MA, MACD, Upper_BB, Lower_BB, Williams_%R",32,0.8,0.0001,16,60,30,150,sigmoid,0.11649419864032982,12.98040734864306,0.32715434150394895,31.914893617021278,0.9535955214861705
9,"20MA, 50MA, MACD, Upper_BB, Lower_BB, Williams_%R",64,0.4,0.0005,16,60,30,50,tanh,0.10579119736774496,13.227986424704879,0.44511124570553084,25.106382978723403,0.8909690329437664
10,"20MA, 50MA, MACD, Upper_BB, Lower_BB, Williams_%R",128,0.30000000000000004,0.0001,32,60,30,100,tanh,0.10623186662976207,12.036586363414848,0.4404788812285173,25.53191489361702,0.895501331745592
11,"20MA, 50MA, MACD, Upper_BB, Lower_BB, Williams_%R",64,0.2,0.001,64,60,30,50,relu,0.10395518480769883,12.143414177258459,0.4642043693281208,23.404255319148938,1.008988668840105
12,"20MA, 50MA, MACD, Upper_BB, Lower_BB, Williams_%R",32,0.2,0.001,64,60,30,100,relu,0.10408059426083814,11.882138496520968,0.46291084331859944,28.936170212765955,1.0401276079893926
13,"20MA, 50MA, MACD, Upper_BB, Lower_BB, Williams_%R",64,0.6000000000000001,0.0001,64,60,30,50,relu,0.10401233409768092,11.41091351823993,0.46361510085285906,33.191489361702125,1.1832231212193078
14,"20MA, 50MA, MACD, Upper_BB, Lower_BB, Williams_%R",128,0.4,0.001,64,60,30,150,sigmoid,0.10795667854701946,12.869386187480892,0.4221622819923915,24.680851063829788,0.9562825918884365
15,"20MA, 50MA, MACD, Upper_BB, Lower_BB, Williams_%R",32,0.6000000000000001,0.0001,64,60,30,100,tanh,0.10554549124870541,11.848225712109787,0.4476857743521684,28.936170212765955,1.0087948570062817
16,"20MA, 50MA, MACD, Upper_BB, Lower_BB, Williams_%R",64,0.30000000000000004,0.0001,64,60,30,50,relu,0.1046919889011102,11.892987348272834,0.45658232633326234,30.638297872340424,1.2811078680545185
17,"20MA, 50MA, MACD, Upper_BB, Lower_BB, Williams_%R",32,0.5,0.001,32,60,30,50,relu,0.10357020787334742,12.608324670687251,0.4681654420172112,25.106382978723403,1.0895034096647451
18,"20MA, 50MA, MACD, Upper_BB, Lower_BB, Williams_%R",64,0.5,0.0001,32,60,30,100,tanh,0.10632182281273118,11.80561102348528,0.43953088518483674,23.829787234042556,1.0377909719853373
19,"20MA, 50MA, MACD, Upper_BB, Lower_BB, Williams_%R",128,0.5,0.001,32,60,30,150,sigmoid,0.11991817805588484,16.821476699862398,0.2870207327876736,27.23404255319149,0.8696531708790247
20,"20MA, 50MA, MACD, Upper_BB, Lower_BB, Williams_%R",64,0.7,0.001,32,60,30,100,tanh,0.10411659078223431,12.553341382451885,0.4625392719474226,22.5531914893617,0.9752667069799121
21,"20MA, 50MA, MACD, Upper_BB, Lower_BB, Williams_%R",32,0.4,0.001,32,60,30,50,relu,0.10423720210143704,12.600563435554108,0.46129333422043006,24.680851063829788,1.0765888228635387
22,"20MA, 50MA, MACD, Upper_BB, Lower_BB, Williams_%R",32,0.30000000000000004,0.001,64,60,30,50,relu,0.10398691664669032,11.99342051401008,0.46387722113298835,28.085106382978726,1.052074556210334
23,"20MA, 50MA, MACD, Upper_BB, Lower_BB, Williams_%R",32,0.7,0.001,64,60,30,50,relu,0.1035127823642993,11.72243680036072,0.4687550402039333,31.06382978723404,0.9173564707780046
24,"20MA, 50MA, MACD, Upper_BB, Lower_BB, Williams_%R",32,0.7,0.001,32,60,30,50,relu,0.10569670153078835,13.353291267324167,0.44610208918691796,22.97872340425532,0.8616982030846985
0,"20MA, 50MA, MACD, Upper_BB, Lower_BB, OBV",128,0.5,0.0005,16,60,1,50,tanh,0.027589512003194563,3.260344021455536,0.9658613443547518,79.83193277310924,1.1773295498286824
1,"20MA, 50MA, MACD, Upper_BB, Lower_BB, OBV",128,0.5,0.0005,16,60,1,100,sigmoid,0.046266845384699516,5.746785716257633,0.9039940487239476,52.94117647058824,1.513259132156796
2,"20MA, 50MA, MACD, Upper_BB, Lower_BB, OBV",32,0.5,0.001,32,60,1,150,tanh,0.05209989879323374,7.35673152243219,0.8782603254105714,28.991596638655466,0.8173197653138959
3,"20MA, 50MA, MACD, Upper_BB, Lower_BB, OBV",64,0.5,0.001,64,60,1,100,tanh,0.025775284085796078,2.88208771221307,0.9702034969042109,84.03361344537815,1.1391707691931987
4,"20MA, 50MA, MACD, Upper_BB, Lower_BB, OBV",64,0.5,0.001,64,60,1,150,sigmoid,0.043447921576651935,4.443780834583026,0.9153364667232828,65.12605042016807,1.0830705720777973
5,"20MA, 50MA, MACD, Upper_BB, Lower_BB, OBV",128,0.8,0.0001,32,60,1,50,tanh,0.04323222554295383,5.333421451018668,0.9161749997570621,56.72268907563025,1.0955016158619677
6,"20MA, 50MA, MACD, Upper_BB, Lower_BB, OBV",64,0.8,0.0005,32,60,1,50,relu,0.04650517159539828,6.305388691244912,0.9030024243709018,42.436974789915965,1.0464374909416856
7,"20MA, 50MA, MACD, Upper_BB, Lower_BB, OBV",32,0.30000000000000004,0.0005,16,60,1,150,sigmoid,0.04280573003626594,4.845136682140539,0.9178207461787028,59.66386554621849,0.7399260310815726
8,"20MA, 50MA, MACD, Upper_BB, Lower_BB, OBV",64,0.5,0.0005,64,60,1,150,relu,0.03470900106838046,4.018839866613437,0.9459690496045461,71.00840336134453,0.8397958424336057
9,"20MA, 50MA, MACD, Upper_BB, Lower_BB, OBV",64,0.4,0.001,32,60,1,150,relu,0.05347683371277469,7.568691926625546,0.8717404393223323,26.05042016806723,0.7598737335372177
10,"20MA, 50MA, MACD, Upper_BB, Lower_BB, OBV",64,0.2,0.0001,64,60,1,100,tanh,0.037033187473917734,4.339489253366463,0.9384907311545301,69.32773109243698,1.2067379011018022
11,"20MA, 50MA, MACD, Upper_BB, Lower_BB, OBV",128,0.7,0.001,16,60,1,50,tanh,0.027887615962208696,3.2417081587101033,0.9651196241821605,76.47058823529412,1.0250535220574721
12,"20MA, 50MA, MACD, Upper_BB, Lower_BB, OBV",128,0.6000000000000001,0.001,64,60,1,100,tanh,0.032213665948918675,4.0800008008662525,0.9534586818984587,71.00840336134453,0.754381616504012
13,"20MA, 50MA, MACD, Upper_BB, Lower_BB, OBV",128,0.4,0.0005,16,60,1,100,tanh,0.02644187205059944,2.8733079078511032,0.9686424028811781,84.87394957983193,1.3069671733853485
14,"20MA, 50MA, MACD, Upper_BB, Lower_BB, OBV",32,0.30000000000000004,0.0001,64,60,1,100,tanh,0.049788768501742665,6.141177148488898,0.888821414075631,51.26050420168067,1.14101824953087
15,"20MA, 50MA, MACD, Upper_BB, Lower_BB, OBV",64,0.4,0.0005,16,60,1,100,tanh,0.027294686001077935,3.0463573634144603,0.9665870683504878,84.87394957983193,1.0745755923388338
16,"20MA, 50MA, MACD, Upper_BB, Lower_BB, OBV",128,0.6000000000000001,0.001,16,60,1,100,tanh,0.02684812297374321,3.0756406613798575,0.9676714494120428,78.57142857142857,1.2833577606009277
17,"20MA, 50MA, MACD, Upper_BB, Lower_BB, OBV",64,0.30000000000000004,0.0005,64,60,1,100,tanh,0.031336907345858124,3.722615711314058,0.9559576337356579,76.05042016806722,0.9771291786021906
18,"20MA, 50MA, MACD, Upper_BB, Lower_BB, OBV",128,0.4,0.001,64,60,1,100,sigmoid,0.06417156661924175,8.681157557329264,0.8153098810886338,31.512605042016805,1.1247272330747642
19,"20MA, 50MA, MACD, Upper_BB, Lower_BB, OBV",32,0.6000000000000001,0.0001,16,60,1,100,relu,0.03423166393346228,3.9230924195183317,0.9474449568595462,70.58823529411765,1.1972867589695144
20,"20MA, 50MA, MACD, Upper_BB, Lower_BB, OBV",128,0.2,0.001,64,60,1,100,tanh,0.02648206382945768,3.0175298696166206,0.9685470030206029,84.45378151260505,0.8006539186157445
21,"20MA, 50MA, MACD, Upper_BB, Lower_BB, OBV",128,0.2,0.001,64,60,1,100,tanh,0.029880186956701554,3.6195383859457495,0.9599571483487114,76.05042016806722,0.7604294516050049
22,"20MA, 50MA, MACD, Upper_BB, Lower_BB, OBV",128,0.2,0.001,64,60,1,100,tanh,0.03708976523925297,4.88006408889705,0.9383026449778069,57.14285714285714,0.7598737335372177
23,"20MA, 50MA, MACD, Upper_BB, Lower_BB, OBV",128,0.30000000000000004,0.001,64,60,1,100,tanh,0.037818799353754144,4.8028180622569066,0.9358533691095327,61.34453781512605,0.7984918515210001
24,"20MA, 50MA, MACD, Upper_BB, Lower_BB, OBV",128,0.4,0.001,64,60,1,100,tanh,0.029072700213187176,3.3113253175556827,0.9620921531580584,81.09243697478992,1.0773627888084392
0,"20MA, 50MA, MACD, Upper_BB, Lower_BB, OBV",32,0.7,0.0001,16,60,30,150,tanh,0.11454883633602568,13.95133726270292,0.34943870505752384,19.148936170212767,1.0072075789831325
1,"20MA, 50MA, MACD, Upper_BB, Lower_BB, OBV",32,0.5,0.0001,16,60,30,150,tanh,0.1126254209858736,13.021202790340295,0.37110272529262334,22.5531914893617,1.0918348430427065
2,"20MA, 50MA, MACD, Upper_BB, Lower_BB, OBV",128,0.30000000000000004,0.0001,32,60,30,50,relu,0.11633175566465498,14.287996046083554,0.3290295051994282,23.829787234042556,0.943972552305753
3,"20MA, 50MA, MACD, Upper_BB, Lower_BB, OBV",64,0.6000000000000001,0.0005,64,60,30,100,relu,0.11513993215021945,13.360546856978669,0.34270731896405837,25.957446808510635,1.0179906155745404
4,"20MA, 50MA, MACD, Upper_BB, Lower_BB, OBV",32,0.4,0.001,64,60,30,100,sigmoid,0.11662858131740834,13.565771608084571,0.32560111475931464,27.659574468085108,0.8851725688198582
5,"20MA, 50MA, MACD, Upper_BB, Lower_BB, OBV",128,0.4,0.0005,32,60,30,50,relu,0.12146728188830215,16.13951728094838,0.26848121248591095,15.74468085106383,0.9485445387127415
6,"20MA, 50MA, MACD, Upper_BB, Lower_BB, OBV",32,0.4,0.0001,32,60,30,150,relu,0.11373275260639558,12.968019827192798,0.35867531202666747,26.80851063829787,0.9787090022318152
7,"20MA, 50MA, MACD, Upper_BB, Lower_BB, OBV",32,0.2,0.001,16,60,30,100,tanh,0.10916235464288607,12.756891220428153,0.4091834561450456,27.23404255319149,0.9387887205021656
8,"20MA, 50MA, MACD, Upper_BB, Lower_BB, OBV",128,0.8,0.0001,16,60,30,150,relu,0.1068426164607825,12.111243259095245,0.43402677280139446,25.106382978723403,1.0064590659179624
9,"20MA, 50MA, MACD, Upper_BB, Lower_BB, OBV",128,0.7,0.0001,32,60,30,50,tanh,0.11594634365897455,13.680886049717737,0.33346804747352565,17.872340425531917,0.9567242906336793
10,"20MA, 50MA, MACD, Upper_BB, Lower_BB, OBV",64,0.8,0.0005,16,60,30,150,sigmoid,0.101878529837802,12.533012702010593,0.4853971388748105,31.914893617021278,1.1183301993261496
11,"20MA, 50MA, MACD, Upper_BB, Lower_BB, OBV",64,0.8,0.0005,16,60,30,150,sigmoid,0.11024426821269671,13.64178850119789,0.39741419610265394,21.70212765957447,0.8571423179792164
12,"20MA, 50MA, MACD, Upper_BB, Lower_BB, OBV",64,0.8,0.0005,16,60,30,150,sigmoid,0.10708207822515546,14.296579522487422,0.4314869468467325,23.404255319148938,0.8937323937556841
13,"20MA, 50MA, MACD, Upper_BB, Lower_BB, OBV",64,0.7,0.0005,16,60,30,150,sigmoid,0.10458264822135767,12.613976760176515,0.45771682822680115,22.97872340425532,1.06575565607192
14,"20MA, 50MA, MACD, Upper_BB, Lower_BB, OBV",64,0.6000000000000001,0.0005,16,60,30,150,sigmoid,0.11320284540608629,14.899574395595941,0.3646375499845915,26.80851063829787,0.977545312475205
15,"20MA, 50MA, MACD, Upper_BB, Lower_BB, OBV",64,0.7,0.0005,16,60,30,150,sigmoid,0.117600186178726,14.883369835351386,0.3143177982619104,24.680851063829788,1.0637888700631528
16,"20MA, 50MA, MACD, Upper_BB, Lower_BB, OBV",64,0.6000000000000001,0.0005,64,60,30,150,sigmoid,0.10720852285675742,11.839189766606669,0.4301435312794859,28.510638297872344,0.9709816514168648
17,"20MA, 50MA, MACD, Upper_BB, Lower_BB, OBV",64,0.7,0.0005,16,60,30,150,sigmoid,0.0981456464450937,11.504924818261548,0.522416913662616,36.59574468085106,1.2307203310579893
18,"20MA, 50MA, MACD, Upper_BB, Lower_BB, OBV",64,0.8,0.001,16,60,30,50,sigmoid,0.14577194005585487,21.759792216202076,-0.05354896694699263,19.574468085106382,0.9321407137657932
19,"20MA, 50MA, MACD, Upper_BB, Lower_BB, OBV",64,0.5,0.0005,64,60,30,100,sigmoid,0.11649070465572357,12.650955469933745,0.3271947019192384,28.510638297872344,1.0703377557077167
20,"20MA, 50MA, MACD, Upper_BB, Lower_BB, OBV",64,0.6000000000000001,0.0005,16,60,30,150,sigmoid,0.10575741676523652,13.16719135843443,0.4454655565409382,31.48936170212766,1.0700144030187286
21,"20MA, 50MA, MACD, Upper_BB, Lower_BB, OBV",64,0.7,0.0005,16,60,30,150,sigmoid,0.12239892632674025,16.852715529102156,0.25721679652149776,22.97872340425532,0.8536015832848333
22,"20MA, 50MA, MACD, Upper_BB, Lower_BB, OBV",64,0.7,0.0005,16,60,30,150,sigmoid,0.11748178963313619,15.966676129866004,0.3156977542061854,22.5531914893617,0.8538922634246097
23,"20MA, 50MA, MACD, Upper_BB, Lower_BB, OBV",64,0.8,0.0005,16,60,30,150,sigmoid,0.12379696992464136,17.784652274897663,0.24015171439570504,18.29787234042553,0.9682072047448526
24,"20MA, 50MA, MACD, Upper_BB, Lower_BB, OBV",64,0.7,0.0005,16,60,30,150,sigmoid,0.1081193849485233,12.662193192770864,0.420419198630959,36.59574468085106,1.3133234637787057
0,"20MA, 50MA, MACD, Upper_BB, CCI, ATR",32,0.6000000000000001,0.001,32,60,1,100,tanh,0.03137270138830578,3.8574472514337335,0.9558569630058346,70.58823529411765,1.0241024659100268
1,"20MA, 50MA, MACD, Upper_BB, CCI, ATR",32,0.8,0.001,16,60,1,150,relu,0.0275381879694868,3.1208898712950144,0.9659882406760234,78.99159663865547,1.1902943117156801
2,"20MA, 50MA, MACD, Upper_BB, CCI, ATR",64,0.4,0.0001,32,60,1,150,sigmoid,0.052724506882759814,6.036024614685177,0.8753238363274495,45.79831932773109,1.3333195931521138
3,"20MA, 50MA, MACD, Upper_BB, CCI, ATR",64,0.2,0.001,64,60,1,100,relu,0.02661183608585336,3.004792989826238,0.9682379842503023,84.03361344537815,1.141208033502571
4,"20MA, 50MA, MACD, Upper_BB, CCI, ATR",128,0.5,0.0005,64,60,1,50,sigmoid,0.04009761942184029,4.810843361705493,0.9278899899232227,59.2436974789916,1.3637923737278996
5,"20MA, 50MA, MACD, Upper_BB, CCI, ATR",32,0.8,0.0005,16,60,1,150,tanh,0.028238596391536766,3.343944068757238,0.9642361232476945,77.31092436974791,1.0005397247794496
6,"20MA, 50MA, MACD, Upper_BB, CCI, ATR",128,0.2,0.0005,64,60,1,150,relu,0.026360128699033352,2.951513376067798,0.9688359831980626,82.35294117647058,1.1563678730149587
7,"20MA, 50MA, MACD, Upper_BB, CCI, ATR",32,0.8,0.0005,32,60,1,50,tanh,0.030520829662669523,3.789844792959321,0.9582216727511963,72.26890756302521,1.2123460692246733
8,"20MA, 50MA, MACD, Upper_BB, CCI, ATR",64,0.5,0.0005,16,60,1,150,tanh,0.02971627061162486,3.3951029768217325,0.9603952764252702,76.89075630252101,0.8115418688522104
9,"20MA, 50MA, MACD, Upper_BB, CCI, ATR",128,0.6000000000000001,0.0005,64,60,1,50,sigmoid,0.039539311262782824,4.557747042207534,0.9298840896098158,65.12605042016807,1.1028417209737316
10,"20MA, 50MA, MACD, Upper_BB, CCI, ATR",128,0.2,0.0001,64,60,1,150,relu,0.03857971222827223,4.644176206786319,0.9332461459383202,61.34453781512605,1.391747945642361
11,"20MA, 50MA, MACD, Upper_BB, CCI, ATR",64,0.2,0.001,64,60,1,100,relu,0.02768716490975535,3.2582031987297935,0.9656192495454189,77.31092436974791,1.0591023236118764
12,"20MA, 50MA, MACD, Upper_BB, CCI, ATR",128,0.30000000000000004,0.001,64,60,1,100,relu,0.028569822632828208,3.1636422866338574,0.9633922138627892,81.09243697478992,1.526256957486563
13,"20MA, 50MA, MACD, Upper_BB, CCI, ATR",64,0.30000000000000004,0.001,64,60,1,100,relu,0.02677101264944394,2.976516748651001,0.9678568839879692,82.77310924369748,1.4090107829456722
14,"20MA, 50MA, MACD, Upper_BB, CCI, ATR",128,0.30000000000000004,0.0001,64,60,1,100,relu,0.03844579188407438,4.596271839149576,0.9337087820012523,64.28571428571429,1.318127914170207
15,"20MA, 50MA, MACD, Upper_BB, CCI, ATR",64,0.2,0.0005,64,60,1,150,relu,0.02724799076437317,2.9727457254338137,0.966701294991578,82.35294117647058,1.2101990019288171
16,"20MA, 50MA, MACD, Upper_BB, CCI, ATR",128,0.4,0.001,64,60,1,100,relu,0.026005566497751802,2.8927908893097207,0.9696687006867052,83.19327731092437,1.076854045831571
17,"20MA, 50MA, MACD, Upper_BB, CCI, ATR",128,0.4,0.0005,64,60,1,100,relu,0.03519100991351231,4.0173226547495045,0.9444579585693401,68.4873949579832,1.4759417328298996
18,"20MA, 50MA, MACD, Upper_BB, CCI, ATR",128,0.4,0.001,16,60,1,150,relu,0.029405744475133257,3.332158320246751,0.9612186667605758,79.83193277310924,0.8443139905110968
19,"20MA, 50MA, MACD, Upper_BB, CCI, ATR",128,0.6000000000000001,0.0001,32,60,1,50,sigmoid,0.044419493249549094,5.344540445032167,0.9115076809253226,56.30252100840336,1.338106424210182
20,"20MA, 50MA, MACD, Upper_BB, CCI, ATR",128,0.30000000000000004,0.001,64,60,1,150,relu,0.031312431629029774,3.4551322259661448,0.9560264055196228,77.73109243697479,1.021292228584474
21,"20MA, 50MA, MACD, Upper_BB, CCI, ATR",64,0.2,0.001,64,60,1,100,relu,0.027826666201156397,3.0574370323676057,0.9652719231373268,82.35294117647058,1.1834584694544426
22,"20MA, 50MA, MACD, Upper_BB, CCI, ATR",128,0.30000000000000004,0.001,64,60,1,100,relu,0.03725681144577893,4.296130586784674,0.9377456439828614,63.86554621848739,1.265737870000819
23,"20MA, 50MA, MACD, Upper_BB, CCI, ATR",64,0.2,0.001,64,60,1,100,relu,0.026570430928870382,3.0729542818974895,0.9683367439268679,80.67226890756302,1.2597632270241517
24,"20MA, 50MA, MACD, Upper_BB, CCI, ATR",128,0.4,0.001,64,60,1,100,relu,0.03522668155953054,4.5532715540912125,0.9443453002390453,62.60504201680672,0.998848079704635
0,"20MA, 50MA, MACD, Upper_BB, CCI, ATR",64,0.2,0.0001,32,60,30,150,sigmoid,0.11125942113127266,11.823427294812818,0.38626562290088695,30.21276595744681,1.105119827459668
1,"20MA, 50MA, MACD, Upper_BB, CCI, ATR",32,0.5,0.0005,16,60,30,50,sigmoid,0.11055348936494266,14.111375015381956,0.39402910227776844,27.23404255319149,0.8426861434286249
2,"20MA, 50MA, MACD, Upper_BB, CCI, ATR",32,0.7,0.0005,32,60,30,50,sigmoid,0.10639307305005023,12.439649150558402,0.4387794507780449,28.510638297872344,0.9590447677797707
3,"20MA, 50MA, MACD, Upper_BB, CCI, ATR",32,0.4,0.0005,64,60,30,100,tanh,0.10607915208616044,12.221049038274995,0.4420864138352536,25.106382978723403,1.1782027211059487
4,"20MA, 50MA, MACD, Upper_BB, CCI, ATR",32,0.7,0.0005,16,60,30,100,sigmoid,0.09969218964265908,12.82284636989747,0.507247169157996,23.404255319148938,0.9083202266011835
5,"20MA, 50MA, MACD, Upper_BB, CCI, ATR",128,0.30000000000000004,0.001,32,60,30,150,tanh,0.10968806645876654,13.889175682833251,0.40347916106879034,20.425531914893615,0.8994946281358706
6,"20MA, 50MA, MACD, Upper_BB, CCI, ATR",128,0.7,0.0005,32,60,30,50,sigmoid,0.11983175346059692,16.23424208509795,0.2880480455994815,25.106382978723403,0.8786764528029053
7,"20MA, 50MA, MACD, Upper_BB, CCI, ATR",64,0.6000000000000001,0.001,32,60,30,150,tanh,0.10886171081261473,13.42502726182517,0.412433308175032,20.425531914893615,1.0156264302391669
8,"20MA, 50MA, MACD, Upper_BB, CCI, ATR",64,0.6000000000000001,0.0005,64,60,30,150,relu,0.10757508803479461,12.520664670781171,0.42623998615557324,23.829787234042556,1.0646025638283758
9,"20MA, 50MA, MACD, Upper_BB, CCI, ATR",32,0.5,0.001,32,60,30,100,sigmoid,0.10463891282711378,12.886445445630937,0.457133183486214,28.936170212765955,0.8998933257171439
10,"20MA, 50MA, MACD, Upper_BB, CCI, ATR",32,0.8,0.0001,16,60,30,100,relu,0.10907361781980748,12.911414734778685,0.4101436016928067,28.085106382978726,0.9645505916517383
11,"20MA, 50MA, MACD, Upper_BB, CCI, ATR",32,0.5,0.001,16,60,30,100,sigmoid,0.105853479371753,13.598862568535964,0.44445769876518326,25.106382978723403,1.046507155683216
12,"20MA, 50MA, MACD, Upper_BB, CCI, ATR",32,0.8,0.001,16,60,30,100,sigmoid,0.11358659475012821,15.048486957567086,0.3603225844309268,22.5531914893617,0.8686541617641813
13,"20MA, 50MA, MACD, Upper_BB, CCI, ATR",32,0.5,0.001,16,60,30,100,sigmoid,0.1177875974932863,16.033085747080804,0.31213060789353964,27.23404255319149,0.8536015832848333
14,"20MA, 50MA, MACD, Upper_BB, CCI, ATR",32,0.4,0.0001,64,60,30,100,sigmoid,0.12273722887999193,16.06925521987492,0.2531051146627523,4.680851063829787,0.8023210480722429
15,"20MA, 50MA, MACD, Upper_BB, CCI, ATR",128,0.6000000000000001,0.0005,32,60,30,100,relu,0.10970983857384863,13.485796256322189,0.4032423293016234,18.72340425531915,1.1491111255612614
16,"20MA, 50MA, MACD, Upper_BB, CCI, ATR",32,0.7,0.001,16,60,30,100,sigmoid,0.11646337189918045,15.72686029258587,0.3275103917598349,22.127659574468083,0.8208390920859941
17,"20MA, 50MA, MACD, Upper_BB, CCI, ATR",32,0.4,0.0005,16,60,30,100,sigmoid,0.10982915024597902,13.492900822968357,0.4019436514021837,27.659574468085108,0.8470630665436276
18,"20MA, 50MA, MACD, Upper_BB, CCI, ATR",64,0.30000000000000004,0.001,32,60,30,100,tanh,0.10814659026411276,13.454190029094363,0.420127490305518,19.148936170212767,1.0328262529650771
19,"20MA, 50MA, MACD, Upper_BB, CCI, ATR",128,0.6000000000000001,0.0001,64,60,30,50,relu,0.10797100901863516,11.799054316230459,0.42200886421910266,18.72340425531915,1.2348323551294822
20,"20MA, 50MA, MACD, Upper_BB, CCI, ATR",32,0.8,0.001,32,60,30,100,sigmoid,0.10536616627653571,12.400669638241405,0.44956097703165565,29.78723404255319,0.9567045304259402
21,"20MA, 50MA, MACD, Upper_BB, CCI, ATR",32,0.8,0.001,32,60,30,100,sigmoid,0.10784582811244092,12.874945096731649,0.4233483258345411,27.659574468085108,0.8665909867417481
22,"20MA, 50MA, MACD, Upper_BB, CCI, ATR",32,0.7,0.001,32,60,30,100,sigmoid,0.1044483239017648,12.872249358688073,0.45910893372167094,29.361702127659573,0.9279446841048637
23,"20MA, 50MA, MACD, Upper_BB, CCI, ATR",32,0.7,0.001,32,60,30,100,sigmoid,0.11295984687947769,14.251642015953452,0.3673623301157273,23.829787234042556,0.9102884962080576
24,"20MA, 50MA, MACD, Upper_BB, CCI, ATR",32,0.5,0.001,32,60,30,100,sigmoid,0.10815411434346217,12.765155342948525,0.4200468005946635,28.936170212765955,1.209567677972923
0,"20MA, 50MA, MACD, Upper_BB, CCI, Williams_%R",64,0.7,0.001,32,60,1,150,tanh,0.026126932194696046,2.9237962436659832,0.9693849330440317,83.61344537815127,1.1376493700848256
1,"20MA, 50MA, MACD, Upper_BB, CCI, Williams_%R",32,0.6000000000000001,0.0001,16,60,1,50,sigmoid,0.05644558327712951,6.661812373531732,0.857104580567725,45.79831932773109,1.2556186663312772
2,"20MA, 50MA, MACD, Upper_BB, CCI, Williams_%R",32,0.8,0.0005,64,60,1,50,sigmoid,0.05513264823837125,6.270298226552219,0.8636748183839029,45.79831932773109,0.9963048715436522
3,"20MA, 50MA, MACD, Upper_BB, CCI, Williams_%R",32,0.8,0.0001,64,60,1,150,tanh,0.04229481406252411,5.149409643790726,0.9197707712500615,56.30252100840336,0.839038468348971
4,"20MA, 50MA, MACD, Upper_BB, CCI, Williams_%R",64,0.7,0.001,16,60,1,100,sigmoid,0.039028596818048863,5.126244015954081,0.9316837133287792,59.66386554621849,0.7998646327742107
5,"20MA, 50MA, MACD, Upper_BB, CCI, Williams_%R",32,0.30000000000000004,0.0005,32,60,1,100,tanh,0.03002210738539051,3.6588496405327726,0.9595758659577913,73.52941176470588,1.169307352081706
6,"20MA, 50MA, MACD, Upper_BB, CCI, Williams_%R",128,0.2,0.0001,16,60,1,100,sigmoid,0.04125604609280722,4.946929632610075,0.9236632643580501,57.56302521008403,0.8796847840419012
7,"20MA, 50MA, MACD, Upper_BB, CCI, Williams_%R",64,0.8,0.001,16,60,1,100,sigmoid,0.06331547876605298,8.906084397758983,0.8202047691921877,37.39495798319328,0.8634844918119774
8,"20MA, 50MA, MACD, Upper_BB, CCI, Williams_%R",128,0.5,0.0005,64,60,1,150,relu,0.02685208367218964,3.0483356860097155,0.9676619103403643,84.03361344537815,0.9668298667209254
9,"20MA, 50MA, MACD, Upper_BB, CCI, Williams_%R",128,0.2,0.0005,16,60,1,150,sigmoid,0.039682436498320275,4.630822154648281,0.9293755567615808,58.82352941176471,1.062674935374417
10,"20MA, 50MA, MACD, Upper_BB, CCI, Williams_%R",64,0.5,0.001,32,60,1,150,tanh,0.03405719727523526,4.011338206339373,0.9479793005557234,68.0672268907563,0.6793270254267303
11,"20MA, 50MA, MACD, Upper_BB, CCI, Williams_%R",128,0.5,0.0005,32,60,1,150,relu,0.02888650912748607,3.5292454652680543,0.9625761468639998,76.47058823529412,1.0950462520146826
12,"20MA, 50MA, MACD, Upper_BB, CCI, Williams_%R",128,0.4,0.001,64,60,1,150,relu,0.02720989809149876,2.9292087271469467,0.9667943330472039,81.5126050420168,0.8408054776024492
13,"20MA, 50MA, MACD, Upper_BB, CCI, Williams_%R",64,0.6000000000000001,0.0005,32,60,1,150,relu,0.027946910785646456,3.2718459340162447,0.9649711407502599,76.89075630252101,0.8009717309664239
14,"20MA, 50MA, MACD, Upper_BB, CCI, Williams_%R",128,0.6000000000000001,0.001,64,60,1,150,relu,0.03025594111366125,3.3151546887803587,0.9589437093018305,78.57142857142857,1.1676188326790713
15,"20MA, 50MA, MACD, Upper_BB, CCI, Williams_%R",64,0.4,0.001,32,60,1,150,tanh,0.02652024402210286,2.902831629525311,0.9684562436923422,84.03361344537815,1.043660219606878
16,"20MA, 50MA, MACD, Upper_BB, CCI, Williams_%R",64,0.4,0.001,32,60,1,50,tanh,0.029769348475596855,3.5035645219784093,0.9602536697259174,78.15126050420169,1.0824756967908824
17,"20MA, 50MA, MACD, Upper_BB, CCI, Williams_%R",64,0.4,0.001,32,60,1,150,tanh,0.02870161399544217,3.2835748091712342,0.9630536945872208,78.15126050420169,0.7590680638948858
18,"20MA, 50MA, MACD, Upper_BB, CCI, Williams_%R",64,0.7,0.001,32,60,1,150,tanh,0.029404051747168012,3.380556968327036,0.9612231314907861,77.73109243697479,0.7654252971187927
19,"20MA, 50MA, MACD, Upper_BB, CCI, Williams_%R",64,0.30000000000000004,0.001,32,60,1,50,tanh,0.02893339736241804,3.3716793438442694,0.9624545563633741,79.83193277310924,1.0503725969552362
20,"20MA, 50MA, MACD, Upper_BB, CCI, Williams_%R",64,0.7,0.001,32,60,1,150,tanh,0.0261170050532241,2.8414312286469654,0.969408193514118,82.77310924369748,1.0151284848335878
21,"20MA, 50MA, MACD, Upper_BB, CCI, Williams_%R",64,0.7,0.001,32,60,1,150,tanh,0.027017171097693214,2.9900070924924336,0.967263056902605,81.9327731092437,0.7268136099277791
22,"20MA, 50MA, MACD, Upper_BB, CCI, Williams_%R",64,0.7,0.001,32,60,1,150,tanh,0.026243457869879198,2.9141708544274993,0.9691112387055475,82.77310924369748,0.9719483601615635
23,"20MA, 50MA, MACD, Upper_BB, CCI, Williams_%R",64,0.7,0.001,32,60,1,150,tanh,0.026765480653710053,2.855258865793232,0.9678701668033011,83.61344537815127,0.9990019461268704
24,"20MA, 50MA, MACD, Upper_BB, CCI, Williams_%R",64,0.6000000000000001,0.001,32,60,1,150,tanh,0.029678153612596812,3.3356540542056936,0.9604968130575648,75.21008403361344,0.7999737028738105
0,"20MA, 50MA, MACD, Upper_BB, CCI, Williams_%R",64,0.7,0.0005,32,60,30,100,tanh,0.10592088141524592,13.210661592609476,0.44374999207483934,20.0,1.1217923467202044
1,"20MA, 50MA, MACD, Upper_BB, CCI, Williams_%R",64,0.7,0.001,64,60,30,150,sigmoid,0.1172172998587765,12.42337766869825,0.3187754603317392,28.085106382978726,1.1100489623610958
2,"20MA, 50MA, MACD, Upper_BB, CCI, Williams_%R",128,0.6000000000000001,0.0001,16,60,30,150,relu,0.106165286851362,12.439140379360342,0.4411800101716259,26.382978723404253,1.03149167405891
3,"20MA, 50MA, MACD, Upper_BB, CCI, Williams_%R",64,0.6000000000000001,0.0005,32,60,30,100,relu,0.10378045006616161,12.497862960925561,0.46600405691659397,24.25531914893617,1.0078762254269609
4,"20MA, 50MA, MACD, Upper_BB, CCI, Williams_%R",128,0.30000000000000004,0.0005,32,60,30,50,relu,0.10692148562264245,13.474728992489652,0.4331908833232395,20.851063829787233,1.0111525969987991
5,"20MA, 50MA, MACD, Upper_BB, CCI, Williams_%R",64,0.5,0.001,16,60,30,100,relu,0.10599837199245121,13.23806214907804,0.44293580131530574,22.5531914893617,0.9413872203266704
6,"20MA, 50MA, MACD, Upper_BB, CCI, Williams_%R",32,0.4,0.001,64,60,30,150,tanh,0.1033027585170767,11.982014805816013,0.4709086084440499,28.085106382978726,0.9900263815434388
7,"20MA, 50MA, MACD, Upper_BB, CCI, Williams_%R",32,0.30000000000000004,0.0001,32,60,30,100,relu,0.1021584085954967,11.590502797812686,0.48256584079831477,28.510638297872344,1.3520816686138046
8,"20MA, 50MA, MACD, Upper_BB, CCI, Williams_%R",32,0.5,0.0001,64,60,30,50,sigmoid,0.11729118696338389,14.160581732221539,0.31791637941732154,8.936170212765958,0.9149097649337155
9,"20MA, 50MA, MACD, Upper_BB, CCI, Williams_%R",128,0.5,0.001,16,60,30,150,tanh,0.10569484913143937,12.980012955293343,0.4461215038162024,25.53191489361702,0.9817217123539016
10,"20MA, 50MA, MACD, Upper_BB, CCI, Williams_%R",32,0.2,0.0001,32,60,30,100,relu,0.10521609799859195,11.88981737615056,0.4511277914092249,27.659574468085108,1.2494054551179343
11,"20MA, 50MA, MACD, Upper_BB, CCI, Williams_%R",32,0.30000000000000004,0.0001,64,60,30,150,tanh,0.1022494532132378,11.329054103434267,0.4816431446021814,28.510638297872344,1.1771800613904175
12,"20MA, 50MA, MACD, Upper_BB, CCI, Williams_%R",32,0.2,0.0001,64,60,30,150,tanh,0.10202963881669143,11.628953055486138,0.4838694611258205,27.659574468085108,1.05883784740556
13,"20MA, 50MA, MACD, Upper_BB, CCI, Williams_%R",32,0.2,0.0001,64,60,30,100,tanh,0.1052543534056509,11.757769427858806,0.45072859114689523,28.510638297872344,1.188846333239987
14,"20MA, 50MA, MACD, Upper_BB, CCI, Williams_%R",32,0.30000000000000004,0.0001,32,60,30,50,sigmoid,0.1120696693568091,14.028867377251917,0.37729401584377587,5.106382978723404,0.9197496899287267
15,"20MA, 50MA, MACD, Upper_BB, CCI, Williams_%R",32,0.2,0.0001,32,60,30,150,relu,0.10250665046108572,11.751869747395213,0.47903212560390707,28.936170212765955,1.1296664150876508
16,"20MA, 50MA, MACD, Upper_BB, CCI, Williams_%R",32,0.4,0.0001,64,60,30,100,tanh,0.10072388192554614,11.441239664837695,0.49699561795590985,29.361702127659573,1.0784093054830621
17,"20MA, 50MA, MACD, Upper_BB, CCI, Williams_%R",32,0.4,0.0001,64,60,30,100,tanh,0.10384580408753008,11.86143497180364,0.4653312949326548,27.23404255319149,1.236296359994168
18,"20MA, 50MA, MACD, Upper_BB, CCI, Williams_%R",32,0.8,0.0001,64,60,30,150,tanh,0.10307398588839174,11.539185444529323,0.47324944816167214,28.510638297872344,1.2466611834054497
19,"20MA, 50MA, MACD, Upper_BB, CCI, Williams_%R",128,0.4,0.0005,64,60,30,50,tanh,0.10480428059660885,11.99068348134937,0.4554159712371729,24.25531914893617,1.1883922294067055
20,"20MA, 50MA, MACD, Upper_BB, CCI, Williams_%R",32,0.2,0.0001,64,60,30,150,tanh,0.10229130557821897,11.434514659215031,0.4812187139657621,29.78723404255319,1.1032134544886238
21,"20MA, 50MA, MACD, Upper_BB, CCI, Williams_%R",32,0.30000000000000004,0.0001,64,60,30,100,tanh,0.10444215262711408,11.672979370642395,0.45917284836557937,31.48936170212766,1.1043613862742052
22,"20MA, 50MA, MACD, Upper_BB, CCI, Williams_%R",32,0.4,0.0001,32,60,30,100,relu,0.10390472293983813,11.57972398322519,0.4647244143102408,30.638297872340424,1.1218629205615902
23,"20MA, 50MA, MACD, Upper_BB, CCI, Williams_%R",32,0.30000000000000004,0.0001,16,60,30,100,sigmoid,0.10375167674993699,11.709119949713227,0.4663001185382054,29.78723404255319,1.003078491363796
24,"20MA, 50MA, MACD, Upper_BB, CCI, Williams_%R",32,0.4,0.0001,64,60,30,100,tanh,0.10449946566934976,11.676418091846887,0.45857912345057683,25.53191489361702,1.218457752925387
0,"20MA, 50MA, MACD, Upper_BB, CCI, OBV",128,0.5,0.0005,16,60,1,100,sigmoid,0.054003971456624215,7.510687357019913,0.8691993882037433,44.537815126050425,1.3521237752236608
1,"20MA, 50MA, MACD, Upper_BB, CCI, OBV",128,0.4,0.0005,32,60,1,50,sigmoid,0.08237253716302104,12.508071194633791,0.6956850677063899,17.22689075630252,1.0528940706522667
2,"20MA, 50MA, MACD, Upper_BB, CCI, OBV",32,0.5,0.001,64,60,1,50,sigmoid,0.04862654211485088,6.002585827509364,0.8939513480569484,47.89915966386555,0.94908159945729
3,"20MA, 50MA, MACD, Upper_BB, CCI, OBV",32,0.30000000000000004,0.0001,16,60,1,50,tanh,0.03818421064711381,4.980992275569504,0.9346077905184578,57.14285714285714,1.1877559040178798
4,"20MA, 50MA, MACD, Upper_BB, CCI, OBV",128,0.5,0.001,16,60,1,50,sigmoid,0.07369434246476844,10.8587522181676,0.7564283861409697,31.512605042016805,1.0733204046840032
5,"20MA, 50MA, MACD, Upper_BB, CCI, OBV",128,0.6000000000000001,0.001,32,60,1,100,relu,0.047360278791330666,6.352515916800584,0.8994025718683585,42.016806722689076,0.7807195615147493
6,"20MA, 50MA, MACD, Upper_BB, CCI, OBV",64,0.4,0.0001,16,60,1,50,tanh,0.03678995201716097,4.660003795558625,0.9392960683736168,60.50420168067227,1.0512844261270395
7,"20MA, 50MA, MACD, Upper_BB, CCI, OBV",64,0.2,0.0001,32,60,1,150,tanh,0.02920889381637421,3.5001293685173978,0.9617361560184117,75.63025210084034,1.004257018463645
8,"20MA, 50MA, MACD, Upper_BB, CCI, OBV",64,0.7,0.0005,16,60,1,50,tanh,0.028146560678850407,3.3807161769705045,0.9644688678144296,77.31092436974791,1.172971636696269
9,"20MA, 50MA, MACD, Upper_BB, CCI, OBV",64,0.6000000000000001,0.0005,64,60,1,100,relu,0.0324503322934421,3.9999132044520667,0.95277231325598,68.90756302521008,0.8341922361496625
10,"20MA, 50MA, MACD, Upper_BB, CCI, OBV",64,0.8,0.0005,16,60,1,150,tanh,0.027324600399270798,3.150805057226337,0.9665137884840156,81.5126050420168,1.1239129732972004
11,"20MA, 50MA, MACD, Upper_BB, CCI, OBV",64,0.8,0.0005,16,60,1,150,tanh,0.02998558430198795,3.534969971066608,0.9596741612534596,76.05042016806722,1.430248590685539
12,"20MA, 50MA, MACD, Upper_BB, CCI, OBV",64,0.8,0.0005,16,60,1,150,tanh,0.02850470904557919,3.2368493268112752,0.9635588895890093,78.99159663865547,1.5847455636530616
13,"20MA, 50MA, MACD, Upper_BB, CCI, OBV",64,0.7,0.0005,16,60,1,150,tanh,0.02726996823133244,3.062422848473192,0.9666475577212825,82.35294117647058,0.9875085940296067
14,"20MA, 50MA, MACD, Upper_BB, CCI, OBV",64,0.7,0.0005,16,60,1,150,tanh,0.02718919134098367,3.022923241295048,0.9668448528862708,85.29411764705883,1.1261047389229322
15,"20MA, 50MA, MACD, Upper_BB, CCI, OBV",64,0.7,0.0005,64,60,1,150,tanh,0.028663044779039488,3.266098567427768,0.9631529247279694,76.89075630252101,1.1534541664558322
16,"20MA, 50MA, MACD, Upper_BB, CCI, OBV",32,0.7,0.0005,16,60,1,150,relu,0.027468020907547092,3.173331387338332,0.9661613431930512,82.35294117647058,1.1444240285386411
17,"20MA, 50MA, MACD, Upper_BB, CCI, OBV",64,0.6000000000000001,0.0005,16,60,1,150,tanh,0.026729729352258494,3.0645939710909094,0.9679559426729709,82.77310924369748,1.3058918148290564
18,"20MA, 50MA, MACD, Upper_BB, CCI, OBV",64,0.6000000000000001,0.0001,64,60,1,150,tanh,0.031076978712230013,3.736757481848122,0.9566852354687275,73.10924369747899,1.4032283012971232
19,"20MA, 50MA, MACD, Upper_BB, CCI, OBV",32,0.6000000000000001,0.001,32,60,1,150,relu,0.03092536818485185,3.6301050525010856,0.9571068308693216,72.26890756302521,0.7081213215459449
20,"20MA, 50MA, MACD, Upper_BB, CCI, OBV",64,0.4,0.0005,16,60,1,150,tanh,0.02749588103489382,3.0626184515467796,0.9660926649730526,84.45378151260505,1.1336281883269521
21,"20MA, 50MA, MACD, Upper_BB, CCI, OBV",64,0.7,0.0005,16,60,1,150,tanh,0.02904308621778482,3.299079197496977,0.962169341107012,80.25210084033614,0.8400654778769251
22,"20MA, 50MA, MACD, Upper_BB, CCI, OBV",64,0.7,0.0005,16,60,1,150,tanh,0.031157574511534118,3.6638933276190264,0.9564602769932912,74.78991596638656,1.327694059318599
23,"20MA, 50MA, MACD, Upper_BB, CCI, OBV",64,0.6000000000000001,0.0005,16,60,1,150,tanh,0.026591722014328013,2.968378642430266,0.9682859795872543,84.03361344537815,1.379017067510453
24,"20MA, 50MA, MACD, Upper_BB, CCI, OBV",64,0.6000000000000001,0.0005,16,60,1,150,tanh,0.025770492240757534,2.7823237823642684,0.9702145747222494,84.87394957983193,1.1793844794800237
0,"20MA, 50MA, MACD, Upper_BB, CCI, OBV",64,0.8,0.0005,16,60,30,150,tanh,0.10577718983155814,11.396062778880198,0.4452581787192861,24.25531914893617,1.545741916630295
1,"20MA, 50MA, MACD, Upper_BB, CCI, OBV",64,0.30000000000000004,0.0005,64,60,30,150,sigmoid,0.11539619945008324,13.362825319397414,0.33977818622846234,24.680851063829788,1.0031730093492033
2,"20MA, 50MA, MACD, Upper_BB, CCI, OBV",128,0.30000000000000004,0.0005,16,60,30,100,tanh,0.10852071739293766,12.489601292507809,0.4161084769830419,26.80851063829787,0.9892089386952403
3,"20MA, 50MA, MACD, Upper_BB, CCI, OBV",128,0.30000000000000004,0.001,64,60,30,50,tanh,0.10960031001355891,12.25165353087993,0.40443327775909343,31.06382978723404,1.090124792062757
4,"20MA, 50MA, MACD, Upper_BB, CCI, OBV",64,0.2,0.0001,32,60,30,100,relu,0.11145194320343986,13.131134262845867,0.3841397868686959,23.829787234042556,1.1121265115046421
5,"20MA, 50MA, MACD, Upper_BB, CCI, OBV",64,0.5,0.001,32,60,30,50,relu,0.11633180675858093,15.417042182234612,0.32902891580706306,19.574468085106382,0.908146727226226
6,"20MA, 50MA, MACD, Upper_BB, CCI, OBV",128,0.30000000000000004,0.0005,32,60,30,150,relu,0.10704771332456572,12.492708338044709,0.43185178398807844,22.127659574468083,0.885319732111666
7,"20MA, 50MA, MACD, Upper_BB, CCI, OBV",64,0.7,0.0005,16,60,30,50,tanh,0.11137687616848752,13.817372319564072,0.3849691170666918,23.404255319148938,0.9413872203266704
8,"20MA, 50MA, MACD, Upper_BB, CCI, OBV",64,0.8,0.0005,64,60,30,150,sigmoid,0.11673128171688568,13.570233957155251,0.3244128720667967,24.680851063829788,1.1112977670244808
9,"20MA, 50MA, MACD, Upper_BB, CCI, OBV",128,0.5,0.001,64,60,30,50,sigmoid,0.12980734185937864,18.187529139111255,0.1645790317125908,22.127659574468083,0.8786764528029053
10,"20MA, 50MA, MACD, Upper_BB, CCI, OBV",32,0.7,0.0001,16,60,30,150,tanh,0.11191391890032898,12.69194895443771,0.3790236425567447,28.936170212765955,0.944042769421517
11,"20MA, 50MA, MACD, Upper_BB, CCI, OBV",32,0.6000000000000001,0.0005,32,60,30,150,relu,0.11111541955322934,12.364216634327125,0.3878532911488045,24.680851063829788,0.9766683989851872
12,"20MA, 50MA, MACD, Upper_BB, CCI, OBV",128,0.4,0.0005,16,60,30,150,relu,0.10438966372560715,11.1791363827966,0.45971631264943924,31.48936170212766,1.2613891006361795
13,"20MA, 50MA, MACD, Upper_BB, CCI, OBV",128,0.5,0.0005,16,60,30,150,relu,0.10704506504948354,11.532965984277567,0.4318798947081539,29.78723404255319,1.3008562685708327
14,"20MA, 50MA, MACD, Upper_BB, CCI, OBV",32,0.4,0.0005,16,60,30,150,tanh,0.1055753893441751,11.383627635296586,0.4473728195852922,24.25531914893617,1.469024370070494
15,"20MA, 50MA, MACD, Upper_BB, CCI, OBV",32,0.4,0.0001,16,60,30,150,tanh,0.11266999135593114,13.432536847915289,0.3706048673428408,23.829787234042556,0.9673754376452823
16,"20MA, 50MA, MACD, Upper_BB, CCI, OBV",32,0.4,0.0005,16,60,30,100,relu,0.10545719574059473,11.569017081172143,0.4486094796914172,30.638297872340424,1.113709659310904
17,"20MA, 50MA, MACD, Upper_BB, CCI, OBV",32,0.4,0.0005,16,60,30,100,relu,0.10709366673848499,13.194879577845894,0.4313638902588306,20.851063829787233,0.8651310427018756
18,"20MA, 50MA, MACD, Upper_BB, CCI, OBV",32,0.2,0.0001,16,60,30,100,relu,0.11432060300314609,13.556791240943838,0.3520285498389064,26.382978723404253,0.9971844530261875
19,"20MA, 50MA, MACD, Upper_BB, CCI, OBV",128,0.6000000000000001,0.001,16,60,30,100,relu,0.10630842707868124,12.087218248159411,0.43967210590581496,28.085106382978726,1.140876355073015
20,"20MA, 50MA, MACD, Upper_BB, CCI, OBV",128,0.4,0.0005,16,60,30,100,relu,0.1068675631422862,12.075350772979396,0.43376244377900897,27.659574468085108,1.0875211760955434
21,"20MA, 50MA, MACD, Upper_BB, CCI, OBV",32,0.4,0.0005,16,60,30,150,relu,0.10895699044179918,12.713283076311575,0.4114043396733764,23.829787234042556,1.0780464420067233
22,"20MA, 50MA, MACD, Upper_BB, CCI, OBV",32,0.4,0.0005,16,60,30,150,tanh,0.10769411321980887,11.668779508871594,0.42496962378026426,27.23404255319149,1.2086889477997707
23,"20MA, 50MA, MACD, Upper_BB, CCI, OBV",32,0.5,0.0005,16,60,30,100,sigmoid,0.10627280820536446,12.962595181585101,0.44004752120065793,28.936170212765955,0.993500953991878
24,"20MA, 50MA, MACD, Upper_BB, CCI, OBV",32,0.6000000000000001,0.0005,16,60,30,150,relu,0.1090286012133764,11.91637825557104,0.4106303895036362,31.48936170212766,1.112697926485209
0,"20MA, 50MA, MACD, Upper_BB, ATR, Williams_%R",128,0.2,0.0001,64,60,1,100,tanh,0.05040231128203577,6.1726512512878,0.8860644425264927,47.89915966386555,1.1096536797691372
1,"20MA, 50MA, MACD, Upper_BB, ATR, Williams_%R",64,0.8,0.0001,64,60,1,150,sigmoid,0.055155512006005,6.613898620763405,0.8635617255551438,43.27731092436975,0.8585295839297771
2,"20MA, 50MA, MACD, Upper_BB, ATR, Williams_%R",32,0.4,0.0005,64,60,1,50,tanh,0.03893051171854499,4.921435849734101,0.9320266613319727,60.08403361344538,0.805552828589465
3,"20MA, 50MA, MACD, Upper_BB, ATR, Williams_%R",32,0.30000000000000004,0.0001,16,60,1,50,tanh,0.036868466142574136,4.701931972800109,0.9390366931057521,63.02521008403361,1.117508336005716
4,"20MA, 50MA, MACD, Upper_BB, ATR, Williams_%R",32,0.8,0.001,64,60,1,100,tanh,0.02762210895522781,3.1913696130679146,0.9657806271956079,78.15126050420169,1.131478665982465
5,"20MA, 50MA, MACD, Upper_BB, ATR, Williams_%R",128,0.5,0.0005,64,60,1,150,tanh,0.02678534309365428,2.9865097784826764,0.9678224625469556,84.87394957983193,0.883806170160437
6,"20MA, 50MA, MACD, Upper_BB, ATR, Williams_%R",128,0.7,0.0001,32,60,1,50,relu,0.040242018948756696,4.93424189901275,0.9273696896904996,57.98319327731093,0.7158841833463041
7,"20MA, 50MA, MACD, Upper_BB, ATR, Williams_%R",64,0.5,0.001,32,60,1,100,tanh,0.02992558086698376,3.598619670422002,0.9598353899178178,74.36974789915966,0.8802841495959326
8,"20MA, 50MA, MACD, Upper_BB, ATR, Williams_%R",128,0.4,0.0001,16,60,1,150,sigmoid,0.03408150566472078,4.0119425845303125,0.947905014307393,67.22689075630252,0.9955624532644093
9,"20MA, 50MA, MACD, Upper_BB, ATR, Williams_%R",32,0.30000000000000004,0.0001,16,60,1,50,sigmoid,0.06681216888043585,7.40594463083487,0.7997974901954209,43.69747899159664,1.0978803976460052
10,"20MA, 50MA, MACD, Upper_BB, ATR, Williams_%R",128,0.6000000000000001,0.0005,64,60,1,150,relu,0.0290506649441365,3.16160615113851,0.9621495948846425,81.5126050420168,0.8715099726745913
11,"20MA, 50MA, MACD, Upper_BB, ATR, Williams_%R",32,0.6000000000000001,0.001,64,60,1,100,tanh,0.02804023818131832,3.2348440928758104,0.9647367956505557,77.73109243697479,1.000728467806141
12,"20MA, 50MA, MACD, Upper_BB, ATR, Williams_%R",128,0.8,0.001,64,60,1,150,tanh,0.02699638959003111,3.031901511523518,0.9673133998034497,82.77310924369748,0.9189255368786553
13,"20MA, 50MA, MACD, Upper_BB, ATR, Williams_%R",128,0.6000000000000001,0.0005,64,60,1,150,tanh,0.029056414787562657,3.510739788601802,0.9621346103435996,75.63025210084034,0.9777031978389791
14,"20MA, 50MA, MACD, Upper_BB, ATR, Williams_%R",128,0.5,0.001,64,60,1,150,tanh,0.027509375564776655,3.216405814747457,0.96605937447201,78.99159663865547,0.918520211700035
15,"20MA, 50MA, MACD, Upper_BB, ATR, Williams_%R",128,0.7,0.0005,32,60,1,150,relu,0.030581141174120155,3.791278783611844,0.9580563952233759,72.26890756302521,1.1012534398086222
16,"20MA, 50MA, MACD, Upper_BB, ATR, Williams_%R",64,0.4,0.001,64,60,1,150,tanh,0.02795045013994561,3.319200499488277,0.9649622676840907,77.31092436974791,1.1162500852018948
17,"20MA, 50MA, MACD, Upper_BB, ATR, Williams_%R",128,0.7,0.0005,64,60,1,150,tanh,0.026607028836906882,2.898871808800538,0.9682494584022725,84.87394957983193,0.9367249110613626
18,"20MA, 50MA, MACD, Upper_BB, ATR, Williams_%R",128,0.7,0.0005,32,60,1,150,sigmoid,0.0707339095207967,10.333188542711643,0.7756047278833904,33.193277310924366,1.203234338733196
19,"20MA, 50MA, MACD, Upper_BB, ATR, Williams_%R",128,0.6000000000000001,0.0005,16,60,1,150,relu,0.03517980166094362,4.362871059193991,0.9444933329500714,66.80672268907563,0.7460233206612479
20,"20MA, 50MA, MACD, Upper_BB, ATR, Williams_%R",64,0.5,0.0005,64,60,1,150,tanh,0.027785664301502484,3.162464584817637,0.9653741896509797,79.83193277310924,1.069402460304901
21,"20MA, 50MA, MACD, Upper_BB, ATR, Williams_%R",128,0.8,0.0005,64,60,1,150,tanh,0.027454820800810967,2.9508077615377624,0.9661938585719899,84.03361344537815,1.0536815366330974
22,"20MA, 50MA, MACD, Upper_BB, ATR, Williams_%R",128,0.7,0.001,64,60,1,150,tanh,0.0283236478290917,3.3357840242529733,0.9640203653665838,78.15126050420169,0.9928852994724116
23,"20MA, 50MA, MACD, Upper_BB, ATR, Williams_%R",128,0.8,0.0005,64,60,1,150,tanh,0.02690303431429284,3.040578433634883,0.9675390737202474,84.45378151260505,0.8550920315703222
24,"20MA, 50MA, MACD, Upper_BB, ATR, Williams_%R",128,0.7,0.0005,64,60,1,150,tanh,0.026942480537668415,2.9236881832728487,0.967443813114055,84.45378151260505,0.9695354580874403
0,"20MA, 50MA, MACD, Upper_BB, ATR, Williams_%R",128,0.6000000000000001,0.0001,16,60,30,100,tanh,0.10438415219031211,12.006864118532942,0.45977336262729296,25.957446808510635,0.9798363964348767
1,"20MA, 50MA, MACD, Upper_BB, ATR, Williams_%R",32,0.8,0.0005,64,60,30,50,sigmoid,0.1056556905189095,11.229524841007413,0.4465318378263645,30.638297872340424,1.1631221794850624
2,"20MA, 50MA, MACD, Upper_BB, ATR, Williams_%R",64,0.2,0.0001,32,60,30,100,tanh,0.10443012221967055,11.705617881328598,0.45929743400655776,25.106382978723403,1.1326142792404463
3,"20MA, 50MA, MACD, Upper_BB, ATR, Williams_%R",64,0.2,0.001,64,60,30,50,sigmoid,0.1047233444238248,13.104897973606858,0.4562567675770828,22.97872340425532,0.8706792660865084
4,"20MA, 50MA, MACD, Upper_BB, ATR, Williams_%R",64,0.2,0.001,64,60,30,150,sigmoid,0.10410811988336699,10.649437647558104,0.46262672372109226,37.87234042553192,1.1340652387968857
5,"20MA, 50MA, MACD, Upper_BB, ATR, Williams_%R",64,0.8,0.0001,32,60,30,100,sigmoid,0.10446198048852767,11.146103061765178,0.4589674817881978,36.59574468085106,1.2433405660459549
6,"20MA, 50MA, MACD, Upper_BB, ATR, Williams_%R",32,0.6000000000000001,0.001,64,60,30,150,sigmoid,0.10525772599603953,11.726492473641864,0.4506933907567364,32.340425531914896,0.8996862631932799
7,"20MA, 50MA, MACD, Upper_BB, ATR, Williams_%R",64,0.30000000000000004,0.0001,64,60,30,50,tanh,0.1018962573974559,11.034795308558005,0.48521803447204515,28.936170212765955,1.1457611761649997
8,"20MA, 50MA, MACD, Upper_BB, ATR, Williams_%R",64,0.30000000000000004,0.001,16,60,30,100,sigmoid,0.12730684890438065,18.35984102508312,0.1964546443429408,26.382978723404253,1.0683639989187608
9,"20MA, 50MA, MACD, Upper_BB, ATR, Williams_%R",64,0.5,0.001,32,60,30,100,relu,0.10486845244621715,12.46234341553552,0.45474886750365273,25.53191489361702,0.7626935059106985
10,"20MA, 50MA, MACD, Upper_BB, ATR, Williams_%R",128,0.4,0.0005,64,60,30,50,tanh,0.10467459011687544,11.640731325322543,0.45676293272549007,25.957446808510635,1.0656664766227084
11,"20MA, 50MA, MACD, Upper_BB, ATR, Williams_%R",64,0.30000000000000004,0.0001,64,60,30,150,relu,0.10279450646159045,10.929229003943863,0.4761020856545298,34.04255319148936,1.1283702548079908
12,"20MA, 50MA, MACD, Upper_BB, ATR, Williams_%R",64,0.4,0.0001,64,60,30,150,relu,0.10226694765341642,11.302117912833632,0.4814657521860498,31.914893617021278,1.2371716399353767
13,"20MA, 50MA, MACD, Upper_BB, ATR, Williams_%R",64,0.4,0.0001,64,60,30,50,relu,0.10380185167402746,11.153436027276227,0.46578379288520577,31.48936170212766,1.1744107131280201
14,"20MA, 50MA, MACD, Upper_BB, ATR, Williams_%R",128,0.4,0.0001,64,60,30,150,relu,0.10362747413512399,10.957406695300755,0.4675771532111497,31.06382978723404,1.149617190789577
15,"20MA, 50MA, MACD, Upper_BB, ATR, Williams_%R",32,0.5,0.0001,16,60,30,50,tanh,0.1078738446179474,11.754954837701048,0.4230486783918286,27.659574468085108,1.1942453172710692
16,"20MA, 50MA, MACD, Upper_BB, ATR, Williams_%R",64,0.30000000000000004,0.0001,64,60,30,150,tanh,0.1051336669735286,11.115914616933626,0.45198747688534313,28.510638297872344,1.0249088922887688
17,"20MA, 50MA, MACD, Upper_BB, ATR, Williams_%R",64,0.6000000000000001,0.0005,64,60,30,50,relu,0.10291228745293096,11.587980016955257,0.47490084312767156,24.680851063829788,1.156276042254172
18,"20MA, 50MA, MACD, Upper_BB, ATR, Williams_%R",128,0.4,0.0001,32,60,30,150,tanh,0.10598695073873508,11.671113685939766,0.443055841437793,27.23404255319149,1.0527265734641071
19,"20MA, 50MA, MACD, Upper_BB, ATR, Williams_%R",32,0.30000000000000004,0.0001,16,60,30,150,relu,0.10258974989365628,11.610195436310887,0.4781871134520169,34.46808510638298,1.1449156275526573
20,"20MA, 50MA, MACD, Upper_BB, ATR, Williams_%R",64,0.7,0.0005,64,60,30,50,tanh,0.10377074337634148,11.423410158403396,0.46610394259988486,28.510638297872344,1.0545138557692675
21,"20MA, 50MA, MACD, Upper_BB, ATR, Williams_%R",32,0.30000000000000004,0.0001,16,60,30,150,relu,0.10279106061493448,11.35088067048129,0.47613720896375067,33.61702127659574,0.9666901863477014
22,"20MA, 50MA, MACD, Upper_BB, ATR, Williams_%R",32,0.30000000000000004,0.0001,16,60,30,150,relu,0.10440739453783032,11.831560857180394,0.4595327603353587,31.914893617021278,0.998892973198278
23,"20MA, 50MA, MACD, Upper_BB, ATR, Williams_%R",32,0.4,0.0001,16,60,30,150,relu,0.10375305423576202,11.872465164776195,0.46628594683660296,30.638297872340424,0.7955579051592769
24,"20MA, 50MA, MACD, Upper_BB, ATR, Williams_%R",32,0.2,0.0001,16,60,30,150,relu,0.1050547248297308,12.329543398271806,0.45281014469023895,25.957446808510635,1.0448126623921516
0,"20MA, 50MA, MACD, Upper_BB, ATR, OBV",64,0.7,0.0005,32,60,1,50,sigmoid,0.05395986196926327,7.400228396522951,0.8694129721882169,37.39495798319328,1.0310365208393697
1,"20MA, 50MA, MACD, Upper_BB, ATR, OBV",128,0.2,0.0001,16,60,1,150,sigmoid,0.04955859046017372,6.677353899304922,0.8898470154501403,47.89915966386555,1.2744180498384117
2,"20MA, 50MA, MACD, Upper_BB, ATR, OBV",32,0.7,0.0001,64,60,1,100,sigmoid,0.07870926991881122,7.89675661021578,0.7221501636599721,48.319327731092436,1.1110769764264516
3,"20MA, 50MA, MACD, Upper_BB, ATR, OBV",32,0.2,0.0001,32,60,1,50,tanh,0.05514372954850932,6.336897439708595,0.8636200118951142,50.42016806722689,1.0096160600237614
4,"20MA, 50MA, MACD, Upper_BB, ATR, OBV",128,0.6000000000000001,0.001,32,60,1,50,tanh,0.08880385376611466,13.121488842721693,0.6463106334475341,6.722689075630252,0.8356594696988355
5,"20MA, 50MA, MACD, Upper_BB, ATR, OBV",64,0.7,0.0005,32,60,1,50,sigmoid,0.054402847564036655,7.202175134818645,0.8672600524630822,41.17647058823529,1.0909912841154827
6,"20MA, 50MA, MACD, Upper_BB, ATR, OBV",32,0.8,0.0001,64,60,1,50,tanh,0.06510887668611973,8.485130632455753,0.8098751946579935,35.294117647058826,1.1069770929009168
7,"20MA, 50MA, MACD, Upper_BB, ATR, OBV",32,0.5,0.0005,32,60,1,150,sigmoid,0.05528471324151639,6.951512483997248,0.8629217662949769,38.655462184873954,1.157420402976771
8,"20MA, 50MA, MACD, Upper_BB, ATR, OBV",64,0.5,0.0005,32,60,1,50,tanh,0.03631567845347109,4.541759696237213,0.9408510960448497,62.60504201680672,0.8254242004771226
9,"20MA, 50MA, MACD, Upper_BB, ATR, OBV",32,0.7,0.0005,32,60,1,100,relu,0.04581659370400235,6.004294366503063,0.9058535447330525,43.69747899159664,1.0767449024424594
10,"20MA, 50MA, MACD, Upper_BB, ATR, OBV",64,0.4,0.001,16,60,1,100,relu,0.026126876697775008,2.7916117422468574,0.9693850631044717,83.19327731092437,1.075210274752717
11,"20MA, 50MA, MACD, Upper_BB, ATR, OBV",64,0.4,0.001,16,60,1,100,relu,0.030135112465088015,3.415216884975204,0.959270975311854,74.78991596638656,0.7453586011210083
12,"20MA, 50MA, MACD, Upper_BB, ATR, OBV",64,0.4,0.001,16,60,1,100,relu,0.02715157295129983,3.0760317653615488,0.9669365349373358,81.09243697478992,1.0317825669739455
13,"20MA, 50MA, MACD, Upper_BB, ATR, OBV",64,0.30000000000000004,0.001,16,60,1,100,relu,0.02827622039364797,3.232226587788346,0.9641407589771068,78.57142857142857,1.4303517750122037
14,"20MA, 50MA, MACD, Upper_BB, ATR, OBV",64,0.4,0.001,16,60,1,100,relu,0.02823904254659686,3.2344283788717636,0.9642349931376557,79.41176470588235,1.0249051010821124
15,"20MA, 50MA, MACD, Upper_BB, ATR, OBV",64,0.4,0.001,16,60,1,100,relu,0.027610242639074765,3.1475585880845767,0.9658100218140072,78.15126050420169,1.4027869920076257
16,"20MA, 50MA, MACD, Upper_BB, ATR, OBV",128,0.30000000000000004,0.001,16,60,1,100,relu,0.036448813929583476,4.725138325615565,0.9404166141568921,60.924369747899156,0.8789871842106831
17,"20MA, 50MA, MACD, Upper_BB, ATR, OBV",64,0.5,0.001,16,60,1,100,relu,0.027326050994463835,3.069989453687691,0.9665102329899838,80.67226890756302,1.0887988443122
18,"20MA, 50MA, MACD, Upper_BB, ATR, OBV",64,0.30000000000000004,0.001,16,60,1,150,relu,0.025213299107550068,2.686571700891148,0.9714886534389073,86.5546218487395,1.0728659891354642
19,"20MA, 50MA, MACD, Upper_BB, ATR, OBV",64,0.30000000000000004,0.001,64,60,1,150,relu,0.027884596924298483,3.2078207466612483,0.9651271758837496,81.09243697478992,1.0118583840799933
20,"20MA, 50MA, MACD, Upper_BB, ATR, OBV",128,0.2,0.001,16,60,1,150,relu,0.031072987219431077,3.7074040603909766,0.9566963613551516,73.10924369747899,0.8495331052637288
21,"20MA, 50MA, MACD, Upper_BB, ATR, OBV",64,0.4,0.001,16,60,1,150,relu,0.02660512583028988,3.0301301778447693,0.9682540000089562,79.83193277310924,0.9692622165125263
22,"20MA, 50MA, MACD, Upper_BB, ATR, OBV",64,0.30000000000000004,0.001,16,60,1,150,relu,0.029690674343044048,3.4966383066803823,0.9604634745220436,74.78991596638656,1.3798998589751443
23,"20MA, 50MA, MACD, Upper_BB, ATR, OBV",64,0.4,0.001,16,60,1,150,relu,0.02657595401394842,2.9393825533987323,0.9683235791397947,82.77310924369748,0.8226471076581298
24,"20MA, 50MA, MACD, Upper_BB, ATR, OBV",64,0.5,0.001,16,60,1,150,relu,0.02653565546759169,2.8670614086444504,0.9684195716216172,82.35294117647058,0.911101374453553
0,"20MA, 50MA, MACD, Upper_BB, ATR, OBV",128,0.8,0.001,32,60,30,50,relu,0.12277524027149878,16.822536865862407,0.2526424203296108,14.468085106382977,0.9158040663045879
1,"20MA, 50MA, MACD, Upper_BB, ATR, OBV",128,0.4,0.0001,32,60,30,100,tanh,0.11390426491009188,13.340977667217052,0.3567395809374744,20.0,0.987421738112807
2,"20MA, 50MA, MACD, Upper_BB, ATR, OBV",128,0.8,0.0005,32,60,30,100,tanh,0.11516224543910594,14.104756939201993,0.34245253711177503,17.872340425531917,0.8908672718739579
3,"20MA, 50MA, MACD, Upper_BB, ATR, OBV",64,0.7,0.001,16,60,30,50,tanh,0.12340165639538775,16.914404090010308,0.2449967234057957,14.468085106382977,0.8344595753574616
4,"20MA, 50MA, MACD, Upper_BB, ATR, OBV",128,0.8,0.0005,64,60,30,150,sigmoid,0.11187868504404289,12.909369678644838,0.3794145849490046,26.382978723404253,1.118954516744153
5,"20MA, 50MA, MACD, Upper_BB, ATR, OBV",32,0.2,0.001,64,60,30,100,tanh,0.1159563822093086,13.843248329638305,0.3333526267712402,24.25531914893617,0.9020112241973124
6,"20MA, 50MA, MACD, Upper_BB, ATR, OBV",64,0.5,0.0005,64,60,30,150,sigmoid,0.11907289565015977,14.160457356437043,0.2970366417351089,21.27659574468085,0.8111091567681872
7,"20MA, 50MA, MACD, Upper_BB, ATR, OBV",32,0.8,0.0001,32,60,30,150,sigmoid,0.11142968941192911,11.274012719143993,0.38438570194413746,36.59574468085106,1.1876091146712915
8,"20MA, 50MA, MACD, Upper_BB, ATR, OBV",128,0.6000000000000001,0.001,16,60,30,50,tanh,0.1182937560196785,15.592250728192255,0.30620606154296337,18.72340425531915,0.8381315821308146
9,"20MA, 50MA, MACD, Upper_BB, ATR, OBV",128,0.5,0.0001,64,60,30,100,tanh,0.11522716276238702,13.593577112491015,0.34171100498486373,21.70212765957447,0.9729998305376343
10,"20MA, 50MA, MACD, Upper_BB, ATR, OBV",32,0.30000000000000004,0.0001,32,60,30,150,sigmoid,0.11492031323403942,13.496570938663785,0.3452123792428985,27.659574468085108,0.8930771083775341
11,"20MA, 50MA, MACD, Upper_BB, ATR, OBV",32,0.7,0.0005,64,60,30,150,sigmoid,0.11811211115761618,14.631029918154656,0.30833512314224243,20.425531914893615,0.9423168952378627
12,"20MA, 50MA, MACD, Upper_BB, ATR, OBV",32,0.8,0.0001,64,60,30,150,sigmoid,0.11220662281251201,13.952968580448294,0.3757711444782873,14.468085106382977,0.8817632133120986
13,"20MA, 50MA, MACD, Upper_BB, ATR, OBV",32,0.7,0.0005,32,60,30,150,sigmoid,0.11334694910621217,13.182090820640507,0.36301892714992356,26.382978723404253,0.8380847514177121
14,"20MA, 50MA, MACD, Upper_BB, ATR, OBV",64,0.6000000000000001,0.0001,16,60,30,150,relu,0.11532050679633638,14.082149598938933,0.3406440301904271,21.27659574468085,0.9312773485704127
15,"20MA, 50MA, MACD, Upper_BB, ATR, OBV",128,0.6000000000000001,0.0005,32,60,30,150,sigmoid,0.10382270538555669,11.800671045555081,0.46556912408025375,34.46808510638298,1.1318834384360799
16,"20MA, 50MA, MACD, Upper_BB, ATR, OBV",32,0.6000000000000001,0.0005,32,60,30,150,sigmoid,0.11473520237502594,13.138809013310368,0.34732011243373995,27.659574468085108,0.9805076572290813
17,"20MA, 50MA, MACD, Upper_BB, ATR, OBV",32,0.4,0.0001,32,60,30,150,sigmoid,0.11245607737345871,13.496489854682398,0.37299252368608693,26.80851063829787,1.0167599533006493
18,"20MA, 50MA, MACD, Upper_BB, ATR, OBV",128,0.7,0.0005,32,60,30,150,relu,0.11326825344801897,13.56539651173652,0.3639031193336102,20.0,0.9769257370881583
19,"20MA, 50MA, MACD, Upper_BB, ATR, OBV",64,0.6000000000000001,0.0001,32,60,30,50,sigmoid,0.11603428191087672,14.161037277156133,0.33245661614523414,22.5531914893617,0.8300251183184849
20,"20MA, 50MA, MACD, Upper_BB, ATR, OBV",128,0.4,0.0001,32,60,30,150,sigmoid,0.11398500971778613,13.312753166821597,0.35582726481748006,25.53191489361702,0.991254002147093
21,"20MA, 50MA, MACD, Upper_BB, ATR, OBV",128,0.8,0.0005,64,60,30,150,sigmoid,0.11181178689773195,13.35529460863271,0.3801565243376335,27.23404255319149,0.9993915240395445
22,"20MA, 50MA, MACD, Upper_BB, ATR, OBV",128,0.8,0.0005,64,60,30,150,sigmoid,0.11050899168680131,12.469440200237853,0.39451680956900126,25.53191489361702,0.9469554033448591
23,"20MA, 50MA, MACD, Upper_BB, ATR, OBV",128,0.7,0.0005,16,60,30,150,sigmoid,0.1434949673009557,21.386301431430294,-0.020892932568645994,17.02127659574468,0.9490338537008595
24,"20MA, 50MA, MACD, Upper_BB, ATR, OBV",128,0.5,0.0005,32,60,30,150,sigmoid,0.12453946097983662,17.476474773427377,0.23100977118293842,16.595744680851062,0.9904100422069512
0,"20MA, 50MA, MACD, Upper_BB, Williams_%R, OBV",32,0.2,0.001,16,60,1,150,sigmoid,0.04873380866496416,6.262895966464532,0.8934829610704066,45.79831932773109,1.0814163315121375
1,"20MA, 50MA, MACD, Upper_BB, Williams_%R, OBV",64,0.7,0.0005,32,60,1,150,sigmoid,0.046644610030980194,5.504644764078898,0.9024198884372401,52.94117647058824,1.027913561275432
2,"20MA, 50MA, MACD, Upper_BB, Williams_%R, OBV",32,0.30000000000000004,0.001,16,60,1,100,sigmoid,0.04603259836963555,6.215503942233378,0.9049637356193602,43.69747899159664,1.1878178369697827
3,"20MA, 50MA, MACD, Upper_BB, Williams_%R, OBV",32,0.5,0.001,32,60,1,150,tanh,0.03176797725279848,3.8196475299694526,0.9547376078092377,71.84873949579831,0.7305684597088838
4,"20MA, 50MA, MACD, Upper_BB, Williams_%R, OBV",128,0.6000000000000001,0.001,16,60,1,100,sigmoid,0.058065032885759,8.025075376873398,0.8487874873769268,46.21848739495798,1.0657514936147165
5,"20MA, 50MA, MACD, Upper_BB, Williams_%R, OBV",32,0.2,0.0001,16,60,1,50,sigmoid,0.058526708368753934,7.046814313423408,0.8463733444537868,45.79831932773109,1.011802721133014
6,"20MA, 50MA, MACD, Upper_BB, Williams_%R, OBV",64,0.5,0.0001,32,60,1,50,relu,0.04203719473469754,5.206922302458283,0.9207451532788461,55.04201680672269,0.8802674555939056
7,"20MA, 50MA, MACD, Upper_BB, Williams_%R, OBV",32,0.6000000000000001,0.0005,16,60,1,100,sigmoid,0.04516824285591406,5.815487915901754,0.9084992257411582,47.89915966386555,1.213207426848929
8,"20MA, 50MA, MACD, Upper_BB, Williams_%R, OBV",32,0.2,0.0005,32,60,1,50,sigmoid,0.050299518840656046,6.2002629251307395,0.886528697881121,48.319327731092436,0.7350374717559511
9,"20MA, 50MA, MACD, Upper_BB, Williams_%R, OBV",128,0.4,0.001,16,60,1,50,sigmoid,0.07112978884180671,9.820379715473297,0.7730859349187325,33.193277310924366,1.0148023404474895
10,"20MA, 50MA, MACD, Upper_BB, Williams_%R, OBV",64,0.8,0.001,64,60,1,150,tanh,0.029587136720593262,3.2473722646082357,0.9607387380827253,76.05042016806722,0.9439979394891612
11,"20MA, 50MA, MACD, Upper_BB, Williams_%R, OBV",64,0.8,0.001,64,60,1,150,tanh,0.026207666076164378,2.914603829739651,0.9691954357098662,85.71428571428571,0.8534354964778098
12,"20MA, 50MA, MACD, Upper_BB, Williams_%R, OBV",64,0.8,0.001,64,60,1,150,tanh,0.026252331029410256,2.939893527669502,0.9690903476139311,85.29411764705883,0.9648857116437243
13,"20MA, 50MA, MACD, Upper_BB, Williams_%R, OBV",64,0.8,0.001,64,60,1,150,tanh,0.02925234595729514,3.277315644616779,0.9616222261547498,76.89075630252101,0.8918139696855379
14,"20MA, 50MA, MACD, Upper_BB, Williams_%R, OBV",64,0.7,0.001,64,60,1,150,tanh,0.027509956941034558,3.1527057116312562,0.9660579398714809,83.19327731092437,0.9727152197994128
15,"20MA, 50MA, MACD, Upper_BB, Williams_%R, OBV",64,0.8,0.0001,64,60,1,150,tanh,0.03639971986610669,4.453351627458669,0.9405770155634479,63.4453781512605,0.8066354157079917
16,"20MA, 50MA, MACD, Upper_BB, Williams_%R, OBV",64,0.7,0.001,64,60,1,150,relu,0.032046103724306434,3.785285860320594,0.9539416001942719,69.74789915966386,1.1171182360486205
17,"20MA, 50MA, MACD, Upper_BB, Williams_%R, OBV",64,0.6000000000000001,0.001,64,60,1,150,tanh,0.029961727189188016,3.609850775661416,0.9597383037666087,72.68907563025209,0.9647107894092339
18,"20MA, 50MA, MACD, Upper_BB, Williams_%R, OBV",128,0.8,0.0001,64,60,1,150,tanh,0.035243308327449575,4.352913562253702,0.9442927505172423,64.70588235294117,0.716611094793272
19,"20MA, 50MA, MACD, Upper_BB, Williams_%R, OBV",64,0.7,0.0005,64,60,1,100,tanh,0.029811328884360923,3.4963516641358154,0.9601414910068753,74.36974789915966,0.8308840595865756
20,"20MA, 50MA, MACD, Upper_BB, Williams_%R, OBV",64,0.4,0.001,64,60,1,150,relu,0.027451607728851777,3.144738350548104,0.9662017708588557,81.9327731092437,0.8460611732912053
21,"20MA, 50MA, MACD, Upper_BB, Williams_%R, OBV",64,0.4,0.001,64,60,1,150,relu,0.03348303684185932,4.061312817439934,0.9497185192704872,66.38655462184873,0.8347515799531712
22,"20MA, 50MA, MACD, Upper_BB, Williams_%R, OBV",64,0.4,0.001,64,60,1,150,relu,0.027482708296084866,3.1355262984406185,0.966125145872735,80.67226890756302,0.9803663127353212
23,"20MA, 50MA, MACD, Upper_BB, Williams_%R, OBV",64,0.30000000000000004,0.001,64,60,1,150,relu,0.04009786534034722,5.102837930539672,0.9278891054198208,57.56302521008403,1.1491661933865625
24,"20MA, 50MA, MACD, Upper_BB, Williams_%R, OBV",64,0.30000000000000004,0.001,64,60,1,150,relu,0.027004784220525605,3.053436665912502,0.9672930685964587,83.19327731092437,0.8821325758986526
0,"20MA, 50MA, MACD, Upper_BB, Williams_%R, OBV",64,0.2,0.0005,32,60,30,150,relu,0.11064061868562972,12.971763022176164,0.3930735713674507,21.27659574468085,0.9052999517242444
1,"20MA, 50MA, MACD, Upper_BB, Williams_%R, OBV",64,0.30000000000000004,0.0005,32,60,30,100,sigmoid,0.10516888239961059,11.610912500668324,0.451620292382914,27.659574468085108,1.0237070729767939
2,"20MA, 50MA, MACD, Upper_BB, Williams_%R, OBV",128,0.8,0.0001,32,60,30,50,sigmoid,0.12069264649017798,16.23897661522329,0.27778171632534154,23.404255319148938,0.8786764528029053
3,"20MA, 50MA, MACD, Upper_BB, Williams_%R, OBV",64,0.7,0.0005,16,60,30,150,tanh,0.10329508943570294,10.956812364216955,0.47098716383553674,28.085106382978726,1.2863040405588817
4,"20MA, 50MA, MACD, Upper_BB, Williams_%R, OBV",128,0.4,0.001,64,60,30,50,sigmoid,0.11014725563716958,13.086700459859536,0.39847425447474505,22.127659574468083,0.9208297926006548
5,"20MA, 50MA, MACD, Upper_BB, Williams_%R, OBV",32,0.2,0.0005,32,60,30,50,sigmoid,0.1091401914752163,12.102773210882342,0.40942333805114217,31.48936170212766,0.969676217859127
6,"20MA, 50MA, MACD, Upper_BB, Williams_%R, OBV",64,0.7,0.0005,64,60,30,150,sigmoid,0.10943194459450455,12.546495088448253,0.40626166350658766,25.957446808510635,1.0896271058420663
7,"20MA, 50MA, MACD, Upper_BB, Williams_%R, OBV",32,0.8,0.0005,16,60,30,150,tanh,0.10399956485173809,11.416650944815753,0.46374679312432066,29.78723404255319,1.0682521147290716
8,"20MA, 50MA, MACD, Upper_BB, Williams_%R, OBV",32,0.30000000000000004,0.0005,32,60,30,100,tanh,0.1077919125663221,12.462979233099743,0.42392475459245493,28.510638297872344,1.0078762254269609
9,"20MA, 50MA, MACD, Upper_BB, Williams_%R, OBV",64,0.30000000000000004,0.0005,64,60,30,50,tanh,0.10677457254411657,11.989409598273612,0.4347474360215582,28.085106382978726,1.0962916859896303
10,"20MA, 50MA, MACD, Upper_BB, Williams_%R, OBV",64,0.6000000000000001,0.0001,16,60,30,150,relu,0.10792482650950407,12.109687349450155,0.4225032075141061,30.638297872340424,0.9568669914068628
11,"20MA, 50MA, MACD, Upper_BB, Williams_%R, OBV",32,0.8,0.001,16,60,30,150,tanh,0.10725345760561766,12.716620943227893,0.4296657386026581,28.510638297872344,1.0319703717797366
12,"20MA, 50MA, MACD, Upper_BB, Williams_%R, OBV",32,0.6000000000000001,0.0005,16,60,30,150,tanh,0.1086101875655786,13.087007561161801,0.4151452984917343,24.680851063829788,0.9413872203266704
13,"20MA, 50MA, MACD, Upper_BB, Williams_%R, OBV",32,0.7,0.0005,16,60,30,150,tanh,0.10757866869328857,12.11875537525389,0.4262017900844234,26.382978723404253,0.9017350620298444
14,"20MA, 50MA, MACD, Upper_BB, Williams_%R, OBV",128,0.7,0.001,16,60,30,150,tanh,0.10847080469169246,11.08107337051915,0.41664546018286097,30.21276595744681,1.3225142179916094
15,"20MA, 50MA, MACD, Upper_BB, Williams_%R, OBV",64,0.5,0.0001,16,60,30,150,tanh,0.11020844003502034,13.104169156674608,0.3978058000093896,24.25531914893617,0.9817217123539016
16,"20MA, 50MA, MACD, Upper_BB, Williams_%R, OBV",32,0.8,0.0005,16,60,30,100,relu,0.10540791909855068,11.978968334780179,0.4491246522242869,30.638297872340424,0.906571927610809
17,"20MA, 50MA, MACD, Upper_BB, Williams_%R, OBV",32,0.6000000000000001,0.0005,16,60,30,150,tanh,0.10719931238303824,11.872694077573872,0.43024144182668256,30.21276595744681,1.0551154862430991
18,"20MA, 50MA, MACD, Upper_BB, Williams_%R, OBV",64,0.5,0.001,16,60,30,150,tanh,0.107825659008717,11.754508922179054,0.4235639940726529,30.21276595744681,1.1231307537544275
19,"20MA, 50MA, MACD, Upper_BB, Williams_%R, OBV",128,0.7,0.0001,16,60,30,100,tanh,0.11244963207446555,14.314465432712012,0.37306439414325043,19.574468085106382,0.8939654083296902
20,"20MA, 50MA, MACD, Upper_BB, Williams_%R, OBV",32,0.8,0.0005,64,60,30,150,relu,0.10866443934080534,12.228365447823483,0.4145608720934174,29.78723404255319,1.166825294158571
21,"20MA, 50MA, MACD, Upper_BB, Williams_%R, OBV",64,0.4,0.0005,32,60,30,100,sigmoid,0.10692739232728894,12.132698401437253,0.4331282566865001,28.510638297872344,1.060007614179159
22,"20MA, 50MA, MACD, Upper_BB, Williams_%R, OBV",64,0.4,0.0005,32,60,30,100,sigmoid,0.1062780328587224,12.111880004009432,0.4399924623467113,27.659574468085108,0.918798289455573
23,"20MA, 50MA, MACD, Upper_BB, Williams_%R, OBV",64,0.6000000000000001,0.0005,32,60,30,100,sigmoid,0.11489775534122867,15.188101674635956,0.3454694126405977,18.29787234042553,0.9216460728386197
24,"20MA, 50MA, MACD, Upper_BB, Williams_%R, OBV",64,0.30000000000000004,0.0005,16,60,30,100,tanh,0.11104119559250004,13.450621318327084,0.38867083345005404,24.680851063829788,0.9413872203266704
0,"20MA, 50MA, MACD, Lower_BB, CCI, ATR",64,0.6000000000000001,0.0005,64,60,1,100,tanh,0.03632394039593564,4.193154531748451,0.940824179822938,65.12605042016807,1.4084447276462673
1,"20MA, 50MA, MACD, Lower_BB, CCI, ATR",32,0.7,0.0005,64,60,1,50,relu,0.03642625738731951,4.294689100868258,0.9404903383276879,63.86554621848739,1.321307140090358
2,"20MA, 50MA, MACD, Lower_BB, CCI, ATR",128,0.8,0.001,64,60,1,50,sigmoid,0.07526785987333573,10.842056866619725,0.7459158860191698,30.252100840336134,1.3201076028014405
3,"20MA, 50MA, MACD, Lower_BB, CCI, ATR",64,0.4,0.0001,32,60,1,100,relu,0.032614101014688396,4.1020801981756065,0.9522944177057676,67.64705882352942,1.8114251091840567
4,"20MA, 50MA, MACD, Lower_BB, CCI, ATR",32,0.4,0.0001,16,60,1,50,tanh,0.03226508630807064,4.005997305397795,0.9533099821932075,68.90756302521008,1.5130871145292715
5,"20MA, 50MA, MACD, Lower_BB, CCI, ATR",128,0.30000000000000004,0.0001,64,60,1,150,tanh,0.03501808839032591,4.436840871168357,0.9450024622565736,61.34453781512605,1.5024442493578476
6,"20MA, 50MA, MACD, Lower_BB, CCI, ATR",128,0.2,0.001,64,60,1,100,sigmoid,0.058100541354484635,5.705553656995288,0.8486024890652692,50.42016806722689,1.1067632617772738
7,"20MA, 50MA, MACD, Lower_BB, CCI, ATR",32,0.7,0.0001,64,60,1,50,sigmoid,0.08304926291600222,8.153274234286648,0.6906643728889585,47.89915966386555,1.1842420675160452
8,"20MA, 50MA, MACD, Lower_BB, CCI, ATR",128,0.2,0.0001,32,60,1,100,relu,0.035725796740467136,4.597796367804483,0.9427570214861146,61.34453781512605,1.1767748959714575
9,"20MA, 50MA, MACD, Lower_BB, CCI, ATR",128,0.8,0.0005,32,60,1,150,relu,0.03019673470418127,3.502714826913754,0.9591042342840599,76.89075630252101,1.4483288817891395
10,"20MA, 50MA, MACD, Lower_BB, CCI, ATR",128,0.8,0.0005,32,60,1,150,relu,0.037681252329531886,4.8716559438459965,0.9363191233581007,62.60504201680672,1.1879072120379806
11,"20MA, 50MA, MACD, Lower_BB, CCI, ATR",32,0.5,0.0005,16,60,1,150,tanh,0.0310084064931764,3.7904905780672884,0.9568761750479071,72.26890756302521,0.9208761040273657
12,"20MA, 50MA, MACD, Lower_BB, CCI, ATR",32,0.5,0.0005,16,60,1,150,tanh,0.03095755750059905,3.7228098776015823,0.9570174918954132,72.26890756302521,0.7969615858264518
13,"20MA, 50MA, MACD, Lower_BB, CCI, ATR",32,0.5,0.0005,16,60,1,150,tanh,0.027019516334500327,3.0312775854752294,0.9672573731679233,81.9327731092437,0.8560843064503765
14,"20MA, 50MA, MACD, Lower_BB, CCI, ATR",64,0.6000000000000001,0.0005,16,60,1,150,relu,0.027460271570142827,3.049855389595323,0.9661804337696704,80.67226890756302,1.3015967930735965
15,"20MA, 50MA, MACD, Lower_BB, CCI, ATR",64,0.6000000000000001,0.0005,16,60,1,150,relu,0.04483708669428142,5.347031655865524,0.9098360042157742,52.10084033613446,0.7176434202927471
16,"20MA, 50MA, MACD, Lower_BB, CCI, ATR",64,0.6000000000000001,0.001,16,60,1,150,tanh,0.030966384599019105,3.7514014804750895,0.9569929767235609,72.68907563025209,0.8233914538735823
17,"20MA, 50MA, MACD, Lower_BB, CCI, ATR",64,0.4,0.0005,16,60,1,150,tanh,0.02949699979546602,3.6248518309416,0.9609775918023702,75.63025210084034,1.0449109013947955
18,"20MA, 50MA, MACD, Lower_BB, CCI, ATR",64,0.5,0.0005,16,60,1,150,relu,0.041136007958283,4.901846122148186,0.9241068351537264,60.924369747899156,1.0817212336741682
19,"20MA, 50MA, MACD, Lower_BB, CCI, ATR",32,0.7,0.0005,16,60,1,150,sigmoid,0.03373151105878235,3.9273453230786592,0.9489694827557249,71.00840336134453,1.2638923505887132
20,"20MA, 50MA, MACD, Lower_BB, CCI, ATR",64,0.30000000000000004,0.001,16,60,1,150,relu,0.03136970809464134,3.660395247069043,0.9558653860464819,73.10924369747899,0.8234298548347595
21,"20MA, 50MA, MACD, Lower_BB, CCI, ATR",64,0.4,0.0005,16,60,1,150,tanh,0.0410754810401079,5.211826950946765,0.9243300070240121,53.78151260504202,0.7910832644649384
22,"20MA, 50MA, MACD, Lower_BB, CCI, ATR",64,0.5,0.0005,16,60,1,150,tanh,0.03361099153296193,4.0234080964082715,0.9493334858229419,67.64705882352942,0.8924228241172274
23,"20MA, 50MA, MACD, Lower_BB, CCI, ATR",64,0.30000000000000004,0.0005,16,60,1,150,tanh,0.028050192457067358,3.329310759560991,0.9647117543535773,79.83193277310924,0.8752901658725636
24,"20MA, 50MA, MACD, Lower_BB, CCI, ATR",64,0.30000000000000004,0.0005,16,60,1,150,tanh,0.03586862187837097,4.592836420053704,0.942298412884507,61.34453781512605,0.7598737335372177
0,"20MA, 50MA, MACD, Lower_BB, CCI, ATR",128,0.2,0.0001,64,60,30,100,sigmoid,0.11757064982126213,13.100493285017755,0.3146621856641485,21.70212765957447,0.9264619878527598
1,"20MA, 50MA, MACD, Lower_BB, CCI, ATR",32,0.6000000000000001,0.001,32,60,30,100,relu,0.10673068971106582,13.410670754994833,0.43521196209884705,24.25531914893617,0.9444405999913713
2,"20MA, 50MA, MACD, Lower_BB, CCI, ATR",32,0.2,0.0005,64,60,30,50,sigmoid,0.10868224164259646,12.863246557691893,0.41436903347867193,19.148936170212767,1.0536870387302013
3,"20MA, 50MA, MACD, Lower_BB, CCI, ATR",32,0.4,0.0005,32,60,30,150,tanh,0.10616450807971249,12.758398900109055,0.4411882085494948,21.70212765957447,1.0703203164551025
4,"20MA, 50MA, MACD, Lower_BB, CCI, ATR",64,0.5,0.0005,32,60,30,50,tanh,0.10645726962374165,13.078170535698973,0.43810197610942403,21.27659574468085,1.0728756856487558
5,"20MA, 50MA, MACD, Lower_BB, CCI, ATR",64,0.6000000000000001,0.001,32,60,30,150,tanh,0.0990075952843705,12.059488898075156,0.5139914798816855,22.5531914893617,0.7520880666279307
6,"20MA, 50MA, MACD, Lower_BB, CCI, ATR",128,0.7,0.001,64,60,30,150,tanh,0.10286294148926754,11.852876811921554,0.47540428761089537,23.829787234042556,0.9585828021426998
7,"20MA, 50MA, MACD, Lower_BB, CCI, ATR",32,0.2,0.001,64,60,30,50,sigmoid,0.10241321341853221,11.355235832160185,0.47998143985502817,36.17021276595745,1.0005006212988972
8,"20MA, 50MA, MACD, Lower_BB, CCI, ATR",32,0.8,0.001,64,60,30,150,sigmoid,0.10611252194181839,12.408361767230005,0.44173534722558205,20.425531914893615,1.199063169473631
9,"20MA, 50MA, MACD, Lower_BB, CCI, ATR",32,0.4,0.0001,64,60,30,150,relu,0.10724204379005094,12.812884666098853,0.42978712105201955,22.5531914893617,1.1450325752814858
10,"20MA, 50MA, MACD, Lower_BB, CCI, ATR",64,0.6000000000000001,0.001,16,60,30,150,tanh,0.1075397974468761,13.120221265258413,0.42661637454243684,22.127659574468083,1.0213737016686757
11,"20MA, 50MA, MACD, Lower_BB, CCI, ATR",64,0.30000000000000004,0.001,16,60,30,50,sigmoid,0.14166157856379455,20.96660835224487,0.0050276502616916074,21.27659574468085,1.0477281419043212
12,"20MA, 50MA, MACD, Lower_BB, CCI, ATR",64,0.5,0.001,32,60,30,50,sigmoid,0.12374663277492416,17.187044542073856,0.2407695133741008,22.5531914893617,0.7970138138598423
13,"20MA, 50MA, MACD, Lower_BB, CCI, ATR",64,0.7,0.001,32,60,30,50,tanh,0.104617095193378,13.142234268935301,0.4573595397103378,22.97872340425532,0.913246161724177
14,"20MA, 50MA, MACD, Lower_BB, CCI, ATR",128,0.30000000000000004,0.001,16,60,30,100,relu,0.10699261546092304,12.902551285503325,0.4324364895531503,26.80851063829787,1.1105254212006141
15,"20MA, 50MA, MACD, Lower_BB, CCI, ATR",32,0.5,0.0001,64,60,30,150,tanh,0.10831798982268213,12.085562113644395,0.4182879750224383,25.106382978723403,1.166375591003035
16,"20MA, 50MA, MACD, Lower_BB, CCI, ATR",64,0.6000000000000001,0.001,32,60,30,50,sigmoid,0.1259391381982184,17.556444969621772,0.21362754576197296,23.829787234042556,0.8619969931441458
17,"20MA, 50MA, MACD, Lower_BB, CCI, ATR",64,0.8,0.001,64,60,30,150,sigmoid,0.10312977615156294,12.635403274117238,0.4726790713614577,20.425531914893615,0.9102209164404399
18,"20MA, 50MA, MACD, Lower_BB, CCI, ATR",32,0.4,0.0005,32,60,30,50,tanh,0.107216278091373,12.793978316318045,0.4300610839079846,21.70212765957447,1.3548434314546813
19,"20MA, 50MA, MACD, Lower_BB, CCI, ATR",128,0.30000000000000004,0.0001,16,60,30,100,relu,0.10917395958417761,13.40992046596302,0.40905783123019257,21.70212765957447,1.2393184378765727
20,"20MA, 50MA, MACD, Lower_BB, CCI, ATR",32,0.7,0.001,32,60,30,50,sigmoid,0.1299344281960109,18.401557692690304,0.16294241299115686,24.680851063829788,0.9262565323768069
21,"20MA, 50MA, MACD, Lower_BB, CCI, ATR",128,0.7,0.001,64,60,30,150,tanh,0.10163500365771343,11.467451768002453,0.4878543688772463,25.53191489361702,1.0561878522293862
22,"20MA, 50MA, MACD, Lower_BB, CCI, ATR",128,0.7,0.001,64,60,30,150,tanh,0.10142875179846543,11.942058244988836,0.4899308937809467,23.829787234042556,0.9509360935926219
23,"20MA, 50MA, MACD, Lower_BB, CCI, ATR",128,0.7,0.001,64,60,30,150,tanh,0.10778116121339935,12.107928618695647,0.42403966635617363,25.53191489361702,0.8995625812233858
24,"20MA, 50MA, MACD, Lower_BB, CCI, ATR",128,0.8,0.001,64,60,30,150,tanh,0.10335041311760583,12.146285951018115,0.47042034549884837,26.382978723404253,1.0207388279714449
