Trial,Indicators,LSTM Units,Layers,Dropout,LR,Batch Size,Window Size,Forecast Window,Epochs,Dense Config,Dense Activation,RMSE,MAPE,R2,Accuracy,Profit Index
0,"20MA, 50MA, RSI, MACD, Upper_BB, Lower_BB",128,2,0.5,0.0005,16,60,1,50,"(25, 1)",ReLU,0.034661089292851235,5.338238780734436,0.5755819266210049,52.916666666666664,0.7581980140524525
1,"20MA, 50MA, RSI, MACD, Upper_BB, Lower_BB",32,2,0.8,0.001,32,60,1,50,"(16, 1)",Sigmoid,0.04747229457634489,7.293316730544955,0.2038591593786394,40.416666666666664,0.6872697936636019
2,"20MA, 50MA, RSI, MACD, Upper_BB, Lower_BB",128,2,0.6000000000000001,0.0005,64,60,1,150,"(25, 1)",ReLU,0.021123214701302007,3.155289974303208,0.8423734094366547,80.41666666666667,0.8825989324001843
3,"20MA, 50MA, RSI, MACD, Upper_BB, Lower_BB",32,3,0.7,0.001,32,60,1,50,"(16, 1)",Tanh,0.04270022131879689,6.513971882500242,0.3558756646900272,42.083333333333336,0.811617104040782
4,"20MA, 50MA, RSI, MACD, Upper_BB, Lower_BB",32,2,0.30000000000000004,0.0001,64,60,1,100,"(25, 1)",Tanh,0.0280137096825681,4.126143053608313,0.7227633116844088,65.83333333333333,0.8439036953637071
5,"20MA, 50MA, RSI, MACD, Upper_BB, Lower_BB",128,3,0.6000000000000001,0.001,64,60,1,100,"(25, 1)",ReLU,0.06503934274838338,10.452865907090198,-0.494382396477544,30.833333333333336,1.0068967889092006
6,"20MA, 50MA, RSI, MACD, Upper_BB, Lower_BB",64,3,0.30000000000000004,0.001,32,60,1,150,"(25, 1)",Tanh,0.030163885333893012,4.656890864537739,0.678571769370141,55.00000000000001,0.9056778171244576
7,"20MA, 50MA, RSI, MACD, Upper_BB, Lower_BB",32,2,0.4,0.0001,32,60,1,150,"(16, 1)",Sigmoid,0.07735187028791074,12.709359321595631,-1.1137376988392291,25.833333333333336,0.8099956702850725
8,"20MA, 50MA, RSI, MACD, Upper_BB, Lower_BB",16,2,0.6000000000000001,0.001,64,60,1,50,"(25, 1)",Tanh,0.029855333201341126,4.268648990918292,0.685114037572032,62.083333333333336,1.1357931381047421
9,"20MA, 50MA, RSI, MACD, Upper_BB, Lower_BB",32,2,0.4,0.001,32,60,1,50,"(25, 1)",ReLU,0.05893872572544689,9.552522373963246,-0.22718754628666193,28.333333333333332,0.725846173808197
10,"20MA, 50MA, RSI, MACD, Upper_BB, Lower_BB",128,3,0.8,0.0005,16,60,1,150,"(16, 1)",ReLU,0.09317150680263053,13.696306787344842,-2.0667310722022303,15.833333333333332,1.1329215064907148
11,"20MA, 50MA, RSI, MACD, Upper_BB, Lower_BB",16,2,0.2,0.0001,64,60,1,100,"(25, 1)",Tanh,0.03731399192309076,5.241336309915868,0.5081271157118297,55.41666666666667,1.0374866478878761
12,"20MA, 50MA, RSI, MACD, Upper_BB, Lower_BB",64,2,0.2,0.0001,64,60,1,100,"(25, 1)",ReLU,0.03502757592922936,5.622766201596399,0.5665593673287455,44.583333333333336,0.6272973953842207
13,"20MA, 50MA, RSI, MACD, Upper_BB, Lower_BB",128,2,0.5,0.0005,64,60,1,100,"(25, 1)",Tanh,0.03538788031087035,5.600284731139025,0.5575964994118852,50.416666666666664,0.7575907701804079
14,"20MA, 50MA, RSI, MACD, Upper_BB, Lower_BB",32,2,0.4,0.0001,64,60,1,150,"(25, 1)",Sigmoid,0.05063611825249875,7.682041435985444,0.09420427611873694,41.25,0.8295576184605558
15,"20MA, 50MA, RSI, MACD, Upper_BB, Lower_BB",128,2,0.6000000000000001,0.0005,64,60,1,100,"(25, 1)",ReLU,0.048399056605012744,7.096185070048441,0.17247095042651428,37.083333333333336,1.1817472862267626
16,"20MA, 50MA, RSI, MACD, Upper_BB, Lower_BB",16,2,0.30000000000000004,0.0005,64,60,1,150,"(25, 1)",Tanh,0.060590845415114,9.436249078973301,-0.29695073511053693,17.5,1.0217953425634871
17,"20MA, 50MA, RSI, MACD, Upper_BB, Lower_BB",64,3,0.5,0.0001,16,60,1,100,"(25, 1)",ReLU,0.034196748665566414,5.258072805876828,0.5868772721669862,53.333333333333336,0.7934558090037876
18,"20MA, 50MA, RSI, MACD, Upper_BB, Lower_BB",128,2,0.7,0.0005,64,60,1,150,"(16, 1)",Tanh,0.023961474982101466,3.519677143787667,0.7971679632989932,71.25,1.037376102227978
19,"20MA, 50MA, RSI, MACD, Upper_BB, Lower_BB",128,2,0.7,0.0005,64,60,1,150,"(16, 1)",Sigmoid,0.02643512327993426,4.1097405183392,0.7531278294725291,67.08333333333333,0.7470962177904489
20,"20MA, 50MA, RSI, MACD, Upper_BB, Lower_BB",128,3,0.7,0.0005,16,60,1,150,"(16, 1)",Tanh,0.021757020866067275,3.234509725446813,0.8327722633694559,79.16666666666666,0.8249757536032685
21,"20MA, 50MA, RSI, MACD, Upper_BB, Lower_BB",128,3,0.7,0.0005,16,60,1,150,"(16, 1)",Tanh,0.35633803093082933,63.742084333485714,-43.857369972711396,0.0,1.0
22,"20MA, 50MA, RSI, MACD, Upper_BB, Lower_BB",128,3,0.7,0.0005,16,60,1,150,"(16, 1)",Tanh,0.071665166399332,10.520480485070905,-0.8143692735418917,34.583333333333336,0.7287004487530163
23,"20MA, 50MA, RSI, MACD, Upper_BB, Lower_BB",128,3,0.8,0.0005,16,60,1,150,"(16, 1)",Tanh,0.08354400468240321,11.977586781189544,-1.4656988576037873,21.25,1.0917256918518614
24,"20MA, 50MA, RSI, MACD, Upper_BB, Lower_BB",128,3,0.6000000000000001,0.0005,16,60,1,150,"(16, 1)",Tanh,0.08353787931562537,11.975479585659125,-1.4653373054793994,21.25,1.0917256918518614
0,"20MA, 50MA, RSI, MACD, Upper_BB, Lower_BB",128,2,0.5,0.001,16,60,30,50,"(25, 1)",Tanh,0.08574994677743908,12.315024517654566,-1.4903499705542234,20.253164556962027,1.1913120014055314
1,"20MA, 50MA, RSI, MACD, Upper_BB, Lower_BB",32,2,0.7,0.0001,16,60,30,150,"(16, 1)",ReLU,0.05451222456151843,8.299924583818983,-0.006422819479307451,35.0210970464135,1.1744547140177766
2,"20MA, 50MA, RSI, MACD, Upper_BB, Lower_BB",64,2,0.5,0.0001,16,60,30,50,"(25, 1)",Tanh,0.05982446245638543,9.11249648053656,-0.21213299957327414,40.08438818565401,1.0606772023201854
3,"20MA, 50MA, RSI, MACD, Upper_BB, Lower_BB",128,3,0.7,0.0005,16,60,30,100,"(25, 1)",Tanh,0.36784782132358346,66.32135956668475,-44.82780337555308,0.0,1.0
4,"20MA, 50MA, RSI, MACD, Upper_BB, Lower_BB",32,3,0.2,0.001,16,60,30,150,"(16, 1)",Tanh,0.0898236206976101,14.918185246946807,-1.732585621741063,21.518987341772153,0.8950927632455392
5,"20MA, 50MA, RSI, MACD, Upper_BB, Lower_BB",16,2,0.8,0.0005,64,60,30,50,"(16, 1)",ReLU,0.05598679801987136,8.551866870847435,-0.0616073705360658,38.81856540084388,1.155996925020857
6,"20MA, 50MA, RSI, MACD, Upper_BB, Lower_BB",16,2,0.2,0.0001,64,60,30,100,"(16, 1)",Tanh,0.05723124139465993,8.592176886079478,-0.10932550258777818,27.848101265822784,1.274048165737292
7,"20MA, 50MA, RSI, MACD, Upper_BB, Lower_BB",16,2,0.30000000000000004,0.0001,32,60,30,150,"(16, 1)",Sigmoid,0.055212792465003886,8.317462617027795,-0.03245727850957181,37.130801687763714,1.2541667485442374
8,"20MA, 50MA, RSI, MACD, Upper_BB, Lower_BB",32,2,0.7,0.0001,32,60,30,150,"(25, 1)",Tanh,0.05544703872119569,8.489759187005575,-0.04123648626852994,38.81856540084388,1.1311451468513376
9,"20MA, 50MA, RSI, MACD, Upper_BB, Lower_BB",16,3,0.30000000000000004,0.0001,64,60,30,100,"(25, 1)",Tanh,0.05716851976685366,8.429054310666793,-0.10689534127084466,33.755274261603375,1.3014113449401337
10,"20MA, 50MA, RSI, MACD, Upper_BB, Lower_BB",32,3,0.6000000000000001,0.0005,16,60,30,150,"(16, 1)",ReLU,0.0895627915870412,14.80538779282495,-1.7167389424272224,24.050632911392405,0.9158867232978997
11,"20MA, 50MA, RSI, MACD, Upper_BB, Lower_BB",64,2,0.4,0.0001,32,60,30,150,"(16, 1)",Sigmoid,0.05889401285530979,9.554434590605258,-0.17472161089317084,31.645569620253166,1.1663966275052118
12,"20MA, 50MA, RSI, MACD, Upper_BB, Lower_BB",16,2,0.4,0.0001,32,60,30,150,"(16, 1)",Sigmoid,0.07060786156376889,11.524051509705483,-0.6884911239497165,27.004219409282697,0.9937402113126804
13,"20MA, 50MA, RSI, MACD, Upper_BB, Lower_BB",32,2,0.8,0.0001,32,60,30,150,"(16, 1)",ReLU,0.07135412941039738,11.593575972343801,-0.724371705754385,27.004219409282697,0.8763034511042173
14,"20MA, 50MA, RSI, MACD, Upper_BB, Lower_BB",16,2,0.6000000000000001,0.001,32,60,30,150,"(16, 1)",Sigmoid,0.08016987232808966,13.110228947390876,-1.1767825570781483,27.848101265822784,0.904413316283025
15,"20MA, 50MA, RSI, MACD, Upper_BB, Lower_BB",32,2,0.30000000000000004,0.0001,16,60,30,150,"(16, 1)",Sigmoid,0.07064231865612579,11.53304709710052,-0.6901395152064804,26.582278481012654,1.082448118564086
16,"20MA, 50MA, RSI, MACD, Upper_BB, Lower_BB",128,2,0.4,0.0001,32,60,30,150,"(16, 1)",ReLU,0.05803006217241575,8.903725509296114,-0.14050905184704554,38.81856540084388,1.0967932466707744
17,"20MA, 50MA, RSI, MACD, Upper_BB, Lower_BB",64,3,0.6000000000000001,0.0001,32,60,30,150,"(16, 1)",Sigmoid,0.06767158995213515,11.06657354067433,-0.550977242903369,28.691983122362867,1.2038588644371884
18,"20MA, 50MA, RSI, MACD, Upper_BB, Lower_BB",16,2,0.30000000000000004,0.001,16,60,30,50,"(16, 1)",ReLU,0.06343431675035277,10.2256502481029,-0.36282847029931964,29.957805907172997,0.9521677152621738
19,"20MA, 50MA, RSI, MACD, Upper_BB, Lower_BB",32,2,0.7,0.0005,64,60,30,100,"(16, 1)",ReLU,0.06189685305103032,9.839474411981723,-0.2975670338675587,33.33333333333333,1.0762990545626958
20,"20MA, 50MA, RSI, MACD, Upper_BB, Lower_BB",32,3,0.5,0.0001,16,60,30,150,"(16, 1)",Sigmoid,0.08871061646440617,14.63107343549349,-1.665286252610553,26.160337552742618,1.0130544133370682
21,"20MA, 50MA, RSI, MACD, Upper_BB, Lower_BB",32,2,0.7,0.0001,32,60,30,150,"(25, 1)",Sigmoid,0.07531439106014753,12.187423519668052,-0.9210939435235699,30.37974683544304,0.8846870583236501
22,"20MA, 50MA, RSI, MACD, Upper_BB, Lower_BB",32,2,0.7,0.0001,32,60,30,150,"(25, 1)",ReLU,0.06165576930134667,9.85026826141146,-0.2874788597367366,32.48945147679325,0.9833303346142745
23,"20MA, 50MA, RSI, MACD, Upper_BB, Lower_BB",32,2,0.8,0.0001,32,60,30,150,"(25, 1)",Tanh,0.05667114706136307,8.750332257907724,-0.08771889051927029,39.24050632911392,1.2187784445081982
24,"20MA, 50MA, RSI, MACD, Upper_BB, Lower_BB",32,2,0.6000000000000001,0.0001,32,60,30,150,"(25, 1)",Tanh,0.05608806001230534,8.5526456547946,-0.06545105147905139,39.24050632911392,1.1729716046393528
0,"20MA, 50MA, RSI, MACD, Upper_BB, CCI",64,3,0.30000000000000004,0.0001,64,60,1,150,"(16, 1)",Sigmoid,0.04510966028779911,6.913698468367162,0.2811329655901704,41.66666666666667,0.7154621476906312
1,"20MA, 50MA, RSI, MACD, Upper_BB, CCI",128,3,0.30000000000000004,0.0001,16,60,1,100,"(16, 1)",Sigmoid,0.04545036857932433,6.7709720536383715,0.2702329100636508,48.333333333333336,0.7574360523325184
2,"20MA, 50MA, RSI, MACD, Upper_BB, CCI",16,3,0.30000000000000004,0.0005,16,60,1,50,"(16, 1)",Tanh,0.04525108922977519,7.407469734261579,0.2766182793597144,36.666666666666664,0.7210647071392369
3,"20MA, 50MA, RSI, MACD, Upper_BB, CCI",64,3,0.8,0.001,32,60,1,100,"(16, 1)",Tanh,0.09967249981955928,14.909615497321022,-2.5096204872154284,13.333333333333334,1.044666104125071
4,"20MA, 50MA, RSI, MACD, Upper_BB, CCI",16,2,0.2,0.0001,32,60,1,150,"(16, 1)",ReLU,0.03273457788634146,5.078960964798697,0.6214502659753582,53.75,0.8074871052380447
5,"20MA, 50MA, RSI, MACD, Upper_BB, CCI",64,3,0.7,0.0005,64,60,1,50,"(25, 1)",Sigmoid,0.03673626389281651,5.1595827123461735,0.5232404210868578,54.58333333333333,1.103269356851039
6,"20MA, 50MA, RSI, MACD, Upper_BB, CCI",64,2,0.7,0.0005,16,60,1,150,"(25, 1)",Tanh,0.02677973108794029,4.153875865014401,0.7466494341395374,68.75,0.6949669276855313
7,"20MA, 50MA, RSI, MACD, Upper_BB, CCI",64,3,0.2,0.0001,32,60,1,150,"(16, 1)",Sigmoid,0.0544130680524356,8.592709560807462,-0.04596194361879724,30.833333333333336,0.6594662552819126
8,"20MA, 50MA, RSI, MACD, Upper_BB, CCI",128,3,0.6000000000000001,0.001,32,60,1,100,"(16, 1)",Sigmoid,0.37168531187183124,66.59044998524043,-47.80454334974209,0.0,1.0
9,"20MA, 50MA, RSI, MACD, Upper_BB, CCI",64,2,0.7,0.0001,64,60,1,150,"(16, 1)",Sigmoid,0.1255645026286252,20.31009692088834,-4.56984637342977,2.083333333333333,1.0
10,"20MA, 50MA, RSI, MACD, Upper_BB, CCI",32,2,0.5,0.0005,16,60,1,150,"(25, 1)",Tanh,0.018419698402937078,2.7137230564786003,0.8801399415419299,86.25,0.902267086344985
11,"20MA, 50MA, RSI, MACD, Upper_BB, CCI",32,2,0.5,0.0005,16,60,1,150,"(25, 1)",Tanh,0.019074164947122857,2.85908637337543,0.8714711791713863,82.91666666666667,0.9645171527250163
12,"20MA, 50MA, RSI, MACD, Upper_BB, CCI",32,2,0.5,0.0005,16,60,1,150,"(25, 1)",Tanh,0.019870939043559237,2.91745699869157,0.8605089840102731,82.5,0.803434368477074
13,"20MA, 50MA, RSI, MACD, Upper_BB, CCI",32,2,0.5,0.0005,16,60,1,150,"(25, 1)",Tanh,0.017669577705068017,2.5821729676926917,0.8897034836672308,85.83333333333333,1.11131429200449
14,"20MA, 50MA, RSI, MACD, Upper_BB, CCI",32,2,0.4,0.0005,16,60,1,150,"(25, 1)",ReLU,0.01712045049759706,2.546621317480057,0.8964524490139031,87.08333333333333,0.7961846044140928
15,"20MA, 50MA, RSI, MACD, Upper_BB, CCI",32,2,0.4,0.0005,16,60,1,50,"(25, 1)",ReLU,0.05831405339906719,9.815737116099534,-0.20131227766258175,22.916666666666664,0.7221649573480282
16,"20MA, 50MA, RSI, MACD, Upper_BB, CCI",32,2,0.4,0.0005,16,60,1,150,"(25, 1)",ReLU,0.031439263775485934,5.062185331198575,0.650816116937921,53.75,0.6927337802438351
17,"20MA, 50MA, RSI, MACD, Upper_BB, CCI",32,2,0.4,0.001,16,60,1,150,"(25, 1)",ReLU,0.03599473844535795,6.05961615433529,0.5422930578481768,39.166666666666664,0.6927337802438351
18,"20MA, 50MA, RSI, MACD, Upper_BB, CCI",32,2,0.6000000000000001,0.0005,16,60,1,50,"(25, 1)",ReLU,0.05721687246761174,9.434884654144614,-0.15653208474623392,26.25,0.6517497727716506
19,"20MA, 50MA, RSI, MACD, Upper_BB, CCI",32,2,0.6000000000000001,0.0005,64,60,1,100,"(25, 1)",ReLU,0.039462533000421726,5.831240536093236,0.4498522115956206,43.75,1.2368860831331752
20,"20MA, 50MA, RSI, MACD, Upper_BB, CCI",128,2,0.4,0.001,16,60,1,150,"(25, 1)",ReLU,0.37469149463658435,67.14815523136302,-48.59719610062031,0.0,1.0
21,"20MA, 50MA, RSI, MACD, Upper_BB, CCI",32,2,0.5,0.0005,16,60,1,150,"(25, 1)",Tanh,0.025718736741259813,3.892990354765688,0.7663268993756056,68.75,0.6969651536331796
22,"20MA, 50MA, RSI, MACD, Upper_BB, CCI",32,2,0.5,0.0005,16,60,1,150,"(25, 1)",Tanh,0.02204656226680804,3.144188760956116,0.828291729510253,78.33333333333333,0.7874414343475473
23,"20MA, 50MA, RSI, MACD, Upper_BB, CCI",32,2,0.5,0.0005,16,60,1,150,"(25, 1)",Tanh,0.03092254819489874,4.7443788185613744,0.6621997198428938,59.166666666666664,0.7504923030375537
24,"20MA, 50MA, RSI, MACD, Upper_BB, CCI",16,2,0.6000000000000001,0.0005,16,60,1,150,"(25, 1)",Tanh,0.02116939651310146,3.076482508897483,0.8416834160592025,80.0,0.7552073986802893
0,"20MA, 50MA, RSI, MACD, Upper_BB, CCI",16,3,0.5,0.001,16,60,30,100,"(16, 1)",Tanh,0.09394956622014998,15.589922086196504,-1.9893875621256307,24.894514767932492,0.8772510304766651
1,"20MA, 50MA, RSI, MACD, Upper_BB, CCI",16,2,0.6000000000000001,0.001,16,60,30,100,"(25, 1)",Tanh,0.06224691518666204,10.111633109904968,-0.3122855058834515,28.691983122362867,1.0024420956670916
2,"20MA, 50MA, RSI, MACD, Upper_BB, CCI",64,2,0.2,0.0005,64,60,30,100,"(25, 1)",ReLU,0.05454630076574652,8.429688004993439,-0.0076814651841576875,37.9746835443038,1.1033896815352506
3,"20MA, 50MA, RSI, MACD, Upper_BB, CCI",16,3,0.4,0.0005,32,60,30,50,"(16, 1)",Sigmoid,0.12163364660668681,19.17750867785932,-4.010719817513307,5.485232067510549,1.0
4,"20MA, 50MA, RSI, MACD, Upper_BB, CCI",128,3,0.6000000000000001,0.001,32,60,30,100,"(25, 1)",ReLU,0.37788092017169983,68.19815834503062,-47.361815202645545,0.0,1.0
5,"20MA, 50MA, RSI, MACD, Upper_BB, CCI",64,3,0.7,0.001,16,60,30,150,"(25, 1)",Tanh,0.07236137340605718,10.176122602116857,-0.7733982148452578,27.42616033755274,1.3245652722019905
6,"20MA, 50MA, RSI, MACD, Upper_BB, CCI",64,3,0.4,0.0001,32,60,30,50,"(16, 1)",Tanh,0.059464689849137636,8.865100238723107,-0.1975977761873522,27.42616033755274,1.4064328528950483
7,"20MA, 50MA, RSI, MACD, Upper_BB, CCI",32,3,0.4,0.001,32,60,30,100,"(25, 1)",ReLU,0.08170200024176869,11.627805795946532,-1.2607786490732789,23.628691983122362,1.212113888645966
8,"20MA, 50MA, RSI, MACD, Upper_BB, CCI",32,2,0.8,0.0001,16,60,30,100,"(16, 1)",ReLU,0.05799877895636164,9.103254755401375,-0.13927971750652746,39.66244725738397,1.1778989676491058
9,"20MA, 50MA, RSI, MACD, Upper_BB, CCI",128,3,0.30000000000000004,0.0005,16,60,30,150,"(16, 1)",Tanh,0.08874014930938187,14.764602370791138,-1.667061160534566,15.18987341772152,0.8457907083447465
10,"20MA, 50MA, RSI, MACD, Upper_BB, CCI",64,2,0.2,0.0005,64,60,30,50,"(25, 1)",Sigmoid,0.06007223417105602,9.808031876253393,-0.2221942418896814,28.691983122362867,1.1834805422772368
11,"20MA, 50MA, RSI, MACD, Upper_BB, CCI",32,2,0.8,0.0001,64,60,30,100,"(16, 1)",ReLU,0.058702403662506196,8.709382386215132,-0.16709023064082817,29.11392405063291,1.2773914518672702
12,"20MA, 50MA, RSI, MACD, Upper_BB, CCI",32,2,0.8,0.0001,64,60,30,100,"(25, 1)",ReLU,0.0646742289030817,9.26211288155034,-0.4166259192767876,27.42616033755274,1.3867390251422178
13,"20MA, 50MA, RSI, MACD, Upper_BB, CCI",64,2,0.2,0.0001,64,60,30,100,"(16, 1)",ReLU,0.056231141845340844,9.04986777640964,-0.07089396167398365,34.59915611814346,1.1724166855807485
14,"20MA, 50MA, RSI, MACD, Upper_BB, CCI",64,2,0.2,0.0005,64,60,30,150,"(16, 1)",ReLU,0.05550413819201962,8.907165000720564,-0.04338212530322494,34.177215189873415,1.1910443803190955
15,"20MA, 50MA, RSI, MACD, Upper_BB, CCI",64,2,0.2,0.0005,64,60,30,150,"(25, 1)",ReLU,0.054788124308838136,8.641031880196474,-0.016636105999841666,34.177215189873415,1.2151985605360258
16,"20MA, 50MA, RSI, MACD, Upper_BB, CCI",64,2,0.30000000000000004,0.0005,64,60,30,150,"(25, 1)",ReLU,0.055218459736264686,8.30038814288807,-0.032669240828369084,34.59915611814346,1.2745178511866637
17,"20MA, 50MA, RSI, MACD, Upper_BB, CCI",64,2,0.30000000000000004,0.0005,64,60,30,150,"(25, 1)",Sigmoid,0.05797028298331606,9.161258496044105,-0.13816049019249066,36.708860759493675,1.1367227858369258
18,"20MA, 50MA, RSI, MACD, Upper_BB, CCI",64,2,0.2,0.0005,64,60,30,150,"(25, 1)",ReLU,0.05782483457733106,8.912075264791183,-0.1324563278291888,41.35021097046413,1.160018932708956
19,"20MA, 50MA, RSI, MACD, Upper_BB, CCI",128,2,0.30000000000000004,0.0005,64,60,30,150,"(25, 1)",ReLU,0.05747100448609965,8.792484613772153,-0.1186397316866199,41.35021097046413,1.241964926019026
20,"20MA, 50MA, RSI, MACD, Upper_BB, CCI",64,2,0.5,0.0005,64,60,30,50,"(25, 1)",Sigmoid,0.05842495077851978,9.4902786190779,-0.15608395862110314,29.11392405063291,1.0191668305153387
21,"20MA, 50MA, RSI, MACD, Upper_BB, CCI",64,2,0.30000000000000004,0.0005,64,60,30,150,"(25, 1)",ReLU,0.0544172130773704,8.64536424981665,-0.002917609588924952,34.59915611814346,1.0989773840940908
22,"20MA, 50MA, RSI, MACD, Upper_BB, CCI",64,2,0.2,0.0005,64,60,30,150,"(25, 1)",ReLU,0.053280449102807735,8.42862862454281,0.03854620393139907,33.755274261603375,1.0473278800494834
23,"20MA, 50MA, RSI, MACD, Upper_BB, CCI",64,2,0.30000000000000004,0.0005,64,60,30,150,"(25, 1)",ReLU,0.06660740447783088,10.425967047470651,-0.5025802841333928,34.177215189873415,0.876533455364809
24,"20MA, 50MA, RSI, MACD, Upper_BB, CCI",64,2,0.2,0.0005,64,60,30,150,"(25, 1)",ReLU,0.05589607184362097,8.930627501150404,-0.05816950512904495,34.59915611814346,1.2416902076678786
0,"20MA, 50MA, RSI, MACD, Upper_BB, ATR",16,3,0.30000000000000004,0.0001,32,60,1,150,"(16, 1)",Tanh,0.03621004202021824,5.696502998255435,0.5368011069209919,48.333333333333336,0.7320932878366437
1,"20MA, 50MA, RSI, MACD, Upper_BB, ATR",32,3,0.8,0.0005,64,60,1,100,"(16, 1)",Sigmoid,0.03147275174269858,4.574284909609085,0.6500718446651788,59.166666666666664,0.9777959729414663
2,"20MA, 50MA, RSI, MACD, Upper_BB, ATR",32,3,0.6000000000000001,0.001,16,60,1,150,"(25, 1)",Sigmoid,0.022921922109392284,3.350533555054389,0.8143856622731563,75.41666666666667,0.7621439261794001
3,"20MA, 50MA, RSI, MACD, Upper_BB, ATR",32,3,0.30000000000000004,0.0001,64,60,1,150,"(16, 1)",Sigmoid,0.05796907965396002,9.392591458851616,-0.18714089506027531,29.166666666666668,1.0778599615340971
4,"20MA, 50MA, RSI, MACD, Upper_BB, ATR",32,3,0.2,0.0001,64,60,1,100,"(25, 1)",Tanh,0.03207893872779687,4.876090529402763,0.6364623133164349,52.916666666666664,0.868356455383481
5,"20MA, 50MA, RSI, MACD, Upper_BB, ATR",16,2,0.8,0.0005,16,60,1,50,"(25, 1)",Sigmoid,0.02912976276885919,4.455460029472722,0.7002333249613791,62.916666666666664,0.7117136071162389
6,"20MA, 50MA, RSI, MACD, Upper_BB, ATR",16,2,0.8,0.0001,64,60,1,50,"(25, 1)",ReLU,0.04885019322695112,7.063680031015669,0.15697194613676824,37.083333333333336,1.0749366383816767
7,"20MA, 50MA, RSI, MACD, Upper_BB, ATR",64,3,0.30000000000000004,0.001,64,60,1,150,"(16, 1)",ReLU,0.24326598066512606,41.3561979458113,-19.906061060501653,0.0,1.0
8,"20MA, 50MA, RSI, MACD, Upper_BB, ATR",32,3,0.8,0.001,32,60,1,100,"(16, 1)",Sigmoid,0.022100394229409456,3.307010777705668,0.8274521720261755,75.83333333333333,0.9027045016112234
9,"20MA, 50MA, RSI, MACD, Upper_BB, ATR",64,2,0.8,0.0001,32,60,1,100,"(16, 1)",Sigmoid,0.037717865655297694,5.978676425391971,0.4974217684021527,46.666666666666664,0.6640629212034869
10,"20MA, 50MA, RSI, MACD, Upper_BB, ATR",128,2,0.6000000000000001,0.001,32,60,1,100,"(16, 1)",Tanh,0.034837670258507154,5.022570144638424,0.571246514415773,57.08333333333333,0.8904064354294614
11,"20MA, 50MA, RSI, MACD, Upper_BB, ATR",32,3,0.6000000000000001,0.001,16,60,1,150,"(25, 1)",Sigmoid,0.05466151788554743,8.045081011178446,-0.05553546557522693,34.583333333333336,1.0528503131451037
12,"20MA, 50MA, RSI, MACD, Upper_BB, ATR",32,3,0.6000000000000001,0.001,16,60,1,100,"(25, 1)",Sigmoid,0.13714626958940204,23.581741360684564,-5.644731759725981,5.416666666666667,0.8261184702852019
13,"20MA, 50MA, RSI, MACD, Upper_BB, ATR",128,3,0.5,0.001,16,60,1,150,"(25, 1)",Sigmoid,0.09469724324110164,13.9818099276534,-2.167992377091356,15.833333333333332,1.044666104125071
14,"20MA, 50MA, RSI, MACD, Upper_BB, ATR",32,3,0.7,0.001,32,60,1,50,"(16, 1)",Sigmoid,0.029144793275583503,4.517759844806057,0.6999238952223044,59.166666666666664,0.762099392770231
15,"20MA, 50MA, RSI, MACD, Upper_BB, ATR",32,3,0.5,0.001,16,60,1,100,"(25, 1)",ReLU,0.3726878362555347,66.78623497106739,-48.06817351271504,0.0,1.0
16,"20MA, 50MA, RSI, MACD, Upper_BB, ATR",32,3,0.7,0.0005,32,60,1,150,"(16, 1)",Sigmoid,0.027651285643850925,4.219946349174486,0.7298903423572882,63.74999999999999,0.7112027289818977
17,"20MA, 50MA, RSI, MACD, Upper_BB, ATR",64,2,0.5,0.001,32,60,1,150,"(25, 1)",Sigmoid,0.019336795892363257,2.844483819763842,0.8679074021513317,85.41666666666666,1.2679624887323162
18,"20MA, 50MA, RSI, MACD, Upper_BB, ATR",64,2,0.4,0.001,32,60,1,100,"(16, 1)",ReLU,0.022680153953052912,3.4728756334070603,0.8182805340838765,73.75,0.9457519916224928
19,"20MA, 50MA, RSI, MACD, Upper_BB, ATR",64,2,0.5,0.001,32,60,1,50,"(25, 1)",Tanh,0.0285117022550772,4.457954321483848,0.712818969575235,57.49999999999999,0.8715067582359223
20,"20MA, 50MA, RSI, MACD, Upper_BB, ATR",64,2,0.4,0.0005,32,60,1,150,"(16, 1)",Sigmoid,0.02736768545894746,4.1379685712028875,0.7354025863067715,63.74999999999999,0.656800109335928
21,"20MA, 50MA, RSI, MACD, Upper_BB, ATR",64,2,0.4,0.001,32,60,1,100,"(16, 1)",ReLU,0.15058088483897455,24.978871978405063,-7.0103067024906345,0.0,1.0
22,"20MA, 50MA, RSI, MACD, Upper_BB, ATR",64,2,0.4,0.001,32,60,1,100,"(16, 1)",ReLU,0.04412712651025939,6.412121040778727,0.31210722054221673,46.25,0.7246354453398842
23,"20MA, 50MA, RSI, MACD, Upper_BB, ATR",64,2,0.4,0.001,32,60,1,100,"(16, 1)",ReLU,0.045623898992857216,6.394917085417704,0.2646497414447708,46.666666666666664,0.7469242213540652
24,"20MA, 50MA, RSI, MACD, Upper_BB, ATR",64,2,0.5,0.001,32,60,1,100,"(16, 1)",ReLU,0.023897650757195056,3.7108346205497806,0.7982470585110034,73.33333333333333,0.7056508234184927
0,"20MA, 50MA, RSI, MACD, Upper_BB, ATR",16,2,0.30000000000000004,0.0001,64,60,30,100,"(16, 1)",Tanh,0.065646606900144,9.46442856147436,-0.4595441336266608,26.582278481012654,1.3859107596733167
1,"20MA, 50MA, RSI, MACD, Upper_BB, ATR",32,2,0.4,0.0005,64,60,30,150,"(25, 1)",ReLU,0.05503964972782548,8.513078921132019,-0.025992030906638375,37.9746835443038,1.1490671931545462
2,"20MA, 50MA, RSI, MACD, Upper_BB, ATR",64,2,0.5,0.0005,64,60,30,150,"(25, 1)",ReLU,0.0609194395516092,8.836970754079742,-0.25691081542921723,28.691983122362867,1.40765091356409
3,"20MA, 50MA, RSI, MACD, Upper_BB, ATR",128,2,0.7,0.001,32,60,30,100,"(16, 1)",Tanh,0.05877191614085326,8.6709494610867,-0.1698558880179395,30.801687763713083,1.3814733570424182
4,"20MA, 50MA, RSI, MACD, Upper_BB, ATR",64,3,0.6000000000000001,0.0005,32,60,30,150,"(16, 1)",Tanh,0.0681808491349836,10.206741874009413,-0.5744086825987935,31.223628691983123,1.1489472323942482
5,"20MA, 50MA, RSI, MACD, Upper_BB, ATR",128,3,0.30000000000000004,0.0005,16,60,30,150,"(25, 1)",Sigmoid,0.32255475187006993,57.83293214843867,-34.237050864535625,0.0,1.0
6,"20MA, 50MA, RSI, MACD, Upper_BB, ATR",32,2,0.5,0.001,16,60,30,50,"(16, 1)",Tanh,0.07893706632524876,12.941361509055085,-1.1103506798621599,25.31645569620253,0.8462135005670031
7,"20MA, 50MA, RSI, MACD, Upper_BB, ATR",128,3,0.4,0.0005,32,60,30,50,"(16, 1)",Tanh,0.07857040614466536,11.131806711891109,-1.0907911876780507,23.628691983122362,1.3896531141326478
8,"20MA, 50MA, RSI, MACD, Upper_BB, ATR",128,2,0.30000000000000004,0.0005,32,60,30,50,"(25, 1)",Sigmoid,0.0753399268334767,10.623175193642261,-0.9223968800608866,26.582278481012654,1.3385426865971428
9,"20MA, 50MA, RSI, MACD, Upper_BB, ATR",128,2,0.2,0.0005,16,60,30,150,"(16, 1)",ReLU,0.3734991056753068,67.37859954035312,-46.24673450410745,0.0,1.0
10,"20MA, 50MA, RSI, MACD, Upper_BB, ATR",32,3,0.8,0.0001,64,60,30,150,"(25, 1)",ReLU,0.06223313585532224,10.0473788834251,-0.3117045802157157,29.535864978902953,1.0108718248454336
11,"20MA, 50MA, RSI, MACD, Upper_BB, ATR",32,2,0.7,0.001,32,60,30,100,"(25, 1)",ReLU,0.06180092385920802,9.120352103062338,-0.29354815103354537,37.552742616033754,1.117117130872756
12,"20MA, 50MA, RSI, MACD, Upper_BB, ATR",16,2,0.8,0.001,64,60,30,100,"(25, 1)",Tanh,0.05792644949182156,8.783754284472264,-0.13643992979753072,38.81856540084388,1.316479441856358
13,"20MA, 50MA, RSI, MACD, Upper_BB, ATR",16,2,0.8,0.001,64,60,30,100,"(25, 1)",ReLU,0.08407753225888784,11.868559726545785,-1.3941567297251813,22.362869198312236,1.086978354373892
14,"20MA, 50MA, RSI, MACD, Upper_BB, ATR",16,2,0.5,0.001,64,60,30,100,"(25, 1)",Sigmoid,0.06122557810167175,8.758559934708492,-0.26957526859667924,29.957805907172997,1.2849025938910839
15,"20MA, 50MA, RSI, MACD, Upper_BB, ATR",32,2,0.6000000000000001,0.0001,64,60,30,150,"(25, 1)",Tanh,0.05575838086452354,8.398334242786031,-0.05296266551858175,32.06751054852321,1.243293154872157
16,"20MA, 50MA, RSI, MACD, Upper_BB, ATR",32,2,0.6000000000000001,0.0001,64,60,30,150,"(25, 1)",ReLU,0.05394929022368303,8.272377449160317,0.014256015659930732,34.59915611814346,1.1203705953473724
17,"20MA, 50MA, RSI, MACD, Upper_BB, ATR",32,3,0.4,0.0001,64,60,30,150,"(25, 1)",ReLU,0.07381305449037916,11.70717646040565,-0.8452661695537589,33.755274261603375,0.9765140166215526
18,"20MA, 50MA, RSI, MACD, Upper_BB, ATR",32,2,0.6000000000000001,0.0001,64,60,30,150,"(25, 1)",ReLU,0.05600122793568007,8.535520825106628,-0.062154673816527284,39.24050632911392,1.1260604365983378
19,"20MA, 50MA, RSI, MACD, Upper_BB, ATR",32,2,0.4,0.0001,64,60,30,150,"(25, 1)",ReLU,0.05928567827076543,8.835096078502932,-0.19039816984010405,27.004219409282697,1.310305253418039
20,"20MA, 50MA, RSI, MACD, Upper_BB, ATR",32,3,0.2,0.0001,16,60,30,150,"(25, 1)",ReLU,0.0950088530474474,15.351425207192717,-2.0571786313211278,26.582278481012654,0.8808836691922856
21,"20MA, 50MA, RSI, MACD, Upper_BB, ATR",32,2,0.6000000000000001,0.0001,64,60,30,150,"(25, 1)",ReLU,0.054442680499291185,8.2939738139239,-0.0038565662635980935,33.33333333333333,1.0574361038827873
22,"20MA, 50MA, RSI, MACD, Upper_BB, ATR",32,2,0.7,0.0001,64,60,30,150,"(25, 1)",ReLU,0.059101122387559525,9.574636052770959,-0.18299830405270812,31.223628691983123,1.163882501716814
23,"20MA, 50MA, RSI, MACD, Upper_BB, ATR",32,2,0.6000000000000001,0.0001,64,60,30,150,"(25, 1)",ReLU,0.0611115072871373,8.879720107146948,-0.2648489244989902,29.535864978902953,1.3870777385744197
24,"20MA, 50MA, RSI, MACD, Upper_BB, ATR",64,2,0.5,0.0001,64,60,30,150,"(25, 1)",ReLU,0.054378019991957495,8.321919852015379,-0.0014734606495763192,35.86497890295359,1.0042245557659684
0,"20MA, 50MA, RSI, MACD, Upper_BB, Williams_%R",32,2,0.2,0.0005,32,60,1,50,"(16, 1)",Sigmoid,0.032115177164325326,4.869315410116829,0.6356404981923591,60.83333333333333,0.7391367533560838
1,"20MA, 50MA, RSI, MACD, Upper_BB, Williams_%R",128,2,0.4,0.0001,64,60,1,50,"(25, 1)",ReLU,0.035092080149129345,5.491369074507787,0.5649615123510792,51.66666666666667,0.8512604946423007
2,"20MA, 50MA, RSI, MACD, Upper_BB, Williams_%R",128,2,0.7,0.001,64,60,1,100,"(16, 1)",ReLU,0.047349030730370285,7.015720402797841,0.2079882193478716,30.416666666666664,1.184962973775796
3,"20MA, 50MA, RSI, MACD, Upper_BB, Williams_%R",128,3,0.8,0.0001,64,60,1,50,"(25, 1)",ReLU,0.040442367368311576,6.111482515439459,0.42219327122915806,50.0,1.1273369792640653
4,"20MA, 50MA, RSI, MACD, Upper_BB, Williams_%R",64,2,0.4,0.001,32,60,1,100,"(25, 1)",ReLU,0.024284345524406475,3.714942642050671,0.7916649878507407,74.58333333333333,0.7434051115501944
5,"20MA, 50MA, RSI, MACD, Upper_BB, Williams_%R",32,2,0.8,0.0001,16,60,1,150,"(16, 1)",Tanh,0.03644040957954399,5.7615213328327455,0.5308886349537002,50.0,0.7863121358553565
6,"20MA, 50MA, RSI, MACD, Upper_BB, Williams_%R",32,3,0.4,0.001,16,60,1,100,"(25, 1)",ReLU,0.1524010580553242,25.284411431605662,-7.205129116796744,0.0,1.0
7,"20MA, 50MA, RSI, MACD, Upper_BB, Williams_%R",32,2,0.7,0.001,32,60,1,100,"(16, 1)",Sigmoid,0.03006346423725458,4.72245541390889,0.6807083936860079,59.583333333333336,0.7378957377290419
8,"20MA, 50MA, RSI, MACD, Upper_BB, Williams_%R",64,2,0.4,0.0005,32,60,1,150,"(16, 1)",Sigmoid,0.019344651702457156,2.8709737532911483,0.8678000518791039,81.66666666666667,0.905422419245088
9,"20MA, 50MA, RSI, MACD, Upper_BB, Williams_%R",64,2,0.30000000000000004,0.0005,32,60,1,150,"(25, 1)",ReLU,0.033259908024513285,5.324792561461079,0.6092027102999618,53.333333333333336,0.734439927477208
10,"20MA, 50MA, RSI, MACD, Upper_BB, Williams_%R",16,3,0.6000000000000001,0.0005,32,60,1,150,"(16, 1)",Sigmoid,0.0328730264851201,5.160902649486366,0.6182413954069047,49.583333333333336,0.7771917334931704
11,"20MA, 50MA, RSI, MACD, Upper_BB, Williams_%R",64,2,0.5,0.0005,32,60,1,100,"(25, 1)",Tanh,0.026959299754759844,4.0567484148343835,0.7432404118293013,67.08333333333333,0.731190341267705
12,"20MA, 50MA, RSI, MACD, Upper_BB, Williams_%R",64,2,0.4,0.001,32,60,1,150,"(25, 1)",Sigmoid,0.036419803159779315,5.974136033530466,0.5314190336313658,46.25,0.7183105884801605
13,"20MA, 50MA, RSI, MACD, Upper_BB, Williams_%R",64,2,0.2,0.0005,32,60,1,100,"(16, 1)",Sigmoid,0.020406518221459544,2.964725994406509,0.852888278399173,82.08333333333333,1.1104339344925116
14,"20MA, 50MA, RSI, MACD, Upper_BB, Williams_%R",64,3,0.2,0.0005,32,60,1,150,"(16, 1)",Sigmoid,0.038228634088283614,6.455360783454629,0.4837179603555948,39.166666666666664,0.6726833097940238
15,"20MA, 50MA, RSI, MACD, Upper_BB, Williams_%R",16,2,0.30000000000000004,0.0005,16,60,1,100,"(16, 1)",Sigmoid,0.03211199417476249,4.682039257005816,0.6357127191869949,62.083333333333336,0.8073729029924362
16,"20MA, 50MA, RSI, MACD, Upper_BB, Williams_%R",64,2,0.30000000000000004,0.0005,32,60,1,150,"(16, 1)",Sigmoid,0.020914299858260786,3.127538597949543,0.8454759379604394,82.08333333333333,0.7578895417510938
17,"20MA, 50MA, RSI, MACD, Upper_BB, Williams_%R",64,3,0.2,0.0005,32,60,1,100,"(16, 1)",Sigmoid,0.15685381058105974,26.137593771592506,-7.691597432577643,0.0,1.0
18,"20MA, 50MA, RSI, MACD, Upper_BB, Williams_%R",64,2,0.5,0.0005,16,60,1,150,"(16, 1)",Tanh,0.029078986968401933,4.439825938005539,0.7012774547953564,64.16666666666667,0.7108918857562659
19,"20MA, 50MA, RSI, MACD, Upper_BB, Williams_%R",16,2,0.30000000000000004,0.0005,64,60,1,50,"(16, 1)",Sigmoid,0.03943563319156534,5.613143493716284,0.4506019772780828,49.166666666666664,1.153310512948834
20,"20MA, 50MA, RSI, MACD, Upper_BB, Williams_%R",64,3,0.6000000000000001,0.0001,32,60,1,150,"(16, 1)",Sigmoid,0.04302977083340151,6.171489661312755,0.3458949207082197,50.83333333333333,0.8227094517147457
21,"20MA, 50MA, RSI, MACD, Upper_BB, Williams_%R",64,2,0.30000000000000004,0.0005,32,60,1,150,"(16, 1)",Sigmoid,0.032929955718286,5.130158629089803,0.6169179977372439,51.66666666666667,0.6798139615586729
22,"20MA, 50MA, RSI, MACD, Upper_BB, Williams_%R",64,2,0.2,0.0005,32,60,1,150,"(16, 1)",Sigmoid,0.037732461230281004,6.199856683682632,0.49703273061224873,45.416666666666664,0.7597234447574487
23,"20MA, 50MA, RSI, MACD, Upper_BB, Williams_%R",64,2,0.30000000000000004,0.0005,32,60,1,150,"(16, 1)",Sigmoid,0.03443691217108985,5.525546869351959,0.5810541804088669,56.25,0.7467882180372246
24,"20MA, 50MA, RSI, MACD, Upper_BB, Williams_%R",64,2,0.4,0.0005,32,60,1,150,"(16, 1)",Sigmoid,0.031383857698033556,4.721320750769698,0.6520457806905474,56.666666666666664,1.112040507237774
0,"20MA, 50MA, RSI, MACD, Upper_BB, Williams_%R",64,3,0.6000000000000001,0.0005,32,60,30,50,"(16, 1)",Tanh,0.08852417074386626,12.796438426790496,-1.654094604347986,18.9873417721519,1.1743057645571795
1,"20MA, 50MA, RSI, MACD, Upper_BB, Williams_%R",64,3,0.6000000000000001,0.0001,16,60,30,50,"(16, 1)",ReLU,0.05876843291917112,9.249397659122213,-0.1697172249655985,38.39662447257383,1.1067872048623182
2,"20MA, 50MA, RSI, MACD, Upper_BB, Williams_%R",64,2,0.30000000000000004,0.0005,32,60,30,100,"(25, 1)",Tanh,0.058471669437329024,8.768487605681404,-0.15793358915491784,42.616033755274266,0.9808435587119968
3,"20MA, 50MA, RSI, MACD, Upper_BB, Williams_%R",64,2,0.4,0.0001,16,60,30,150,"(16, 1)",Tanh,0.06464317585666166,10.134038031350535,-0.41526587246239255,35.86497890295359,0.9301839699436388
4,"20MA, 50MA, RSI, MACD, Upper_BB, Williams_%R",128,3,0.4,0.0001,32,60,30,50,"(25, 1)",ReLU,0.07304108538598546,10.299394940546836,-0.806870806529675,27.004219409282697,1.3920956207705073
5,"20MA, 50MA, RSI, MACD, Upper_BB, Williams_%R",32,2,0.2,0.0001,16,60,30,100,"(25, 1)",ReLU,0.053144945311181406,8.069037049457885,0.043430358288611415,36.708860759493675,1.1496112629961865
6,"20MA, 50MA, RSI, MACD, Upper_BB, Williams_%R",32,3,0.5,0.0005,32,60,30,150,"(16, 1)",ReLU,0.10396505058033664,17.210262156927193,-2.660727511801487,11.39240506329114,0.9334347040741459
7,"20MA, 50MA, RSI, MACD, Upper_BB, Williams_%R",16,3,0.5,0.0001,16,60,30,50,"(25, 1)",Tanh,0.052542246055786786,8.022224922219321,0.06500361326006376,42.616033755274266,1.0456355650087596
8,"20MA, 50MA, RSI, MACD, Upper_BB, Williams_%R",128,2,0.8,0.0001,16,60,30,100,"(16, 1)",Sigmoid,0.05487276874051412,8.273191103986116,-0.019779818605200727,33.755274261603375,1.1711806325881164
9,"20MA, 50MA, RSI, MACD, Upper_BB, Williams_%R",16,3,0.2,0.001,32,60,30,100,"(25, 1)",ReLU,0.09406885652419124,15.71178493733133,-1.9969837940405375,20.253164556962027,0.8870320823553886
10,"20MA, 50MA, RSI, MACD, Upper_BB, Williams_%R",16,3,0.8,0.001,64,60,30,50,"(25, 1)",Sigmoid,0.058479658354894534,8.507148480727894,-0.1582500250641723,35.0210970464135,1.3052787420338592
11,"20MA, 50MA, RSI, MACD, Upper_BB, Williams_%R",32,2,0.2,0.0001,16,60,30,100,"(25, 1)",Tanh,0.05567873779297492,8.271894136842628,-0.04995679312389001,45.14767932489451,1.0683625820214289
12,"20MA, 50MA, RSI, MACD, Upper_BB, Williams_%R",16,2,0.6000000000000001,0.0001,16,60,30,50,"(25, 1)",ReLU,0.05352023553761885,8.1663147066783,0.029872765259037593,37.130801687763714,1.0952756899472538
13,"20MA, 50MA, RSI, MACD, Upper_BB, Williams_%R",32,2,0.30000000000000004,0.0001,64,60,30,100,"(25, 1)",Tanh,0.05594487296513814,8.513652602562404,-0.0600180214729904,29.11392405063291,1.2453606074352157
14,"20MA, 50MA, RSI, MACD, Upper_BB, Williams_%R",32,3,0.7,0.0001,16,60,30,150,"(25, 1)",Sigmoid,0.07177102208787153,10.900777071786633,-0.7445801504966185,32.48945147679325,0.9204906360556863
15,"20MA, 50MA, RSI, MACD, Upper_BB, Williams_%R",16,2,0.4,0.001,16,60,30,50,"(25, 1)",ReLU,0.08760923103083205,14.64027791278414,-1.5995154419665254,16.455696202531644,0.800281506787908
16,"20MA, 50MA, RSI, MACD, Upper_BB, Williams_%R",32,3,0.5,0.0001,16,60,30,100,"(25, 1)",Tanh,0.05884000607089989,8.978414019524926,-0.17256812042460679,39.24050632911392,1.1172633694326624
17,"20MA, 50MA, RSI, MACD, Upper_BB, Williams_%R",16,2,0.30000000000000004,0.0001,64,60,30,100,"(25, 1)",Tanh,0.05172646256924824,7.902156360959312,0.09381217451367796,37.130801687763714,1.1094935253468645
18,"20MA, 50MA, RSI, MACD, Upper_BB, Williams_%R",16,2,0.30000000000000004,0.0005,64,60,30,50,"(25, 1)",Tanh,0.05376805668989546,8.385944423512758,0.02086777247521432,38.39662447257383,1.0324505444784335
19,"20MA, 50MA, RSI, MACD, Upper_BB, Williams_%R",16,3,0.5,0.001,64,60,30,150,"(25, 1)",Tanh,0.054505354702817664,8.583323714264852,-0.006169168231201283,35.86497890295359,1.0710112471258386
20,"20MA, 50MA, RSI, MACD, Upper_BB, Williams_%R",16,3,0.7,0.0001,64,60,30,50,"(25, 1)",Tanh,0.06945286840025423,9.850149088211843,-0.6337027433737268,28.270042194092827,1.3733146653119244
21,"20MA, 50MA, RSI, MACD, Upper_BB, Williams_%R",16,2,0.2,0.0001,64,60,30,100,"(25, 1)",Tanh,0.05605795761952253,8.352361483277242,-0.06430770584128154,32.06751054852321,1.3154499827290254
22,"20MA, 50MA, RSI, MACD, Upper_BB, Williams_%R",128,2,0.30000000000000004,0.0001,16,60,30,100,"(25, 1)",ReLU,0.10647410932270616,18.270699399096603,-2.8395532610426084,10.126582278481013,0.8317639510749061
23,"20MA, 50MA, RSI, MACD, Upper_BB, Williams_%R",32,2,0.2,0.0001,16,60,30,100,"(25, 1)",Sigmoid,0.08221633075705888,13.573452495643371,-1.2893323548441615,22.362869198312236,0.9065019180882681
24,"20MA, 50MA, RSI, MACD, Upper_BB, Williams_%R",16,2,0.4,0.0001,64,60,30,100,"(25, 1)",Tanh,0.052098829962657266,8.182891713603748,0.08071832115376876,34.177215189873415,1.1090723999477152
0,"20MA, 50MA, RSI, MACD, Upper_BB, OBV",32,3,0.4,0.001,64,60,1,100,"(25, 1)",Tanh,0.038174504433645784,5.971228377882238,0.48517897951281863,44.166666666666664,0.7022358024088572
1,"20MA, 50MA, RSI, MACD, Upper_BB, OBV",128,2,0.8,0.001,64,60,1,100,"(25, 1)",Tanh,0.07426615573779548,11.402246725256862,-0.9484593209999532,15.416666666666668,1.1136833604027614
2,"20MA, 50MA, RSI, MACD, Upper_BB, OBV",64,2,0.4,0.001,32,60,1,50,"(16, 1)",ReLU,0.056536382366264876,9.011278182585707,-0.12918600351826792,28.333333333333332,0.6292294925799865
3,"20MA, 50MA, RSI, MACD, Upper_BB, OBV",128,2,0.7,0.001,32,60,1,50,"(25, 1)",ReLU,0.028097990806874987,4.343181330587173,0.7210926319441353,62.5,0.6458707149483651
4,"20MA, 50MA, RSI, MACD, Upper_BB, OBV",16,2,0.7,0.0001,64,60,1,100,"(25, 1)",Tanh,0.029394672972227223,4.04564140150315,0.694756291723442,68.75,1.147043325191697
5,"20MA, 50MA, RSI, MACD, Upper_BB, OBV",64,3,0.7,0.0005,16,60,1,50,"(16, 1)",Sigmoid,0.059247489933012085,9.044306419410136,-0.24007903974142764,36.666666666666664,1.0060587376572223
6,"20MA, 50MA, RSI, MACD, Upper_BB, OBV",64,2,0.8,0.001,16,60,1,50,"(16, 1)",ReLU,0.05461869217317619,8.794802712667797,-0.05388215070360847,30.416666666666664,0.955983225993209
7,"20MA, 50MA, RSI, MACD, Upper_BB, OBV",32,2,0.6000000000000001,0.001,32,60,1,50,"(16, 1)",Tanh,0.04178651181835156,6.487847428672941,0.3831469817997061,42.083333333333336,0.6228790139961369
8,"20MA, 50MA, RSI, MACD, Upper_BB, OBV",64,3,0.7,0.0005,16,60,1,100,"(16, 1)",ReLU,0.07710067541161518,12.75574611016854,-1.1000315544461885,18.75,0.7017391028426135
9,"20MA, 50MA, RSI, MACD, Upper_BB, OBV",32,3,0.2,0.0005,64,60,1,150,"(16, 1)",ReLU,0.03234715003465202,4.679587691382973,0.6303578385323048,61.25000000000001,0.9963706650711025
10,"20MA, 50MA, RSI, MACD, Upper_BB, OBV",128,2,0.5,0.0001,32,60,1,150,"(25, 1)",Sigmoid,0.08376724091464458,13.358050172971986,-1.4788935500473799,20.0,0.7113895749634315
11,"20MA, 50MA, RSI, MACD, Upper_BB, OBV",16,2,0.6000000000000001,0.0001,32,60,1,100,"(25, 1)",Tanh,0.029954315950533654,4.498038850224936,0.6830226225551836,58.333333333333336,0.7866935161675382
12,"20MA, 50MA, RSI, MACD, Upper_BB, OBV",16,2,0.7,0.0001,64,60,1,50,"(25, 1)",ReLU,0.06294051768802668,8.956123999399262,-0.39949089280472205,27.500000000000004,1.2794021831882585
13,"20MA, 50MA, RSI, MACD, Upper_BB, OBV",16,2,0.6000000000000001,0.0001,64,60,1,100,"(25, 1)",Tanh,0.045398810859437956,6.45891900753885,0.27188762873353967,44.166666666666664,1.2706911946587691
14,"20MA, 50MA, RSI, MACD, Upper_BB, OBV",128,2,0.8,0.0001,32,60,1,150,"(25, 1)",Sigmoid,0.07089844216285895,11.460438826339017,-0.7757541590666075,22.083333333333332,0.6313063147548
15,"20MA, 50MA, RSI, MACD, Upper_BB, OBV",16,2,0.5,0.001,32,60,1,50,"(25, 1)",ReLU,0.03039977245617426,4.765439098297943,0.673524856765,58.75,0.7286888544301607
16,"20MA, 50MA, RSI, MACD, Upper_BB, OBV",128,2,0.2,0.0001,64,60,1,100,"(25, 1)",Tanh,0.029787992049707234,4.250383779454995,0.6865329377488805,62.5,1.3484059249426097
17,"20MA, 50MA, RSI, MACD, Upper_BB, OBV",16,3,0.7,0.001,64,60,1,50,"(25, 1)",Tanh,0.03597382084427235,5.276843364600146,0.542824877205051,55.833333333333336,1.0330508975505146
18,"20MA, 50MA, RSI, MACD, Upper_BB, OBV",128,2,0.4,0.0001,32,60,1,100,"(25, 1)",ReLU,0.04168904092384472,6.369655150460877,0.3860213586760458,43.333333333333336,0.6793594877399836
19,"20MA, 50MA, RSI, MACD, Upper_BB, OBV",16,2,0.5,0.0005,16,60,1,150,"(25, 1)",Sigmoid,0.0354567492387939,5.5708425125978085,0.5558728866088323,55.41666666666667,0.908065551864215
20,"20MA, 50MA, RSI, MACD, Upper_BB, OBV",128,3,0.6000000000000001,0.001,64,60,1,100,"(25, 1)",Tanh,0.05504716370915949,8.255740957478226,-0.0704819510289687,34.166666666666664,0.7538575404008939
21,"20MA, 50MA, RSI, MACD, Upper_BB, OBV",128,2,0.30000000000000004,0.0001,64,60,1,100,"(25, 1)",Tanh,0.03368793443464704,5.299080792739517,0.5990795384957639,52.5,0.7821001762574042
22,"20MA, 50MA, RSI, MACD, Upper_BB, OBV",128,2,0.2,0.0001,64,60,1,100,"(25, 1)",Tanh,0.0295055734992593,4.655666354793922,0.6924486935982209,57.49999999999999,0.6919800364071204
23,"20MA, 50MA, RSI, MACD, Upper_BB, OBV",128,2,0.30000000000000004,0.0001,64,60,1,100,"(25, 1)",Tanh,0.03664924037248911,5.801291049847469,0.5254965109060783,47.083333333333336,0.7096841835642066
24,"20MA, 50MA, RSI, MACD, Upper_BB, OBV",128,2,0.30000000000000004,0.0001,64,60,1,100,"(25, 1)",Tanh,0.04042418331227058,5.763881192749552,0.4227127515921706,47.083333333333336,1.222477631184648
0,"20MA, 50MA, RSI, MACD, Upper_BB, OBV",64,2,0.8,0.0001,64,60,30,100,"(16, 1)",ReLU,0.05777435617312132,9.461011762229413,-0.13048002689676652,29.535864978902953,1.1603604735700013
1,"20MA, 50MA, RSI, MACD, Upper_BB, OBV",16,3,0.6000000000000001,0.0005,16,60,30,50,"(16, 1)",ReLU,0.09320565557676874,15.452311587582734,-1.9422339044893882,24.894514767932492,0.9580015090643452
2,"20MA, 50MA, RSI, MACD, Upper_BB, OBV",16,3,0.30000000000000004,0.0001,32,60,30,100,"(16, 1)",Sigmoid,0.05425473466546273,8.497944962611031,0.0030624537147072584,33.33333333333333,1.0686673692383335
3,"20MA, 50MA, RSI, MACD, Upper_BB, OBV",128,2,0.30000000000000004,0.0001,32,60,30,100,"(16, 1)",Sigmoid,0.07326205098415048,11.950752101623014,-0.8178197185340697,25.738396624472575,1.0141519393952234
4,"20MA, 50MA, RSI, MACD, Upper_BB, OBV",64,3,0.4,0.0001,64,60,30,50,"(25, 1)",Sigmoid,0.06499730040850629,9.189941065521543,-0.43081440191072096,32.48945147679325,1.421292738297637
5,"20MA, 50MA, RSI, MACD, Upper_BB, OBV",16,2,0.6000000000000001,0.0005,32,60,30,150,"(25, 1)",ReLU,0.06591296345604382,10.203315247636564,-0.4714121599773484,35.86497890295359,0.8863380242644368
6,"20MA, 50MA, RSI, MACD, Upper_BB, OBV",64,2,0.2,0.0005,16,60,30,100,"(16, 1)",ReLU,0.10457389485609325,17.63625126217404,-2.703729255367278,14.345991561181433,0.8346656921787994
7,"20MA, 50MA, RSI, MACD, Upper_BB, OBV",64,3,0.6000000000000001,0.0001,16,60,30,100,"(25, 1)",Sigmoid,0.08177155951006673,13.378749434712287,-1.2646298412393997,27.848101265822784,0.9315319253292391
8,"20MA, 50MA, RSI, MACD, Upper_BB, OBV",32,2,0.7,0.0001,16,60,30,100,"(25, 1)",Tanh,0.055637638544393644,8.380136217584946,-0.04840731443706736,34.59915611814346,1.2222031446310537
9,"20MA, 50MA, RSI, MACD, Upper_BB, OBV",64,2,0.8,0.0005,16,60,30,150,"(16, 1)",ReLU,0.1566725574547225,27.69557171657544,-7.313397187448954,4.219409282700422,0.8286492301679971
10,"20MA, 50MA, RSI, MACD, Upper_BB, OBV",16,3,0.4,0.001,32,60,30,50,"(16, 1)",Tanh,0.08285336212838876,11.80439011118387,-1.3249463609005772,25.31645569620253,1.086978354373892
11,"20MA, 50MA, RSI, MACD, Upper_BB, OBV",32,3,0.2,0.0001,32,60,30,100,"(25, 1)",Tanh,0.06895631555298276,11.058452898360823,-0.610425955469027,31.223628691983123,0.8844266252444307
12,"20MA, 50MA, RSI, MACD, Upper_BB, OBV",32,3,0.7,0.001,16,60,30,100,"(25, 1)",Tanh,0.08828994328522836,14.558357449784634,-1.6400681662201415,27.004219409282697,0.9833757987458471
13,"20MA, 50MA, RSI, MACD, Upper_BB, OBV",32,2,0.4,0.0001,32,60,30,100,"(25, 1)",Tanh,0.057430723776232095,8.603928193102258,-0.11707219995389195,30.801687763713083,1.4012869033971402
14,"20MA, 50MA, RSI, MACD, Upper_BB, OBV",128,2,0.5,0.0001,64,60,30,100,"(16, 1)",Sigmoid,0.14181318742559193,23.234575826995187,-5.811235582423561,1.2658227848101267,1.0
15,"20MA, 50MA, RSI, MACD, Upper_BB, OBV",32,3,0.30000000000000004,0.0001,16,60,30,150,"(25, 1)",Tanh,0.08905582241130569,14.711311113987291,-1.6860698492873034,27.004219409282697,0.9363338102940244
16,"20MA, 50MA, RSI, MACD, Upper_BB, OBV",16,2,0.7,0.001,32,60,30,100,"(25, 1)",Sigmoid,0.08820408141045022,14.68301278253927,-1.6349357361777024,20.253164556962027,0.8791744187191948
17,"20MA, 50MA, RSI, MACD, Upper_BB, OBV",16,3,0.5,0.0001,16,60,30,100,"(16, 1)",Sigmoid,0.07363401513794902,12.00015665833958,-0.8363253504321297,27.004219409282697,1.033922575622052
18,"20MA, 50MA, RSI, MACD, Upper_BB, OBV",32,2,0.30000000000000004,0.0001,32,60,30,150,"(16, 1)",Tanh,0.0584986801119963,9.183868725828358,-0.15900363869465095,35.86497890295359,1.2646293294252116
19,"20MA, 50MA, RSI, MACD, Upper_BB, OBV",128,3,0.7,0.001,64,60,30,50,"(25, 1)",Sigmoid,0.2812529267638119,50.061930431362235,-25.790866836344264,0.0,1.0
20,"20MA, 50MA, RSI, MACD, Upper_BB, OBV",16,3,0.5,0.0001,32,60,30,100,"(25, 1)",Tanh,0.05391007892557394,8.359312418624338,0.015688407243990343,36.708860759493675,1.1817394639612715
21,"20MA, 50MA, RSI, MACD, Upper_BB, OBV",16,3,0.5,0.0001,32,60,30,100,"(25, 1)",Tanh,0.05363610113629984,8.267494139520663,0.025667774624904327,37.130801687763714,1.1182114967837828
22,"20MA, 50MA, RSI, MACD, Upper_BB, OBV",16,3,0.5,0.0001,32,60,30,100,"(25, 1)",Tanh,0.05493318196619758,8.470050402393241,-0.02202654695884987,33.755274261603375,1.1599972733594235
23,"20MA, 50MA, RSI, MACD, Upper_BB, OBV",16,3,0.4,0.0001,32,60,30,100,"(25, 1)",Tanh,0.05418633288246634,8.31199625208928,0.005574651749334691,37.9746835443038,1.1672009034526105
24,"20MA, 50MA, RSI, MACD, Upper_BB, OBV",16,3,0.5,0.0001,32,60,30,100,"(25, 1)",Tanh,0.07491378454651056,12.051985936658554,-0.9007112270088828,28.270042194092827,0.9720417971180876
0,"20MA, 50MA, RSI, MACD, Lower_BB, CCI",32,3,0.5,0.001,16,60,1,50,"(16, 1)",ReLU,0.35776824544769903,64.00951522687639,-44.218175753646754,0.0,1.0
1,"20MA, 50MA, RSI, MACD, Lower_BB, CCI",32,3,0.2,0.0001,16,60,1,50,"(16, 1)",Sigmoid,0.2543620321970743,44.814574504812185,-21.8567262789259,0.0,1.0
2,"20MA, 50MA, RSI, MACD, Lower_BB, CCI",32,2,0.4,0.0001,16,60,1,100,"(25, 1)",ReLU,0.026958243460354088,4.014697556349547,0.7432605316696423,69.58333333333333,0.6824617756419027
3,"20MA, 50MA, RSI, MACD, Lower_BB, CCI",64,3,0.4,0.001,32,60,1,150,"(16, 1)",ReLU,0.38122434779776243,68.3598223017769,-50.341755653655596,0.0,1.0
4,"20MA, 50MA, RSI, MACD, Lower_BB, CCI",64,3,0.30000000000000004,0.0005,16,60,1,100,"(16, 1)",Tanh,0.04325488578282092,6.390245040408028,0.33903297358836937,46.25,0.7199784019638784
5,"20MA, 50MA, RSI, MACD, Lower_BB, CCI",16,2,0.4,0.001,32,60,1,100,"(25, 1)",Tanh,0.052408541509333655,8.822459892737932,0.02968308372013795,21.25,0.6944917950967388
6,"20MA, 50MA, RSI, MACD, Lower_BB, CCI",128,3,0.8,0.0005,16,60,1,150,"(25, 1)",ReLU,0.3752603392727509,67.25370492530794,-48.74790416571854,0.0,1.0
7,"20MA, 50MA, RSI, MACD, Lower_BB, CCI",16,2,0.4,0.001,64,60,1,150,"(25, 1)",ReLU,0.06542052401656374,10.20306973237979,-0.5119502190474714,13.750000000000002,1.0421641494121743
8,"20MA, 50MA, RSI, MACD, Lower_BB, CCI",64,2,0.2,0.0005,32,60,1,150,"(16, 1)",Sigmoid,0.09213222911096101,13.647703772039904,-1.99869719282785,15.833333333333332,1.044666104125071
9,"20MA, 50MA, RSI, MACD, Lower_BB, CCI",128,3,0.6000000000000001,0.0001,32,60,1,50,"(16, 1)",Tanh,0.03245934950993215,4.810595655303832,0.6277891062407279,56.25,1.1371628402744482
10,"20MA, 50MA, RSI, MACD, Lower_BB, CCI",32,2,0.7,0.0001,64,60,1,100,"(25, 1)",ReLU,0.033081908928814296,4.6270728924478,0.6133744251264811,62.916666666666664,1.1468913623908354
11,"20MA, 50MA, RSI, MACD, Lower_BB, CCI",128,2,0.6000000000000001,0.0001,32,60,1,50,"(25, 1)",Tanh,0.028057150757143857,4.158615431143656,0.7219028188948797,60.416666666666664,1.0043321863746937
12,"20MA, 50MA, RSI, MACD, Lower_BB, CCI",128,2,0.6000000000000001,0.0001,32,60,1,50,"(25, 1)",Tanh,0.033058342103972876,4.698724958924318,0.6139250760452315,58.333333333333336,1.2769466326285537
13,"20MA, 50MA, RSI, MACD, Lower_BB, CCI",128,2,0.6000000000000001,0.0001,16,60,1,100,"(25, 1)",Tanh,0.03213171043884707,5.016808193673768,0.6352652484302387,57.49999999999999,0.783125786330336
14,"20MA, 50MA, RSI, MACD, Lower_BB, CCI",32,2,0.5,0.0001,64,60,1,100,"(25, 1)",Sigmoid,0.05126192787540644,8.18943613960517,0.07167654008171576,33.33333333333333,0.9161403811646307
15,"20MA, 50MA, RSI, MACD, Lower_BB, CCI",128,2,0.8,0.0001,32,60,1,50,"(25, 1)",ReLU,0.035428017275490845,5.332029660922168,0.556592381428757,54.58333333333333,0.9787360793175083
16,"20MA, 50MA, RSI, MACD, Lower_BB, CCI",32,2,0.5,0.0001,16,60,1,50,"(25, 1)",Tanh,0.02794804535929138,4.333404308419393,0.7240614777557348,62.083333333333336,0.7622265373743774
17,"20MA, 50MA, RSI, MACD, Lower_BB, CCI",32,2,0.30000000000000004,0.0001,16,60,1,100,"(25, 1)",ReLU,0.030300439491530218,4.712493417009903,0.6756549227647808,56.25,0.7154584520435855
18,"20MA, 50MA, RSI, MACD, Lower_BB, CCI",32,2,0.30000000000000004,0.0001,16,60,1,100,"(25, 1)",Tanh,0.024267922352089667,3.612269644893177,0.7919466808316286,75.0,0.7337784406888515
19,"20MA, 50MA, RSI, MACD, Lower_BB, CCI",32,2,0.30000000000000004,0.0005,16,60,1,100,"(25, 1)",Sigmoid,0.03580885898294306,5.580525550012332,0.5470081161417438,50.0,0.7028422195850823
20,"20MA, 50MA, RSI, MACD, Lower_BB, CCI",32,2,0.2,0.0001,16,60,1,100,"(25, 1)",ReLU,0.02572420806878602,3.906773412213254,0.7662274669600242,69.58333333333333,0.6310000892261586
21,"20MA, 50MA, RSI, MACD, Lower_BB, CCI",32,2,0.2,0.0001,16,60,1,100,"(25, 1)",ReLU,0.02597712603021103,3.8222715311668063,0.7616080105043691,69.58333333333333,0.7158852622711941
22,"20MA, 50MA, RSI, MACD, Lower_BB, CCI",32,2,0.2,0.0001,16,60,1,100,"(25, 1)",ReLU,0.033009685710330514,5.141523812160447,0.6150607161329946,53.75,0.7748378143512903
23,"20MA, 50MA, RSI, MACD, Lower_BB, CCI",32,2,0.2,0.0001,16,60,1,100,"(25, 1)",ReLU,0.0327023169996361,4.998264589648422,0.6221960420357359,58.75,0.752102479869002
24,"20MA, 50MA, RSI, MACD, Lower_BB, CCI",16,2,0.30000000000000004,0.0001,16,60,1,100,"(25, 1)",ReLU,0.027816411213198975,4.159857535775716,0.7266546746341003,58.333333333333336,1.1649319161927374
0,"20MA, 50MA, RSI, MACD, Lower_BB, CCI",16,3,0.2,0.0005,16,60,30,50,"(16, 1)",ReLU,0.37658263596759245,67.95533468472823,-47.030073015001754,0.0,1.0
1,"20MA, 50MA, RSI, MACD, Lower_BB, CCI",128,2,0.4,0.001,16,60,30,150,"(25, 1)",Tanh,0.08634675873379198,14.502042261718787,-1.5251358298882796,15.611814345991561,0.7889171027869556
2,"20MA, 50MA, RSI, MACD, Lower_BB, CCI",64,2,0.5,0.0001,32,60,30,150,"(16, 1)",Tanh,0.05617325388001519,8.565897556623263,-0.0686902019326403,41.77215189873418,1.0096955209672864
3,"20MA, 50MA, RSI, MACD, Lower_BB, CCI",32,3,0.30000000000000004,0.001,64,60,30,50,"(16, 1)",Sigmoid,0.08971195564805756,12.997310791316325,-1.7257957675524471,18.143459915611814,1.086978354373892
4,"20MA, 50MA, RSI, MACD, Lower_BB, CCI",64,2,0.4,0.0001,32,60,30,150,"(25, 1)",ReLU,0.062330865056966396,9.767700084911638,-0.31582754442511574,37.552742616033754,0.9349256124515215
5,"20MA, 50MA, RSI, MACD, Lower_BB, CCI",16,2,0.30000000000000004,0.001,16,60,30,150,"(25, 1)",Sigmoid,0.09295102293053402,15.388014354235818,-1.9261798264546917,21.518987341772153,0.9699985242356346
6,"20MA, 50MA, RSI, MACD, Lower_BB, CCI",32,3,0.6000000000000001,0.001,32,60,30,50,"(25, 1)",Sigmoid,0.0751525526998245,10.59387716328054,-0.9128465781648387,26.582278481012654,1.3385426865971428
7,"20MA, 50MA, RSI, MACD, Lower_BB, CCI",32,3,0.8,0.0001,64,60,30,50,"(16, 1)",Sigmoid,0.10192162219510008,15.2371071866594,-2.518238845364763,12.658227848101266,1.061620694708647
8,"20MA, 50MA, RSI, MACD, Lower_BB, CCI",64,3,0.2,0.001,32,60,30,150,"(25, 1)",Tanh,0.08369704838285269,11.876470160326567,-1.372536759879614,21.518987341772153,1.212113888645966
9,"20MA, 50MA, RSI, MACD, Lower_BB, CCI",64,2,0.7,0.001,32,60,30,100,"(16, 1)",Tanh,0.09705363049772767,15.8416049465462,-2.1901876999101293,21.09704641350211,0.8741300210279631
10,"20MA, 50MA, RSI, MACD, Lower_BB, CCI",64,2,0.6000000000000001,0.0001,32,60,30,100,"(16, 1)",Tanh,0.055391188730514365,8.385564164011008,-0.03913993570197283,41.77215189873418,1.0914377528447652
11,"20MA, 50MA, RSI, MACD, Lower_BB, CCI",64,2,0.6000000000000001,0.0001,32,60,30,100,"(16, 1)",Tanh,0.05496629219970611,8.291121641038437,-0.023258943647783248,40.50632911392405,1.091930873299704
12,"20MA, 50MA, RSI, MACD, Lower_BB, CCI",64,2,0.6000000000000001,0.0001,32,60,30,100,"(16, 1)",Tanh,0.057212157853522225,8.607319175564733,-0.10858582513737769,40.08438818565401,1.0754359108049023
13,"20MA, 50MA, RSI, MACD, Lower_BB, CCI",128,2,0.6000000000000001,0.0001,32,60,30,100,"(16, 1)",Tanh,0.05829334931524268,8.834086758779183,-0.15088169523017458,43.459915611814345,1.2630950004885215
14,"20MA, 50MA, RSI, MACD, Lower_BB, CCI",64,2,0.8,0.0005,32,60,30,100,"(16, 1)",Tanh,0.055343492246140324,8.201019799543102,-0.037351131968333506,43.459915611814345,1.1486484326542585
15,"20MA, 50MA, RSI, MACD, Lower_BB, CCI",64,2,0.8,0.0005,64,60,30,100,"(16, 1)",Tanh,0.05796195971411236,8.620012534980688,-0.13783368357379855,28.270042194092827,1.342735909515164
16,"20MA, 50MA, RSI, MACD, Lower_BB, CCI",64,2,0.7,0.0005,32,60,30,100,"(16, 1)",ReLU,0.0741248627690769,12.054863491613862,-0.8608890031416612,30.37974683544304,0.8998376058381811
17,"20MA, 50MA, RSI, MACD, Lower_BB, CCI",16,2,0.7,0.0005,32,60,30,100,"(16, 1)",Tanh,0.05288789771791259,8.150909562294641,0.05266131284314168,38.81856540084388,1.112371643442995
18,"20MA, 50MA, RSI, MACD, Lower_BB, CCI",16,2,0.7,0.0005,64,60,30,100,"(16, 1)",Tanh,0.05504710002424154,8.368176147469624,-0.026269811093821094,40.50632911392405,1.1779459689410485
19,"20MA, 50MA, RSI, MACD, Lower_BB, CCI",16,2,0.5,0.0005,16,60,30,100,"(16, 1)",ReLU,0.06660763722822269,10.705527177786124,-0.5025907852710254,30.801687763713083,0.9264146555570847
20,"20MA, 50MA, RSI, MACD, Lower_BB, CCI",16,3,0.7,0.0001,32,60,30,100,"(16, 1)",Tanh,0.05487491398346277,8.295984938153538,-0.019859556452540117,31.645569620253166,1.1650285602266628
21,"20MA, 50MA, RSI, MACD, Lower_BB, CCI",16,3,0.7,0.0001,32,60,30,100,"(16, 1)",Tanh,0.05378726066719283,8.208662342903525,0.02016822734976964,34.59915611814346,1.3302058413375482
22,"20MA, 50MA, RSI, MACD, Lower_BB, CCI",16,3,0.7,0.0001,32,60,30,100,"(16, 1)",Tanh,0.052661052100421865,8.135874437076344,0.06077049348037045,35.86497890295359,1.097066843463969
23,"20MA, 50MA, RSI, MACD, Lower_BB, CCI",16,3,0.7,0.0001,32,60,30,100,"(16, 1)",Tanh,0.055157485466999556,8.431100808034781,-0.030389876723749598,40.08438818565401,1.1703256537044613
24,"20MA, 50MA, RSI, MACD, Lower_BB, CCI",16,3,0.8,0.0001,32,60,30,100,"(16, 1)",Tanh,0.07368474536791378,11.984579509382447,-0.83885649850329,30.37974683544304,0.8729899942402711
0,"20MA, 50MA, RSI, MACD, Lower_BB, ATR",16,2,0.4,0.0005,16,60,1,150,"(16, 1)",ReLU,0.028483389512712138,4.043136748927065,0.713389040445222,67.5,1.2207295338184003
1,"20MA, 50MA, RSI, MACD, Lower_BB, ATR",64,2,0.5,0.0001,32,60,1,150,"(25, 1)",ReLU,0.0747306820725958,12.38893638996399,-0.9729103334395448,20.833333333333336,0.7024481646378056
2,"20MA, 50MA, RSI, MACD, Lower_BB, ATR",16,2,0.4,0.001,64,60,1,150,"(25, 1)",Sigmoid,0.027595376833874016,4.158626990546741,0.7309815207322012,67.08333333333333,0.696055216567909
3,"20MA, 50MA, RSI, MACD, Lower_BB, ATR",16,2,0.5,0.001,32,60,1,100,"(25, 1)",Tanh,0.03593272559660575,5.6293872499137425,0.5438688026616358,44.583333333333336,0.7580469961661732
4,"20MA, 50MA, RSI, MACD, Lower_BB, ATR",16,3,0.6000000000000001,0.001,64,60,1,150,"(25, 1)",Sigmoid,0.033738162619627234,5.200497146377634,0.5978831149218325,51.24999999999999,0.6703033161825056
5,"20MA, 50MA, RSI, MACD, Lower_BB, ATR",64,2,0.30000000000000004,0.0005,32,60,1,50,"(16, 1)",Tanh,0.05512445512696186,8.494476766818071,-0.07349017702578098,27.083333333333332,0.7223310996285877
6,"20MA, 50MA, RSI, MACD, Lower_BB, ATR",16,2,0.5,0.0001,32,60,1,150,"(25, 1)",ReLU,0.027571350958230104,4.178808552308461,0.7314497579221269,63.33333333333333,0.718112723299183
7,"20MA, 50MA, RSI, MACD, Lower_BB, ATR",16,2,0.7,0.001,16,60,1,150,"(25, 1)",ReLU,0.036068708705798196,5.552602705594331,0.5404099220652433,52.083333333333336,0.7564963938744036
8,"20MA, 50MA, RSI, MACD, Lower_BB, ATR",16,3,0.7,0.001,16,60,1,150,"(16, 1)",ReLU,0.034383543189534786,5.448740036000096,0.5823517059406702,55.41666666666667,0.7051786334451289
9,"20MA, 50MA, RSI, MACD, Lower_BB, ATR",128,2,0.5,0.0005,16,60,1,50,"(16, 1)",Tanh,0.025861642730598808,3.8337383059564147,0.7637228787545257,70.41666666666667,0.8889354947491134
10,"20MA, 50MA, RSI, MACD, Lower_BB, ATR",128,3,0.2,0.0005,16,60,1,50,"(16, 1)",Tanh,0.2669511127231039,47.07795483399568,-24.17519981256322,0.0,1.0
11,"20MA, 50MA, RSI, MACD, Lower_BB, ATR",128,2,0.6000000000000001,0.0001,32,60,1,50,"(16, 1)",Tanh,0.03197112422027376,4.883280164320791,0.6389018436335026,55.41666666666667,0.9181686981830081
12,"20MA, 50MA, RSI, MACD, Lower_BB, ATR",32,2,0.8,0.0001,16,60,1,100,"(25, 1)",ReLU,0.03524610573137128,5.451552268843735,0.5611342037841089,46.666666666666664,0.9145144871088727
13,"20MA, 50MA, RSI, MACD, Lower_BB, ATR",128,2,0.4,0.0001,32,60,1,50,"(16, 1)",Tanh,0.03611427512283464,5.240993463896474,0.5392479674469416,52.5,1.1595952306854567
14,"20MA, 50MA, RSI, MACD, Lower_BB, ATR",32,3,0.6000000000000001,0.0005,64,60,1,50,"(25, 1)",Sigmoid,0.06206848441193044,8.80301942055595,-0.3609799810080576,30.416666666666664,1.3140553865786306
15,"20MA, 50MA, RSI, MACD, Lower_BB, ATR",128,2,0.30000000000000004,0.0001,16,60,1,100,"(16, 1)",ReLU,0.03944640420914841,5.823436483542451,0.4503018231578201,49.583333333333336,0.7436333115180929
16,"20MA, 50MA, RSI, MACD, Lower_BB, ATR",128,2,0.5,0.0005,32,60,1,50,"(25, 1)",Tanh,0.09834394029077374,14.930438267693724,-2.416682829576404,20.833333333333336,0.6455440026181495
17,"20MA, 50MA, RSI, MACD, Lower_BB, ATR",32,3,0.5,0.0005,16,60,1,150,"(16, 1)",Tanh,0.022907931051937953,3.2703352040864315,0.8146121832683982,82.08333333333333,0.812132188020836
18,"20MA, 50MA, RSI, MACD, Lower_BB, ATR",32,3,0.30000000000000004,0.0005,16,60,1,50,"(16, 1)",Tanh,0.05069296109925889,7.791775881426834,0.0921694871623675,36.666666666666664,0.7061674798572717
19,"20MA, 50MA, RSI, MACD, Lower_BB, ATR",32,3,0.7,0.0005,16,60,1,100,"(16, 1)",Tanh,0.059448478743549284,9.255151298709482,-0.24850689958012295,31.25,0.7442624374697064
20,"20MA, 50MA, RSI, MACD, Lower_BB, ATR",32,3,0.8,0.0005,16,60,1,150,"(16, 1)",Tanh,0.019250385522897463,2.863602826294314,0.8690853291447477,83.33333333333334,0.780576373165877
21,"20MA, 50MA, RSI, MACD, Lower_BB, ATR",32,3,0.8,0.0005,16,60,1,150,"(16, 1)",Tanh,0.029544616677545182,4.540954328258407,0.6916342220461701,60.0,0.7322325464717573
22,"20MA, 50MA, RSI, MACD, Lower_BB, ATR",32,3,0.6000000000000001,0.0005,16,60,1,150,"(16, 1)",Tanh,0.04373747432127181,6.406433309433053,0.3242020713607494,46.666666666666664,0.8169771510213207
23,"20MA, 50MA, RSI, MACD, Lower_BB, ATR",32,3,0.4,0.0005,16,60,1,150,"(16, 1)",Tanh,0.051905037294794655,7.8666806312113575,0.04823776124782686,36.25,0.7510516425770868
24,"20MA, 50MA, RSI, MACD, Lower_BB, ATR",32,3,0.6000000000000001,0.0005,16,60,1,150,"(16, 1)",Tanh,0.03306320045762533,5.147005978178373,0.6138115902364492,55.00000000000001,0.6774468071276201
0,"20MA, 50MA, RSI, MACD, Lower_BB, ATR",16,2,0.7,0.0001,16,60,30,100,"(16, 1)",Sigmoid,0.05811705573846241,8.730661022381016,-0.14393111670358327,35.0210970464135,1.297313761451617
1,"20MA, 50MA, RSI, MACD, Lower_BB, ATR",32,3,0.8,0.0001,16,60,30,50,"(25, 1)",ReLU,0.06287836350832349,9.042265249403451,-0.33904485439661225,27.848101265822784,1.3470640107393725
2,"20MA, 50MA, RSI, MACD, Lower_BB, ATR",64,3,0.4,0.001,16,60,30,150,"(16, 1)",Sigmoid,0.12107561810055682,17.910177054225883,-3.964849113655906,15.18987341772152,1.0451427405495977
3,"20MA, 50MA, RSI, MACD, Lower_BB, ATR",32,3,0.6000000000000001,0.0005,16,60,30,150,"(16, 1)",Tanh,0.09841995742987254,16.07096009161378,-2.2806432831542227,22.78481012658228,0.9145415372929707
4,"20MA, 50MA, RSI, MACD, Lower_BB, ATR",32,2,0.7,0.0005,32,60,30,100,"(16, 1)",Tanh,0.05629852561700541,8.401224764150838,-0.07346207991908171,32.06751054852321,1.112056154049555
5,"20MA, 50MA, RSI, MACD, Lower_BB, ATR",128,3,0.5,0.0001,64,60,30,150,"(25, 1)",Tanh,0.058779358855156394,9.17777139543611,-0.17015220146256693,38.81856540084388,1.1849645324779077
6,"20MA, 50MA, RSI, MACD, Lower_BB, ATR",64,3,0.5,0.001,64,60,30,50,"(25, 1)",ReLU,0.1264469719414938,20.123522557637983,-4.415138041519411,4.219409282700422,1.0
7,"20MA, 50MA, RSI, MACD, Lower_BB, ATR",64,3,0.30000000000000004,0.0005,16,60,30,100,"(16, 1)",Sigmoid,0.3350531021421205,60.17818263353701,-37.0206862464549,0.0,1.0
8,"20MA, 50MA, RSI, MACD, Lower_BB, ATR",32,2,0.6000000000000001,0.001,16,60,30,50,"(16, 1)",Sigmoid,0.05493785950426391,8.33996500984532,-0.02220060465726781,35.44303797468354,1.1381665659202118
9,"20MA, 50MA, RSI, MACD, Lower_BB, ATR",32,3,0.5,0.001,64,60,30,150,"(16, 1)",Tanh,0.06845363158315747,9.715416756562254,-0.5870318807084658,28.270042194092827,1.3347373932074031
10,"20MA, 50MA, RSI, MACD, Lower_BB, ATR",128,2,0.2,0.001,32,60,30,50,"(25, 1)",Sigmoid,0.35202386170076433,63.358991041172494,-40.969797175233346,0.0,1.0
11,"20MA, 50MA, RSI, MACD, Lower_BB, ATR",32,2,0.7,0.0005,32,60,30,100,"(16, 1)",Tanh,0.05776104173410529,8.720281141237802,-0.12995903543976906,35.86497890295359,1.3314515949138033
12,"20MA, 50MA, RSI, MACD, Lower_BB, ATR",32,2,0.8,0.0005,32,60,30,50,"(16, 1)",Sigmoid,0.11528178729580155,17.888773577633444,-3.501052378503098,7.59493670886076,1.0
13,"20MA, 50MA, RSI, MACD, Lower_BB, ATR",16,2,0.6000000000000001,0.001,32,60,30,100,"(16, 1)",Tanh,0.059021954725437045,8.764861892302935,-0.17983110589081153,29.535864978902953,1.1625004166902977
14,"20MA, 50MA, RSI, MACD, Lower_BB, ATR",32,2,0.7,0.0005,32,60,30,100,"(16, 1)",ReLU,0.07743502631181001,12.661777592650894,-1.030801919724297,28.270042194092827,0.9301283069684668
15,"20MA, 50MA, RSI, MACD, Lower_BB, ATR",32,2,0.6000000000000001,0.001,16,60,30,50,"(16, 1)",Sigmoid,0.06430048385080994,10.407011395141156,-0.40030018640426523,27.004219409282697,1.1025218143176534
16,"20MA, 50MA, RSI, MACD, Lower_BB, ATR",32,2,0.4,0.0005,32,60,30,100,"(16, 1)",Tanh,0.0577151619237895,8.552508026171747,-0.12816468702130335,30.801687763713083,1.2515267715342997
17,"20MA, 50MA, RSI, MACD, Lower_BB, ATR",16,2,0.8,0.001,32,60,30,50,"(16, 1)",Sigmoid,0.0851957426821295,11.880544236391408,-1.4582636033313552,23.628691983122362,1.0362471258606223
18,"20MA, 50MA, RSI, MACD, Lower_BB, ATR",128,2,0.7,0.0005,16,60,30,100,"(25, 1)",Tanh,0.07391648674333552,11.172427793685227,-0.8504412368115655,27.42616033755274,1.0059789301278297
19,"20MA, 50MA, RSI, MACD, Lower_BB, ATR",32,2,0.6000000000000001,0.0001,64,60,30,50,"(16, 1)",ReLU,0.056451847212677105,8.401619088207463,-0.07931690577180084,33.33333333333333,1.2396486976886585
20,"20MA, 50MA, RSI, MACD, Lower_BB, ATR",32,2,0.4,0.001,16,60,30,100,"(16, 1)",Sigmoid,0.0689943835313217,11.111866921419713,-0.6122045476713169,29.957805907172997,0.8845441861568782
21,"20MA, 50MA, RSI, MACD, Lower_BB, ATR",32,2,0.6000000000000001,0.0001,64,60,30,50,"(16, 1)",ReLU,0.058985700270004784,8.60337765352162,-0.1783821197513511,33.33333333333333,1.3279470377204439
22,"20MA, 50MA, RSI, MACD, Lower_BB, ATR",32,2,0.6000000000000001,0.0001,64,60,30,50,"(16, 1)",ReLU,0.07074828599655071,9.981550097207915,-0.6952139216634439,27.848101265822784,1.3245652722019905
23,"20MA, 50MA, RSI, MACD, Lower_BB, ATR",32,2,0.7,0.0001,64,60,30,50,"(16, 1)",ReLU,0.09981125208688192,14.85268461992727,-2.3740512271489562,13.502109704641349,1.061620694708647
24,"20MA, 50MA, RSI, MACD, Lower_BB, ATR",32,2,0.6000000000000001,0.0001,64,60,30,50,"(16, 1)",ReLU,0.06548227652188258,9.360298998737928,-0.45224604920471667,28.270042194092827,1.3867390251422178
0,"20MA, 50MA, RSI, MACD, Lower_BB, Williams_%R",32,3,0.6000000000000001,0.001,64,60,1,100,"(16, 1)",Sigmoid,0.02479309512943096,3.727907935589921,0.7828444423035053,72.08333333333333,0.8748561207120001
1,"20MA, 50MA, RSI, MACD, Lower_BB, Williams_%R",64,2,0.4,0.001,16,60,1,150,"(16, 1)",ReLU,0.01595225386360164,2.322155515016529,0.9101012692709677,90.83333333333333,1.004071464439497
2,"20MA, 50MA, RSI, MACD, Lower_BB, Williams_%R",16,2,0.30000000000000004,0.0001,64,60,1,150,"(25, 1)",Sigmoid,0.04892275420881396,7.879809445796718,0.1544656561814447,35.833333333333336,1.0440887047764404
3,"20MA, 50MA, RSI, MACD, Lower_BB, Williams_%R",16,2,0.2,0.0001,32,60,1,150,"(25, 1)",Tanh,0.02547567306691244,3.7239473695339442,0.7707228423974505,69.58333333333333,1.025668555000229
4,"20MA, 50MA, RSI, MACD, Lower_BB, Williams_%R",128,2,0.8,0.001,32,60,1,150,"(16, 1)",ReLU,0.3813660142459928,68.3860929377052,-50.37992087391549,0.0,1.0
5,"20MA, 50MA, RSI, MACD, Lower_BB, Williams_%R",32,3,0.30000000000000004,0.001,64,60,1,150,"(16, 1)",Tanh,0.024535299317538575,3.5112868112162445,0.7873368823817186,73.75,0.8656223499958774
6,"20MA, 50MA, RSI, MACD, Lower_BB, Williams_%R",64,3,0.8,0.001,16,60,1,50,"(25, 1)",Tanh,0.37134411261972816,66.52713791615186,-47.71498140024949,0.0,1.0
7,"20MA, 50MA, RSI, MACD, Lower_BB, Williams_%R",16,3,0.6000000000000001,0.0005,16,60,1,100,"(16, 1)",ReLU,0.02640701320647401,3.992120777048665,0.7536525786956634,67.91666666666667,0.9182860110288946
8,"20MA, 50MA, RSI, MACD, Lower_BB, Williams_%R",64,2,0.7,0.001,64,60,1,100,"(25, 1)",ReLU,0.023164328413832425,3.452197532754712,0.810439047454354,73.75,0.9584523357907785
9,"20MA, 50MA, RSI, MACD, Lower_BB, Williams_%R",16,3,0.8,0.0005,64,60,1,150,"(16, 1)",Tanh,0.04015471845943725,6.0100935860477245,0.4303834149988961,40.0,1.2874986148608298
10,"20MA, 50MA, RSI, MACD, Lower_BB, Williams_%R",64,2,0.4,0.0001,16,60,1,50,"(16, 1)",ReLU,0.026750402110721647,4.128722779299743,0.7472040658516128,68.33333333333333,0.6915770677151023
11,"20MA, 50MA, RSI, MACD, Lower_BB, Williams_%R",64,2,0.6000000000000001,0.001,16,60,1,100,"(25, 1)",ReLU,0.03429183223293472,5.198930858954756,0.5845767146789327,52.5,1.0060374600873903
12,"20MA, 50MA, RSI, MACD, Lower_BB, Williams_%R",64,2,0.5,0.001,64,60,1,100,"(25, 1)",ReLU,0.024941099363904873,3.6906992927412485,0.7802440511217209,70.41666666666667,1.0391578453742483
13,"20MA, 50MA, RSI, MACD, Lower_BB, Williams_%R",64,2,0.5,0.001,16,60,1,100,"(25, 1)",ReLU,0.04400420450968452,7.41608701523193,0.31593431696507024,28.333333333333332,0.6927337802438351
14,"20MA, 50MA, RSI, MACD, Lower_BB, Williams_%R",128,2,0.7,0.001,32,60,1,50,"(16, 1)",ReLU,0.37849748198706556,67.85668871954255,-49.60989596319772,0.0,1.0
15,"20MA, 50MA, RSI, MACD, Lower_BB, Williams_%R",64,2,0.4,0.0005,64,60,1,150,"(25, 1)",ReLU,0.023151005251060442,3.449303767687426,0.8106570399715172,75.0,1.0307615897830018
16,"20MA, 50MA, RSI, MACD, Lower_BB, Williams_%R",64,2,0.4,0.0005,16,60,1,150,"(16, 1)",Sigmoid,0.022778473612925548,3.3459396922510347,0.8167015922094185,77.91666666666667,0.8895569194431721
17,"20MA, 50MA, RSI, MACD, Lower_BB, Williams_%R",64,2,0.4,0.0005,16,60,1,150,"(16, 1)",Sigmoid,0.2993448215875572,40.834344558966166,-30.655775297815953,34.583333333333336,0.7844309331082201
18,"20MA, 50MA, RSI, MACD, Lower_BB, Williams_%R",32,2,0.2,0.0005,16,60,1,150,"(16, 1)",Sigmoid,0.03577380594364399,5.2811358648142965,0.547894543185969,55.833333333333336,0.8145060808996833
19,"20MA, 50MA, RSI, MACD, Lower_BB, Williams_%R",128,2,0.30000000000000004,0.0005,16,60,1,150,"(16, 1)",Sigmoid,0.34202334479524654,61.082118434013665,-40.325770061595215,0.0,1.0
20,"20MA, 50MA, RSI, MACD, Lower_BB, Williams_%R",64,3,0.5,0.0005,16,60,1,150,"(16, 1)",Sigmoid,0.344322440649147,61.50940431702602,-40.88322466316221,0.0,1.0
21,"20MA, 50MA, RSI, MACD, Lower_BB, Williams_%R",64,2,0.4,0.0005,16,60,1,150,"(25, 1)",ReLU,0.033566655257837905,5.151275705454108,0.6019610318565007,53.75,0.7996022814101097
22,"20MA, 50MA, RSI, MACD, Lower_BB, Williams_%R",64,2,0.4,0.0005,64,60,1,150,"(16, 1)",ReLU,0.021051052924428465,3.0779717021624164,0.8434485474649591,81.66666666666667,1.1102103216963408
23,"20MA, 50MA, RSI, MACD, Lower_BB, Williams_%R",64,2,0.30000000000000004,0.0005,32,60,1,150,"(16, 1)",Sigmoid,0.02623818950668221,4.208927986012427,0.7567923764263371,62.5,0.6908115127027571
24,"20MA, 50MA, RSI, MACD, Lower_BB, Williams_%R",64,2,0.4,0.0005,16,60,1,150,"(16, 1)",ReLU,0.02060446001877404,3.155291356359334,0.8500204900678784,80.0,0.8897205587210035
0,"20MA, 50MA, RSI, MACD, Lower_BB, Williams_%R",64,2,0.30000000000000004,0.0001,16,60,30,150,"(25, 1)",ReLU,0.059812880322648636,9.048873760200125,-0.21166370233485177,42.616033755274266,1.0414458001550129
1,"20MA, 50MA, RSI, MACD, Lower_BB, Williams_%R",32,2,0.7,0.0001,64,60,30,150,"(16, 1)",ReLU,0.05461009139972066,8.169817120024824,-0.010039763582541106,41.77215189873418,1.1474355834124135
2,"20MA, 50MA, RSI, MACD, Lower_BB, Williams_%R",128,2,0.8,0.001,16,60,30,50,"(25, 1)",ReLU,0.29325284957725745,52.323909875304366,-28.12575195366803,0.0,1.0
3,"20MA, 50MA, RSI, MACD, Lower_BB, Williams_%R",16,2,0.8,0.0005,32,60,30,50,"(25, 1)",Sigmoid,0.06399044174903716,10.40661651491407,-0.38682889360723194,27.848101265822784,1.1017204658471424
4,"20MA, 50MA, RSI, MACD, Lower_BB, Williams_%R",64,3,0.2,0.0005,16,60,30,50,"(16, 1)",ReLU,0.09289189072583118,13.574135785154951,-1.9224579432360915,17.72151898734177,1.086978354373892
5,"20MA, 50MA, RSI, MACD, Lower_BB, Williams_%R",128,2,0.8,0.0005,16,60,30,150,"(16, 1)",Tanh,0.06701418459354022,10.958656151574942,-0.5209892338936872,27.848101265822784,0.9144952795327345
6,"20MA, 50MA, RSI, MACD, Lower_BB, Williams_%R",128,2,0.6000000000000001,0.001,64,60,30,100,"(25, 1)",Tanh,0.06560310185215218,9.22951765268247,-0.45761024853604737,30.37974683544304,1.230029214652108
7,"20MA, 50MA, RSI, MACD, Lower_BB, Williams_%R",16,2,0.4,0.0005,32,60,30,100,"(25, 1)",ReLU,0.057870095182819985,8.758463034507818,-0.13422981214108076,43.459915611814345,1.183727939180538
8,"20MA, 50MA, RSI, MACD, Lower_BB, Williams_%R",128,2,0.5,0.0005,64,60,30,100,"(16, 1)",Sigmoid,0.0546612272961841,8.603455768975666,-0.011932214929075258,37.9746835443038,1.0777285458569892
9,"20MA, 50MA, RSI, MACD, Lower_BB, Williams_%R",128,2,0.5,0.0001,64,60,30,50,"(16, 1)",ReLU,0.05299685292281064,8.172312766975649,0.04875403706861514,35.86497890295359,1.1491037492700975
10,"20MA, 50MA, RSI, MACD, Lower_BB, Williams_%R",32,3,0.5,0.0001,64,60,30,50,"(16, 1)",Tanh,0.07294365500093301,10.326021885090654,-0.8020536079953511,26.582278481012654,1.315230882109013
11,"20MA, 50MA, RSI, MACD, Lower_BB, Williams_%R",32,3,0.6000000000000001,0.0001,64,60,30,150,"(16, 1)",ReLU,0.05310133176733155,8.475114812351038,0.04499973702082427,35.86497890295359,1.2132490169195502
12,"20MA, 50MA, RSI, MACD, Lower_BB, Williams_%R",32,3,0.6000000000000001,0.0001,64,60,30,150,"(16, 1)",ReLU,0.061310801386292586,9.904076127572834,-0.27311211318972006,31.223628691983123,1.1774052200241585
13,"20MA, 50MA, RSI, MACD, Lower_BB, Williams_%R",32,3,0.6000000000000001,0.0001,64,60,30,50,"(16, 1)",ReLU,0.06621680907268125,9.399137802686134,-0.4850092611034711,28.691983122362867,1.4525233960979729
14,"20MA, 50MA, RSI, MACD, Lower_BB, Williams_%R",128,3,0.4,0.0001,64,60,30,150,"(16, 1)",ReLU,0.054977867227658135,9.052549663085905,-0.02368995318131284,27.42616033755274,1.0276564814909441
15,"20MA, 50MA, RSI, MACD, Lower_BB, Williams_%R",32,3,0.5,0.0001,64,60,30,50,"(16, 1)",Sigmoid,0.35964472425531613,64.78976388437029,-42.8066509693613,0.0,1.0
16,"20MA, 50MA, RSI, MACD, Lower_BB, Williams_%R",64,3,0.7,0.0001,32,60,30,150,"(16, 1)",ReLU,0.06408288856466787,10.113703102618736,-0.39083888392276633,33.755274261603375,1.0615322322177538
17,"20MA, 50MA, RSI, MACD, Lower_BB, Williams_%R",16,3,0.4,0.001,64,60,30,50,"(16, 1)",ReLU,0.062208771623166084,8.912360272912188,-0.3106777182852247,30.801687763713083,1.4137985822111592
18,"20MA, 50MA, RSI, MACD, Lower_BB, Williams_%R",32,3,0.7,0.0001,64,60,30,150,"(16, 1)",Sigmoid,0.2079764465400632,36.18203533167462,-13.649438268444866,0.0,1.0
19,"20MA, 50MA, RSI, MACD, Lower_BB, Williams_%R",128,2,0.30000000000000004,0.0001,32,60,30,100,"(16, 1)",Tanh,0.05589408530668526,8.304257853975379,-0.058094292135256964,45.9915611814346,1.0667001773515925
20,"20MA, 50MA, RSI, MACD, Lower_BB, Williams_%R",32,3,0.6000000000000001,0.001,64,60,30,150,"(16, 1)",ReLU,0.05700649964404759,9.138020851273223,-0.10063017334542956,31.645569620253166,1.027060800555786
21,"20MA, 50MA, RSI, MACD, Lower_BB, Williams_%R",32,2,0.7,0.0001,64,60,30,150,"(16, 1)",ReLU,0.05313060579394903,8.119623461409594,0.04394649002085316,36.28691983122363,1.2505941339532791
22,"20MA, 50MA, RSI, MACD, Lower_BB, Williams_%R",32,2,0.7,0.0001,64,60,30,150,"(16, 1)",ReLU,0.05582465842998762,8.480371029669168,-0.05546737522417011,40.92827004219409,1.1236404844941614
23,"20MA, 50MA, RSI, MACD, Lower_BB, Williams_%R",32,2,0.5,0.0001,64,60,30,150,"(16, 1)",ReLU,0.05683744252241421,9.14055045899774,-0.09411184758266544,34.177215189873415,1.2006332363139665
24,"20MA, 50MA, RSI, MACD, Lower_BB, Williams_%R",32,2,0.6000000000000001,0.0001,64,60,30,150,"(16, 1)",ReLU,0.05674307731585676,8.619237208686293,-0.09048183264920917,40.50632911392405,1.2582442762530774
0,"20MA, 50MA, RSI, MACD, Lower_BB, OBV",64,2,0.8,0.001,16,60,1,50,"(25, 1)",Sigmoid,0.09216904575277327,13.556531575772985,-2.0010942697289584,15.833333333333332,1.024985747643711
1,"20MA, 50MA, RSI, MACD, Lower_BB, OBV",32,2,0.5,0.0001,64,60,1,150,"(25, 1)",ReLU,0.036917765530784116,5.4306748193241905,0.5185177628860786,47.91666666666667,1.3079407368911504
2,"20MA, 50MA, RSI, MACD, Lower_BB, OBV",128,2,0.6000000000000001,0.001,32,60,1,100,"(25, 1)",Sigmoid,0.029793279182525088,4.335724424098738,0.6864216520286532,62.5,0.8205498452598831
3,"20MA, 50MA, RSI, MACD, Lower_BB, OBV",128,3,0.30000000000000004,0.0001,16,60,1,100,"(16, 1)",Sigmoid,0.08550723498486343,13.014981108050023,-1.5829451353379915,20.833333333333336,0.6309595716399835
4,"20MA, 50MA, RSI, MACD, Lower_BB, OBV",32,2,0.30000000000000004,0.0005,64,60,1,100,"(25, 1)",ReLU,0.04467320057484623,6.623918133188282,0.29497650233316586,37.916666666666664,1.147010229425195
5,"20MA, 50MA, RSI, MACD, Lower_BB, OBV",32,3,0.6000000000000001,0.0001,64,60,1,150,"(16, 1)",Sigmoid,0.0397936991834467,6.170276898779411,0.44057988201510134,44.583333333333336,0.8017081666029664
6,"20MA, 50MA, RSI, MACD, Lower_BB, OBV",32,3,0.5,0.0005,32,60,1,100,"(25, 1)",Tanh,0.0432816776296763,6.489460459872998,0.33821392106695114,41.66666666666667,0.8341338795052332
7,"20MA, 50MA, RSI, MACD, Lower_BB, OBV",16,3,0.5,0.001,16,60,1,100,"(25, 1)",Sigmoid,0.03729857770651585,5.46237661626034,0.5085334120509066,57.49999999999999,0.8303901318615772
8,"20MA, 50MA, RSI, MACD, Lower_BB, OBV",128,2,0.5,0.001,64,60,1,150,"(16, 1)",Sigmoid,0.3673607254450337,65.79077827961159,-46.6754612327325,0.0,1.0
9,"20MA, 50MA, RSI, MACD, Lower_BB, OBV",64,3,0.6000000000000001,0.0001,32,60,1,100,"(25, 1)",ReLU,0.03197245442623375,4.872602585810423,0.6388717949615227,51.66666666666667,0.9944675437321255
10,"20MA, 50MA, RSI, MACD, Lower_BB, OBV",128,2,0.8,0.001,32,60,1,50,"(16, 1)",Tanh,0.030790591110724196,4.734705985944856,0.6650765869783068,60.83333333333333,0.9325573320639422
11,"20MA, 50MA, RSI, MACD, Lower_BB, OBV",128,2,0.8,0.001,32,60,1,50,"(16, 1)",Tanh,0.02722582281808842,4.23750885215439,0.7381386014656941,62.083333333333336,0.7966445457842499
12,"20MA, 50MA, RSI, MACD, Lower_BB, OBV",128,2,0.7,0.001,32,60,1,50,"(16, 1)",Tanh,0.023957762150514452,3.7080546862809642,0.7972308160948501,73.75,0.8367212842528988
13,"20MA, 50MA, RSI, MACD, Lower_BB, OBV",128,2,0.7,0.001,32,60,1,50,"(16, 1)",Tanh,0.033623065152109936,5.051113707402449,0.6006220719434474,56.666666666666664,0.6401234080736593
14,"20MA, 50MA, RSI, MACD, Lower_BB, OBV",16,2,0.7,0.001,32,60,1,50,"(16, 1)",Tanh,0.038891514571694874,5.714489712223465,0.4656581765935284,49.166666666666664,1.1499588799108937
15,"20MA, 50MA, RSI, MACD, Lower_BB, OBV",128,2,0.8,0.001,32,60,1,50,"(16, 1)",Tanh,0.026556121645695163,4.095637194996537,0.7508626997310563,67.91666666666667,0.6641478782138627
16,"20MA, 50MA, RSI, MACD, Lower_BB, OBV",128,2,0.7,0.0005,32,60,1,50,"(16, 1)",Tanh,0.035376189478079766,5.327176670935345,0.5578887582856797,55.833333333333336,0.6442402310454604
17,"20MA, 50MA, RSI, MACD, Lower_BB, OBV",128,2,0.7,0.001,32,60,1,50,"(16, 1)",Tanh,0.026711939430401385,4.1696368384711695,0.7479305012130743,62.083333333333336,0.7615783337694044
18,"20MA, 50MA, RSI, MACD, Lower_BB, OBV",16,2,0.2,0.001,32,60,1,50,"(16, 1)",Tanh,0.02845076411732044,4.256247195813437,0.7140452432885368,60.83333333333333,0.8807521063944141
19,"20MA, 50MA, RSI, MACD, Lower_BB, OBV",64,2,0.8,0.0005,16,60,1,50,"(16, 1)",Tanh,0.04531068729047242,7.092175296194841,0.27471156113880635,37.5,0.7050728499327894
20,"20MA, 50MA, RSI, MACD, Lower_BB, OBV",128,3,0.4,0.001,32,60,1,50,"(16, 1)",Tanh,0.3784787170651239,67.85066623708987,-49.604877873245655,0.0,1.0
21,"20MA, 50MA, RSI, MACD, Lower_BB, OBV",128,2,0.7,0.001,32,60,1,50,"(16, 1)",Tanh,0.028613500381660755,4.262261593524933,0.7107646074743386,64.16666666666667,0.6619213246350926
22,"20MA, 50MA, RSI, MACD, Lower_BB, OBV",128,2,0.7,0.001,32,60,1,50,"(16, 1)",Tanh,0.025039949067866,3.896431779963714,0.7784986703379015,66.66666666666666,0.828019296485469
23,"20MA, 50MA, RSI, MACD, Lower_BB, OBV",128,2,0.6000000000000001,0.001,32,60,1,50,"(16, 1)",Tanh,0.02570803339515884,4.018733449810714,0.7665213539989837,64.16666666666667,0.8363450985661142
24,"20MA, 50MA, RSI, MACD, Lower_BB, OBV",128,2,0.6000000000000001,0.001,32,60,1,50,"(16, 1)",Tanh,0.027531610795161494,4.31488868714344,0.7322233536143212,60.83333333333333,0.7740375919395448
0,"20MA, 50MA, RSI, MACD, Lower_BB, OBV",16,3,0.30000000000000004,0.001,64,60,30,50,"(25, 1)",ReLU,0.05364875302388485,8.343586919221053,0.0252080620279308,31.645569620253166,1.1268497067252197
1,"20MA, 50MA, RSI, MACD, Lower_BB, OBV",64,2,0.8,0.0001,64,60,30,100,"(16, 1)",Sigmoid,0.05422688353239523,8.681851939577088,0.004085727121999394,30.801687763713083,0.9276665992948918
2,"20MA, 50MA, RSI, MACD, Lower_BB, OBV",64,2,0.2,0.001,64,60,30,150,"(16, 1)",ReLU,0.0654631452238017,10.638441053062557,-0.4513975969230195,28.691983122362867,1.0287497266680625
3,"20MA, 50MA, RSI, MACD, Lower_BB, OBV",32,3,0.8,0.001,16,60,30,50,"(16, 1)",ReLU,0.06720827588612042,9.453009968433527,-0.5298123889766908,31.645569620253166,1.314891618268501
4,"20MA, 50MA, RSI, MACD, Lower_BB, OBV",16,3,0.5,0.0005,32,60,30,150,"(16, 1)",ReLU,0.10047204365510506,16.83777584704595,-2.4188743268761317,19.40928270042194,0.9249648776854021
5,"20MA, 50MA, RSI, MACD, Lower_BB, OBV",64,3,0.6000000000000001,0.0001,16,60,30,50,"(16, 1)",Tanh,0.055922896013038896,8.418109114559131,-0.059185366455856814,32.48945147679325,1.1583705290757418
6,"20MA, 50MA, RSI, MACD, Lower_BB, OBV",128,3,0.30000000000000004,0.0005,16,60,30,100,"(16, 1)",ReLU,0.05835770548295965,8.902475153246424,-0.15342425698328266,31.223628691983123,1.2543689765014927
7,"20MA, 50MA, RSI, MACD, Lower_BB, OBV",128,3,0.30000000000000004,0.0005,64,60,30,150,"(16, 1)",Tanh,0.05429384885223477,8.33046934372378,0.0016244793938224866,33.33333333333333,1.2597104032380553
8,"20MA, 50MA, RSI, MACD, Lower_BB, OBV",64,2,0.4,0.0001,32,60,30,150,"(25, 1)",ReLU,0.06413498086270057,10.159764344003905,-0.3931009992239789,34.177215189873415,1.0219928158145617
9,"20MA, 50MA, RSI, MACD, Lower_BB, OBV",64,3,0.5,0.0001,16,60,30,50,"(16, 1)",Tanh,0.055307078537514986,8.303697720261265,-0.03598651352680182,32.91139240506329,1.211173013040551
10,"20MA, 50MA, RSI, MACD, Lower_BB, OBV",16,2,0.2,0.001,64,60,30,50,"(25, 1)",Sigmoid,0.054719918985390956,8.473024059284217,-0.01410647627100925,35.0210970464135,1.0180230482026214
11,"20MA, 50MA, RSI, MACD, Lower_BB, OBV",16,2,0.8,0.0001,64,60,30,100,"(25, 1)",Sigmoid,0.09334713477618502,13.655287300757516,-1.9511728647741973,18.565400843881857,1.086978354373892
12,"20MA, 50MA, RSI, MACD, Lower_BB, OBV",32,2,0.7,0.001,64,60,30,100,"(25, 1)",Sigmoid,0.05910596421810929,9.314637920262625,-0.18319214510764104,35.0210970464135,1.0890211658490776
13,"20MA, 50MA, RSI, MACD, Lower_BB, OBV",16,2,0.6000000000000001,0.0001,64,60,30,100,"(25, 1)",Sigmoid,0.08508436088730861,12.207127395915803,-1.4518401173255917,20.253164556962027,1.1689909299379255
14,"20MA, 50MA, RSI, MACD, Lower_BB, OBV",64,3,0.4,0.001,64,60,30,50,"(25, 1)",Sigmoid,0.12144477387093701,19.113279538781747,-3.9951706070697792,5.485232067510549,1.0
15,"20MA, 50MA, RSI, MACD, Lower_BB, OBV",16,2,0.7,0.001,64,60,30,100,"(25, 1)",ReLU,0.0637298712733255,10.310336648690853,-0.3755574940604389,28.270042194092827,1.0495698516072298
16,"20MA, 50MA, RSI, MACD, Lower_BB, OBV",32,2,0.4,0.0001,32,60,30,50,"(16, 1)",Sigmoid,0.0577522603522438,8.512724147081467,-0.12961548735905226,30.37974683544304,1.3054672505020293
17,"20MA, 50MA, RSI, MACD, Lower_BB, OBV",128,3,0.30000000000000004,0.0001,64,60,30,100,"(25, 1)",ReLU,0.06476743838284904,9.1772573640328,-0.42071218728071824,31.645569620253166,1.3399467962155385
18,"20MA, 50MA, RSI, MACD, Lower_BB, OBV",64,2,0.6000000000000001,0.001,64,60,30,100,"(25, 1)",Sigmoid,0.08407364507305326,12.029710154602,-1.3939353550787228,21.518987341772153,1.1374649888738608
19,"20MA, 50MA, RSI, MACD, Lower_BB, OBV",16,3,0.7,0.0005,32,60,30,50,"(16, 1)",Tanh,0.05824595138390119,8.777324622549513,-0.14901090772755632,39.66244725738397,1.1394638678220292
20,"20MA, 50MA, RSI, MACD, Lower_BB, OBV",64,3,0.2,0.001,64,60,30,50,"(25, 1)",Sigmoid,0.07065770966346563,9.929468170303773,-0.6908760647402423,27.004219409282697,1.3664053482649985
21,"20MA, 50MA, RSI, MACD, Lower_BB, OBV",128,3,0.30000000000000004,0.0005,64,60,30,150,"(16, 1)",Tanh,0.05510811383081519,8.270337016484635,-0.02854609193793345,35.0210970464135,1.2223937730345658
22,"20MA, 50MA, RSI, MACD, Lower_BB, OBV",128,3,0.30000000000000004,0.0005,64,60,30,150,"(16, 1)",Tanh,0.05434750379976098,8.359118249979474,-0.00034974995321901403,32.06751054852321,1.336180609116931
23,"20MA, 50MA, RSI, MACD, Lower_BB, OBV",128,3,0.4,0.0005,64,60,30,150,"(16, 1)",Tanh,0.05415520305711164,8.273639301757244,0.006716910088040096,33.33333333333333,1.19715229584393
24,"20MA, 50MA, RSI, MACD, Lower_BB, OBV",128,3,0.5,0.0005,64,60,30,150,"(16, 1)",Tanh,0.057877651177225646,8.464092191822617,-0.13452602017696624,32.91139240506329,1.2646631033780005
0,"20MA, 50MA, RSI, MACD, CCI, ATR",32,2,0.8,0.0005,16,60,1,50,"(16, 1)",Tanh,0.028550495769161688,4.255475816621504,0.7120369509917839,64.58333333333334,0.8747606001345686
1,"20MA, 50MA, RSI, MACD, CCI, ATR",64,3,0.7,0.0001,16,60,1,50,"(16, 1)",Sigmoid,0.058837693048797185,8.519972066857148,-0.22298386618729849,30.416666666666664,1.0939977592613126
2,"20MA, 50MA, RSI, MACD, CCI, ATR",16,3,0.8,0.0005,16,60,1,50,"(25, 1)",ReLU,0.072072436856348,10.420880602460304,-0.8350498558053638,34.166666666666664,1.0122452520271168
3,"20MA, 50MA, RSI, MACD, CCI, ATR",128,2,0.4,0.001,16,60,1,100,"(25, 1)",ReLU,0.34997388974813726,62.55963433197002,-42.26938716275036,0.0,1.0
4,"20MA, 50MA, RSI, MACD, CCI, ATR",32,3,0.7,0.0005,32,60,1,150,"(25, 1)",ReLU,0.02578429446516672,3.722331891715547,0.7651341035450481,69.16666666666667,1.2135326594567977
5,"20MA, 50MA, RSI, MACD, CCI, ATR",16,3,0.2,0.001,16,60,1,50,"(16, 1)",ReLU,0.10025419312364409,15.017867368616017,-2.55070463683354,12.083333333333334,1.044666104125071
6,"20MA, 50MA, RSI, MACD, CCI, ATR",32,2,0.2,0.001,32,60,1,150,"(25, 1)",ReLU,0.02762645296564702,4.374250687370546,0.7303752770821994,64.16666666666667,0.7323271910152048
7,"20MA, 50MA, RSI, MACD, CCI, ATR",128,2,0.7,0.0001,32,60,1,100,"(16, 1)",ReLU,0.0625579568387886,10.243582028265292,-0.38253001110542884,26.666666666666668,0.6652922663737982
8,"20MA, 50MA, RSI, MACD, CCI, ATR",16,3,0.4,0.001,64,60,1,150,"(16, 1)",ReLU,0.03287826876848993,4.604033178371016,0.6181196271019196,61.25000000000001,1.1367626595935503
9,"20MA, 50MA, RSI, MACD, CCI, ATR",16,2,0.5,0.0005,64,60,1,150,"(16, 1)",Sigmoid,0.03965673694189669,5.65549161170143,0.44442408751683127,52.5,1.2405428464055144
10,"20MA, 50MA, RSI, MACD, CCI, ATR",32,3,0.6000000000000001,0.0005,32,60,1,150,"(25, 1)",Tanh,0.03157146418927043,4.730790609227937,0.6478733439101741,53.75,1.0343301501836941
11,"20MA, 50MA, RSI, MACD, CCI, ATR",32,2,0.2,0.001,32,60,1,150,"(25, 1)",ReLU,0.02213245685824634,3.3380232465835475,0.826951153810237,74.58333333333333,0.7053799753223395
12,"20MA, 50MA, RSI, MACD, CCI, ATR",32,3,0.30000000000000004,0.001,32,60,1,150,"(25, 1)",ReLU,0.021844752961079072,3.2362711644507014,0.8314209000910182,75.0,1.1662274982259415
13,"20MA, 50MA, RSI, MACD, CCI, ATR",32,2,0.30000000000000004,0.001,32,60,1,150,"(25, 1)",ReLU,0.019439302561494842,2.8398361207027953,0.866503212763931,84.58333333333333,0.9284863763152577
14,"20MA, 50MA, RSI, MACD, CCI, ATR",64,2,0.30000000000000004,0.001,32,60,1,150,"(25, 1)",Sigmoid,0.023244132809515736,3.6786361451105796,0.8091306688391361,72.91666666666666,0.8046516125610811
15,"20MA, 50MA, RSI, MACD, CCI, ATR",32,3,0.4,0.001,32,60,1,150,"(25, 1)",Tanh,0.019387048000052247,2.9800945476213077,0.8672199504394991,87.91666666666667,0.8049538786266877
16,"20MA, 50MA, RSI, MACD, CCI, ATR",32,3,0.4,0.001,32,60,1,100,"(25, 1)",Tanh,0.05597427131396732,8.690202748856048,-0.10684383991179969,35.41666666666667,0.6117873595423863
17,"20MA, 50MA, RSI, MACD, CCI, ATR",32,2,0.5,0.0001,64,60,1,150,"(25, 1)",Tanh,0.026281038052957416,3.728795995659602,0.7559973823778816,71.25,1.0409322576976483
18,"20MA, 50MA, RSI, MACD, CCI, ATR",64,3,0.30000000000000004,0.001,32,60,1,150,"(25, 1)",Tanh,0.0737195619668688,10.388481689642747,-0.9198838145350106,27.083333333333332,1.1930083070106894
19,"20MA, 50MA, RSI, MACD, CCI, ATR",128,2,0.5,0.001,32,60,1,100,"(25, 1)",Tanh,0.03141313190494325,4.464302186584737,0.6513963490883319,60.83333333333333,0.8714543854347108
20,"20MA, 50MA, RSI, MACD, CCI, ATR",32,3,0.4,0.0001,64,60,1,150,"(25, 1)",Tanh,0.04857624969780862,7.879945023106741,0.16640054910366509,37.916666666666664,0.6416719204067853
21,"20MA, 50MA, RSI, MACD, CCI, ATR",32,3,0.30000000000000004,0.001,32,60,1,150,"(25, 1)",ReLU,0.021354984978378587,3.287228631728599,0.83889537964797,78.33333333333333,0.7202513235361738
22,"20MA, 50MA, RSI, MACD, CCI, ATR",32,3,0.30000000000000004,0.001,32,60,1,150,"(25, 1)",ReLU,0.017845282177105654,2.715371296161534,0.8874990228894613,89.16666666666667,1.0289184015800443
23,"20MA, 50MA, RSI, MACD, CCI, ATR",32,3,0.30000000000000004,0.001,32,60,1,150,"(25, 1)",Sigmoid,0.017064448922938926,2.560562728487694,0.8971287561975076,87.08333333333333,0.8311172461692226
24,"20MA, 50MA, RSI, MACD, CCI, ATR",32,3,0.4,0.001,32,60,1,150,"(25, 1)",Sigmoid,0.352239031817755,62.98094102415561,-42.83130616423301,0.0,1.0
0,"20MA, 50MA, RSI, MACD, CCI, ATR",16,2,0.6000000000000001,0.001,64,60,30,100,"(25, 1)",Tanh,0.058881010763084496,8.743143048198345,-0.17420297913510718,27.004219409282697,1.217011293363965
1,"20MA, 50MA, RSI, MACD, CCI, ATR",128,2,0.4,0.0005,16,60,30,50,"(16, 1)",Sigmoid,0.09753970212340289,14.431638492965718,-2.2222224168294584,13.924050632911392,1.061620694708647
2,"20MA, 50MA, RSI, MACD, CCI, ATR",128,2,0.30000000000000004,0.001,16,60,30,50,"(25, 1)",Sigmoid,0.27330814254165886,48.56260009545335,-24.298676752545774,0.0,1.0
3,"20MA, 50MA, RSI, MACD, CCI, ATR",64,2,0.5,0.0001,64,60,30,50,"(16, 1)",Tanh,0.0538633835796758,8.35258833478259,0.017392833036051103,35.44303797468354,0.966231428812162
4,"20MA, 50MA, RSI, MACD, CCI, ATR",128,2,0.8,0.0001,64,60,30,50,"(16, 1)",Sigmoid,0.08093613759760629,11.510707012771846,-1.2185928825533714,22.78481012658228,1.212113888645966
5,"20MA, 50MA, RSI, MACD, CCI, ATR",64,2,0.4,0.0005,32,60,30,150,"(25, 1)",Sigmoid,0.05609532684336242,8.450915604388964,-0.06572715139583818,38.81856540084388,1.647658202924165
6,"20MA, 50MA, RSI, MACD, CCI, ATR",16,2,0.8,0.0005,16,60,30,50,"(25, 1)",Sigmoid,0.07832982000385731,11.122086718355192,-1.0780065966396393,23.628691983122362,1.2923525281092918
7,"20MA, 50MA, RSI, MACD, CCI, ATR",64,3,0.6000000000000001,0.0001,32,60,30,150,"(25, 1)",Tanh,0.05434470723004659,8.280088000804785,-0.0002468022319088714,33.33333333333333,1.2287393347092312
8,"20MA, 50MA, RSI, MACD, CCI, ATR",16,3,0.30000000000000004,0.0005,64,60,30,50,"(25, 1)",Tanh,0.05583851987011551,8.436342526113581,-0.05599159210663229,33.33333333333333,1.3002299555649208
9,"20MA, 50MA, RSI, MACD, CCI, ATR",16,2,0.4,0.001,32,60,30,150,"(25, 1)",Tanh,0.06483904029321308,10.282715323276989,-0.4238551844192846,30.37974683544304,1.0576755635520827
10,"20MA, 50MA, RSI, MACD, CCI, ATR",32,3,0.6000000000000001,0.0001,64,60,30,100,"(16, 1)",ReLU,0.054796891873080004,8.363912984168378,-0.016961509932730934,35.0210970464135,1.1333942196377866
11,"20MA, 50MA, RSI, MACD, CCI, ATR",64,3,0.6000000000000001,0.0001,32,60,30,150,"(16, 1)",Tanh,0.059090076394552486,8.68939464047143,-0.18255614088154948,29.957805907172997,1.3248264620107972
12,"20MA, 50MA, RSI, MACD, CCI, ATR",64,3,0.5,0.0001,32,60,30,150,"(16, 1)",Tanh,0.06533533612932611,10.156548948424138,-0.445735763025076,32.48945147679325,0.9032272418566981
13,"20MA, 50MA, RSI, MACD, CCI, ATR",64,3,0.7,0.0001,32,60,30,150,"(16, 1)",ReLU,0.06877370617886709,11.257630655221703,-0.6019078238034148,24.47257383966245,0.903916985889333
14,"20MA, 50MA, RSI, MACD, CCI, ATR",64,3,0.2,0.0001,64,60,30,100,"(25, 1)",Tanh,0.06674366076272267,9.510716396745112,-0.5087341170078044,27.004219409282697,1.4525233960979729
15,"20MA, 50MA, RSI, MACD, CCI, ATR",32,3,0.5,0.0001,64,60,30,50,"(16, 1)",Tanh,0.07128898146132852,10.10597243487074,-0.7212243617442629,27.42616033755274,1.3007505645673825
16,"20MA, 50MA, RSI, MACD, CCI, ATR",64,3,0.7,0.0001,32,60,30,150,"(16, 1)",Tanh,0.057810097263554724,8.918897446233458,-0.13187916275378564,38.81856540084388,1.192267226578897
17,"20MA, 50MA, RSI, MACD, CCI, ATR",64,2,0.5,0.0001,32,60,30,50,"(25, 1)",ReLU,0.05374291089457373,8.236176499001866,0.021783383074376106,38.39662447257383,1.1253348410697943
18,"20MA, 50MA, RSI, MACD, CCI, ATR",64,2,0.5,0.0001,64,60,30,50,"(16, 1)",ReLU,0.06208673017972339,8.961191387705798,-0.3055401759649905,28.691983122362867,1.3283029977134373
19,"20MA, 50MA, RSI, MACD, CCI, ATR",32,2,0.30000000000000004,0.001,16,60,30,50,"(25, 1)",ReLU,0.05596627255833292,8.752506827234283,-0.060829116098115144,37.130801687763714,1.271539633860502
20,"20MA, 50MA, RSI, MACD, CCI, ATR",64,2,0.5,0.0001,64,60,30,50,"(25, 1)",ReLU,0.06651504331824232,9.504896026842165,-0.4984160672923641,27.848101265822784,1.355514023055652
21,"20MA, 50MA, RSI, MACD, CCI, ATR",64,2,0.6000000000000001,0.0001,32,60,30,50,"(25, 1)",ReLU,0.06062654503361543,8.897711501534683,-0.24485366931411767,27.004219409282697,1.2754281665624116
22,"20MA, 50MA, RSI, MACD, CCI, ATR",64,2,0.7,0.0001,32,60,30,150,"(25, 1)",Tanh,0.056214183485083426,8.424955702365885,-0.07024813210203829,41.35021097046413,1.3169356507422365
23,"20MA, 50MA, RSI, MACD, CCI, ATR",64,2,0.5,0.0001,32,60,30,100,"(25, 1)",Tanh,0.05778512250564006,9.025432748855641,-0.1309013992402992,38.39662447257383,1.2189551235742961
24,"20MA, 50MA, RSI, MACD, CCI, ATR",64,3,0.4,0.0001,32,60,30,50,"(25, 1)",ReLU,0.07117379328702046,10.075689142787427,-0.7156665739773487,28.691983122362867,1.3407250700477622
0,"20MA, 50MA, RSI, MACD, CCI, Williams_%R",32,2,0.8,0.0001,16,60,1,150,"(25, 1)",Sigmoid,0.03245349997859642,4.886109813219082,0.6279232471361182,59.583333333333336,0.7563462783786671
1,"20MA, 50MA, RSI, MACD, CCI, Williams_%R",16,3,0.2,0.001,16,60,1,50,"(25, 1)",ReLU,0.1572485582853845,17.719010545545856,-7.735400071938773,27.500000000000004,1.0700262972786254
2,"20MA, 50MA, RSI, MACD, CCI, Williams_%R",32,2,0.6000000000000001,0.0001,32,60,1,50,"(25, 1)",ReLU,0.05771508884681034,8.419976933879795,-0.17676079875525774,30.0,1.1140961388723114
3,"20MA, 50MA, RSI, MACD, CCI, Williams_%R",64,2,0.2,0.0001,16,60,1,50,"(25, 1)",Tanh,0.03163858485738592,4.951185893978716,0.6463745157179173,57.91666666666667,0.7931417133930023
4,"20MA, 50MA, RSI, MACD, CCI, Williams_%R",16,2,0.5,0.0001,32,60,1,50,"(16, 1)",ReLU,0.034107970668636654,4.913884771330562,0.5890194992638954,56.25,0.8639531474233066
5,"20MA, 50MA, RSI, MACD, CCI, Williams_%R",64,3,0.5,0.0001,32,60,1,100,"(16, 1)",Tanh,0.02988175137257364,4.621094290065699,0.6845565229920718,57.91666666666667,0.7985008879069545
6,"20MA, 50MA, RSI, MACD, CCI, Williams_%R",16,2,0.4,0.0001,64,60,1,100,"(25, 1)",Sigmoid,0.360046581872268,64.45215995701908,-44.79592546033781,0.0,1.0
7,"20MA, 50MA, RSI, MACD, CCI, Williams_%R",64,3,0.5,0.001,32,60,1,150,"(16, 1)",Tanh,0.02364160618026852,3.5063727191668255,0.8025471473321508,76.25,0.9222069702684181
8,"20MA, 50MA, RSI, MACD, CCI, Williams_%R",32,3,0.2,0.0005,32,60,1,50,"(16, 1)",Sigmoid,0.05019483401648914,8.300077908183248,0.10992316114914902,29.166666666666668,0.7648482178613479
9,"20MA, 50MA, RSI, MACD, CCI, Williams_%R",64,2,0.7,0.0001,32,60,1,50,"(16, 1)",Tanh,0.03570052792946861,5.067193858887545,0.5497448053297378,56.666666666666664,0.9791869550310388
10,"20MA, 50MA, RSI, MACD, CCI, Williams_%R",128,3,0.4,0.001,64,60,1,150,"(16, 1)",Tanh,0.3781371525688998,67.78889508285616,-49.513580638577615,0.0,1.0
11,"20MA, 50MA, RSI, MACD, CCI, Williams_%R",64,3,0.5,0.001,32,60,1,100,"(16, 1)",Tanh,0.028164789030453594,4.142661055740582,0.7197649453981846,65.83333333333333,0.933266151661636
12,"20MA, 50MA, RSI, MACD, CCI, Williams_%R",64,3,0.4,0.001,32,60,1,150,"(16, 1)",Tanh,0.07140276570001976,10.03312079778563,-0.8011070378029281,28.749999999999996,1.2482264871157545
13,"20MA, 50MA, RSI, MACD, CCI, Williams_%R",64,3,0.6000000000000001,0.001,32,60,1,100,"(16, 1)",Tanh,0.0754604754500388,10.816096069008301,-1.0116319729716041,24.583333333333332,1.1886894188591672
14,"20MA, 50MA, RSI, MACD, CCI, Williams_%R",128,3,0.6000000000000001,0.001,64,60,1,150,"(16, 1)",Tanh,0.06388765100146789,9.611127467746657,-0.4419270734180758,20.416666666666668,1.1233521872667693
15,"20MA, 50MA, RSI, MACD, CCI, Williams_%R",64,3,0.30000000000000004,0.0005,32,60,1,100,"(16, 1)",Tanh,0.024149896981008844,3.6273662067884587,0.7939654657676233,72.91666666666666,0.8148413804290008
16,"20MA, 50MA, RSI, MACD, CCI, Williams_%R",64,3,0.30000000000000004,0.0005,32,60,1,150,"(16, 1)",Tanh,0.01971189534817273,2.922097185801986,0.8627329738693728,84.16666666666667,0.8537017762597255
17,"20MA, 50MA, RSI, MACD, CCI, Williams_%R",64,3,0.30000000000000004,0.0005,32,60,1,150,"(16, 1)",Tanh,0.018538725593961688,2.7509353402212513,0.878585876886051,85.41666666666666,0.9289308817222168
18,"20MA, 50MA, RSI, MACD, CCI, Williams_%R",128,3,0.30000000000000004,0.0005,16,60,1,150,"(16, 1)",Sigmoid,0.34056664368016104,60.8112650959355,-39.974501063379606,0.0,1.0
19,"20MA, 50MA, RSI, MACD, CCI, Williams_%R",64,3,0.30000000000000004,0.0005,64,60,1,150,"(16, 1)",ReLU,0.05686871510916124,8.804608026825202,-0.14250020618704906,19.583333333333332,1.0456283962294506
20,"20MA, 50MA, RSI, MACD, CCI, Williams_%R",64,3,0.30000000000000004,0.0005,32,60,1,150,"(16, 1)",Tanh,0.017559705775634555,2.5885714387504666,0.8910708976503536,86.25,1.193961089547986
21,"20MA, 50MA, RSI, MACD, CCI, Williams_%R",64,3,0.30000000000000004,0.0005,32,60,1,150,"(16, 1)",Tanh,0.08500859245055165,14.947495545685547,-1.5529076568178697,5.0,0.6927337802438351
22,"20MA, 50MA, RSI, MACD, CCI, Williams_%R",64,3,0.30000000000000004,0.0005,32,60,1,150,"(16, 1)",Tanh,0.026614088532958956,4.079144698727277,0.7497738754119401,59.583333333333336,0.8784846158477211
23,"20MA, 50MA, RSI, MACD, CCI, Williams_%R",64,3,0.4,0.0005,32,60,1,150,"(16, 1)",Tanh,0.019089336510888844,2.780247321924251,0.8712666345726252,85.0,0.943237416609277
24,"20MA, 50MA, RSI, MACD, CCI, Williams_%R",64,3,0.4,0.0005,32,60,1,150,"(16, 1)",Tanh,0.05019942425552987,7.729990477117306,0.10976036143683354,37.083333333333336,0.6437806550828465
0,"20MA, 50MA, RSI, MACD, CCI, Williams_%R",16,3,0.6000000000000001,0.001,64,60,30,100,"(16, 1)",Sigmoid,0.053659851671416084,8.346431398505059,0.024804697900740913,32.48945147679325,1.1286843203055164
1,"20MA, 50MA, RSI, MACD, CCI, Williams_%R",32,3,0.30000000000000004,0.001,32,60,30,50,"(16, 1)",Tanh,0.07219510999803494,10.160032424471467,-0.7652581677463741,27.848101265822784,1.3245652722019905
2,"20MA, 50MA, RSI, MACD, CCI, Williams_%R",16,3,0.7,0.0005,16,60,30,100,"(16, 1)",ReLU,0.08691077121208977,12.50871244797934,-1.5582316765557547,20.253164556962027,1.1743057645571795
3,"20MA, 50MA, RSI, MACD, CCI, Williams_%R",64,3,0.2,0.001,64,60,30,100,"(25, 1)",Tanh,0.05833798778952649,9.366010143279908,-0.1526449589087553,34.59915611814346,1.102130263113478
4,"20MA, 50MA, RSI, MACD, CCI, Williams_%R",16,3,0.2,0.001,64,60,30,50,"(25, 1)",Sigmoid,0.07005687019464901,9.94305870950494,-0.6622415243578819,26.582278481012654,1.1796277385104739
5,"20MA, 50MA, RSI, MACD, CCI, Williams_%R",128,2,0.2,0.0005,64,60,30,50,"(25, 1)",ReLU,0.06825475270782151,9.590574731506848,-0.5778236440876938,30.801687763713083,1.3597422191108692
6,"20MA, 50MA, RSI, MACD, CCI, Williams_%R",64,3,0.30000000000000004,0.001,16,60,30,150,"(16, 1)",Tanh,0.35659320630301783,64.21466807248778,-42.066422284275774,0.0,1.0
7,"20MA, 50MA, RSI, MACD, CCI, Williams_%R",16,2,0.6000000000000001,0.0001,16,60,30,150,"(25, 1)",Sigmoid,0.05554240855957985,8.9425099186329,-0.04482145523132397,31.223628691983123,1.065398890301832
8,"20MA, 50MA, RSI, MACD, CCI, Williams_%R",64,3,0.8,0.0001,16,60,30,150,"(16, 1)",Sigmoid,0.08413492907685607,13.811522302946447,-1.3974266611614388,29.11392405063291,0.9453326422025006
9,"20MA, 50MA, RSI, MACD, CCI, Williams_%R",128,2,0.8,0.0001,64,60,30,50,"(25, 1)",Sigmoid,0.06746774223985606,9.515221089403509,-0.5416472723062775,29.957805907172997,1.3676195456321658
10,"20MA, 50MA, RSI, MACD, CCI, Williams_%R",32,2,0.5,0.001,32,60,30,100,"(16, 1)",Sigmoid,0.08288953684234791,13.588398835872834,-1.3269769997992804,27.004219409282697,0.8585234979959783
11,"20MA, 50MA, RSI, MACD, CCI, Williams_%R",16,2,0.6000000000000001,0.0001,16,60,30,150,"(25, 1)",Sigmoid,0.07703645348083402,12.57506910764818,-1.0099498742629942,27.42616033755274,0.9738039124579464
12,"20MA, 50MA, RSI, MACD, CCI, Williams_%R",16,2,0.5,0.0001,64,60,30,150,"(25, 1)",Sigmoid,0.06631433647454037,9.385523009485897,-0.4893868731551647,29.957805907172997,1.3449047804164673
13,"20MA, 50MA, RSI, MACD, CCI, Williams_%R",16,2,0.6000000000000001,0.0001,16,60,30,100,"(16, 1)",Sigmoid,0.05719452107252888,9.301386098804407,-0.10790244340469313,29.11392405063291,1.0342612133596445
14,"20MA, 50MA, RSI, MACD, CCI, Williams_%R",16,3,0.6000000000000001,0.0005,32,60,30,150,"(25, 1)",Sigmoid,0.0770753449385782,12.484956595803377,-1.0119798122702934,27.42616033755274,0.98215279075207
15,"20MA, 50MA, RSI, MACD, CCI, Williams_%R",16,2,0.4,0.001,64,60,30,100,"(16, 1)",ReLU,0.05197277022788149,7.943104475427747,0.08516157664286006,35.0210970464135,1.3019573328256588
16,"20MA, 50MA, RSI, MACD, CCI, Williams_%R",16,2,0.4,0.001,64,60,30,100,"(16, 1)",ReLU,0.052235224028699366,8.185313316401958,0.07589868533102395,35.86497890295359,1.056861469469442
17,"20MA, 50MA, RSI, MACD, CCI, Williams_%R",32,2,0.4,0.001,64,60,30,100,"(16, 1)",ReLU,0.05271378004573917,8.225641956437027,0.05888870671923019,37.9746835443038,0.9774008034638695
18,"20MA, 50MA, RSI, MACD, CCI, Williams_%R",128,2,0.4,0.001,64,60,30,100,"(16, 1)",ReLU,0.12579407034328305,19.98815735036259,-4.359360913475516,4.219409282700422,1.0
19,"20MA, 50MA, RSI, MACD, CCI, Williams_%R",16,2,0.4,0.001,64,60,30,100,"(16, 1)",ReLU,0.06336599111023614,9.968144416607002,-0.359894223213989,36.708860759493675,0.9442875738109515
20,"20MA, 50MA, RSI, MACD, CCI, Williams_%R",16,2,0.30000000000000004,0.001,64,60,30,100,"(16, 1)",ReLU,0.05417909430223695,8.39025205410129,0.005840318255568744,38.81856540084388,0.9319773897320247
21,"20MA, 50MA, RSI, MACD, CCI, Williams_%R",32,2,0.4,0.001,64,60,30,100,"(16, 1)",ReLU,0.05208639102264468,7.997537679960441,0.08115723790442497,37.9746835443038,1.0357101729760494
22,"20MA, 50MA, RSI, MACD, CCI, Williams_%R",32,2,0.4,0.001,64,60,30,100,"(16, 1)",ReLU,0.05437619394781747,8.203310647186047,-0.0014062017078375622,35.0210970464135,1.1805397186228104
23,"20MA, 50MA, RSI, MACD, CCI, Williams_%R",32,2,0.5,0.001,64,60,30,100,"(16, 1)",ReLU,0.05370335424566796,8.385967800011878,0.023222855935235542,37.9746835443038,1.0231492740800299
24,"20MA, 50MA, RSI, MACD, CCI, Williams_%R",32,2,0.30000000000000004,0.001,64,60,30,100,"(16, 1)",ReLU,0.054420082464344766,8.498654838587125,-0.003023378864263071,38.39662447257383,1.0330481532141547
0,"20MA, 50MA, RSI, MACD, CCI, OBV",16,3,0.5,0.001,64,60,1,50,"(16, 1)",Tanh,0.06205157006032226,8.947228355813522,-0.36023831774584436,25.416666666666664,1.1614074561303294
1,"20MA, 50MA, RSI, MACD, CCI, OBV",128,3,0.7,0.0005,64,60,1,50,"(16, 1)",Tanh,0.05493065667726626,7.803317580342156,-0.06595540749045226,35.41666666666667,1.274558009284703
2,"20MA, 50MA, RSI, MACD, CCI, OBV",64,2,0.8,0.0001,64,60,1,150,"(16, 1)",Sigmoid,0.034581467883377764,5.213976291444579,0.5775295833463869,52.083333333333336,1.0126811532506195
3,"20MA, 50MA, RSI, MACD, CCI, OBV",128,3,0.5,0.001,64,60,1,100,"(25, 1)",ReLU,0.028875000761950105,4.310011228083224,0.7054537729991923,64.16666666666667,0.8892020379458414
4,"20MA, 50MA, RSI, MACD, CCI, OBV",128,3,0.4,0.001,16,60,1,50,"(16, 1)",Sigmoid,0.29620571768425175,52.54868155788264,-29.99533468994549,0.0,1.0
5,"20MA, 50MA, RSI, MACD, CCI, OBV",32,3,0.5,0.001,64,60,1,150,"(16, 1)",Tanh,0.0743560067412445,10.930260118471947,-0.9531768650382286,19.583333333333332,1.0819891283609273
6,"20MA, 50MA, RSI, MACD, CCI, OBV",16,2,0.7,0.001,16,60,1,50,"(16, 1)",Sigmoid,0.02964980414667976,4.311171966955231,0.6894345687347907,64.16666666666667,0.8718672702755111
7,"20MA, 50MA, RSI, MACD, CCI, OBV",64,3,0.4,0.001,32,60,1,50,"(16, 1)",Tanh,0.0960448824619988,14.235226139746155,-2.258801549029218,14.583333333333334,1.044666104125071
8,"20MA, 50MA, RSI, MACD, CCI, OBV",128,3,0.2,0.0005,32,60,1,50,"(25, 1)",Tanh,0.07519911528557124,10.820627070194107,-0.9977213803147118,23.333333333333332,1.2685025195674382
9,"20MA, 50MA, RSI, MACD, CCI, OBV",32,2,0.4,0.001,32,60,1,100,"(25, 1)",ReLU,0.04277801704382985,6.993454733671242,0.3535264605850449,40.0,0.7351104442683287
10,"20MA, 50MA, RSI, MACD, CCI, OBV",128,2,0.2,0.0001,64,60,1,100,"(25, 1)",ReLU,0.038880548641116015,5.449471973813969,0.4659594623274118,52.083333333333336,1.372678713279299
11,"20MA, 50MA, RSI, MACD, CCI, OBV",16,2,0.7,0.001,16,60,1,100,"(25, 1)",ReLU,0.03101910401599608,4.9497921676957235,0.6600868599363217,56.25,0.7179276892485961
12,"20MA, 50MA, RSI, MACD, CCI, OBV",16,2,0.6000000000000001,0.001,16,60,1,100,"(25, 1)",Sigmoid,0.020021320866779237,2.876092432386686,0.8583896791159003,85.0,0.8800164969279131
13,"20MA, 50MA, RSI, MACD, CCI, OBV",16,2,0.6000000000000001,0.001,16,60,1,100,"(25, 1)",ReLU,0.04466673336118794,7.352326691643145,0.29518061609708424,33.33333333333333,0.761506119846123
14,"20MA, 50MA, RSI, MACD, CCI, OBV",16,3,0.6000000000000001,0.0005,16,60,1,100,"(25, 1)",Sigmoid,0.04458479211547696,6.646406994768441,0.2977642303103174,46.25,0.7189093439948567
15,"20MA, 50MA, RSI, MACD, CCI, OBV",128,2,0.30000000000000004,0.0001,64,60,1,100,"(25, 1)",ReLU,0.029846048882603077,4.273634884625815,0.6853098516365328,63.74999999999999,1.2351326392508386
16,"20MA, 50MA, RSI, MACD, CCI, OBV",64,2,0.6000000000000001,0.001,16,60,1,100,"(25, 1)",Sigmoid,0.03930844021708672,5.703209958601984,0.4541402430881152,54.166666666666664,0.7934414207272698
17,"20MA, 50MA, RSI, MACD, CCI, OBV",32,3,0.8,0.001,16,60,1,100,"(25, 1)",ReLU,0.043241374597120304,6.911745320527656,0.3394458311561368,39.58333333333333,0.662679086415285
18,"20MA, 50MA, RSI, MACD, CCI, OBV",128,2,0.5,0.0001,64,60,1,150,"(25, 1)",Sigmoid,0.03802018402689436,6.024470108893454,0.4893328936214625,42.5,0.7031055277784872
19,"20MA, 50MA, RSI, MACD, CCI, OBV",16,3,0.5,0.0005,32,60,1,100,"(25, 1)",ReLU,0.026255940276289896,3.903355535117593,0.7564631934382606,69.16666666666667,0.7684443769953959
20,"20MA, 50MA, RSI, MACD, CCI, OBV",16,2,0.30000000000000004,0.0005,32,60,1,100,"(25, 1)",Sigmoid,0.037036921046330315,5.697498382780631,0.5154046898761548,47.083333333333336,0.8380085458124776
21,"20MA, 50MA, RSI, MACD, CCI, OBV",16,3,0.5,0.0005,32,60,1,100,"(25, 1)",ReLU,0.043160066710023585,6.498576014489431,0.34192761022793206,44.166666666666664,0.6844523184805376
22,"20MA, 50MA, RSI, MACD, CCI, OBV",16,3,0.6000000000000001,0.0005,32,60,1,100,"(25, 1)",ReLU,0.046009208860877455,7.0196269256818,0.2521767103953273,45.0,0.6709065159895825
23,"20MA, 50MA, RSI, MACD, CCI, OBV",16,3,0.5,0.0005,32,60,1,100,"(25, 1)",ReLU,0.03336078093555025,5.067150938503181,0.6068286424377625,55.00000000000001,0.7797419038595195
24,"20MA, 50MA, RSI, MACD, CCI, OBV",16,3,0.4,0.001,64,60,1,100,"(25, 1)",ReLU,0.0257180614709064,3.7308764530901715,0.7663391698418677,71.66666666666667,1.0276574428446617
0,"20MA, 50MA, RSI, MACD, CCI, OBV",32,2,0.30000000000000004,0.0001,64,60,30,50,"(16, 1)",Tanh,0.053722662736168304,8.168213900319325,0.022520349250187643,35.0210970464135,1.3160615552915547
1,"20MA, 50MA, RSI, MACD, CCI, OBV",128,2,0.30000000000000004,0.0005,64,60,30,100,"(25, 1)",ReLU,0.054082161565033766,8.149373667524811,0.00939447193168741,33.755274261603375,1.211173013040551
2,"20MA, 50MA, RSI, MACD, CCI, OBV",128,2,0.2,0.0005,64,60,30,50,"(16, 1)",Sigmoid,0.37281787640326935,67.25280553831556,-46.07454396342448,0.0,1.0
3,"20MA, 50MA, RSI, MACD, CCI, OBV",64,2,0.5,0.001,64,60,30,50,"(25, 1)",Sigmoid,0.0561741696808015,9.020849146767782,-0.06872504824249992,32.91139240506329,1.2539151672433475
4,"20MA, 50MA, RSI, MACD, CCI, OBV",64,3,0.7,0.001,16,60,30,100,"(16, 1)",Tanh,0.331328721225519,59.145315546728185,-36.18012396127874,0.0,1.0
5,"20MA, 50MA, RSI, MACD, CCI, OBV",32,3,0.2,0.0005,32,60,30,150,"(25, 1)",ReLU,0.08734156263595809,14.356699224241021,-1.5836553509103681,27.004219409282697,1.0186457556459783
6,"20MA, 50MA, RSI, MACD, CCI, OBV",64,3,0.5,0.001,32,60,30,100,"(25, 1)",ReLU,0.144856971385992,23.84337047438535,-6.106757009912531,0.8438818565400843,1.0
7,"20MA, 50MA, RSI, MACD, CCI, OBV",16,3,0.8,0.001,32,60,30,150,"(16, 1)",Tanh,0.07815045310909521,12.684955864639658,-1.0685006679988303,29.11392405063291,0.949656329328223
8,"20MA, 50MA, RSI, MACD, CCI, OBV",32,2,0.6000000000000001,0.0005,32,60,30,100,"(16, 1)",ReLU,0.09826948443688863,16.48937351129752,-2.270619485939858,19.831223628691983,0.9450689660347269
9,"20MA, 50MA, RSI, MACD, CCI, OBV",16,3,0.6000000000000001,0.0001,64,60,30,150,"(25, 1)",Sigmoid,0.06607364014490369,10.752704700776981,-0.47859465595659034,29.11392405063291,1.1243811128389163
10,"20MA, 50MA, RSI, MACD, CCI, OBV",32,2,0.4,0.0001,16,60,30,50,"(16, 1)",Tanh,0.05563135579925479,8.412820196970232,-0.048170550108919574,30.37974683544304,1.2298591790986606
11,"20MA, 50MA, RSI, MACD, CCI, OBV",128,2,0.30000000000000004,0.0001,64,60,30,100,"(25, 1)",ReLU,0.059102984804272105,9.185398486526038,-0.1830728633990628,39.24050632911392,1.1438195838248262
12,"20MA, 50MA, RSI, MACD, CCI, OBV",128,2,0.30000000000000004,0.0005,64,60,30,50,"(16, 1)",Tanh,0.06831962427970531,9.637238053050243,-0.5808243008067993,29.957805907172997,1.3452233696012699
13,"20MA, 50MA, RSI, MACD, CCI, OBV",32,2,0.30000000000000004,0.0001,64,60,30,100,"(25, 1)",Tanh,0.05755919577402375,8.75061678715717,-0.1220755502800932,30.801687763713083,1.186431530183029
14,"20MA, 50MA, RSI, MACD, CCI, OBV",128,2,0.4,0.0001,64,60,30,50,"(25, 1)",ReLU,0.05336646645274773,8.125987366788777,0.03543930573813159,34.177215189873415,1.211512988104685
15,"20MA, 50MA, RSI, MACD, CCI, OBV",128,2,0.4,0.0001,64,60,30,50,"(16, 1)",ReLU,0.07677071912417499,12.517690005451856,-0.9961072968405706,23.628691983122362,0.797650320501429
16,"20MA, 50MA, RSI, MACD, CCI, OBV",32,2,0.4,0.0001,16,60,30,50,"(16, 1)",Tanh,0.059177047352596684,8.941152247000655,-0.18603976231400843,26.582278481012654,1.2443419343895772
17,"20MA, 50MA, RSI, MACD, CCI, OBV",16,2,0.5,0.0001,64,60,30,50,"(25, 1)",Tanh,0.08302464508564744,11.974967920589496,-1.3345690316606418,22.362869198312236,1.2014422225782289
18,"20MA, 50MA, RSI, MACD, CCI, OBV",128,2,0.2,0.0001,64,60,30,50,"(25, 1)",ReLU,0.0650885214288957,9.233848844468714,-0.43483339774171914,31.223628691983123,1.2999595933191181
19,"20MA, 50MA, RSI, MACD, CCI, OBV",32,2,0.4,0.0001,16,60,30,50,"(16, 1)",Sigmoid,0.065801703523496,10.746932143086163,-0.46644891633176955,28.270042194092827,1.2038588644371884
20,"20MA, 50MA, RSI, MACD, CCI, OBV",32,3,0.6000000000000001,0.0001,64,60,30,50,"(16, 1)",Tanh,0.07032116114310476,9.956744936070523,-0.6748068602306383,25.738396624472575,1.2605830581971442
21,"20MA, 50MA, RSI, MACD, CCI, OBV",128,2,0.30000000000000004,0.0005,64,60,30,100,"(25, 1)",ReLU,0.05373306922463929,8.479357807812796,0.022141622083380663,33.755274261603375,1.1091991961882057
22,"20MA, 50MA, RSI, MACD, CCI, OBV",128,2,0.30000000000000004,0.0005,64,60,30,100,"(25, 1)",ReLU,0.0678569334165889,10.836177466810485,-0.5594847172449735,32.91139240506329,0.8452160576436801
23,"20MA, 50MA, RSI, MACD, CCI, OBV",128,2,0.4,0.0005,64,60,30,150,"(25, 1)",ReLU,0.08049789746930269,11.433918135763738,-1.1946321600780911,21.518987341772153,1.2923525281092918
24,"20MA, 50MA, RSI, MACD, CCI, OBV",128,2,0.2,0.0001,64,60,30,50,"(25, 1)",ReLU,0.0634443611020337,10.00719676398797,-0.36326009194803843,35.44303797468354,1.0216550959210806
0,"20MA, 50MA, RSI, MACD, ATR, Williams_%R",128,2,0.6000000000000001,0.0001,16,60,1,100,"(25, 1)",Sigmoid,0.05283205651169815,8.009813021878182,0.013937398619759955,32.916666666666664,0.8145208151934712
1,"20MA, 50MA, RSI, MACD, ATR, Williams_%R",16,2,0.5,0.001,64,60,1,100,"(16, 1)",Tanh,0.03282283346078826,4.835111275075441,0.6194063012444022,53.75,1.052095460077699
2,"20MA, 50MA, RSI, MACD, ATR, Williams_%R",16,3,0.2,0.001,32,60,1,150,"(25, 1)",Tanh,0.03742670655250295,5.720782640333058,0.5051510199944085,48.333333333333336,1.1353538492819182
3,"20MA, 50MA, RSI, MACD, ATR, Williams_%R",64,3,0.5,0.001,32,60,1,50,"(16, 1)",Sigmoid,0.11127839803691643,17.12455498462143,-3.3745278436192274,8.75,1.0507589282623393
4,"20MA, 50MA, RSI, MACD, ATR, Williams_%R",64,2,0.5,0.0001,64,60,1,100,"(25, 1)",Tanh,0.028363754793830687,3.946010811735126,0.7157916065271697,70.0,0.9863141573245846
5,"20MA, 50MA, RSI, MACD, ATR, Williams_%R",32,2,0.8,0.0005,16,60,1,100,"(16, 1)",Tanh,0.035609129666293184,5.7742632436986785,0.5520472847089859,49.583333333333336,0.840905916147185
6,"20MA, 50MA, RSI, MACD, ATR, Williams_%R",64,2,0.2,0.0001,16,60,1,100,"(16, 1)",ReLU,0.03508411252073652,5.251753490310797,0.5651590401972282,54.58333333333333,0.7442991901313558
7,"20MA, 50MA, RSI, MACD, ATR, Williams_%R",64,2,0.7,0.001,64,60,1,150,"(25, 1)",Tanh,0.026169807259210184,3.823534542147967,0.7580584250494357,74.58333333333333,0.9278944286171497
8,"20MA, 50MA, RSI, MACD, ATR, Williams_%R",128,3,0.4,0.001,64,60,1,150,"(25, 1)",Sigmoid,0.03939457072961567,5.951303068865308,0.4517455060330231,50.83333333333333,0.7971104310453515
9,"20MA, 50MA, RSI, MACD, ATR, Williams_%R",16,3,0.7,0.0001,64,60,1,50,"(16, 1)",Sigmoid,0.2627959906817733,46.30825646236256,-23.39758982482568,0.0,1.0
10,"20MA, 50MA, RSI, MACD, ATR, Williams_%R",32,2,0.8,0.0005,64,60,1,150,"(25, 1)",ReLU,0.032892955847112264,5.147011258406599,0.6177783707033138,55.00000000000001,0.7699305785417586
11,"20MA, 50MA, RSI, MACD, ATR, Williams_%R",64,2,0.4,0.0001,64,60,1,150,"(25, 1)",Tanh,0.02333910830551347,3.4270095533943454,0.8075676985314405,77.5,0.8093225710994604
12,"20MA, 50MA, RSI, MACD, ATR, Williams_%R",64,2,0.30000000000000004,0.001,64,60,1,150,"(25, 1)",Tanh,0.05293157067726634,8.210515996838202,0.011452205418431838,20.901639344262296,1.0079350271628986
13,"20MA, 50MA, RSI, MACD, ATR, Williams_%R",64,2,0.6000000000000001,0.0001,64,60,1,150,"(25, 1)",Tanh,0.022398327772758058,3.28269693772928,0.8227686087148756,77.08333333333334,1.0253320003331756
14,"20MA, 50MA, RSI, MACD, ATR, Williams_%R",64,2,0.4,0.0001,64,60,1,150,"(25, 1)",Tanh,0.02399374915154985,3.599517825116637,0.7966211986151057,74.58333333333333,0.7645360016648771
15,"20MA, 50MA, RSI, MACD, ATR, Williams_%R",64,2,0.6000000000000001,0.0001,32,60,1,150,"(25, 1)",Tanh,0.02760110296835479,4.098645539117254,0.7308698646513854,62.5,1.0303140435143383
16,"20MA, 50MA, RSI, MACD, ATR, Williams_%R",64,2,0.4,0.0001,64,60,1,150,"(25, 1)",ReLU,0.029018856936207794,4.226308445292782,0.7025115847882424,67.91666666666667,0.8257467843529059
17,"20MA, 50MA, RSI, MACD, ATR, Williams_%R",128,3,0.30000000000000004,0.0005,64,60,1,50,"(25, 1)",Tanh,0.05168586115258442,7.8189134077764635,0.056258683995555336,34.583333333333336,1.020161650142363
18,"20MA, 50MA, RSI, MACD, ATR, Williams_%R",32,2,0.6000000000000001,0.0001,16,60,1,150,"(25, 1)",Tanh,0.03215082192399611,4.916795196579373,0.6352861391510197,54.09836065573771,0.9011181464262203
19,"20MA, 50MA, RSI, MACD, ATR, Williams_%R",64,2,0.7,0.0001,32,60,1,150,"(25, 1)",ReLU,0.02874713004438794,4.3322272000861375,0.7084204266603653,58.606557377049185,0.9998658286991191
20,"20MA, 50MA, RSI, MACD, ATR, Williams_%R",64,3,0.30000000000000004,0.0001,64,60,1,50,"(25, 1)",Tanh,0.04543149416746085,6.648666173653424,0.27083889259208926,42.916666666666664,0.9816433857160602
21,"20MA, 50MA, RSI, MACD, ATR, Williams_%R",64,2,0.4,0.0001,64,60,1,150,"(25, 1)",Tanh,0.023897974357584676,3.4990232917522333,0.7982415945620013,73.75,1.0542486115612746
22,"20MA, 50MA, RSI, MACD, ATR, Williams_%R",64,2,0.4,0.0001,64,60,1,150,"(25, 1)",Tanh,0.02574733823338776,3.643562852117719,0.7658068803965574,75.41666666666667,1.047753494646285
23,"20MA, 50MA, RSI, MACD, ATR, Williams_%R",64,2,0.5,0.0001,64,60,1,150,"(25, 1)",Tanh,0.02345782860013094,3.377891700412484,0.8056050079055753,76.25,1.1007039416942506
24,"20MA, 50MA, RSI, MACD, ATR, Williams_%R",64,2,0.5,0.0001,64,60,1,150,"(25, 1)",Tanh,0.03455771789285028,5.176920383224517,0.5781096757211375,57.49999999999999,0.9071918669703369
0,"20MA, 50MA, RSI, MACD, ATR, Williams_%R",16,3,0.7,0.001,32,60,30,100,"(25, 1)",Sigmoid,0.11555532747240145,17.937983277572968,-3.5224378793153894,7.59493670886076,1.0
1,"20MA, 50MA, RSI, MACD, ATR, Williams_%R",128,3,0.4,0.0001,32,60,30,100,"(16, 1)",Sigmoid,0.07150870663198762,11.676339769069797,-0.7318509450569239,26.160337552742618,1.0095912882744817
2,"20MA, 50MA, RSI, MACD, ATR, Williams_%R",64,3,0.6000000000000001,0.0001,16,60,30,50,"(25, 1)",Sigmoid,0.05652788545504496,9.218075359752289,-0.08222645210200863,28.691983122362867,0.9980569182853279
3,"20MA, 50MA, RSI, MACD, ATR, Williams_%R",32,3,0.4,0.001,64,60,30,150,"(25, 1)",Tanh,0.05300755967647381,8.0076819398613,0.04836964499888585,35.44303797468354,1.3953743535844831
4,"20MA, 50MA, RSI, MACD, ATR, Williams_%R",32,2,0.6000000000000001,0.0001,32,60,30,50,"(25, 1)",Tanh,0.05217962881956596,7.884533423821953,0.0778647251693092,40.92827004219409,1.2032534609284653
5,"20MA, 50MA, RSI, MACD, ATR, Williams_%R",128,3,0.30000000000000004,0.0001,16,60,30,50,"(25, 1)",ReLU,0.0642027836077942,10.35681253852371,-0.3960480960997017,28.270042194092827,1.0599524327962362
6,"20MA, 50MA, RSI, MACD, ATR, Williams_%R",32,3,0.30000000000000004,0.001,64,60,30,150,"(16, 1)",ReLU,0.06624699628271188,10.842728979329637,-0.4863635548348799,27.42616033755274,0.9872115338952117
7,"20MA, 50MA, RSI, MACD, ATR, Williams_%R",32,2,0.7,0.0001,16,60,30,100,"(25, 1)",Tanh,0.05475983689649201,8.167209383533109,-0.01558658728970408,43.037974683544306,1.0438209646514442
8,"20MA, 50MA, RSI, MACD, ATR, Williams_%R",64,3,0.6000000000000001,0.0005,32,60,30,50,"(16, 1)",ReLU,0.37681833509571105,67.99981830548013,-47.09021486960961,0.0,1.0
9,"20MA, 50MA, RSI, MACD, ATR, Williams_%R",64,2,0.6000000000000001,0.0001,32,60,30,50,"(16, 1)",Tanh,0.07434637771768339,11.921768357092162,-0.8720277937796181,27.004219409282697,0.9831096372461589
10,"20MA, 50MA, RSI, MACD, ATR, Williams_%R",16,2,0.8,0.0005,32,60,30,50,"(25, 1)",Tanh,0.06244759311925243,9.225171856035962,-0.32076050399368916,24.47257383966245,1.1897581627876996
11,"20MA, 50MA, RSI, MACD, ATR, Williams_%R",32,2,0.4,0.001,64,60,30,150,"(25, 1)",Tanh,0.05593432767608219,8.25344803100844,-0.05961844444884301,32.48945147679325,1.301836600299999
12,"20MA, 50MA, RSI, MACD, ATR, Williams_%R",32,2,0.2,0.001,64,60,30,150,"(25, 1)",Tanh,0.07042324130741925,10.01738535964587,-0.6796727823847772,25.738396624472575,1.3458405915882714
13,"20MA, 50MA, RSI, MACD, ATR, Williams_%R",32,2,0.5,0.001,64,60,30,150,"(25, 1)",Tanh,0.05580149083340098,8.463183083766463,-0.054591505347157065,36.708860759493675,1.4511784216982242
14,"20MA, 50MA, RSI, MACD, ATR, Williams_%R",32,2,0.5,0.0005,64,60,30,150,"(25, 1)",Tanh,0.054743170083005395,8.227950542199961,-0.014968469439714083,33.33333333333333,1.3664094524037416
15,"20MA, 50MA, RSI, MACD, ATR, Williams_%R",32,3,0.4,0.0001,32,60,30,50,"(25, 1)",Tanh,0.07384978411741085,10.533400930035802,-0.8471030479059323,23.628691983122362,1.2023835841783412
16,"20MA, 50MA, RSI, MACD, ATR, Williams_%R",32,3,0.5,0.001,64,60,30,150,"(25, 1)",Tanh,0.06498941529141886,9.191681469277741,-0.43046726580891836,32.06751054852321,1.421292738297637
17,"20MA, 50MA, RSI, MACD, ATR, Williams_%R",128,2,0.8,0.001,32,60,30,50,"(25, 1)",Tanh,0.05315736764315508,7.901308327465387,0.04298312048085717,40.50632911392405,1.3166817107203248
18,"20MA, 50MA, RSI, MACD, ATR, Williams_%R",16,3,0.2,0.0001,64,60,30,150,"(16, 1)",Sigmoid,0.08383320186413017,12.018812901611858,-1.3802620474029696,21.09704641350211,1.1450712335652902
19,"20MA, 50MA, RSI, MACD, ATR, Williams_%R",32,2,0.7,0.0005,16,60,30,100,"(25, 1)",ReLU,0.07269280354253596,11.08528229717944,-0.7896804828754929,27.848101265822784,0.9634911391992822
20,"20MA, 50MA, RSI, MACD, ATR, Williams_%R",32,2,0.30000000000000004,0.001,64,60,30,150,"(25, 1)",Tanh,0.05729884488331763,8.417631050565534,-0.11194779646422526,33.755274261603375,1.2714706615020028
21,"20MA, 50MA, RSI, MACD, ATR, Williams_%R",128,2,0.8,0.001,32,60,30,50,"(25, 1)",Tanh,0.06665618662306179,10.595433965383585,-0.5047820192626356,31.223628691983123,0.9315407760094928
22,"20MA, 50MA, RSI, MACD, ATR, Williams_%R",128,2,0.7,0.001,32,60,30,50,"(25, 1)",Tanh,0.061596028597642606,9.562939164332048,-0.2849850905073201,37.552742616033754,0.9918168349644167
23,"20MA, 50MA, RSI, MACD, ATR, Williams_%R",128,2,0.8,0.001,32,60,30,50,"(25, 1)",Tanh,0.07038118972747906,9.701622262876903,-0.6776674272041219,28.270042194092827,1.0
24,"20MA, 50MA, RSI, MACD, ATR, Williams_%R",128,2,0.5,0.001,32,60,30,50,"(25, 1)",Tanh,0.05496283658186968,8.102771936689287,-0.023130287318051446,37.552742616033754,1.4298446223736254
0,"20MA, 50MA, RSI, MACD, ATR, OBV",128,3,0.8,0.0001,64,60,1,50,"(25, 1)",Tanh,0.047945920410319885,6.7206769546632765,0.18789389457961292,42.916666666666664,1.2343790215687107
1,"20MA, 50MA, RSI, MACD, ATR, OBV",32,3,0.7,0.0005,32,60,1,100,"(16, 1)",ReLU,0.053095942313839954,7.872005925124892,0.004062418101570153,40.416666666666664,0.7201500526983171
2,"20MA, 50MA, RSI, MACD, ATR, OBV",128,2,0.2,0.0001,32,60,1,150,"(25, 1)",ReLU,0.031859828814951266,4.939184986652696,0.6414115217251504,55.833333333333336,0.7949340809432603
3,"20MA, 50MA, RSI, MACD, ATR, OBV",128,3,0.8,0.0005,16,60,1,150,"(16, 1)",Sigmoid,0.37021335337543637,66.31733166284278,-47.41875455467533,0.0,1.0
4,"20MA, 50MA, RSI, MACD, ATR, OBV",64,2,0.2,0.0005,16,60,1,100,"(16, 1)",Sigmoid,0.3605154378490739,64.51743027183613,-44.91527487102903,0.0,1.0
5,"20MA, 50MA, RSI, MACD, ATR, OBV",16,2,0.5,0.001,64,60,1,150,"(16, 1)",ReLU,0.022333990013746113,3.196684791350894,0.8237853179922571,78.33333333333333,0.9785421381166501
6,"20MA, 50MA, RSI, MACD, ATR, OBV",64,2,0.4,0.001,32,60,1,100,"(16, 1)",Tanh,0.02569070060641286,3.9118349245506807,0.766836078331504,67.5,0.7024194273028121
7,"20MA, 50MA, RSI, MACD, ATR, OBV",32,3,0.2,0.0005,64,60,1,100,"(16, 1)",Tanh,0.0747305682964878,11.793373798450748,-0.9729043260037218,11.666666666666666,1.0217953425634871
8,"20MA, 50MA, RSI, MACD, ATR, OBV",64,2,0.30000000000000004,0.0001,64,60,1,50,"(25, 1)",Tanh,0.043408595211155684,6.71288240748552,0.33432703677166264,45.83333333333333,0.9752579020127278
9,"20MA, 50MA, RSI, MACD, ATR, OBV",64,2,0.30000000000000004,0.0005,32,60,1,150,"(16, 1)",ReLU,0.02984889394623633,4.612987519573449,0.6852498533316926,64.16666666666667,0.828960227777241
10,"20MA, 50MA, RSI, MACD, ATR, OBV",16,2,0.6000000000000001,0.001,64,60,1,150,"(25, 1)",ReLU,0.022909725814234966,3.2329108869458794,0.8145831330589239,76.66666666666667,1.0914887551832402
11,"20MA, 50MA, RSI, MACD, ATR, OBV",16,2,0.6000000000000001,0.001,64,60,1,150,"(25, 1)",ReLU,0.022427544322147195,3.351487815840451,0.8223059432052732,77.5,0.8401703949781392
12,"20MA, 50MA, RSI, MACD, ATR, OBV",16,2,0.5,0.001,64,60,1,150,"(25, 1)",ReLU,0.03813918997489091,5.862884654504877,0.48613103988399775,42.916666666666664,1.2324506337652588
13,"20MA, 50MA, RSI, MACD, ATR, OBV",16,2,0.6000000000000001,0.001,64,60,1,150,"(25, 1)",ReLU,0.028307702432302156,4.100889191000438,0.7169138000296503,63.74999999999999,1.0298585575984915
14,"20MA, 50MA, RSI, MACD, ATR, OBV",16,2,0.5,0.001,64,60,1,150,"(16, 1)",ReLU,0.020135659623934155,2.8913294823635907,0.8567676301064281,82.91666666666667,0.9832748777533292
15,"20MA, 50MA, RSI, MACD, ATR, OBV",16,2,0.5,0.001,64,60,1,150,"(16, 1)",ReLU,0.026439559383657833,3.8931705277988518,0.7530449668028555,68.75,0.7383312698595299
16,"20MA, 50MA, RSI, MACD, ATR, OBV",16,2,0.4,0.001,16,60,1,50,"(16, 1)",Sigmoid,0.0459712571202367,7.243664109916885,0.2534099196070392,38.75,0.6791371693537469
17,"20MA, 50MA, RSI, MACD, ATR, OBV",16,3,0.5,0.001,64,60,1,150,"(16, 1)",ReLU,0.07613655876792405,12.1071776977592,-1.047839626453785,10.833333333333334,1.0079350271628986
18,"20MA, 50MA, RSI, MACD, ATR, OBV",16,2,0.4,0.001,64,60,1,150,"(16, 1)",ReLU,0.02360064983174808,3.3716033125127463,0.8032306832084924,76.66666666666667,1.1228389216074155
19,"20MA, 50MA, RSI, MACD, ATR, OBV",32,2,0.7,0.001,16,60,1,50,"(16, 1)",Sigmoid,0.06932842252979288,9.808145392128491,-0.6979781306517083,29.166666666666668,1.237655089616242
20,"20MA, 50MA, RSI, MACD, ATR, OBV",16,3,0.5,0.0001,64,60,1,150,"(16, 1)",ReLU,0.034760338964896,5.437592079521605,0.5855457298421864,47.30290456431535,0.9613070691453138
21,"20MA, 50MA, RSI, MACD, ATR, OBV",16,2,0.6000000000000001,0.001,64,60,1,150,"(25, 1)",ReLU,0.058304559609846596,9.023306293175594,-0.2009211514590512,19.166666666666668,1.1066357124649544
22,"20MA, 50MA, RSI, MACD, ATR, OBV",16,2,0.6000000000000001,0.001,64,60,1,150,"(25, 1)",ReLU,0.023689565548462417,3.4521904670541654,0.8017452289580855,72.5,1.098434125545207
23,"20MA, 50MA, RSI, MACD, ATR, OBV",16,2,0.7,0.001,64,60,1,150,"(25, 1)",ReLU,0.021880472487327197,3.1360558773207243,0.8308691439153254,79.58333333333333,0.9672324430315151
24,"20MA, 50MA, RSI, MACD, ATR, OBV",16,2,0.7,0.001,64,60,1,150,"(16, 1)",ReLU,0.022191757416316585,3.2588491943374804,0.8260225952854726,78.33333333333333,0.82775534197885
0,"20MA, 50MA, RSI, MACD, ATR, OBV",128,2,0.7,0.0005,64,60,30,150,"(25, 1)",ReLU,0.06588501162390355,9.331910514653586,-0.4701644556474516,27.004219409282697,1.1890203984355159
1,"20MA, 50MA, RSI, MACD, ATR, OBV",32,2,0.8,0.001,32,60,30,150,"(25, 1)",Tanh,0.06738953716112336,10.230079169069835,-0.5380753498973809,32.91139240506329,1.0253741670724215
2,"20MA, 50MA, RSI, MACD, ATR, OBV",16,2,0.2,0.001,32,60,30,50,"(25, 1)",ReLU,0.05664910376837639,8.491451072029209,-0.08687287824308032,41.77215189873418,1.3921321009234813
3,"20MA, 50MA, RSI, MACD, ATR, OBV",32,3,0.8,0.001,64,60,30,100,"(16, 1)",Tanh,0.061484745836337756,8.835875190798218,-0.2803462357132096,31.645569620253166,1.3643605762710511
4,"20MA, 50MA, RSI, MACD, ATR, OBV",64,2,0.7,0.0001,32,60,30,100,"(25, 1)",Tanh,0.05384968146024835,8.199382038325927,0.017892693510924373,35.0210970464135,1.0240928275692578
5,"20MA, 50MA, RSI, MACD, ATR, OBV",32,2,0.8,0.001,16,60,30,50,"(16, 1)",ReLU,0.07414460245605596,11.966849160361992,-0.8618802564447663,25.738396624472575,0.8287106788923485
6,"20MA, 50MA, RSI, MACD, ATR, OBV",64,3,0.6000000000000001,0.001,64,60,30,100,"(25, 1)",ReLU,0.13093159302082574,21.03916633586365,-4.806060655220758,1.6877637130801686,1.0
7,"20MA, 50MA, RSI, MACD, ATR, OBV",128,2,0.6000000000000001,0.0005,16,60,30,50,"(16, 1)",ReLU,0.06775433478385526,10.957564923200653,-0.5547724488829593,29.11392405063291,0.993967595710209
8,"20MA, 50MA, RSI, MACD, ATR, OBV",32,2,0.5,0.0005,64,60,30,100,"(25, 1)",Sigmoid,0.05387599045911288,8.284705141534273,0.016932815155910608,37.130801687763714,1.3061403693190519
9,"20MA, 50MA, RSI, MACD, ATR, OBV",32,2,0.30000000000000004,0.0001,16,60,30,100,"(16, 1)",Sigmoid,0.06804501911368696,11.086275019622013,-0.5681418510927136,24.47257383966245,0.975784582593422
10,"20MA, 50MA, RSI, MACD, ATR, OBV",64,3,0.4,0.0001,32,60,30,100,"(25, 1)",Tanh,0.057735251076637496,8.496219173224768,-0.12895019351329773,32.06751054852321,1.3634935643440413
11,"20MA, 50MA, RSI, MACD, ATR, OBV",64,2,0.5,0.0005,32,60,30,100,"(25, 1)",Sigmoid,0.0729202694094492,11.773445331271805,-0.8008983235728004,26.160337552742618,0.9195113724986744
12,"20MA, 50MA, RSI, MACD, ATR, OBV",16,2,0.5,0.0001,64,60,30,100,"(25, 1)",Sigmoid,0.3652543898887252,65.84270980127121,-44.183883300791614,0.0,1.0
13,"20MA, 50MA, RSI, MACD, ATR, OBV",64,2,0.6000000000000001,0.0001,32,60,30,100,"(25, 1)",Sigmoid,0.07280732325493766,11.82660245527371,-0.7953238237695377,27.42616033755274,1.0367336108571725
14,"20MA, 50MA, RSI, MACD, ATR, OBV",32,3,0.4,0.0005,64,60,30,150,"(25, 1)",Tanh,0.08393237146031676,13.780527438941956,-1.3858967896532217,23.628691983122362,0.9723165906566166
15,"20MA, 50MA, RSI, MACD, ATR, OBV",64,2,0.7,0.0001,32,60,30,100,"(25, 1)",Sigmoid,0.07407848313931861,12.095720485120044,-0.8585610300787945,28.270042194092827,0.9137715868972096
16,"20MA, 50MA, RSI, MACD, ATR, OBV",16,2,0.4,0.0005,64,60,30,100,"(25, 1)",Tanh,0.05530546910303252,8.374674000982353,-0.03592622004530277,37.130801687763714,1.3360253237529574
17,"20MA, 50MA, RSI, MACD, ATR, OBV",128,3,0.7,0.0001,32,60,30,100,"(25, 1)",Sigmoid,0.076498415765276,12.455548822172362,-0.9819721485401918,29.535864978902953,0.9366665922927355
18,"20MA, 50MA, RSI, MACD, ATR, OBV",32,2,0.5,0.0005,64,60,30,50,"(16, 1)",Tanh,0.05550427171893985,8.339709082610153,-0.04338714546114253,33.33333333333333,1.2416193936808648
19,"20MA, 50MA, RSI, MACD, ATR, OBV",64,2,0.30000000000000004,0.0001,16,60,30,150,"(25, 1)",Sigmoid,0.08969136033037306,14.373564695324035,-1.7245443805895242,29.11392405063291,0.9861274234625742
20,"20MA, 50MA, RSI, MACD, ATR, OBV",64,3,0.6000000000000001,0.0005,64,60,30,100,"(25, 1)",Tanh,0.06891329500639126,9.72286173118565,-0.6084171534437983,28.691983122362867,1.4525233960979729
21,"20MA, 50MA, RSI, MACD, ATR, OBV",16,2,0.4,0.0005,64,60,30,100,"(25, 1)",Tanh,0.05750649943582543,8.618369888613174,-0.12002193556213725,25.31645569620253,1.2617797943968374
22,"20MA, 50MA, RSI, MACD, ATR, OBV",16,2,0.30000000000000004,0.0005,64,60,30,100,"(25, 1)",Tanh,0.054576455448301774,8.24329202680811,-0.008795920737126428,39.24050632911392,1.3019077823684324
23,"20MA, 50MA, RSI, MACD, ATR, OBV",16,2,0.2,0.0005,64,60,30,100,"(25, 1)",Tanh,0.055680498873622516,8.341531003388791,-0.05002321301430812,33.33333333333333,1.2487365442598928
24,"20MA, 50MA, RSI, MACD, ATR, OBV",16,2,0.30000000000000004,0.0005,64,60,30,100,"(25, 1)",Tanh,0.0540902113259917,8.226551660506134,0.009099560229869352,35.86497890295359,1.1742764739112268
0,"20MA, 50MA, RSI, MACD, Williams_%R, OBV",32,2,0.6000000000000001,0.001,32,60,1,100,"(25, 1)",Sigmoid,0.03920017266036694,5.7375532517319305,0.45714303401917167,49.583333333333336,0.7642715220043835
1,"20MA, 50MA, RSI, MACD, Williams_%R, OBV",32,3,0.4,0.0005,16,60,1,100,"(25, 1)",Tanh,0.0561454560162675,9.171456180547844,-0.11362425747410176,26.25,0.7337817550256946
2,"20MA, 50MA, RSI, MACD, Williams_%R, OBV",32,3,0.7,0.0001,32,60,1,150,"(25, 1)",ReLU,0.031684816365650306,4.797937948380365,0.6453402985302032,56.25,0.987823666690921
3,"20MA, 50MA, RSI, MACD, Williams_%R, OBV",128,3,0.6000000000000001,0.0001,64,60,1,100,"(16, 1)",ReLU,0.06584296735388895,11.356688902293662,-0.5315396523104348,13.333333333333334,0.6927337802438351
4,"20MA, 50MA, RSI, MACD, Williams_%R, OBV",32,2,0.2,0.0001,32,60,1,50,"(16, 1)",ReLU,0.037320100628955515,5.349350289145486,0.5079660526590892,52.083333333333336,1.0450473388368537
5,"20MA, 50MA, RSI, MACD, Williams_%R, OBV",32,3,0.4,0.0001,32,60,1,150,"(16, 1)",ReLU,0.029000099990031274,4.410091136459259,0.7028960362390981,62.916666666666664,0.8379271484527567
6,"20MA, 50MA, RSI, MACD, Williams_%R, OBV",128,2,0.5,0.0005,64,60,1,150,"(16, 1)",ReLU,0.07968841269318915,13.222077933793702,-1.2433643172819075,2.9166666666666665,1.0
7,"20MA, 50MA, RSI, MACD, Williams_%R, OBV",64,3,0.30000000000000004,0.0005,64,60,1,50,"(16, 1)",Tanh,0.05842251539255395,8.509334698553541,-0.20578522681942757,24.583333333333332,1.1907267012674212
8,"20MA, 50MA, RSI, MACD, Williams_%R, OBV",64,2,0.8,0.0005,32,60,1,50,"(25, 1)",Tanh,0.03353545265972925,5.002140591322177,0.6027006990822883,57.49999999999999,0.7046966193333364
9,"20MA, 50MA, RSI, MACD, Williams_%R, OBV",32,3,0.2,0.0001,32,60,1,150,"(25, 1)",Tanh,0.02580211208618243,3.7305410246795447,0.7648093944532779,72.08333333333333,1.1312529540789116
10,"20MA, 50MA, RSI, MACD, Williams_%R, OBV",16,3,0.2,0.001,16,60,1,150,"(25, 1)",Sigmoid,0.025968318747471113,3.8254463014406945,0.7617696319039267,74.16666666666667,0.7266447346249582
11,"20MA, 50MA, RSI, MACD, Williams_%R, OBV",16,3,0.2,0.001,16,60,1,150,"(25, 1)",Sigmoid,0.04665677456674196,7.8385869967008315,0.2309777952993085,27.083333333333332,0.7650925119540457
12,"20MA, 50MA, RSI, MACD, Williams_%R, OBV",16,3,0.2,0.001,16,60,1,150,"(25, 1)",Sigmoid,0.027565045591678602,4.102961029529291,0.7315725748339864,67.08333333333333,0.7323376654885441
13,"20MA, 50MA, RSI, MACD, Williams_%R, OBV",16,3,0.30000000000000004,0.001,16,60,1,150,"(25, 1)",Sigmoid,0.02592510680445081,3.7794179640536876,0.7625618150346541,70.83333333333334,0.8533186555252857
14,"20MA, 50MA, RSI, MACD, Williams_%R, OBV",16,3,0.30000000000000004,0.0001,16,60,1,150,"(25, 1)",Tanh,0.02961317141013413,4.340612342226664,0.6902015102925686,68.33333333333333,0.9603640315995472
15,"20MA, 50MA, RSI, MACD, Williams_%R, OBV",16,3,0.30000000000000004,0.001,32,60,1,150,"(25, 1)",Sigmoid,0.03283172698207875,5.382914334835697,0.6192000255287973,51.24999999999999,0.7985346140249668
16,"20MA, 50MA, RSI, MACD, Williams_%R, OBV",64,3,0.4,0.001,16,60,1,150,"(25, 1)",Tanh,0.023815699231125722,3.5439101570368545,0.7996284170296795,72.5,0.7685313165279102
17,"20MA, 50MA, RSI, MACD, Williams_%R, OBV",64,2,0.4,0.0001,16,60,1,150,"(25, 1)",Tanh,0.036120234624872925,5.643795540014116,0.5390958902295402,50.83333333333333,0.7510423292953012
18,"20MA, 50MA, RSI, MACD, Williams_%R, OBV",64,3,0.5,0.001,32,60,1,100,"(25, 1)",Tanh,0.07213902574135397,10.19048864852765,-0.8384422864661747,25.833333333333336,1.237655089616242
19,"20MA, 50MA, RSI, MACD, Williams_%R, OBV",64,3,0.5,0.0001,64,60,1,50,"(25, 1)",Tanh,0.03081369204076249,4.487134158177749,0.6645738395838907,61.25000000000001,1.1134928512436937
20,"20MA, 50MA, RSI, MACD, Williams_%R, OBV",128,2,0.4,0.001,16,60,1,150,"(25, 1)",Tanh,0.26445225846054554,43.02662445798438,-23.706089815070598,4.166666666666666,1.1053046435963931
21,"20MA, 50MA, RSI, MACD, Williams_%R, OBV",16,3,0.30000000000000004,0.001,16,60,1,150,"(25, 1)",Sigmoid,0.034078693533972367,5.435257057439421,0.5897247401301438,51.66666666666667,0.712588256721747
22,"20MA, 50MA, RSI, MACD, Williams_%R, OBV",32,3,0.30000000000000004,0.001,16,60,1,150,"(25, 1)",Tanh,0.04193346479900051,6.040777175617992,0.3788007092899838,50.416666666666664,0.7335795190660245
23,"20MA, 50MA, RSI, MACD, Williams_%R, OBV",64,3,0.4,0.001,16,60,1,150,"(25, 1)",Tanh,0.1114176950290445,17.152032436067486,-3.3854866635753957,8.75,1.0507589282623393
24,"20MA, 50MA, RSI, MACD, Williams_%R, OBV",32,3,0.2,0.001,16,60,1,150,"(25, 1)",Sigmoid,0.02832990849976067,4.149829659622609,0.7164694900828976,66.66666666666666,0.8753223688624016
0,"20MA, 50MA, RSI, MACD, Williams_%R, OBV",64,3,0.4,0.0005,16,60,30,50,"(25, 1)",Sigmoid,0.22419460781390865,39.2461317904641,-16.023270132792092,0.0,1.0
1,"20MA, 50MA, RSI, MACD, Williams_%R, OBV",32,2,0.7,0.001,16,60,30,50,"(16, 1)",ReLU,0.06610093069976204,10.711464840349356,-0.4798163232283381,29.11392405063291,0.9124513304432794
2,"20MA, 50MA, RSI, MACD, Williams_%R, OBV",16,2,0.5,0.0001,32,60,30,100,"(25, 1)",ReLU,0.057351898080373935,8.60635662575842,-0.11400786229307092,42.616033755274266,1.1645424491829863
3,"20MA, 50MA, RSI, MACD, Williams_%R, OBV",16,2,0.5,0.001,32,60,30,150,"(16, 1)",Sigmoid,0.10667916111465464,18.12046004586887,-2.8543562097455353,17.29957805907173,0.8708129990772054
4,"20MA, 50MA, RSI, MACD, Williams_%R, OBV",64,2,0.30000000000000004,0.0005,32,60,30,50,"(25, 1)",Sigmoid,0.0802539463779827,11.392071401467774,-1.1813505296010618,23.20675105485232,1.193765376829509
5,"20MA, 50MA, RSI, MACD, Williams_%R, OBV",16,2,0.5,0.0005,64,60,30,50,"(25, 1)",Sigmoid,0.06515116102586142,10.546333436735289,-0.43759642359234663,28.691983122362867,1.1731708344225615
6,"20MA, 50MA, RSI, MACD, Williams_%R, OBV",128,3,0.8,0.0005,64,60,30,150,"(25, 1)",ReLU,0.38057788809402954,68.70252336335335,-48.05460334390953,0.0,1.0
7,"20MA, 50MA, RSI, MACD, Williams_%R, OBV",16,3,0.8,0.001,16,60,30,100,"(16, 1)",ReLU,0.10021364385763087,16.842538417086214,-2.401311224441524,18.9873417721519,0.9116779053334181
8,"20MA, 50MA, RSI, MACD, Williams_%R, OBV",128,2,0.4,0.001,64,60,30,150,"(16, 1)",Tanh,0.05254538320192858,8.092393421851007,0.06489195804565961,35.0210970464135,1.2856103794098332
9,"20MA, 50MA, RSI, MACD, Williams_%R, OBV",16,3,0.2,0.0001,64,60,30,100,"(16, 1)",Sigmoid,0.09943286089556835,14.76587700712311,-2.3485172079381247,14.345991561181433,1.061620694708647
10,"20MA, 50MA, RSI, MACD, Williams_%R, OBV",128,2,0.30000000000000004,0.001,64,60,30,150,"(16, 1)",Tanh,0.06039090069522563,8.604725215644063,-0.23519543679322474,31.645569620253166,1.319576002014407
11,"20MA, 50MA, RSI, MACD, Williams_%R, OBV",128,2,0.6000000000000001,0.0001,32,60,30,100,"(25, 1)",Tanh,0.05906766106445293,8.696042262870272,-0.18165912533519424,45.9915611814346,1.0102940984555588
12,"20MA, 50MA, RSI, MACD, Williams_%R, OBV",32,2,0.4,0.0001,32,60,30,150,"(25, 1)",Tanh,0.05677605224303018,8.42322531820705,-0.0917496175124739,44.303797468354425,1.1098664481817713
13,"20MA, 50MA, RSI, MACD, Williams_%R, OBV",32,2,0.4,0.0001,32,60,30,150,"(16, 1)",Tanh,0.05553883979956089,8.513990767219418,-0.044687193958085514,28.691983122362867,1.3232911882959502
14,"20MA, 50MA, RSI, MACD, Williams_%R, OBV",32,2,0.30000000000000004,0.001,64,60,30,150,"(16, 1)",Tanh,0.05281749226474723,8.197244551267968,0.055181867363211956,38.39662447257383,0.9774008034638695
15,"20MA, 50MA, RSI, MACD, Williams_%R, OBV",128,2,0.2,0.001,64,60,30,150,"(16, 1)",Tanh,0.05258428429093237,8.07000267977827,0.06350686255688376,37.9746835443038,1.105027497238811
16,"20MA, 50MA, RSI, MACD, Williams_%R, OBV",128,2,0.2,0.001,64,60,30,150,"(16, 1)",Tanh,0.05468771488866623,8.086048023652594,-0.012913171401334855,33.33333333333333,1.4077751026477647
17,"20MA, 50MA, RSI, MACD, Williams_%R, OBV",128,3,0.2,0.001,64,60,30,150,"(16, 1)",Tanh,0.055440280549193574,8.154892207058023,-0.040982679155032065,35.0210970464135,1.2660689950905675
18,"20MA, 50MA, RSI, MACD, Williams_%R, OBV",128,2,0.6000000000000001,0.001,64,60,30,150,"(16, 1)",Tanh,0.055770811475709926,8.013463141453778,-0.05343220671738491,32.91139240506329,1.3775298767304742
19,"20MA, 50MA, RSI, MACD, Williams_%R, OBV",128,2,0.30000000000000004,0.001,64,60,30,150,"(16, 1)",Tanh,0.05971492639528384,9.500193571930108,-0.2076983346001886,35.44303797468354,1.0614413462881118
20,"20MA, 50MA, RSI, MACD, Williams_%R, OBV",128,3,0.2,0.001,64,60,30,150,"(16, 1)",Tanh,0.05360817684836728,8.508875885554296,0.026682033699215624,36.708860759493675,0.9635431257010819
21,"20MA, 50MA, RSI, MACD, Williams_%R, OBV",32,2,0.30000000000000004,0.001,64,60,30,150,"(16, 1)",Tanh,0.06069271350102851,9.738434717488522,-0.2475724456914805,32.91139240506329,1.1263852382117836
22,"20MA, 50MA, RSI, MACD, Williams_%R, OBV",32,2,0.4,0.001,64,60,30,150,"(16, 1)",Tanh,0.05262763657815968,7.8996025623240635,0.0619620719152808,41.35021097046413,1.1333026312931342
23,"20MA, 50MA, RSI, MACD, Williams_%R, OBV",64,2,0.4,0.001,64,60,30,150,"(16, 1)",Tanh,0.05413658826253809,8.454628687554457,0.007399636100731466,38.39662447257383,1.0195398661965895
24,"20MA, 50MA, RSI, MACD, Williams_%R, OBV",32,2,0.6000000000000001,0.001,64,60,30,150,"(16, 1)",Tanh,0.06193223545844498,9.739499765312368,-0.2990509273243853,36.708860759493675,1.16202403107415
0,"20MA, 50MA, RSI, Upper_BB, Lower_BB, CCI",32,3,0.4,0.001,32,60,1,100,"(25, 1)",Sigmoid,0.08087870530804134,11.524018833270423,-1.3108823541901273,21.666666666666668,1.2795394901724444
1,"20MA, 50MA, RSI, Upper_BB, Lower_BB, CCI",128,2,0.4,0.0001,32,60,1,150,"(25, 1)",Sigmoid,0.05932881416750748,9.028932477445457,-0.2434856884283947,34.583333333333336,0.6528301990622591
2,"20MA, 50MA, RSI, Upper_BB, Lower_BB, CCI",16,3,0.5,0.0005,32,60,1,100,"(25, 1)",Tanh,0.02753860278243554,4.178407505692552,0.7320873260739593,61.25000000000001,0.9686929184458881
3,"20MA, 50MA, RSI, Upper_BB, Lower_BB, CCI",128,2,0.2,0.0001,32,60,1,100,"(25, 1)",Sigmoid,0.060384562056604314,9.055637336368957,-0.28813475214359996,38.333333333333336,0.754590703581825
4,"20MA, 50MA, RSI, Upper_BB, Lower_BB, CCI",16,2,0.30000000000000004,0.001,16,60,1,50,"(25, 1)",Sigmoid,0.09469009233519146,14.008221294395376,-2.1675139437326405,15.416666666666668,1.044666104125071
5,"20MA, 50MA, RSI, Upper_BB, Lower_BB, CCI",16,2,0.7,0.001,32,60,1,50,"(16, 1)",Tanh,0.033469208470379985,5.103272825713223,0.6042687575796726,54.166666666666664,0.7944647208782862
6,"20MA, 50MA, RSI, Upper_BB, Lower_BB, CCI",64,3,0.30000000000000004,0.001,32,60,1,150,"(25, 1)",ReLU,0.08588719028456149,12.385756608978427,-1.6059510049399504,20.416666666666668,1.0423826704009536
7,"20MA, 50MA, RSI, Upper_BB, Lower_BB, CCI",128,3,0.5,0.0001,16,60,1,50,"(25, 1)",Tanh,0.05558632295256463,8.991743506755318,-0.09155430777319085,30.0,0.6621973356856213
8,"20MA, 50MA, RSI, Upper_BB, Lower_BB, CCI",16,2,0.6000000000000001,0.0001,16,60,1,100,"(16, 1)",Tanh,0.02847650291578887,4.373058490081391,0.7135276149323533,62.5,0.7794561716259716
9,"20MA, 50MA, RSI, Upper_BB, Lower_BB, CCI",16,3,0.2,0.0005,32,60,1,50,"(16, 1)",ReLU,0.05303691150158731,8.69871202329521,0.006275706749554466,32.5,0.6853696698070626
10,"20MA, 50MA, RSI, Upper_BB, Lower_BB, CCI",32,3,0.8,0.0005,64,60,1,100,"(16, 1)",Tanh,0.04340813767985185,6.209015700316643,0.33434106922824114,46.25,1.1994756013225076
11,"20MA, 50MA, RSI, Upper_BB, Lower_BB, CCI",16,2,0.6000000000000001,0.0005,16,60,1,100,"(16, 1)",Tanh,0.022088909436376643,3.264974055276678,0.8276314594333136,78.75,0.8542339838847767
12,"20MA, 50MA, RSI, Upper_BB, Lower_BB, CCI",16,3,0.6000000000000001,0.0005,64,60,1,100,"(16, 1)",Tanh,0.04039781308871711,5.720998239334469,0.4234656785391425,51.24999999999999,1.2675575069363663
13,"20MA, 50MA, RSI, Upper_BB, Lower_BB, CCI",64,2,0.6000000000000001,0.0005,16,60,1,100,"(16, 1)",Tanh,0.02261964673086036,3.3463096159344152,0.8192488408397314,80.0,0.7662059645441192
14,"20MA, 50MA, RSI, Upper_BB, Lower_BB, CCI",64,2,0.7,0.0005,16,60,1,100,"(16, 1)",Tanh,0.019202508421888413,2.836447268868502,0.8697357078769716,85.0,0.8259382758842742
15,"20MA, 50MA, RSI, Upper_BB, Lower_BB, CCI",64,2,0.8,0.0005,16,60,1,100,"(16, 1)",Tanh,0.019414640279227246,2.8834334772314767,0.8668417276850086,85.41666666666666,0.6777920924847747
16,"20MA, 50MA, RSI, Upper_BB, Lower_BB, CCI",64,2,0.8,0.0005,16,60,1,150,"(16, 1)",ReLU,0.02115588980688549,3.095030772446168,0.841885373014012,81.66666666666667,0.7685596094278678
17,"20MA, 50MA, RSI, Upper_BB, Lower_BB, CCI",64,2,0.7,0.0005,16,60,1,100,"(16, 1)",Tanh,0.020804575716654387,3.0777577711459947,0.8470930653833693,82.08333333333333,0.7148412624597142
18,"20MA, 50MA, RSI, Upper_BB, Lower_BB, CCI",64,2,0.8,0.0005,16,60,1,100,"(16, 1)",Tanh,0.020027201084803496,2.94589244359842,0.8583064856195428,82.91666666666667,0.7408746915615122
19,"20MA, 50MA, RSI, Upper_BB, Lower_BB, CCI",64,2,0.7,0.0005,64,60,1,150,"(16, 1)",ReLU,0.038829117262672914,6.228040135410328,0.4673713906867374,45.83333333333333,0.6929436597778201
20,"20MA, 50MA, RSI, Upper_BB, Lower_BB, CCI",64,2,0.7,0.0005,16,60,1,100,"(16, 1)",Tanh,0.020306697087117943,2.9975837105441987,0.8543239904906519,81.25,0.7521413249267335
21,"20MA, 50MA, RSI, Upper_BB, Lower_BB, CCI",64,2,0.8,0.0005,16,60,1,100,"(16, 1)",Tanh,0.02172797037888403,3.2164778742624813,0.8332185380648718,80.41666666666667,0.6938371471665531
22,"20MA, 50MA, RSI, Upper_BB, Lower_BB, CCI",64,2,0.8,0.0005,16,60,1,100,"(16, 1)",Tanh,0.020720681002057824,3.070361888936084,0.8483237772334092,82.91666666666667,0.7300178406516455
23,"20MA, 50MA, RSI, Upper_BB, Lower_BB, CCI",64,2,0.8,0.0005,16,60,1,100,"(16, 1)",Tanh,0.02263098827530651,3.3930771979525813,0.8190675372794717,78.33333333333333,0.6919792606627069
24,"20MA, 50MA, RSI, Upper_BB, Lower_BB, CCI",64,2,0.7,0.0005,16,60,1,100,"(16, 1)",Tanh,0.019585487857534677,2.883926120533086,0.8644878476982785,85.83333333333333,0.7432030141151945
0,"20MA, 50MA, RSI, Upper_BB, Lower_BB, CCI",64,2,0.5,0.001,16,60,30,50,"(16, 1)",Sigmoid,0.30333078445237266,54.22095943693016,-30.16202281949838,0.0,1.0
1,"20MA, 50MA, RSI, Upper_BB, Lower_BB, CCI",16,2,0.8,0.0005,64,60,30,100,"(16, 1)",Sigmoid,0.0605194542954899,9.868178165777126,-0.24045973405689525,28.270042194092827,1.02388282123806
2,"20MA, 50MA, RSI, Upper_BB, Lower_BB, CCI",64,3,0.6000000000000001,0.0001,16,60,30,100,"(25, 1)",Sigmoid,0.07312829249937611,11.908756327462385,-0.8111879946628437,27.004219409282697,0.9982292579804612
3,"20MA, 50MA, RSI, Upper_BB, Lower_BB, CCI",128,3,0.4,0.0005,16,60,30,100,"(25, 1)",ReLU,0.3424450857238606,61.56424868810241,-38.71682663725839,0.0,1.0
4,"20MA, 50MA, RSI, Upper_BB, Lower_BB, CCI",64,2,0.6000000000000001,0.001,32,60,30,100,"(16, 1)",Sigmoid,0.0900595492340347,13.062940212531334,-1.7469591593780844,18.565400843881857,1.1743057645571795
5,"20MA, 50MA, RSI, Upper_BB, Lower_BB, CCI",64,3,0.2,0.0001,16,60,30,100,"(16, 1)",ReLU,0.06275138718946964,10.189939075397234,-0.33364219119095506,27.42616033755274,1.046276016683185
6,"20MA, 50MA, RSI, Upper_BB, Lower_BB, CCI",64,2,0.2,0.001,16,60,30,100,"(16, 1)",ReLU,0.08717438590042097,14.535122648785343,-1.5737742888417134,14.767932489451477,0.7862306605850595
7,"20MA, 50MA, RSI, Upper_BB, Lower_BB, CCI",128,2,0.6000000000000001,0.001,64,60,30,150,"(25, 1)",Sigmoid,0.08240286693928578,11.750778025144365,-1.2997324240546742,23.20675105485232,1.212113888645966
8,"20MA, 50MA, RSI, Upper_BB, Lower_BB, CCI",128,3,0.2,0.001,32,60,30,50,"(16, 1)",ReLU,0.3749416994040409,67.64845862982489,-46.61240857104017,0.0,1.0
9,"20MA, 50MA, RSI, Upper_BB, Lower_BB, CCI",128,2,0.2,0.0005,32,60,30,50,"(25, 1)",Tanh,0.06099624745130498,9.279198996619337,-0.260082267442721,41.35021097046413,1.0218273657347499
10,"20MA, 50MA, RSI, Upper_BB, Lower_BB, CCI",16,2,0.8,0.0005,64,60,30,150,"(16, 1)",Tanh,0.058429377718582684,9.11316694675295,-0.15625916144866436,37.130801687763714,1.0478394372089777
11,"20MA, 50MA, RSI, Upper_BB, Lower_BB, CCI",16,2,0.8,0.0005,64,60,30,150,"(16, 1)",Tanh,0.055400098361864554,8.366719057844627,-0.03947425235269719,40.50632911392405,1.1124476114531925
12,"20MA, 50MA, RSI, Upper_BB, Lower_BB, CCI",16,2,0.8,0.0005,64,60,30,150,"(16, 1)",Tanh,0.05388174129918622,8.336184164522097,0.01672293450797757,38.81856540084388,1.2078260531463927
13,"20MA, 50MA, RSI, Upper_BB, Lower_BB, CCI",16,2,0.8,0.0005,64,60,30,150,"(16, 1)",Tanh,0.05645010264386112,8.602471622545025,-0.07925019711249415,40.08438818565401,1.1384419660931389
14,"20MA, 50MA, RSI, Upper_BB, Lower_BB, CCI",32,2,0.7,0.0005,64,60,30,150,"(16, 1)",Tanh,0.05676922524835291,8.844347193090025,-0.09148708003687256,36.28691983122363,1.0800096626826015
15,"20MA, 50MA, RSI, Upper_BB, Lower_BB, CCI",16,2,0.7,0.0005,64,60,30,150,"(16, 1)",Tanh,0.055159616193828885,8.34278247821739,-0.030469485927902662,39.66244725738397,1.0787472048514912
16,"20MA, 50MA, RSI, Upper_BB, Lower_BB, CCI",16,2,0.7,0.0005,64,60,30,150,"(16, 1)",Tanh,0.05398488408491136,8.285395132977383,0.012954867532012027,37.9746835443038,1.020251121943156
17,"20MA, 50MA, RSI, Upper_BB, Lower_BB, CCI",32,3,0.7,0.0001,64,60,30,150,"(16, 1)",Tanh,0.06240131937137257,8.966385547192546,-0.31880385869152494,31.223628691983123,1.3470640107393725
18,"20MA, 50MA, RSI, Upper_BB, Lower_BB, CCI",16,2,0.4,0.0005,64,60,30,150,"(25, 1)",Tanh,0.05677010293391408,8.56821856884744,-0.09152083036027947,41.35021097046413,1.1576913081570583
19,"20MA, 50MA, RSI, Upper_BB, Lower_BB, CCI",16,2,0.7,0.0005,64,60,30,150,"(16, 1)",Tanh,0.05397269627345712,8.217675062016383,0.013400494570668053,35.44303797468354,1.2452411952466031
20,"20MA, 50MA, RSI, Upper_BB, Lower_BB, CCI",16,3,0.5,0.0001,32,60,30,150,"(16, 1)",Tanh,0.0571655434129326,8.736894050379851,-0.1067800881020784,40.08438818565401,1.1781112015103707
21,"20MA, 50MA, RSI, Upper_BB, Lower_BB, CCI",16,2,0.7,0.0005,64,60,30,150,"(16, 1)",Tanh,0.05441749624578368,8.335775072791177,-0.002928047290931435,39.66244725738397,1.2738465093884157
22,"20MA, 50MA, RSI, Upper_BB, Lower_BB, CCI",16,2,0.7,0.0005,64,60,30,150,"(16, 1)",Tanh,0.06304993764037492,9.8030336828344,-0.34636244013805784,37.9746835443038,0.9930410075867009
23,"20MA, 50MA, RSI, Upper_BB, Lower_BB, CCI",16,2,0.6000000000000001,0.0005,64,60,30,150,"(16, 1)",Tanh,0.05466037415372355,8.30484582878067,-0.011900627068898384,38.81856540084388,1.2132577496050496
24,"20MA, 50MA, RSI, Upper_BB, Lower_BB, CCI",32,2,0.8,0.0005,64,60,30,150,"(16, 1)",Tanh,0.0539636006841975,8.374460368464508,0.013732994088061057,37.9746835443038,1.2027267894156186
0,"20MA, 50MA, RSI, Upper_BB, Lower_BB, ATR",64,2,0.6000000000000001,0.0005,16,60,1,150,"(25, 1)",Sigmoid,0.05297209214990668,8.124675030534974,0.008703193627321526,33.33333333333333,0.7757772919597807
1,"20MA, 50MA, RSI, Upper_BB, Lower_BB, ATR",32,2,0.4,0.0001,16,60,1,100,"(25, 1)",Sigmoid,0.05081099437701251,7.745386473339856,0.0879369879176507,35.41666666666667,0.6928518230200945
2,"20MA, 50MA, RSI, Upper_BB, Lower_BB, ATR",16,2,0.7,0.001,64,60,1,100,"(25, 1)",ReLU,0.03742790639041765,5.852720687410122,0.5051192914166045,47.91666666666667,0.7708769248294846
3,"20MA, 50MA, RSI, Upper_BB, Lower_BB, ATR",32,3,0.4,0.001,32,60,1,50,"(25, 1)",Sigmoid,0.11602121568371263,18.071661633390647,-3.755369618117819,6.25,1.0334632541177224
4,"20MA, 50MA, RSI, Upper_BB, Lower_BB, ATR",32,3,0.6000000000000001,0.001,32,60,1,50,"(25, 1)",Tanh,0.03838142534368958,5.906256687435015,0.47958278668617205,43.75,0.9540658026916627
5,"20MA, 50MA, RSI, Upper_BB, Lower_BB, ATR",16,2,0.7,0.0005,64,60,1,50,"(25, 1)",ReLU,0.04168350726275591,5.997016581344785,0.38618434271942925,47.91666666666667,1.0002404248118875
6,"20MA, 50MA, RSI, Upper_BB, Lower_BB, ATR",16,3,0.6000000000000001,0.001,32,60,1,100,"(16, 1)",Tanh,0.03225295831731431,4.603391772755197,0.6325074274622903,59.166666666666664,1.2570143731779722
7,"20MA, 50MA, RSI, Upper_BB, Lower_BB, ATR",16,3,0.8,0.0005,64,60,1,150,"(16, 1)",Tanh,0.052204669529390256,8.123568120792196,0.03721756795777653,39.166666666666664,0.7343902034966892
8,"20MA, 50MA, RSI, Upper_BB, Lower_BB, ATR",32,3,0.4,0.001,32,60,1,150,"(16, 1)",ReLU,0.025966973591605047,4.029735237573993,0.7617943118749652,71.25,0.7601970715543025
9,"20MA, 50MA, RSI, Upper_BB, Lower_BB, ATR",64,2,0.7,0.001,16,60,1,50,"(16, 1)",Sigmoid,0.3337243931164556,59.5389437479108,-38.344620367510956,0.0,1.0
10,"20MA, 50MA, RSI, Upper_BB, Lower_BB, ATR",128,3,0.2,0.0001,32,60,1,150,"(16, 1)",ReLU,0.04253520631707347,6.551903391391523,0.3608444819856875,41.66666666666667,0.8096793887149509
11,"20MA, 50MA, RSI, Upper_BB, Lower_BB, ATR",128,3,0.4,0.001,32,60,1,100,"(16, 1)",Tanh,0.11982237820658165,18.81552520736988,-4.072071014481526,6.25,1.0334632541177224
12,"20MA, 50MA, RSI, Upper_BB, Lower_BB, ATR",32,3,0.30000000000000004,0.001,32,60,1,150,"(16, 1)",ReLU,0.02015858549544543,3.01517181971888,0.8564412840768094,82.91666666666667,0.887995688992219
13,"20MA, 50MA, RSI, Upper_BB, Lower_BB, ATR",32,3,0.2,0.001,32,60,1,150,"(16, 1)",ReLU,0.02753595374658127,4.233393977087774,0.7321388665351711,64.16666666666667,0.7128664367232783
14,"20MA, 50MA, RSI, Upper_BB, Lower_BB, ATR",32,3,0.30000000000000004,0.001,32,60,1,150,"(16, 1)",ReLU,0.021056789315390814,3.1996507941270265,0.8433632156102308,80.0,0.9467089309985091
15,"20MA, 50MA, RSI, Upper_BB, Lower_BB, ATR",32,3,0.30000000000000004,0.0001,32,60,1,150,"(16, 1)",ReLU,0.03372932363482091,5.264391467409119,0.5980937867053245,50.83333333333333,0.7812215351041815
16,"20MA, 50MA, RSI, Upper_BB, Lower_BB, ATR",32,3,0.30000000000000004,0.001,32,60,1,150,"(16, 1)",ReLU,0.025431642310113335,3.8619769920835814,0.7715146976472758,67.91666666666667,0.6455004633223017
17,"20MA, 50MA, RSI, Upper_BB, Lower_BB, ATR",32,3,0.30000000000000004,0.001,32,60,1,150,"(16, 1)",ReLU,0.08704090173736505,12.609191097622169,-1.6764320295426844,19.583333333333332,1.0917870500920754
18,"20MA, 50MA, RSI, Upper_BB, Lower_BB, ATR",128,3,0.5,0.0001,64,60,1,150,"(16, 1)",ReLU,0.0471654083716746,7.522198246207837,0.21411924563774398,35.0,0.7324327004075388
19,"20MA, 50MA, RSI, Upper_BB, Lower_BB, ATR",64,3,0.2,0.0005,16,60,1,150,"(16, 1)",ReLU,0.05143195058013911,8.16961231314674,0.06550830478482805,27.916666666666668,0.6976630904805567
20,"20MA, 50MA, RSI, Upper_BB, Lower_BB, ATR",32,2,0.5,0.001,32,60,1,150,"(16, 1)",ReLU,0.021086108714863664,3.1542059849249995,0.8429267109111718,82.91666666666667,0.691142721994929
21,"20MA, 50MA, RSI, Upper_BB, Lower_BB, ATR",32,2,0.5,0.001,32,60,1,150,"(16, 1)",ReLU,0.03198655261125253,5.045551357029055,0.6385532473348308,58.333333333333336,0.6616555204202775
22,"20MA, 50MA, RSI, Upper_BB, Lower_BB, ATR",32,2,0.30000000000000004,0.001,32,60,1,150,"(16, 1)",ReLU,0.02079336226007969,3.0847006564838506,0.8472578515548794,81.66666666666667,0.9334868645533184
23,"20MA, 50MA, RSI, Upper_BB, Lower_BB, ATR",32,2,0.30000000000000004,0.001,32,60,1,150,"(16, 1)",ReLU,0.08022868004736883,13.14606544369539,-1.2738863228351613,21.25,0.9380744540716469
24,"20MA, 50MA, RSI, Upper_BB, Lower_BB, ATR",32,2,0.30000000000000004,0.001,32,60,1,150,"(16, 1)",ReLU,0.019784039737783483,2.9848056313013798,0.8617263565021164,84.58333333333333,0.7653612138392888
0,"20MA, 50MA, RSI, Upper_BB, Lower_BB, ATR",32,2,0.5,0.0001,16,60,30,150,"(25, 1)",ReLU,0.05765137667973821,8.677302983462544,-0.12567243045568377,30.801687763713083,1.5136199528414853
1,"20MA, 50MA, RSI, Upper_BB, Lower_BB, ATR",32,2,0.2,0.001,16,60,30,50,"(25, 1)",ReLU,0.08623864780435313,14.151785825572674,-1.518816568268551,27.42616033755274,0.996082155948736
2,"20MA, 50MA, RSI, Upper_BB, Lower_BB, ATR",16,2,0.8,0.0005,64,60,30,50,"(25, 1)",ReLU,0.05775221172462107,8.6884136559641,-0.12961358507878495,30.37974683544304,1.3808931907585345
3,"20MA, 50MA, RSI, Upper_BB, Lower_BB, ATR",128,2,0.30000000000000004,0.0005,32,60,30,100,"(25, 1)",ReLU,0.06295375532097779,8.95090574502191,-0.3422578368924243,33.33333333333333,1.3820731523924763
4,"20MA, 50MA, RSI, Upper_BB, Lower_BB, ATR",128,2,0.8,0.0001,16,60,30,50,"(16, 1)",Sigmoid,0.05878133434836126,9.659754105631734,-0.17023085718842013,27.004219409282697,1.1958189348459465
5,"20MA, 50MA, RSI, Upper_BB, Lower_BB, ATR",32,3,0.7,0.0005,64,60,30,100,"(25, 1)",Tanh,0.06354961948469055,10.399665497612215,-0.36778732126807134,25.738396624472575,1.1285258882775258
6,"20MA, 50MA, RSI, Upper_BB, Lower_BB, ATR",64,2,0.30000000000000004,0.0005,64,60,30,50,"(16, 1)",Sigmoid,0.06099752956169227,8.753609374041877,-0.2601352405881392,31.223628691983123,1.3694204679802637
7,"20MA, 50MA, RSI, Upper_BB, Lower_BB, ATR",32,3,0.8,0.0005,64,60,30,100,"(16, 1)",Tanh,0.060193394039441045,9.044474063418859,-0.22712930807897003,31.645569620253166,1.3070583091684005
8,"20MA, 50MA, RSI, Upper_BB, Lower_BB, ATR",16,2,0.2,0.0005,32,60,30,50,"(16, 1)",Tanh,0.05448468304270062,8.277133435637776,-0.0054061150215769516,34.59915611814346,1.2080504246096513
9,"20MA, 50MA, RSI, Upper_BB, Lower_BB, ATR",32,2,0.2,0.0005,32,60,30,100,"(16, 1)",ReLU,0.06594899258866525,9.334620807184791,-0.47302119680902854,30.37974683544304,1.2943733451325852
10,"20MA, 50MA, RSI, Upper_BB, Lower_BB, ATR",16,3,0.5,0.001,32,60,30,150,"(16, 1)",Tanh,0.0612917144975757,10.048081928925349,-0.27231956224412723,28.270042194092827,1.1834805422772368
11,"20MA, 50MA, RSI, Upper_BB, Lower_BB, ATR",16,2,0.5,0.0001,16,60,30,150,"(25, 1)",Tanh,0.055783933763188985,8.464488166035618,-0.05392798815379396,40.92827004219409,1.3309904044836798
12,"20MA, 50MA, RSI, Upper_BB, Lower_BB, ATR",16,2,0.5,0.0001,32,60,30,150,"(16, 1)",Tanh,0.05645016680584995,8.510022103771963,-0.0792526504961093,37.130801687763714,1.2311797455565674
13,"20MA, 50MA, RSI, Upper_BB, Lower_BB, ATR",16,2,0.6000000000000001,0.0001,16,60,30,150,"(25, 1)",Tanh,0.05646585063163361,8.522890189729237,-0.07985244188501395,40.08438818565401,1.0384081689291207
14,"20MA, 50MA, RSI, Upper_BB, Lower_BB, ATR",16,3,0.4,0.0001,16,60,30,50,"(16, 1)",Tanh,0.06460044304766727,10.669522611598813,-0.4133953487570592,24.47257383966245,1.011242616378933
15,"20MA, 50MA, RSI, Upper_BB, Lower_BB, ATR",64,2,0.4,0.001,32,60,30,150,"(25, 1)",Tanh,0.06796861807748467,9.570707092729297,-0.5646224045911015,26.160337552742618,1.2263694972004011
16,"20MA, 50MA, RSI, Upper_BB, Lower_BB, ATR",16,2,0.6000000000000001,0.0001,16,60,30,150,"(25, 1)",Tanh,0.0572479800466106,8.620548349981487,-0.10997449528665681,31.223628691983123,1.2247276535921363
17,"20MA, 50MA, RSI, Upper_BB, Lower_BB, ATR",16,3,0.30000000000000004,0.0005,32,60,30,50,"(16, 1)",Sigmoid,0.059160676825343296,8.966518900827095,-0.1853836494621084,31.223628691983123,1.3132814306820761
18,"20MA, 50MA, RSI, Upper_BB, Lower_BB, ATR",16,2,0.4,0.0001,16,60,30,50,"(25, 1)",Tanh,0.05474824284042579,8.401160376327068,-0.015156581577822292,37.552742616033754,1.080749619645686
19,"20MA, 50MA, RSI, Upper_BB, Lower_BB, ATR",128,2,0.2,0.001,32,60,30,50,"(16, 1)",Tanh,0.08671740164716522,12.483273132409606,-1.5468606158021219,18.565400843881857,1.1689909299379255
20,"20MA, 50MA, RSI, Upper_BB, Lower_BB, ATR",64,3,0.4,0.0001,16,60,30,50,"(16, 1)",Sigmoid,0.05984899357252293,9.84673299606056,-0.21312727751920035,25.738396624472575,1.2137402100086871
21,"20MA, 50MA, RSI, Upper_BB, Lower_BB, ATR",16,2,0.6000000000000001,0.0001,16,60,30,50,"(25, 1)",Tanh,0.05474190798222433,8.300131305787534,-0.014921669894510936,35.0210970464135,1.2443129809326017
22,"20MA, 50MA, RSI, Upper_BB, Lower_BB, ATR",16,2,0.6000000000000001,0.0001,16,60,30,50,"(25, 1)",Tanh,0.053533632851807816,8.258790331125844,0.029387015300386676,35.0210970464135,1.0464121263808421
23,"20MA, 50MA, RSI, Upper_BB, Lower_BB, ATR",16,2,0.6000000000000001,0.0001,16,60,30,50,"(25, 1)",Tanh,0.05376103389693116,8.230050742307162,0.021123530048741124,35.44303797468354,1.2071704805744092
24,"20MA, 50MA, RSI, Upper_BB, Lower_BB, ATR",16,2,0.7,0.0001,16,60,30,50,"(25, 1)",Tanh,0.05380160394574936,8.272630510094123,0.019645580397790186,34.177215189873415,1.1830632516431026
0,"20MA, 50MA, RSI, Upper_BB, Lower_BB, Williams_%R",128,2,0.4,0.0005,64,60,1,100,"(25, 1)",Tanh,0.03263767453605528,5.207270995156953,0.6236881712332196,56.25,0.7448784303361126
1,"20MA, 50MA, RSI, Upper_BB, Lower_BB, Williams_%R",32,2,0.6000000000000001,0.0001,32,60,1,50,"(16, 1)",Tanh,0.03935798247271179,5.621372996315706,0.4527634311201906,51.24999999999999,1.248695474631184
2,"20MA, 50MA, RSI, Upper_BB, Lower_BB, Williams_%R",128,3,0.8,0.0005,32,60,1,50,"(25, 1)",ReLU,0.09169133493585012,13.42612311616599,-1.9700656336697255,17.083333333333332,1.1073326963721095
3,"20MA, 50MA, RSI, Upper_BB, Lower_BB, Williams_%R",16,2,0.2,0.0005,32,60,1,100,"(25, 1)",ReLU,0.026949455903224007,4.038681360655008,0.7434278827091996,72.91666666666666,0.7928601382850334
4,"20MA, 50MA, RSI, Upper_BB, Lower_BB, Williams_%R",16,3,0.2,0.0001,64,60,1,100,"(25, 1)",Sigmoid,0.045601571246760404,6.959070987145864,0.2653693071405788,39.166666666666664,0.9867701792820446
5,"20MA, 50MA, RSI, Upper_BB, Lower_BB, Williams_%R",16,2,0.5,0.0001,16,60,1,50,"(25, 1)",ReLU,0.029312945695229502,4.182052926649464,0.6964512965889249,67.5,0.9894375512403987
6,"20MA, 50MA, RSI, Upper_BB, Lower_BB, Williams_%R",128,3,0.6000000000000001,0.0001,64,60,1,150,"(16, 1)",Tanh,0.032940675096977866,5.0609723457301765,0.6166685549838749,56.25,0.757469980871985
7,"20MA, 50MA, RSI, Upper_BB, Lower_BB, Williams_%R",16,2,0.6000000000000001,0.0005,64,60,1,100,"(16, 1)",Sigmoid,0.02867180994834711,4.255506774619009,0.7095845788575411,67.08333333333333,0.876344406086516
8,"20MA, 50MA, RSI, Upper_BB, Lower_BB, Williams_%R",32,3,0.5,0.0005,64,60,1,100,"(25, 1)",Tanh,0.03476061640574217,5.193472853745187,0.5731410482361194,57.91666666666667,1.0117646612467814
9,"20MA, 50MA, RSI, Upper_BB, Lower_BB, Williams_%R",128,2,0.8,0.0001,32,60,1,100,"(16, 1)",ReLU,0.05734278315632999,9.196706383689092,-0.16162778360121277,29.583333333333332,0.7261248191388425
10,"20MA, 50MA, RSI, Upper_BB, Lower_BB, Williams_%R",64,2,0.2,0.001,16,60,1,150,"(25, 1)",ReLU,0.02685109738635903,4.0393368138385535,0.7452973082364276,64.16666666666667,0.9204431854025515
11,"20MA, 50MA, RSI, Upper_BB, Lower_BB, Williams_%R",64,2,0.2,0.001,16,60,1,150,"(25, 1)",ReLU,0.030139094101142124,4.536178830537117,0.6790999060709954,61.66666666666667,0.921919800806873
12,"20MA, 50MA, RSI, Upper_BB, Lower_BB, Williams_%R",64,2,0.30000000000000004,0.001,16,60,1,150,"(25, 1)",ReLU,0.03109476422796132,5.000259317300559,0.658426640150017,54.58333333333333,0.694198673387035
13,"20MA, 50MA, RSI, Upper_BB, Lower_BB, Williams_%R",64,2,0.30000000000000004,0.001,16,60,1,150,"(25, 1)",ReLU,0.027818335262134116,4.1835445746933955,0.7266168589743207,67.5,0.8121811895761255
14,"20MA, 50MA, RSI, Upper_BB, Lower_BB, Williams_%R",16,2,0.30000000000000004,0.001,32,60,1,150,"(25, 1)",ReLU,0.01897857375507628,2.8130783183468466,0.8727562091267047,87.08333333333333,0.8459317949120164
15,"20MA, 50MA, RSI, Upper_BB, Lower_BB, Williams_%R",64,2,0.30000000000000004,0.001,16,60,1,150,"(25, 1)",ReLU,0.028924348857517764,4.29215468420534,0.7044461390205834,64.58333333333334,0.6230738234472567
16,"20MA, 50MA, RSI, Upper_BB, Lower_BB, Williams_%R",16,2,0.4,0.001,32,60,1,150,"(25, 1)",Sigmoid,0.03550518345897067,5.606557583908754,0.5546586950696231,47.083333333333336,0.7413952178692876
17,"20MA, 50MA, RSI, Upper_BB, Lower_BB, Williams_%R",64,3,0.4,0.001,16,60,1,150,"(25, 1)",ReLU,0.36686221067693287,65.69566880459003,-46.54615619930572,0.0,1.0
18,"20MA, 50MA, RSI, Upper_BB, Lower_BB, Williams_%R",32,2,0.30000000000000004,0.001,32,60,1,150,"(16, 1)",ReLU,0.03709985155196865,5.976465439561088,0.5137565109667765,43.333333333333336,0.6984616666829151
19,"20MA, 50MA, RSI, Upper_BB, Lower_BB, Williams_%R",64,2,0.2,0.001,32,60,1,150,"(25, 1)",Sigmoid,0.09301732869676088,13.674135911677126,-2.0565899551182842,15.833333333333332,1.1329215064907148
20,"20MA, 50MA, RSI, Upper_BB, Lower_BB, Williams_%R",16,3,0.4,0.001,16,60,1,150,"(25, 1)",ReLU,0.03075506779826034,4.604772157672919,0.6658489479794409,59.583333333333336,0.831398048425049
21,"20MA, 50MA, RSI, Upper_BB, Lower_BB, Williams_%R",16,2,0.2,0.0005,32,60,1,100,"(25, 1)",ReLU,0.05777569492568929,9.482631261225198,-0.17923350753391265,25.0,0.719040109178844
22,"20MA, 50MA, RSI, Upper_BB, Lower_BB, Williams_%R",16,2,0.2,0.0005,32,60,1,100,"(25, 1)",ReLU,0.029499477047269164,4.603226735798968,0.6925757731867851,66.66666666666666,0.7343585989476171
23,"20MA, 50MA, RSI, Upper_BB, Lower_BB, Williams_%R",16,2,0.30000000000000004,0.001,32,60,1,50,"(25, 1)",ReLU,0.02356367386165995,3.390260065388895,0.803846771057551,78.75,1.1408507088053654
24,"20MA, 50MA, RSI, Upper_BB, Lower_BB, Williams_%R",16,2,0.30000000000000004,0.001,32,60,1,50,"(25, 1)",ReLU,0.026135231441006164,4.023240929152577,0.7586973141058275,65.0,0.854755968570049
0,"20MA, 50MA, RSI, Upper_BB, Lower_BB, Williams_%R",32,3,0.4,0.001,16,60,30,150,"(16, 1)",Tanh,0.09695799498750358,16.203534981311822,-2.183903650396553,20.675105485232066,0.9829340437744366
1,"20MA, 50MA, RSI, Upper_BB, Lower_BB, Williams_%R",32,3,0.30000000000000004,0.001,64,60,30,50,"(16, 1)",Sigmoid,0.3596823208042825,64.79161829246434,-42.81581036958658,0.0,1.0
2,"20MA, 50MA, RSI, Upper_BB, Lower_BB, Williams_%R",128,3,0.5,0.0001,64,60,30,100,"(25, 1)",Tanh,0.05472269507056554,8.41006480478423,-0.014209375449912853,40.50632911392405,1.280423716069466
3,"20MA, 50MA, RSI, Upper_BB, Lower_BB, Williams_%R",64,2,0.5,0.0005,64,60,30,50,"(16, 1)",Sigmoid,0.060956929487889173,8.739598455390535,-0.25845830194774977,32.91139240506329,1.422052203568414
4,"20MA, 50MA, RSI, Upper_BB, Lower_BB, Williams_%R",32,3,0.5,0.0005,16,60,30,100,"(25, 1)",Tanh,0.053815060145978415,8.456160814561382,0.01915513051936102,32.91139240506329,1.074736101508243
5,"20MA, 50MA, RSI, Upper_BB, Lower_BB, Williams_%R",32,3,0.6000000000000001,0.001,32,60,30,100,"(25, 1)",ReLU,0.056048006562620836,8.676886238628951,-0.0639298809269,37.552742616033754,1.1203238500969674
6,"20MA, 50MA, RSI, Upper_BB, Lower_BB, Williams_%R",64,3,0.8,0.001,32,60,30,150,"(25, 1)",Tanh,0.05976718357538953,9.869288528435542,-0.20981299931525288,24.050632911392405,1.1483861632909447
7,"20MA, 50MA, RSI, Upper_BB, Lower_BB, Williams_%R",16,2,0.30000000000000004,0.0001,32,60,30,150,"(16, 1)",ReLU,0.0540084442014589,8.134932417469653,0.012093145840413433,40.08438818565401,1.1695399822031707
8,"20MA, 50MA, RSI, Upper_BB, Lower_BB, Williams_%R",16,3,0.4,0.001,16,60,30,100,"(25, 1)",Tanh,0.09422209314690876,15.92182592858764,-2.0067558215825247,14.345991561181433,0.7463874959923786
9,"20MA, 50MA, RSI, Upper_BB, Lower_BB, Williams_%R",32,3,0.4,0.0001,16,60,30,150,"(16, 1)",Tanh,0.06342214283598341,10.078098253401963,-0.3623054295878738,35.44303797468354,1.0235441358587525
10,"20MA, 50MA, RSI, Upper_BB, Lower_BB, Williams_%R",128,2,0.7,0.0005,16,60,30,100,"(25, 1)",ReLU,0.08725511532928727,14.619906114942264,-1.578543477294005,14.345991561181433,0.7604490476142093
11,"20MA, 50MA, RSI, Upper_BB, Lower_BB, Williams_%R",16,2,0.2,0.0001,32,60,30,150,"(16, 1)",ReLU,0.052738169862611275,7.841636652026917,0.058017631179049345,41.35021097046413,1.1162548966476606
12,"20MA, 50MA, RSI, Upper_BB, Lower_BB, Williams_%R",16,2,0.2,0.0005,32,60,30,150,"(25, 1)",ReLU,0.07218015027656641,11.586241367855878,-0.7645266768046302,27.004219409282697,0.8958965259475173
13,"20MA, 50MA, RSI, Upper_BB, Lower_BB, Williams_%R",16,2,0.2,0.0005,16,60,30,100,"(16, 1)",ReLU,0.10030573024511676,16.85640841002209,-2.407565030965394,17.29957805907173,0.8804714748926508
14,"20MA, 50MA, RSI, Upper_BB, Lower_BB, Williams_%R",32,2,0.6000000000000001,0.0001,32,60,30,50,"(25, 1)",Sigmoid,0.05766091906723552,8.43441344569423,-0.12604510122657575,35.44303797468354,1.379327392595332
15,"20MA, 50MA, RSI, Upper_BB, Lower_BB, Williams_%R",16,2,0.8,0.0005,32,60,30,150,"(16, 1)",Tanh,0.062409113704507545,9.691959594260197,-0.3191333337310709,36.708860759493675,1.007721500474558
16,"20MA, 50MA, RSI, Upper_BB, Lower_BB, Williams_%R",128,2,0.30000000000000004,0.0001,16,60,30,100,"(16, 1)",ReLU,0.08867689272673963,14.438252323306605,-1.6632601968084422,27.42616033755274,0.8808836691922856
17,"20MA, 50MA, RSI, Upper_BB, Lower_BB, Williams_%R",64,3,0.6000000000000001,0.0001,16,60,30,150,"(25, 1)",ReLU,0.07265084531292208,11.689206799792814,-0.7876150747606254,27.004219409282697,0.9058275734283752
18,"20MA, 50MA, RSI, Upper_BB, Lower_BB, Williams_%R",32,3,0.2,0.0005,32,60,30,100,"(25, 1)",Tanh,0.0654609365000979,9.96803831161082,-0.4512996583902986,39.24050632911392,0.9294701437123832
19,"20MA, 50MA, RSI, Upper_BB, Lower_BB, Williams_%R",16,2,0.5,0.0005,64,60,30,50,"(16, 1)",Sigmoid,0.05670918364954301,8.411062378569847,-0.08917949267968361,32.48945147679325,1.2300635629840437
20,"20MA, 50MA, RSI, Upper_BB, Lower_BB, Williams_%R",16,3,0.7,0.0001,16,60,30,150,"(16, 1)",ReLU,0.07930649040692696,12.821100147940372,-1.1301497093689412,31.223628691983123,0.8938449032987015
21,"20MA, 50MA, RSI, Upper_BB, Lower_BB, Williams_%R",16,2,0.30000000000000004,0.0001,32,60,30,150,"(16, 1)",ReLU,0.05598283402072037,8.992817718784602,-0.06145704717810907,34.177215189873415,1.0926971622296013
22,"20MA, 50MA, RSI, Upper_BB, Lower_BB, Williams_%R",16,2,0.30000000000000004,0.0001,32,60,30,150,"(16, 1)",ReLU,0.06336678278728343,10.37362494089611,-0.35992820370572476,27.42616033755274,1.2526821539927364
23,"20MA, 50MA, RSI, Upper_BB, Lower_BB, Williams_%R",16,2,0.2,0.0001,32,60,30,150,"(16, 1)",ReLU,0.055898857954145044,8.44251942951605,-0.058274995571304,40.92827004219409,1.0824727252168318
24,"20MA, 50MA, RSI, Upper_BB, Lower_BB, Williams_%R",16,2,0.4,0.0001,32,60,30,150,"(16, 1)",ReLU,0.055674567761776594,8.62621896351493,-0.049799527036313185,37.9746835443038,1.07805159105269
0,"20MA, 50MA, RSI, Upper_BB, Lower_BB, OBV",16,2,0.4,0.0005,16,60,1,150,"(16, 1)",Sigmoid,0.03632155497658518,5.3973077610160995,0.533943766237311,55.00000000000001,0.7476658341065455
1,"20MA, 50MA, RSI, Upper_BB, Lower_BB, OBV",32,3,0.6000000000000001,0.0005,32,60,1,50,"(25, 1)",ReLU,0.07084199212425225,11.836342135359427,-0.7729275388705432,17.916666666666668,0.6896180257773443
2,"20MA, 50MA, RSI, Upper_BB, Lower_BB, OBV",32,2,0.2,0.0001,16,60,1,150,"(25, 1)",Sigmoid,0.03309533070581667,5.131833998340658,0.6130606430575422,54.58333333333333,0.7874511233802477
3,"20MA, 50MA, RSI, Upper_BB, Lower_BB, OBV",64,2,0.5,0.001,64,60,1,150,"(25, 1)",ReLU,0.04156470179657378,5.999404586351564,0.38967832563624594,42.916666666666664,1.2070264075234947
4,"20MA, 50MA, RSI, Upper_BB, Lower_BB, OBV",64,3,0.4,0.001,16,60,1,50,"(25, 1)",Sigmoid,0.3240766164001305,57.74367577902543,-36.10264294527384,0.0,1.0
5,"20MA, 50MA, RSI, Upper_BB, Lower_BB, OBV",128,3,0.2,0.0005,32,60,1,150,"(16, 1)",Tanh,0.03234103421642836,4.7695175842138875,0.6304976004930976,54.58333333333333,0.7319006451023875
6,"20MA, 50MA, RSI, Upper_BB, Lower_BB, OBV",32,3,0.2,0.001,16,60,1,100,"(25, 1)",Sigmoid,0.25581229547636974,44.9921351561475,-22.118107815595693,0.0,1.0
7,"20MA, 50MA, RSI, Upper_BB, Lower_BB, OBV",128,3,0.30000000000000004,0.001,64,60,1,50,"(16, 1)",ReLU,0.09889711681132968,15.237217589933175,-2.455228048354989,9.583333333333334,1.047674613253945
8,"20MA, 50MA, RSI, Upper_BB, Lower_BB, OBV",128,3,0.2,0.0001,32,60,1,150,"(25, 1)",ReLU,0.04193042213835265,6.554095173376333,0.37889085352553953,41.66666666666667,0.6594833065743451
9,"20MA, 50MA, RSI, Upper_BB, Lower_BB, OBV",32,3,0.5,0.0001,64,60,1,100,"(16, 1)",ReLU,0.03610080299313293,5.720387300974461,0.5395916627490844,48.333333333333336,0.7325287599858012
10,"20MA, 50MA, RSI, Upper_BB, Lower_BB, OBV",128,2,0.8,0.0005,32,60,1,150,"(16, 1)",Tanh,0.029535907326598967,4.449511048099071,0.6918159993195359,62.5,0.743647683378144
11,"20MA, 50MA, RSI, Upper_BB, Lower_BB, OBV",128,2,0.8,0.0005,32,60,1,150,"(16, 1)",Tanh,0.027215662861531455,4.048583557375294,0.7383340044870573,66.25,0.6850344576171896
12,"20MA, 50MA, RSI, Upper_BB, Lower_BB, OBV",128,2,0.8,0.0005,32,60,1,150,"(16, 1)",Tanh,0.03198467993411089,4.749129176940634,0.6385955684480709,59.166666666666664,0.6119068505779883
13,"20MA, 50MA, RSI, Upper_BB, Lower_BB, OBV",128,2,0.8,0.0005,32,60,1,150,"(16, 1)",Tanh,0.03200555031400809,4.904632623578902,0.638123773286652,55.00000000000001,0.8019245043689827
14,"20MA, 50MA, RSI, Upper_BB, Lower_BB, OBV",16,2,0.7,0.0005,32,60,1,150,"(16, 1)",Tanh,0.04557401273827354,7.149625430229797,0.2662569611479704,40.0,0.6779768277924686
15,"20MA, 50MA, RSI, Upper_BB, Lower_BB, OBV",128,2,0.7,0.0005,32,60,1,100,"(16, 1)",Tanh,0.029026145140623905,4.3414425702627595,0.7023621351626476,64.16666666666667,0.7342324983750576
16,"20MA, 50MA, RSI, Upper_BB, Lower_BB, OBV",128,2,0.7,0.0005,32,60,1,100,"(16, 1)",Tanh,0.030217555118545545,4.531158686570991,0.6774269346890396,60.416666666666664,0.7125493578614757
17,"20MA, 50MA, RSI, Upper_BB, Lower_BB, OBV",128,2,0.7,0.0005,32,60,1,100,"(16, 1)",Tanh,0.030718652533297402,4.677917039584808,0.6666397766879122,59.583333333333336,0.7614233087833799
18,"20MA, 50MA, RSI, Upper_BB, Lower_BB, OBV",64,2,0.6000000000000001,0.0005,32,60,1,100,"(16, 1)",Tanh,0.030722967973082632,4.732247644669266,0.6665461074087751,59.583333333333336,0.7423650277600186
19,"20MA, 50MA, RSI, Upper_BB, Lower_BB, OBV",16,2,0.6000000000000001,0.0001,64,60,1,100,"(16, 1)",Tanh,0.038484248927526415,5.514450641308985,0.47679066312594676,50.0,0.9525461192253122
20,"20MA, 50MA, RSI, Upper_BB, Lower_BB, OBV",128,2,0.7,0.0005,32,60,1,100,"(16, 1)",Tanh,0.02790591660159347,4.194610244366078,0.7248927477280946,66.25,0.7188378453914768
21,"20MA, 50MA, RSI, Upper_BB, Lower_BB, OBV",128,2,0.7,0.0005,32,60,1,100,"(16, 1)",Tanh,0.030473946371891172,4.640927096051335,0.6719297472864392,59.583333333333336,0.7105529907960936
22,"20MA, 50MA, RSI, Upper_BB, Lower_BB, OBV",128,2,0.8,0.0005,32,60,1,100,"(16, 1)",Tanh,0.029752315888054992,4.423221557519533,0.6872833478214189,62.5,0.6921663339694734
23,"20MA, 50MA, RSI, Upper_BB, Lower_BB, OBV",128,2,0.7,0.0005,32,60,1,100,"(16, 1)",Tanh,0.029208394828921895,4.40678995967152,0.6986127772627205,62.916666666666664,0.73651021081525
24,"20MA, 50MA, RSI, Upper_BB, Lower_BB, OBV",128,2,0.6000000000000001,0.0005,32,60,1,100,"(16, 1)",Tanh,0.027793539098114415,4.2034027130377085,0.7271040076077959,66.25,0.6997605238739921
0,"20MA, 50MA, RSI, Upper_BB, Lower_BB, OBV",16,3,0.7,0.0001,64,60,30,100,"(25, 1)",Sigmoid,0.08720111585134355,12.566063549509398,-1.575352904100677,18.143459915611814,1.1689909299379255
1,"20MA, 50MA, RSI, Upper_BB, Lower_BB, OBV",16,2,0.4,0.001,16,60,30,50,"(25, 1)",ReLU,0.07081353877534388,11.552399652417801,-0.6983424336826176,28.270042194092827,0.9083550067774014
2,"20MA, 50MA, RSI, Upper_BB, Lower_BB, OBV",16,2,0.6000000000000001,0.001,16,60,30,50,"(16, 1)",Sigmoid,0.06831538046524142,9.612537191740739,-0.5806279145783855,30.801687763713083,1.325742290184386
3,"20MA, 50MA, RSI, Upper_BB, Lower_BB, OBV",32,3,0.2,0.0005,32,60,30,150,"(16, 1)",Sigmoid,0.06646504238217896,10.744390614145818,-0.49616412421780764,29.957805907172997,0.9992524786870226
4,"20MA, 50MA, RSI, Upper_BB, Lower_BB, OBV",64,2,0.6000000000000001,0.001,32,60,30,100,"(25, 1)",ReLU,0.0618802636734628,9.267235377600363,-0.29687158834022,42.616033755274266,1.0817938306910184
5,"20MA, 50MA, RSI, Upper_BB, Lower_BB, OBV",32,3,0.8,0.0005,32,60,30,150,"(16, 1)",Sigmoid,0.06203596175016686,10.089989323085632,-0.3034059638544069,27.004219409282697,1.0184753984038186
6,"20MA, 50MA, RSI, Upper_BB, Lower_BB, OBV",32,3,0.2,0.0005,64,60,30,100,"(16, 1)",Sigmoid,0.055338049430735586,8.939164372263567,-0.03714710317088543,30.37974683544304,1.0686721784621256
7,"20MA, 50MA, RSI, Upper_BB, Lower_BB, OBV",16,2,0.8,0.0005,64,60,30,100,"(16, 1)",ReLU,0.055250155967764815,8.373164646502474,-0.033855116628925375,33.33333333333333,1.1972887585524241
8,"20MA, 50MA, RSI, Upper_BB, Lower_BB, OBV",64,3,0.6000000000000001,0.0001,16,60,30,50,"(25, 1)",Tanh,0.05637368742347612,8.739965786090567,-0.07633026187240288,35.86497890295359,1.1172052825039176
9,"20MA, 50MA, RSI, Upper_BB, Lower_BB, OBV",16,3,0.7,0.0005,32,60,30,50,"(25, 1)",Tanh,0.10007634733976828,16.802301206537187,-2.3919977562650043,19.831223628691983,0.8961444647200929
10,"20MA, 50MA, RSI, Upper_BB, Lower_BB, OBV",128,2,0.4,0.0005,64,60,30,100,"(16, 1)",ReLU,0.06128279740523909,8.771318089528409,-0.2719493795591472,31.645569620253166,1.3364397854772503
11,"20MA, 50MA, RSI, Upper_BB, Lower_BB, OBV",32,2,0.2,0.0005,64,60,30,100,"(16, 1)",ReLU,0.06841839362763265,11.22432039058616,-0.5853983847618913,28.270042194092827,0.9204662590119269
12,"20MA, 50MA, RSI, Upper_BB, Lower_BB, OBV",128,3,0.4,0.0005,64,60,30,100,"(16, 1)",Sigmoid,0.059778598010981725,8.622524250757966,-0.21027514761797317,32.06751054852321,1.3104676854836264
13,"20MA, 50MA, RSI, Upper_BB, Lower_BB, OBV",32,2,0.30000000000000004,0.0005,64,60,30,100,"(16, 1)",ReLU,0.06554920512550255,10.425692342094777,-0.4552162108166522,32.91139240506329,0.9140122721518297
14,"20MA, 50MA, RSI, Upper_BB, Lower_BB, OBV",16,3,0.8,0.0005,64,60,30,100,"(16, 1)",Tanh,0.05442968281813352,8.567037551028783,-0.0033773007338473437,34.59915611814346,1.127441551132024
15,"20MA, 50MA, RSI, Upper_BB, Lower_BB, OBV",16,2,0.8,0.0001,64,60,30,100,"(16, 1)",Tanh,0.057760163756005976,8.502400940418767,-0.1299246845445441,32.48945147679325,1.2698384459440735
16,"20MA, 50MA, RSI, Upper_BB, Lower_BB, OBV",16,3,0.8,0.0005,64,60,30,150,"(16, 1)",Tanh,0.057496304626011734,9.279533715854136,-0.1196248535418929,31.223628691983123,1.2095389727297656
17,"20MA, 50MA, RSI, Upper_BB, Lower_BB, OBV",16,2,0.7,0.0005,64,60,30,100,"(16, 1)",Tanh,0.05584854159501108,8.343132693974905,-0.05637067833391707,33.755274261603375,1.1997765131920324
18,"20MA, 50MA, RSI, Upper_BB, Lower_BB, OBV",16,3,0.5,0.0001,64,60,30,100,"(16, 1)",ReLU,0.053841491635933304,8.291889695090163,0.018191401857634792,34.177215189873415,1.2634538778676256
19,"20MA, 50MA, RSI, Upper_BB, Lower_BB, OBV",128,3,0.5,0.0001,16,60,30,150,"(16, 1)",Tanh,0.09643984091280132,16.165078122735515,-2.1499643260263777,14.767932489451477,0.7991068323308057
20,"20MA, 50MA, RSI, Upper_BB, Lower_BB, OBV",64,3,0.5,0.0001,64,60,30,100,"(16, 1)",ReLU,0.06154647854762262,8.827904339656113,-0.28291854604617295,29.957805907172997,1.3643605762710511
21,"20MA, 50MA, RSI, Upper_BB, Lower_BB, OBV",16,3,0.7,0.0001,64,60,30,100,"(16, 1)",ReLU,0.09010233247794326,13.064233346169571,-1.7495696929609301,18.143459915611814,1.086978354373892
22,"20MA, 50MA, RSI, Upper_BB, Lower_BB, OBV",16,3,0.8,0.0001,64,60,30,100,"(16, 1)",ReLU,0.054324511046738994,8.596581426537034,0.0004965052623838728,29.11392405063291,1.0464387907117356
23,"20MA, 50MA, RSI, Upper_BB, Lower_BB, OBV",16,3,0.6000000000000001,0.0001,64,60,30,100,"(16, 1)",ReLU,0.05559315722153477,8.363050016477878,-0.04673161777891388,33.33333333333333,1.2223937730345658
24,"20MA, 50MA, RSI, Upper_BB, Lower_BB, OBV",16,3,0.5,0.0001,64,60,30,100,"(16, 1)",ReLU,0.061352471705322556,8.787482983681375,-0.2748432605554971,30.37974683544304,1.3364397854772503
0,"20MA, 50MA, RSI, Upper_BB, CCI, ATR",64,2,0.30000000000000004,0.0001,64,60,1,100,"(25, 1)",Sigmoid,0.040169261504227234,5.622535194239304,0.4299707382351594,49.583333333333336,1.1705917575185523
1,"20MA, 50MA, RSI, Upper_BB, CCI, ATR",32,2,0.6000000000000001,0.0001,64,60,1,150,"(25, 1)",Sigmoid,0.04146800014552327,6.40101370558423,0.39251488916619615,45.0,0.7170224807782146
2,"20MA, 50MA, RSI, Upper_BB, CCI, ATR",128,2,0.5,0.0005,32,60,1,50,"(25, 1)",ReLU,0.09279095054837465,13.626942497640734,-2.0417302900722745,16.25,1.1618458457999445
3,"20MA, 50MA, RSI, Upper_BB, CCI, ATR",64,3,0.2,0.001,64,60,1,50,"(25, 1)",Tanh,0.3780761414522079,67.77712447784062,-49.49728157187228,0.0,1.0
4,"20MA, 50MA, RSI, Upper_BB, CCI, ATR",64,3,0.7,0.0001,64,60,1,100,"(25, 1)",ReLU,0.033821158186943166,5.252129878156853,0.5959022738697097,56.666666666666664,0.8509687658949561
5,"20MA, 50MA, RSI, Upper_BB, CCI, ATR",16,3,0.5,0.0005,32,60,1,50,"(16, 1)",Sigmoid,0.03295158685222532,5.093229301729902,0.6164145521934841,50.83333333333333,0.976526636311769
6,"20MA, 50MA, RSI, Upper_BB, CCI, ATR",64,3,0.5,0.0005,64,60,1,50,"(25, 1)",Tanh,0.06597303394277167,10.864193712871112,-0.5375964537843618,22.5,0.7201802252815804
7,"20MA, 50MA, RSI, Upper_BB, CCI, ATR",64,3,0.8,0.0001,32,60,1,50,"(25, 1)",ReLU,0.059052383490320826,8.400952613248855,-0.23192514039956147,32.083333333333336,1.2749002284042334
8,"20MA, 50MA, RSI, Upper_BB, CCI, ATR",64,3,0.5,0.001,32,60,1,150,"(16, 1)",ReLU,0.24842993150150888,43.6025505086995,-20.80305219746408,0.0,1.0
9,"20MA, 50MA, RSI, Upper_BB, CCI, ATR",64,3,0.30000000000000004,0.0001,32,60,1,100,"(16, 1)",Sigmoid,0.04575076104284932,7.073636542814694,0.2605546184092461,36.25,0.8458872234293185
10,"20MA, 50MA, RSI, Upper_BB, CCI, ATR",16,2,0.4,0.0005,16,60,1,50,"(16, 1)",Sigmoid,0.044020869800218285,6.849946612222428,0.31541607957323914,35.833333333333336,0.8531172909904104
11,"20MA, 50MA, RSI, Upper_BB, CCI, ATR",16,3,0.8,0.0005,16,60,1,100,"(16, 1)",ReLU,0.04141748739559619,6.695246343669188,0.393993959968457,41.66666666666667,0.7461298979498824
12,"20MA, 50MA, RSI, Upper_BB, CCI, ATR",16,3,0.7,0.0001,64,60,1,100,"(16, 1)",Sigmoid,0.3622576773110462,64.85630948699126,-45.360130706070976,0.0,1.0
13,"20MA, 50MA, RSI, Upper_BB, CCI, ATR",32,3,0.6000000000000001,0.0005,32,60,1,100,"(16, 1)",ReLU,0.026081419730812683,4.03063737212727,0.7596899620912223,67.5,0.8723311427384562
14,"20MA, 50MA, RSI, Upper_BB, CCI, ATR",32,3,0.6000000000000001,0.0005,32,60,1,150,"(16, 1)",Tanh,0.02730561894709085,4.193493257288529,0.7366013735616532,65.0,0.7722226099318219
15,"20MA, 50MA, RSI, Upper_BB, CCI, ATR",32,3,0.6000000000000001,0.0005,32,60,1,150,"(16, 1)",Tanh,0.03843604054344876,5.877764599753381,0.4781006680846991,47.083333333333336,0.9943927190392499
16,"20MA, 50MA, RSI, Upper_BB, CCI, ATR",32,3,0.6000000000000001,0.0005,32,60,1,150,"(16, 1)",Tanh,0.025559131401463625,3.827467833561461,0.7692181572837833,71.66666666666667,0.8001766093400732
17,"20MA, 50MA, RSI, Upper_BB, CCI, ATR",32,2,0.7,0.0005,32,60,1,150,"(16, 1)",Tanh,0.03809750983467232,5.716264930408719,0.48725358218238757,47.083333333333336,1.1640815957570185
18,"20MA, 50MA, RSI, Upper_BB, CCI, ATR",32,3,0.4,0.001,16,60,1,100,"(16, 1)",Tanh,0.058376232233000196,8.94533129745652,-0.20387550266967236,37.083333333333336,0.8555636242456843
19,"20MA, 50MA, RSI, Upper_BB, CCI, ATR",128,3,0.6000000000000001,0.0005,32,60,1,150,"(16, 1)",ReLU,0.039435013576373,6.081873297762888,0.45061924149623545,44.166666666666664,0.9598777687494857
20,"20MA, 50MA, RSI, Upper_BB, CCI, ATR",32,2,0.7,0.0005,32,60,1,150,"(16, 1)",Tanh,0.020960356904025333,3.1747559881544913,0.8447946090882725,82.08333333333333,0.9731135686847207
21,"20MA, 50MA, RSI, Upper_BB, CCI, ATR",32,2,0.7,0.0005,32,60,1,150,"(16, 1)",Tanh,0.040028589239254675,6.047671706772267,0.4339562185187533,46.666666666666664,0.8487022691399023
22,"20MA, 50MA, RSI, Upper_BB, CCI, ATR",32,2,0.8,0.0005,32,60,1,150,"(16, 1)",Tanh,0.0319036780006173,4.867438944820058,0.6404237804966016,61.66666666666667,0.7901854353093608
23,"20MA, 50MA, RSI, Upper_BB, CCI, ATR",32,2,0.6000000000000001,0.0005,32,60,1,150,"(16, 1)",Tanh,0.047115253529972353,7.841794946019949,0.2157897397226124,29.166666666666668,0.7239626122466929
24,"20MA, 50MA, RSI, Upper_BB, CCI, ATR",32,2,0.7,0.0005,32,60,1,150,"(16, 1)",Tanh,0.033140605337436554,5.135087043105626,0.6120012477163774,52.5,0.7298378220116292
0,"20MA, 50MA, RSI, Upper_BB, CCI, ATR",16,3,0.6000000000000001,0.0005,16,60,30,150,"(16, 1)",Sigmoid,0.05962338339332998,8.560924401563407,-0.20399836890562573,30.37974683544304,1.3862643796121457
1,"20MA, 50MA, RSI, Upper_BB, CCI, ATR",128,3,0.2,0.0001,32,60,30,150,"(25, 1)",Tanh,0.05932662517507472,8.899436998826184,-0.19204308490575306,38.39662447257383,1.2509969212814454
2,"20MA, 50MA, RSI, Upper_BB, CCI, ATR",128,3,0.6000000000000001,0.0005,64,60,30,50,"(25, 1)",ReLU,0.12659693805982136,20.153710174385285,-4.427990366689051,4.219409282700422,1.0
3,"20MA, 50MA, RSI, Upper_BB, CCI, ATR",128,2,0.30000000000000004,0.0005,16,60,30,150,"(25, 1)",Sigmoid,0.06509908789823891,9.20549862810848,-0.4352992972092511,32.06751054852321,1.3776371601093702
4,"20MA, 50MA, RSI, Upper_BB, CCI, ATR",64,3,0.8,0.0005,16,60,30,100,"(25, 1)",Sigmoid,0.13081732122066544,21.015110042905686,-4.7959304878081115,1.6877637130801686,1.0
5,"20MA, 50MA, RSI, Upper_BB, CCI, ATR",64,2,0.2,0.001,64,60,30,100,"(16, 1)",Tanh,0.05329388443517453,8.279121633278862,0.038061257570338736,36.28691983122363,1.1969518356696496
6,"20MA, 50MA, RSI, Upper_BB, CCI, ATR",32,3,0.4,0.001,32,60,30,100,"(16, 1)",Sigmoid,0.09038763232665291,13.12045057658137,-1.7670097245152339,18.9873417721519,1.2321159473748664
7,"20MA, 50MA, RSI, Upper_BB, CCI, ATR",32,2,0.2,0.0005,64,60,30,150,"(25, 1)",ReLU,0.05542371681489206,8.428499821283385,-0.04036074923029376,39.24050632911392,1.2739602139766497
8,"20MA, 50MA, RSI, Upper_BB, CCI, ATR",64,2,0.4,0.001,16,60,30,100,"(16, 1)",Sigmoid,0.0688934039412463,9.691559556022641,-0.6074887835800804,30.801687763713083,1.4175412893783614
9,"20MA, 50MA, RSI, Upper_BB, CCI, ATR",64,2,0.4,0.0001,64,60,30,50,"(16, 1)",ReLU,0.07292123934689766,10.275684623630951,-0.800946232620755,27.42616033755274,1.3245652722019905
10,"20MA, 50MA, RSI, Upper_BB, CCI, ATR",16,2,0.7,0.001,64,60,30,100,"(16, 1)",Tanh,0.06275344825240085,9.136956600092663,-0.33372979931398117,24.47257383966245,1.325441697796073
11,"20MA, 50MA, RSI, Upper_BB, CCI, ATR",32,2,0.2,0.001,64,60,30,150,"(25, 1)",ReLU,0.0537547716895228,8.23257788432772,0.021351560278956017,39.24050632911392,1.1536719737182768
12,"20MA, 50MA, RSI, Upper_BB, CCI, ATR",32,2,0.2,0.001,64,60,30,150,"(25, 1)",Tanh,0.05454921299907259,8.384950572105165,-0.007789068517222608,33.33333333333333,1.3690444601065577
13,"20MA, 50MA, RSI, Upper_BB, CCI, ATR",32,2,0.30000000000000004,0.001,64,60,30,100,"(16, 1)",Tanh,0.05556830248731418,8.349977125786271,-0.04579587598058232,34.177215189873415,1.2816311807084122
14,"20MA, 50MA, RSI, Upper_BB, CCI, ATR",64,2,0.30000000000000004,0.001,64,60,30,50,"(25, 1)",ReLU,0.05977142259712293,8.656857690084774,-0.20998461876120422,30.801687763713083,1.3523748242363798
15,"20MA, 50MA, RSI, Upper_BB, CCI, ATR",32,2,0.5,0.001,64,60,30,150,"(16, 1)",Tanh,0.062443116466028424,9.314563762729795,-0.3205711492228642,27.004219409282697,1.3851911955723752
16,"20MA, 50MA, RSI, Upper_BB, CCI, ATR",64,2,0.2,0.001,32,60,30,100,"(16, 1)",ReLU,0.08827053485833807,12.748956595218083,-1.6389075824393005,18.565400843881857,1.1743057645571795
17,"20MA, 50MA, RSI, Upper_BB, CCI, ATR",16,2,0.30000000000000004,0.0001,64,60,30,150,"(25, 1)",ReLU,0.05382191644645416,8.347270107903324,0.01890518578181799,35.0210970464135,1.1063557352331237
18,"20MA, 50MA, RSI, Upper_BB, CCI, ATR",64,2,0.5,0.001,64,60,30,100,"(25, 1)",Tanh,0.05718117833171812,8.436982978773152,-0.10738558512557295,32.06751054852321,1.2921139650471918
19,"20MA, 50MA, RSI, Upper_BB, CCI, ATR",32,2,0.2,0.001,32,60,30,50,"(16, 1)",ReLU,0.06588888959257573,10.200117637383192,-0.4703375274690469,27.42616033755274,0.9594890729006657
20,"20MA, 50MA, RSI, Upper_BB, CCI, ATR",64,3,0.5,0.0001,64,60,30,150,"(25, 1)",Tanh,0.05374219149520984,8.250270441687114,0.021809571596367983,33.755274261603375,1.098228051094743
21,"20MA, 50MA, RSI, Upper_BB, CCI, ATR",64,3,0.8,0.0001,64,60,30,150,"(25, 1)",Tanh,0.06173502232811119,8.850798819010304,-0.29079086694018286,31.223628691983123,1.3797491114654157
22,"20MA, 50MA, RSI, Upper_BB, CCI, ATR",64,3,0.5,0.0001,64,60,30,150,"(25, 1)",Tanh,0.053591368979018346,8.239275645019532,0.027292270330182666,33.33333333333333,1.1346895968275075
23,"20MA, 50MA, RSI, Upper_BB, CCI, ATR",64,3,0.5,0.0001,64,60,30,150,"(25, 1)",Tanh,0.05589461798930308,8.367920701283424,-0.0581144599623209,33.33333333333333,1.141182788526737
24,"20MA, 50MA, RSI, Upper_BB, CCI, ATR",64,3,0.6000000000000001,0.0001,64,60,30,150,"(25, 1)",Tanh,0.05958579474447537,9.388854368254854,-0.2024807627703269,37.9746835443038,1.180550437403678
0,"20MA, 50MA, RSI, Upper_BB, CCI, Williams_%R",64,3,0.8,0.001,32,60,1,50,"(16, 1)",Sigmoid,0.04933675805933663,8.204899170754617,0.14009460818815622,29.583333333333332,0.7632286270061492
1,"20MA, 50MA, RSI, Upper_BB, CCI, Williams_%R",16,3,0.6000000000000001,0.001,16,60,1,100,"(25, 1)",Sigmoid,0.07540458490841417,10.64425868377299,-1.0086532065852927,27.500000000000004,1.1930083070106894
2,"20MA, 50MA, RSI, Upper_BB, CCI, Williams_%R",64,2,0.7,0.0005,16,60,1,50,"(16, 1)",Tanh,0.03696088665453671,5.757801286839103,0.5173923328822422,49.166666666666664,0.6185971247583242
3,"20MA, 50MA, RSI, Upper_BB, CCI, Williams_%R",64,2,0.2,0.0001,64,60,1,50,"(16, 1)",ReLU,0.04017304306349838,6.548753512511928,0.4298634073645552,43.333333333333336,0.8174294969183515
4,"20MA, 50MA, RSI, Upper_BB, CCI, Williams_%R",64,2,0.2,0.001,32,60,1,150,"(25, 1)",ReLU,0.03230665096729791,5.0594677289275225,0.6312828530300573,55.833333333333336,0.704545527972942
5,"20MA, 50MA, RSI, Upper_BB, CCI, Williams_%R",128,2,0.6000000000000001,0.0005,64,60,1,50,"(16, 1)",ReLU,0.06579501023914162,10.688246378164878,-0.5293094528655187,24.166666666666668,0.6657746111701587
6,"20MA, 50MA, RSI, Upper_BB, CCI, Williams_%R",64,2,0.30000000000000004,0.001,32,60,1,150,"(16, 1)",Tanh,0.029397458955952353,4.605077633774264,0.694698427885033,60.0,0.7127322923216293
7,"20MA, 50MA, RSI, Upper_BB, CCI, Williams_%R",16,3,0.4,0.0005,16,60,1,50,"(16, 1)",Tanh,0.05572655851252014,9.123682120364716,-0.09706889528962748,28.749999999999996,0.7882304585819483
8,"20MA, 50MA, RSI, Upper_BB, CCI, Williams_%R",128,3,0.30000000000000004,0.0005,64,60,1,150,"(25, 1)",ReLU,0.05067495411262113,7.387258305067684,0.09281432574129467,29.166666666666668,1.1553619826703743
9,"20MA, 50MA, RSI, Upper_BB, CCI, Williams_%R",128,2,0.2,0.0001,32,60,1,50,"(25, 1)",Tanh,0.02586767835616016,3.8475565753234533,0.763612580529646,72.08333333333333,0.9252488725120069
10,"20MA, 50MA, RSI, Upper_BB, CCI, Williams_%R",32,2,0.5,0.0001,32,60,1,100,"(25, 1)",Tanh,0.022827419060407923,3.2715272615159843,0.8159130177270718,80.0,1.049863451853029
11,"20MA, 50MA, RSI, Upper_BB, CCI, Williams_%R",32,2,0.5,0.0001,32,60,1,100,"(25, 1)",Tanh,0.024441074195741323,3.5245736319922596,0.7889671645830416,77.08333333333334,1.001179600666861
12,"20MA, 50MA, RSI, Upper_BB, CCI, Williams_%R",32,2,0.5,0.0001,32,60,1,100,"(25, 1)",Tanh,0.024606593544153513,3.481748665426962,0.7860991815058761,77.5,1.251801941872361
13,"20MA, 50MA, RSI, Upper_BB, CCI, Williams_%R",32,2,0.5,0.0001,32,60,1,100,"(25, 1)",Tanh,0.02668886183495716,3.8488459039697194,0.7483658604714535,70.83333333333334,0.9414124262659201
14,"20MA, 50MA, RSI, Upper_BB, CCI, Williams_%R",32,2,0.4,0.0001,32,60,1,100,"(25, 1)",Tanh,0.022999927974410743,3.263235863836792,0.8131201799331342,80.0,1.016202711876522
15,"20MA, 50MA, RSI, Upper_BB, CCI, Williams_%R",32,2,0.4,0.0001,32,60,1,100,"(25, 1)",Tanh,0.024084115153623215,3.462214129831467,0.7950863706926676,77.5,0.9050024153919292
16,"20MA, 50MA, RSI, Upper_BB, CCI, Williams_%R",32,2,0.4,0.0001,32,60,1,100,"(25, 1)",Sigmoid,0.030576525296554365,4.608832048681825,0.669717383092961,64.58333333333334,0.832013431069726
17,"20MA, 50MA, RSI, Upper_BB, CCI, Williams_%R",32,3,0.6000000000000001,0.0001,32,60,1,100,"(25, 1)",Tanh,0.026521718766546642,3.771403990192227,0.7515077855420346,72.5,1.1341316672190374
18,"20MA, 50MA, RSI, Upper_BB, CCI, Williams_%R",32,2,0.30000000000000004,0.0001,16,60,1,100,"(25, 1)",Tanh,0.031863379135782556,4.860154153861897,0.6413315981896994,63.74999999999999,0.7323766020582563
19,"20MA, 50MA, RSI, Upper_BB, CCI, Williams_%R",32,2,0.7,0.0001,64,60,1,100,"(25, 1)",Sigmoid,0.04305679635647503,6.670439412079933,0.34507302075866675,44.166666666666664,1.0881210973520443
20,"20MA, 50MA, RSI, Upper_BB, CCI, Williams_%R",16,3,0.4,0.0001,32,60,1,100,"(25, 1)",Tanh,0.02948637753188986,4.065407775275316,0.6928487417037057,68.33333333333333,1.050930776454949
21,"20MA, 50MA, RSI, Upper_BB, CCI, Williams_%R",32,2,0.4,0.0001,32,60,1,100,"(25, 1)",Tanh,0.024353356880230485,3.4564789767178765,0.7904792107307727,77.08333333333334,0.9599336850827731
22,"20MA, 50MA, RSI, Upper_BB, CCI, Williams_%R",32,2,0.4,0.0001,32,60,1,100,"(25, 1)",Tanh,0.025426066824597717,3.7089944285648775,0.7716148702460597,72.5,0.8891829590643998
23,"20MA, 50MA, RSI, Upper_BB, CCI, Williams_%R",32,2,0.5,0.0001,32,60,1,100,"(25, 1)",Tanh,0.023771296915728,3.4619649022280803,0.8003748715703163,77.08333333333334,1.0461747560839467
24,"20MA, 50MA, RSI, Upper_BB, CCI, Williams_%R",32,2,0.5,0.0001,32,60,1,100,"(25, 1)",Tanh,0.02551224888452353,3.691260636762976,0.7700640162748691,72.08333333333333,0.8682852868979446
0,"20MA, 50MA, RSI, Upper_BB, CCI, Williams_%R",128,2,0.8,0.0001,32,60,30,100,"(25, 1)",Sigmoid,0.054732390048646676,8.431737039706125,-0.01456877327062811,40.08438818565401,1.1544109664536897
1,"20MA, 50MA, RSI, Upper_BB, CCI, Williams_%R",64,3,0.8,0.0005,64,60,30,50,"(16, 1)",Tanh,0.05922657110684847,8.610254911064292,-0.18802572552625896,32.91139240506329,1.3800249512475138
2,"20MA, 50MA, RSI, Upper_BB, CCI, Williams_%R",64,3,0.8,0.0005,32,60,30,50,"(16, 1)",Sigmoid,0.06814591813825714,10.738649295495382,-0.5727958667623665,32.06751054852321,0.9043237675868452
3,"20MA, 50MA, RSI, Upper_BB, CCI, Williams_%R",128,3,0.8,0.0005,16,60,30,50,"(16, 1)",Sigmoid,0.3343855759134341,60.05300685740328,-36.86933994910957,0.0,1.0
4,"20MA, 50MA, RSI, Upper_BB, CCI, Williams_%R",16,3,0.5,0.0001,64,60,30,150,"(16, 1)",ReLU,0.052696853573037404,8.10717852246538,0.059492994139975774,35.86497890295359,1.1760317067529549
5,"20MA, 50MA, RSI, Upper_BB, CCI, Williams_%R",64,3,0.5,0.001,32,60,30,150,"(16, 1)",ReLU,0.37931371680461196,68.46607786971155,-47.72925377609965,0.0,1.0
6,"20MA, 50MA, RSI, Upper_BB, CCI, Williams_%R",16,3,0.6000000000000001,0.0001,32,60,30,50,"(16, 1)",Tanh,0.059888827099096285,8.809129203733718,-0.21474265034029405,26.582278481012654,1.2401361529305364
7,"20MA, 50MA, RSI, Upper_BB, CCI, Williams_%R",32,3,0.5,0.001,64,60,30,50,"(16, 1)",Tanh,0.08948542713459005,12.970805022241489,-1.7120475244720854,17.72151898734177,1.1743057645571795
8,"20MA, 50MA, RSI, Upper_BB, CCI, Williams_%R",16,3,0.6000000000000001,0.0001,16,60,30,50,"(16, 1)",ReLU,0.053768180588113584,8.12533242592362,0.0208632600235642,34.177215189873415,1.3451700362336412
9,"20MA, 50MA, RSI, Upper_BB, CCI, Williams_%R",32,3,0.2,0.001,16,60,30,100,"(25, 1)",ReLU,0.10328214441156919,15.49338183107193,-2.6127936563619802,12.658227848101266,1.013751199260931
10,"20MA, 50MA, RSI, Upper_BB, CCI, Williams_%R",16,2,0.2,0.0001,64,60,30,150,"(25, 1)",ReLU,0.05474802936698864,8.238038512818958,-0.015148665029967257,34.177215189873415,1.4261595176337896
11,"20MA, 50MA, RSI, Upper_BB, CCI, Williams_%R",16,2,0.6000000000000001,0.0001,16,60,30,150,"(16, 1)",ReLU,0.056282131616140804,8.666076047995354,-0.07283699157882051,39.24050632911392,1.0482915098498369
12,"20MA, 50MA, RSI, Upper_BB, CCI, Williams_%R",16,3,0.4,0.0001,64,60,30,150,"(16, 1)",ReLU,0.05548069273288292,8.539284780020274,-0.042500843035942815,40.92827004219409,1.0467975376894547
13,"20MA, 50MA, RSI, Upper_BB, CCI, Williams_%R",16,3,0.4,0.0001,16,60,30,150,"(16, 1)",ReLU,0.06179220661258277,9.691517387658099,-0.2931832573628048,38.81856540084388,1.0444429518796847
14,"20MA, 50MA, RSI, Upper_BB, CCI, Williams_%R",16,2,0.6000000000000001,0.0001,64,60,30,100,"(25, 1)",ReLU,0.0568257005548824,8.403247313059344,-0.09365983221406737,31.223628691983123,1.3557221410865128
15,"20MA, 50MA, RSI, Upper_BB, CCI, Williams_%R",16,3,0.4,0.0001,16,60,30,50,"(16, 1)",ReLU,0.06553618200618617,10.714140225597852,-0.45463803228041333,28.691983122362867,1.271331381350513
16,"20MA, 50MA, RSI, Upper_BB, CCI, Williams_%R",16,3,0.7,0.0001,16,60,30,150,"(16, 1)",ReLU,0.08365133503254728,13.858240901306385,-1.3699458205837964,22.362869198312236,0.8824702254374697
17,"20MA, 50MA, RSI, Upper_BB, CCI, Williams_%R",32,2,0.30000000000000004,0.0001,64,60,30,50,"(16, 1)",ReLU,0.057803319378055565,8.452864468889219,-0.1316137662921264,32.48945147679325,1.3439991607924384
18,"20MA, 50MA, RSI, Upper_BB, CCI, Williams_%R",128,3,0.7,0.0005,16,60,30,150,"(25, 1)",Tanh,0.0666210552491585,10.588767241294681,-0.5031962361243301,31.645569620253166,1.132357777983893
19,"20MA, 50MA, RSI, Upper_BB, CCI, Williams_%R",16,3,0.5,0.001,64,60,30,100,"(16, 1)",Sigmoid,0.056083843358753216,8.356716263296518,-0.06529085805879542,33.755274261603375,1.1711806325881164
20,"20MA, 50MA, RSI, Upper_BB, CCI, Williams_%R",16,2,0.7,0.0001,64,60,30,150,"(16, 1)",ReLU,0.05672580558127179,8.41645639679479,-0.08981808132645286,29.535864978902953,1.3329807456853155
21,"20MA, 50MA, RSI, Upper_BB, CCI, Williams_%R",128,2,0.6000000000000001,0.0001,32,60,30,100,"(25, 1)",Sigmoid,0.3232244348530919,57.96757636720727,-34.38351995068539,0.0,1.0
22,"20MA, 50MA, RSI, Upper_BB, CCI, Williams_%R",128,2,0.7,0.0001,32,60,30,100,"(25, 1)",Sigmoid,0.06931259559818828,11.30267329001571,-0.6271102829783826,27.42616033755274,1.12346790618025
23,"20MA, 50MA, RSI, Upper_BB, CCI, Williams_%R",128,2,0.5,0.0001,32,60,30,100,"(25, 1)",Sigmoid,0.08187215053138806,13.48203416221837,-1.2702049224683427,27.848101265822784,0.9163579004569443
24,"20MA, 50MA, RSI, Upper_BB, CCI, Williams_%R",128,2,0.30000000000000004,0.0001,32,60,30,100,"(25, 1)",Sigmoid,0.060508316804746914,9.932257903324663,-0.24000320854086876,24.47257383966245,1.1216661392453262
0,"20MA, 50MA, RSI, Upper_BB, CCI, OBV",16,3,0.5,0.0005,16,60,1,50,"(25, 1)",Tanh,0.047640345429669044,7.768120345959692,0.1982125413070679,35.41666666666667,0.7041055870976572
1,"20MA, 50MA, RSI, Upper_BB, CCI, OBV",64,2,0.5,0.0001,64,60,1,100,"(16, 1)",ReLU,0.030975969989255368,4.293262821986937,0.6610315441135026,67.08333333333333,1.2220801049289556
2,"20MA, 50MA, RSI, Upper_BB, CCI, OBV",16,2,0.30000000000000004,0.0005,16,60,1,100,"(16, 1)",Tanh,0.025633486043696047,3.7581378569328154,0.7678734589123912,72.08333333333333,0.7004344443821979
3,"20MA, 50MA, RSI, Upper_BB, CCI, OBV",32,2,0.2,0.0001,16,60,1,150,"(16, 1)",Tanh,0.03734758858582832,5.898409674090301,0.5072409748276174,48.75,0.7955392017128375
4,"20MA, 50MA, RSI, Upper_BB, CCI, OBV",16,3,0.30000000000000004,0.001,16,60,1,150,"(16, 1)",ReLU,0.02956623758412725,4.658378724121898,0.6911827294931959,60.83333333333333,0.6984616666829151
5,"20MA, 50MA, RSI, Upper_BB, CCI, OBV",32,3,0.2,0.0001,16,60,1,50,"(16, 1)",ReLU,0.04247362297242658,6.772749827679345,0.36269390715041605,40.833333333333336,0.7635589868346964
6,"20MA, 50MA, RSI, Upper_BB, CCI, OBV",128,3,0.4,0.001,16,60,1,150,"(16, 1)",Sigmoid,0.376172777396098,66.67100306088815,-48.99012037829143,0.0,1.0
7,"20MA, 50MA, RSI, Upper_BB, CCI, OBV",16,3,0.8,0.0005,64,60,1,100,"(16, 1)",Sigmoid,0.03823474311872681,5.922569635989003,0.4835529408732191,47.5,0.7054334878688494
8,"20MA, 50MA, RSI, Upper_BB, CCI, OBV",16,2,0.7,0.001,32,60,1,150,"(25, 1)",Sigmoid,0.03133345514644778,4.793143875377873,0.6531625138721621,57.49999999999999,0.7737660013473083
9,"20MA, 50MA, RSI, Upper_BB, CCI, OBV",64,3,0.2,0.0005,16,60,1,100,"(16, 1)",ReLU,0.3803785171737126,68.20296736952088,-50.114182289568554,0.0,1.0
10,"20MA, 50MA, RSI, Upper_BB, CCI, OBV",128,2,0.6000000000000001,0.0005,32,60,1,100,"(25, 1)",Tanh,0.03147968728976756,4.838047823631261,0.6499176026325351,58.75,0.7551003797932966
11,"20MA, 50MA, RSI, Upper_BB, CCI, OBV",16,2,0.4,0.001,16,60,1,150,"(16, 1)",ReLU,0.025710878672296766,3.790929267732806,0.7664696699043423,69.16666666666667,0.8321595006270216
12,"20MA, 50MA, RSI, Upper_BB, CCI, OBV",16,2,0.4,0.001,16,60,1,150,"(16, 1)",Tanh,0.025192977445705683,3.7975240038091678,0.7757830446367142,72.08333333333333,0.7065870737085559
13,"20MA, 50MA, RSI, Upper_BB, CCI, OBV",16,2,0.4,0.001,32,60,1,100,"(16, 1)",Tanh,0.02563692150408308,3.8168315531529764,0.7678112344475512,71.25,0.9023876707696481
14,"20MA, 50MA, RSI, Upper_BB, CCI, OBV",16,2,0.30000000000000004,0.0005,16,60,1,50,"(25, 1)",Tanh,0.04119433297822326,6.526204301901757,0.4005066009167366,44.583333333333336,0.6813565636543022
15,"20MA, 50MA, RSI, Upper_BB, CCI, OBV",16,2,0.30000000000000004,0.001,64,60,1,150,"(16, 1)",Tanh,0.025381377755346927,3.8322752607868105,0.7724169879777363,70.0,0.9303705475821549
16,"20MA, 50MA, RSI, Upper_BB, CCI, OBV",64,2,0.4,0.001,64,60,1,150,"(16, 1)",Tanh,0.025105977638202905,3.833855372609782,0.7773289635482987,70.0,0.9561165729421968
17,"20MA, 50MA, RSI, Upper_BB, CCI, OBV",64,2,0.6000000000000001,0.001,64,60,1,150,"(16, 1)",Tanh,0.029842177778424683,4.346438650019682,0.6853914784777537,62.916666666666664,1.216068298084035
18,"20MA, 50MA, RSI, Upper_BB, CCI, OBV",64,2,0.6000000000000001,0.001,64,60,1,150,"(25, 1)",Tanh,0.03609824077788615,5.5067634678289314,0.5396570143923121,46.25,1.063882517752089
19,"20MA, 50MA, RSI, Upper_BB, CCI, OBV",64,2,0.4,0.001,64,60,1,150,"(16, 1)",Tanh,0.024523362327109978,3.7277547947683307,0.7875437630912787,72.91666666666666,0.980187442568836
20,"20MA, 50MA, RSI, Upper_BB, CCI, OBV",64,2,0.5,0.001,64,60,1,150,"(16, 1)",Sigmoid,0.023949770768428663,3.604044132429724,0.7973660654358585,71.25,0.8748155489793331
21,"20MA, 50MA, RSI, Upper_BB, CCI, OBV",64,2,0.5,0.001,64,60,1,150,"(16, 1)",Sigmoid,0.0278917050849038,4.3071761370689305,0.7251728815669316,62.916666666666664,0.7867360386349973
22,"20MA, 50MA, RSI, Upper_BB, CCI, OBV",64,2,0.5,0.001,64,60,1,150,"(16, 1)",Sigmoid,0.029859445975224715,4.246477522370122,0.685027276258392,65.41666666666667,1.3650959767534125
23,"20MA, 50MA, RSI, Upper_BB, CCI, OBV",64,2,0.4,0.001,64,60,1,150,"(16, 1)",Sigmoid,0.05652987354294549,8.558155597771497,-0.12892602051922109,23.333333333333332,1.1358433685091307
24,"20MA, 50MA, RSI, Upper_BB, CCI, OBV",64,2,0.5,0.001,64,60,1,150,"(16, 1)",Sigmoid,0.02774823375604175,4.349227662690238,0.72799296021319,64.58333333333334,0.8258444901072495
0,"20MA, 50MA, RSI, Upper_BB, CCI, OBV",64,3,0.7,0.001,16,60,30,50,"(16, 1)",Sigmoid,0.32855552540667116,58.95925897766515,-35.560339102784916,0.0,1.0
1,"20MA, 50MA, RSI, Upper_BB, CCI, OBV",128,2,0.8,0.001,32,60,30,50,"(25, 1)",Sigmoid,0.12018872011977981,18.862601951609477,-3.8923789130366506,5.9071729957805905,1.0
2,"20MA, 50MA, RSI, Upper_BB, CCI, OBV",128,2,0.4,0.0005,64,60,30,50,"(16, 1)",Tanh,0.05595775268836668,8.612659895765368,-0.06050615593781039,37.130801687763714,1.2394666093354778
3,"20MA, 50MA, RSI, Upper_BB, CCI, OBV",32,3,0.6000000000000001,0.001,16,60,30,50,"(16, 1)",ReLU,0.3702694785777921,66.77442839431696,-45.43318707790388,0.0,1.0
4,"20MA, 50MA, RSI, Upper_BB, CCI, OBV",32,3,0.2,0.001,32,60,30,100,"(16, 1)",Sigmoid,0.0748837655358435,12.219476089667841,-0.8991882485856977,26.582278481012654,1.0653166366910638
5,"20MA, 50MA, RSI, Upper_BB, CCI, OBV",16,3,0.8,0.001,16,60,30,150,"(25, 1)",ReLU,0.0776097689065149,12.683809263898087,-1.0399778189790543,28.691983122362867,0.9294202162226427
6,"20MA, 50MA, RSI, Upper_BB, CCI, OBV",32,3,0.8,0.0001,64,60,30,150,"(25, 1)",ReLU,0.06246803782185829,10.035580119357853,-0.3216254524904638,32.48945147679325,1.0475442702335134
7,"20MA, 50MA, RSI, Upper_BB, CCI, OBV",64,2,0.4,0.001,32,60,30,150,"(16, 1)",Sigmoid,0.07862828635111425,12.94187980299272,-1.0938727550402483,24.47257383966245,0.8211532622401921
8,"20MA, 50MA, RSI, Upper_BB, CCI, OBV",64,2,0.5,0.0005,64,60,30,50,"(16, 1)",Tanh,0.05339472553400372,8.342865652290143,0.03441750992927639,35.86497890295359,1.1000834118878255
9,"20MA, 50MA, RSI, Upper_BB, CCI, OBV",16,3,0.2,0.0001,64,60,30,150,"(16, 1)",Sigmoid,0.054696660563229436,8.34777151142991,-0.013244577923391843,35.0210970464135,1.164840173340141
10,"20MA, 50MA, RSI, Upper_BB, CCI, OBV",64,2,0.5,0.0005,64,60,30,100,"(25, 1)",Tanh,0.061573549503278834,8.954147613409184,-0.2840473667284993,27.848101265822784,1.3108387264649564
11,"20MA, 50MA, RSI, Upper_BB, CCI, OBV",16,2,0.2,0.0001,64,60,30,150,"(16, 1)",Tanh,0.052880191613286116,8.229312208745126,0.05293735933034904,33.755274261603375,1.107351604999139
12,"20MA, 50MA, RSI, Upper_BB, CCI, OBV",16,2,0.30000000000000004,0.0005,64,60,30,150,"(16, 1)",Tanh,0.054179363658507444,8.31574409621294,0.00583043312133924,38.81856540084388,1.2084866421858391
13,"20MA, 50MA, RSI, Upper_BB, CCI, OBV",16,2,0.5,0.0001,64,60,30,50,"(16, 1)",Tanh,0.08635804218443895,12.462567406979225,-1.5257958224012094,20.253164556962027,1.2014422225782289
14,"20MA, 50MA, RSI, Upper_BB, CCI, OBV",64,2,0.30000000000000004,0.0005,64,60,30,100,"(16, 1)",Tanh,0.053653361185650304,8.175492390165841,0.025040595251730302,33.33333333333333,1.1805397186228104
15,"20MA, 50MA, RSI, Upper_BB, CCI, OBV",16,2,0.6000000000000001,0.0001,64,60,30,150,"(16, 1)",Tanh,0.06138408680847299,8.824486335051857,-0.27615745978897666,30.801687763713083,1.3470640107393725
16,"20MA, 50MA, RSI, Upper_BB, CCI, OBV",64,2,0.30000000000000004,0.0005,64,60,30,50,"(16, 1)",Tanh,0.05387787829002575,8.278741680335566,0.016863920009104305,39.66244725738397,1.1051987620286141
17,"20MA, 50MA, RSI, Upper_BB, CCI, OBV",128,2,0.4,0.0001,64,60,30,50,"(16, 1)",Tanh,0.059106343652301795,9.098975832988339,-0.1832073362986859,41.77215189873418,1.1077941558344087
18,"20MA, 50MA, RSI, Upper_BB, CCI, OBV",16,2,0.6000000000000001,0.0001,32,60,30,150,"(25, 1)",Tanh,0.05809613693240956,9.157850391709607,-0.1431077657540436,38.39662447257383,1.1022563734024178
19,"20MA, 50MA, RSI, Upper_BB, CCI, OBV",64,2,0.2,0.0005,16,60,30,100,"(16, 1)",Tanh,0.11758641876632914,20.25084632867439,-3.6828149048153653,6.329113924050633,0.8286492301679971
20,"20MA, 50MA, RSI, Upper_BB, CCI, OBV",64,2,0.5,0.0001,64,60,30,150,"(16, 1)",ReLU,0.05400917699522848,8.211482117444941,0.012066337554799578,35.0210970464135,1.1805397186228104
21,"20MA, 50MA, RSI, Upper_BB, CCI, OBV",64,2,0.30000000000000004,0.0005,64,60,30,100,"(16, 1)",Tanh,0.058332233179682516,8.564472251951116,-0.1524175703707118,30.37974683544304,1.4054657742496726
22,"20MA, 50MA, RSI, Upper_BB, CCI, OBV",64,2,0.30000000000000004,0.0005,64,60,30,100,"(16, 1)",Tanh,0.06221245035839265,9.006448536623981,-0.31083273754477947,27.848101265822784,1.3305700532838987
23,"20MA, 50MA, RSI, Upper_BB, CCI, OBV",64,2,0.2,0.0005,64,60,30,100,"(16, 1)",Tanh,0.05709030958436535,8.603707524959642,-0.10386880603730941,44.72573839662447,1.0429620694653723
24,"20MA, 50MA, RSI, Upper_BB, CCI, OBV",64,2,0.4,0.0005,64,60,30,100,"(16, 1)",Tanh,0.05522054505924706,8.487190937673093,-0.032747239728513566,39.24050632911392,1.0336884357522245
0,"20MA, 50MA, RSI, Upper_BB, ATR, Williams_%R",16,2,0.4,0.0005,64,60,1,100,"(25, 1)",Tanh,0.03228134824911141,4.596898287310637,0.6318601887989661,58.333333333333336,1.2970303435502593
1,"20MA, 50MA, RSI, Upper_BB, ATR, Williams_%R",32,2,0.6000000000000001,0.0001,32,60,1,150,"(25, 1)",ReLU,0.042250239844664715,6.38791571370677,0.3693798948176157,42.916666666666664,0.6718107749321159
2,"20MA, 50MA, RSI, Upper_BB, ATR, Williams_%R",16,3,0.5,0.0001,16,60,1,100,"(25, 1)",Sigmoid,0.04552630081901902,6.99963009342019,0.2677924837515706,38.75,0.7017204832328032
3,"20MA, 50MA, RSI, Upper_BB, ATR, Williams_%R",16,3,0.4,0.0001,16,60,1,150,"(25, 1)",Tanh,0.03045512069359264,4.608684493786468,0.6723349614496745,60.83333333333333,0.9538326509160546
4,"20MA, 50MA, RSI, Upper_BB, ATR, Williams_%R",16,3,0.5,0.0005,64,60,1,50,"(16, 1)",Sigmoid,0.09101028190324444,13.309983719596477,-1.926108154690172,17.083333333333332,1.1073326963721095
5,"20MA, 50MA, RSI, Upper_BB, ATR, Williams_%R",16,3,0.2,0.001,64,60,1,100,"(16, 1)",Tanh,0.03045127242277545,4.544066963151678,0.6724177629038347,65.83333333333333,0.9429204193313677
6,"20MA, 50MA, RSI, Upper_BB, ATR, Williams_%R",128,3,0.8,0.0005,64,60,1,150,"(25, 1)",ReLU,0.07246104985961643,10.191431441373199,-0.8548923043735468,27.083333333333332,1.2482264871157545
7,"20MA, 50MA, RSI, Upper_BB, ATR, Williams_%R",16,3,0.30000000000000004,0.0005,64,60,1,50,"(25, 1)",ReLU,0.039344313592901935,5.847174902146535,0.4531434715343823,47.5,1.060246597840664
8,"20MA, 50MA, RSI, Upper_BB, ATR, Williams_%R",64,3,0.30000000000000004,0.0005,16,60,1,50,"(25, 1)",Sigmoid,0.08659537135557822,12.509748745954619,-1.6491028095963776,20.416666666666668,1.0244909851852133
9,"20MA, 50MA, RSI, Upper_BB, ATR, Williams_%R",32,3,0.30000000000000004,0.0005,16,60,1,100,"(25, 1)",ReLU,0.05888741320858902,9.707675551103318,-0.22505167823867156,23.333333333333332,0.7042934239973453
10,"20MA, 50MA, RSI, Upper_BB, ATR, Williams_%R",64,2,0.2,0.001,32,60,1,100,"(16, 1)",Tanh,0.07792511023446184,11.668505188197159,-1.1451827987819359,18.333333333333332,0.6517113895909799
11,"20MA, 50MA, RSI, Upper_BB, ATR, Williams_%R",16,3,0.2,0.001,16,60,1,150,"(16, 1)",Tanh,0.04086159362037914,6.108603058860735,0.4101520751105642,47.5,0.7596382223866096
12,"20MA, 50MA, RSI, Upper_BB, ATR, Williams_%R",128,3,0.7,0.001,64,60,1,150,"(16, 1)",Tanh,0.035781168445875214,5.52194129073135,0.547708431036352,54.166666666666664,0.9968343985359339
13,"20MA, 50MA, RSI, Upper_BB, ATR, Williams_%R",16,3,0.4,0.0001,16,60,1,150,"(16, 1)",Tanh,0.04856924070056092,7.736258490604918,0.1666410894819873,39.58333333333333,0.8123386747317014
14,"20MA, 50MA, RSI, Upper_BB, ATR, Williams_%R",16,2,0.4,0.001,32,60,1,100,"(16, 1)",Tanh,0.02694358549121985,3.9440018134982284,0.7435396489724082,72.08333333333333,0.9139704443671468
15,"20MA, 50MA, RSI, Upper_BB, ATR, Williams_%R",16,2,0.2,0.001,32,60,1,100,"(16, 1)",Tanh,0.024100386516629206,3.5964724187023136,0.7948093955714083,73.75,0.8456745908862197
16,"20MA, 50MA, RSI, Upper_BB, ATR, Williams_%R",64,2,0.6000000000000001,0.001,32,60,1,100,"(16, 1)",Tanh,0.022378300741324592,3.221593263452128,0.8230854030629406,76.25,0.8832593868186807
17,"20MA, 50MA, RSI, Upper_BB, ATR, Williams_%R",64,2,0.6000000000000001,0.001,32,60,1,100,"(16, 1)",Tanh,0.05365818621003182,7.6223303178456465,-0.017141635051613147,33.75,1.1930190587864202
18,"20MA, 50MA, RSI, Upper_BB, ATR, Williams_%R",64,2,0.6000000000000001,0.001,32,60,1,100,"(16, 1)",Tanh,0.024374760381295033,3.611315426952735,0.7901107646803066,75.83333333333333,0.8634509013542327
19,"20MA, 50MA, RSI, Upper_BB, ATR, Williams_%R",64,2,0.8,0.001,32,60,1,100,"(16, 1)",Sigmoid,0.03482998722618411,5.281685403800573,0.5714356064890223,52.083333333333336,0.6427890648440109
20,"20MA, 50MA, RSI, Upper_BB, ATR, Williams_%R",128,2,0.7,0.001,32,60,1,100,"(16, 1)",Tanh,0.030826988669758124,4.414273842978296,0.6642842930086017,66.66666666666666,0.9129571462463737
21,"20MA, 50MA, RSI, Upper_BB, ATR, Williams_%R",64,2,0.6000000000000001,0.001,32,60,1,100,"(16, 1)",Tanh,0.023501662837382975,3.4847875705422116,0.804877820591165,77.5,0.8449186354295385
22,"20MA, 50MA, RSI, Upper_BB, ATR, Williams_%R",64,2,0.7,0.001,32,60,1,100,"(16, 1)",Tanh,0.024916770715622583,3.694977748162272,0.7806725613144783,72.5,0.8616771210309624
23,"20MA, 50MA, RSI, Upper_BB, ATR, Williams_%R",64,2,0.6000000000000001,0.001,32,60,1,100,"(16, 1)",Tanh,0.03297375493776869,5.173778986665925,0.6158982665674131,50.0,0.8238031572008419
24,"20MA, 50MA, RSI, Upper_BB, ATR, Williams_%R",64,2,0.5,0.001,32,60,1,100,"(16, 1)",Tanh,0.04521306245099358,7.149841765966916,0.2778335570029049,32.916666666666664,0.6717039630551139
0,"20MA, 50MA, RSI, Upper_BB, ATR, Williams_%R",16,3,0.4,0.0001,16,60,30,150,"(16, 1)",Sigmoid,0.07144841661445055,11.638377282934394,-0.7289318793213411,29.11392405063291,0.8482279652842466
1,"20MA, 50MA, RSI, Upper_BB, ATR, Williams_%R",16,2,0.6000000000000001,0.0001,16,60,30,100,"(16, 1)",ReLU,0.06239166442102515,10.124965664184932,-0.31839579037323107,29.11392405063291,1.151372948656712
2,"20MA, 50MA, RSI, Upper_BB, ATR, Williams_%R",128,2,0.30000000000000004,0.0001,16,60,30,150,"(16, 1)",Sigmoid,0.06262825863417551,10.361508627993382,-0.3284136746385584,26.160337552742618,1.0917357692977467
3,"20MA, 50MA, RSI, Upper_BB, ATR, Williams_%R",64,2,0.7,0.001,32,60,30,150,"(16, 1)",Tanh,0.05797139269335952,8.544308468903784,-0.13820406562979914,31.645569620253166,1.4383236491342488
4,"20MA, 50MA, RSI, Upper_BB, ATR, Williams_%R",16,3,0.8,0.001,16,60,30,150,"(25, 1)",Sigmoid,0.060438570554767125,8.673978703698285,-0.237146221813487,35.0210970464135,1.378668035690584
5,"20MA, 50MA, RSI, Upper_BB, ATR, Williams_%R",64,2,0.7,0.0001,32,60,30,50,"(16, 1)",Sigmoid,0.05475677489264924,8.810057165178565,-0.015473013427331317,32.91139240506329,1.0907508447227046
6,"20MA, 50MA, RSI, Upper_BB, ATR, Williams_%R",128,3,0.8,0.0001,16,60,30,150,"(25, 1)",ReLU,0.06873154584213856,10.957479452465174,-0.5999443910928737,31.645569620253166,1.0199977905178108
7,"20MA, 50MA, RSI, Upper_BB, ATR, Williams_%R",32,2,0.6000000000000001,0.0001,16,60,30,100,"(25, 1)",ReLU,0.05999819957359804,8.79690548733008,-0.21918356975045028,31.645569620253166,1.0365826604082349
8,"20MA, 50MA, RSI, Upper_BB, ATR, Williams_%R",128,2,0.8,0.001,64,60,30,100,"(16, 1)",Tanh,0.0784160682723412,11.111688659362242,-1.0825852651999717,23.628691983122362,1.3896531141326478
9,"20MA, 50MA, RSI, Upper_BB, ATR, Williams_%R",32,3,0.7,0.0001,64,60,30,150,"(25, 1)",Tanh,0.05437929568325868,8.203463546999181,-0.0015204497075822498,35.44303797468354,1.4201943955483027
10,"20MA, 50MA, RSI, Upper_BB, ATR, Williams_%R",32,3,0.2,0.0005,64,60,30,50,"(25, 1)",Tanh,0.07560229609737885,10.680950466950835,-0.9358095847640797,27.004219409282697,1.3920956207705073
11,"20MA, 50MA, RSI, Upper_BB, ATR, Williams_%R",64,3,0.6000000000000001,0.0005,32,60,30,50,"(25, 1)",Tanh,0.09258648854021025,13.536758954750963,-1.9032731069342486,18.565400843881857,1.086978354373892
12,"20MA, 50MA, RSI, Upper_BB, ATR, Williams_%R",64,3,0.5,0.0001,64,60,30,50,"(16, 1)",Sigmoid,0.06086442145474668,8.762652468418217,-0.2546415360484344,31.645569620253166,1.3834702508553467
13,"20MA, 50MA, RSI, Upper_BB, ATR, Williams_%R",32,2,0.7,0.0001,32,60,30,50,"(25, 1)",Sigmoid,0.06409079122661854,9.152024248101366,-0.3911819398459824,28.691983122362867,1.3867390251422178
14,"20MA, 50MA, RSI, Upper_BB, ATR, Williams_%R",64,2,0.7,0.0001,64,60,30,50,"(16, 1)",Tanh,0.0581237826659497,9.141149621728648,-0.14419594729154084,38.39662447257383,1.0897340785095913
15,"20MA, 50MA, RSI, Upper_BB, ATR, Williams_%R",32,3,0.5,0.0005,32,60,30,150,"(25, 1)",Sigmoid,0.07199399347596491,11.532021733708149,-0.7554367800192985,25.31645569620253,1.0950034128537451
16,"20MA, 50MA, RSI, Upper_BB, ATR, Williams_%R",64,3,0.7,0.0001,32,60,30,50,"(16, 1)",Tanh,0.05579348110791757,8.346022326133612,-0.054288775721478055,33.755274261603375,1.3054199423469224
17,"20MA, 50MA, RSI, Upper_BB, ATR, Williams_%R",32,2,0.4,0.0001,64,60,30,50,"(25, 1)",Sigmoid,0.07434570887693094,10.516443416242995,-0.8719941113626783,27.004219409282697,1.3920956207705073
18,"20MA, 50MA, RSI, Upper_BB, ATR, Williams_%R",64,2,0.6000000000000001,0.0005,64,60,30,150,"(25, 1)",Tanh,0.053404845658461826,8.210030632289989,0.034051453509930996,38.39662447257383,1.0248590072494654
19,"20MA, 50MA, RSI, Upper_BB, ATR, Williams_%R",32,3,0.6000000000000001,0.0005,64,60,30,150,"(25, 1)",Tanh,0.05520061842417196,8.463549843139026,-0.03200202925315265,30.37974683544304,1.3746781007835773
20,"20MA, 50MA, RSI, Upper_BB, ATR, Williams_%R",64,3,0.4,0.0005,64,60,30,150,"(25, 1)",Tanh,0.06845100734413558,9.712475198886011,-0.5869102021045975,28.270042194092827,1.3698008928322778
21,"20MA, 50MA, RSI, Upper_BB, ATR, Williams_%R",64,2,0.5,0.0005,64,60,30,150,"(25, 1)",Tanh,0.06526209141979439,10.474197977466575,-0.44249607233177923,32.06751054852321,0.9684273800945171
22,"20MA, 50MA, RSI, Upper_BB, ATR, Williams_%R",64,2,0.7,0.0005,32,60,30,150,"(25, 1)",Tanh,0.05892807034039024,8.689191522755667,-0.17608064994704797,30.801687763713083,1.223612974900583
23,"20MA, 50MA, RSI, Upper_BB, ATR, Williams_%R",64,2,0.6000000000000001,0.001,64,60,30,100,"(16, 1)",ReLU,0.06859424871994495,9.649123265360569,-0.5935587247925211,30.801687763713083,1.4175412893783614
24,"20MA, 50MA, RSI, Upper_BB, ATR, Williams_%R",64,2,0.8,0.0001,64,60,30,150,"(25, 1)",Tanh,0.05469136614037393,8.247512295365606,-0.01304843119111121,40.92827004219409,1.1791902332160054
0,"20MA, 50MA, RSI, Upper_BB, ATR, OBV",128,2,0.5,0.001,64,60,1,50,"(16, 1)",ReLU,0.04295522816652567,6.720823957732852,0.34815923689955786,41.66666666666667,0.7040976015655532
1,"20MA, 50MA, RSI, Upper_BB, ATR, OBV",128,2,0.5,0.0005,64,60,1,50,"(16, 1)",Sigmoid,0.08008549093492157,11.414906591834937,-1.2657768734791333,22.5,1.2516315683465276
2,"20MA, 50MA, RSI, Upper_BB, ATR, OBV",16,2,0.30000000000000004,0.0001,64,60,1,150,"(25, 1)",ReLU,0.03829986159674602,6.008231572845252,0.4817922969170251,45.0,0.6745174146931733
3,"20MA, 50MA, RSI, Upper_BB, ATR, OBV",64,2,0.2,0.0005,32,60,1,150,"(16, 1)",Tanh,0.03222940616420099,4.971383757060821,0.633043941420653,64.16666666666667,0.8113787775402894
4,"20MA, 50MA, RSI, Upper_BB, ATR, OBV",32,2,0.4,0.0005,64,60,1,100,"(16, 1)",Tanh,0.029866377187263603,4.499796114061199,0.6848810313400665,63.74999999999999,0.9718743015963232
5,"20MA, 50MA, RSI, Upper_BB, ATR, OBV",16,3,0.8,0.001,32,60,1,150,"(16, 1)",ReLU,0.09533631540269326,16.302974989778825,-2.2108955741651353,0.4166666666666667,1.0
6,"20MA, 50MA, RSI, Upper_BB, ATR, OBV",32,3,0.7,0.0001,16,60,1,50,"(25, 1)",ReLU,0.040580615949792495,6.051067029129599,0.4182361589849678,47.083333333333336,0.9823746595796494
7,"20MA, 50MA, RSI, Upper_BB, ATR, OBV",128,2,0.30000000000000004,0.0001,16,60,1,100,"(25, 1)",Tanh,0.034125101354037395,5.271384399462115,0.5886065667125702,53.333333333333336,0.7411830828412614
8,"20MA, 50MA, RSI, Upper_BB, ATR, OBV",32,2,0.8,0.001,64,60,1,150,"(16, 1)",ReLU,0.029633134882753945,4.612558837195027,0.6897836733613191,65.0,0.7958985619690672
9,"20MA, 50MA, RSI, Upper_BB, ATR, OBV",64,2,0.4,0.0005,32,60,1,50,"(16, 1)",ReLU,0.054755634997381564,8.442032017272734,-0.059173471958436474,30.416666666666664,0.7617932990447326
10,"20MA, 50MA, RSI, Upper_BB, ATR, OBV",32,3,0.7,0.001,64,60,1,150,"(25, 1)",Sigmoid,0.03680688930050674,5.605200423514554,0.52140551995063,46.666666666666664,0.7440743720541936
11,"20MA, 50MA, RSI, Upper_BB, ATR, OBV",32,2,0.6000000000000001,0.0005,64,60,1,100,"(16, 1)",Tanh,0.03532534395069358,5.082393631151567,0.5591587212176196,56.25,1.204731632327293
12,"20MA, 50MA, RSI, Upper_BB, ATR, OBV",32,2,0.8,0.001,64,60,1,100,"(16, 1)",Tanh,0.04692743098530407,6.80407949199313,0.22202970529170618,36.666666666666664,1.1064663754086117
13,"20MA, 50MA, RSI, Upper_BB, ATR, OBV",32,2,0.4,0.001,64,60,1,100,"(16, 1)",Tanh,0.044016114155332214,6.43076618294843,0.3155639849726166,37.916666666666664,1.1507630332318943
14,"20MA, 50MA, RSI, Upper_BB, ATR, OBV",32,3,0.6000000000000001,0.0005,64,60,1,150,"(16, 1)",Sigmoid,0.036862389997369016,5.526343301396309,0.5199610972254047,50.0,0.8758500007599281
15,"20MA, 50MA, RSI, Upper_BB, ATR, OBV",32,2,0.5,0.001,16,60,1,100,"(16, 1)",ReLU,0.04711406421143717,7.41108465934681,0.21582933046898423,38.75,0.645307658770796
16,"20MA, 50MA, RSI, Upper_BB, ATR, OBV",32,2,0.4,0.0005,64,60,1,100,"(16, 1)",Tanh,0.03205061334423415,4.913402772656812,0.6371040301934083,52.916666666666664,0.9715793021873406
17,"20MA, 50MA, RSI, Upper_BB, ATR, OBV",64,3,0.6000000000000001,0.001,64,60,1,150,"(16, 1)",ReLU,0.03458524760113956,4.858795082917658,0.5774372271625283,60.83333333333333,1.164440275346665
18,"20MA, 50MA, RSI, Upper_BB, ATR, OBV",16,2,0.2,0.0005,32,60,1,100,"(25, 1)",Tanh,0.034285702330881004,5.132123040661315,0.5847252209722071,50.83333333333333,1.1795683164363808
19,"20MA, 50MA, RSI, Upper_BB, ATR, OBV",32,2,0.7,0.0001,16,60,1,150,"(16, 1)",Sigmoid,0.05084973782772971,7.799207849827036,0.08654555911980688,35.41666666666667,0.7417998790127945
20,"20MA, 50MA, RSI, Upper_BB, ATR, OBV",32,3,0.30000000000000004,0.001,64,60,1,150,"(16, 1)",Tanh,0.03209201747562278,4.970909915316009,0.6361658205296432,58.333333333333336,0.7667683332985582
21,"20MA, 50MA, RSI, Upper_BB, ATR, OBV",32,2,0.4,0.0005,64,60,1,100,"(16, 1)",Tanh,0.03659673918684468,5.337385111983065,0.5268550193995378,53.333333333333336,1.287574306446109
22,"20MA, 50MA, RSI, Upper_BB, ATR, OBV",32,2,0.4,0.0005,64,60,1,100,"(16, 1)",Tanh,0.032008240456758465,4.93346477340541,0.6380629376121694,60.83333333333333,0.8083666996486383
23,"20MA, 50MA, RSI, Upper_BB, ATR, OBV",32,2,0.30000000000000004,0.0005,64,60,1,100,"(16, 1)",Tanh,0.030655477740706667,4.684298751718738,0.6680095182408872,62.916666666666664,0.8308542729514365
24,"20MA, 50MA, RSI, Upper_BB, ATR, OBV",32,2,0.30000000000000004,0.0005,64,60,1,100,"(16, 1)",Tanh,0.03514937988239579,5.021717692316977,0.5635396564466898,57.49999999999999,1.1725369694047645
0,"20MA, 50MA, RSI, Upper_BB, ATR, OBV",128,2,0.7,0.0001,64,60,30,100,"(25, 1)",ReLU,0.06691522547365014,9.467785230006928,-0.5165004939539832,29.535864978902953,1.2762806281051868
1,"20MA, 50MA, RSI, Upper_BB, ATR, OBV",16,2,0.8,0.0001,16,60,30,100,"(16, 1)",ReLU,0.056560146378097094,8.611780329293303,-0.08346207543231743,38.81856540084388,1.268543786644974
2,"20MA, 50MA, RSI, Upper_BB, ATR, OBV",16,2,0.6000000000000001,0.001,64,60,30,150,"(16, 1)",ReLU,0.05808109157020694,9.246988727637,-0.1425157730913289,34.177215189873415,1.2102802154692767
3,"20MA, 50MA, RSI, Upper_BB, ATR, OBV",32,3,0.5,0.0001,64,60,30,150,"(16, 1)",Tanh,0.057248605094255056,8.429102663206834,-0.10999873337263266,32.48945147679325,1.337776927731874
4,"20MA, 50MA, RSI, Upper_BB, ATR, OBV",32,2,0.5,0.001,16,60,30,100,"(25, 1)",ReLU,0.06783761227365596,10.732196077240685,-0.5585967685579292,26.582278481012654,0.9308525137423772
5,"20MA, 50MA, RSI, Upper_BB, ATR, OBV",16,2,0.30000000000000004,0.0001,32,60,30,50,"(25, 1)",Sigmoid,0.08046027187099,11.447568743549553,-1.1925810493629654,22.78481012658228,1.212113888645966
6,"20MA, 50MA, RSI, Upper_BB, ATR, OBV",128,3,0.6000000000000001,0.0005,64,60,30,100,"(16, 1)",Sigmoid,0.37197620300600354,67.09379828436849,-45.86223297066589,0.0,1.0
7,"20MA, 50MA, RSI, Upper_BB, ATR, OBV",64,3,0.6000000000000001,0.0005,64,60,30,150,"(25, 1)",Tanh,0.0537181988864644,8.262680945344506,0.022682781294757426,34.177215189873415,1.1697712034469872
8,"20MA, 50MA, RSI, Upper_BB, ATR, OBV",32,2,0.30000000000000004,0.001,16,60,30,100,"(25, 1)",ReLU,0.0945459380035721,14.563137602743254,-2.027460005402787,23.628691983122362,0.8856580335366534
9,"20MA, 50MA, RSI, Upper_BB, ATR, OBV",128,3,0.6000000000000001,0.0001,64,60,30,150,"(16, 1)",ReLU,0.0651941209984373,9.210463212797245,-0.4394929197898956,31.645569620253166,1.3776371601093702
10,"20MA, 50MA, RSI, Upper_BB, ATR, OBV",64,3,0.2,0.0005,32,60,30,50,"(25, 1)",Tanh,0.09154978816920525,13.330602166635508,-1.8386206139161203,18.565400843881857,1.086978354373892
11,"20MA, 50MA, RSI, Upper_BB, ATR, OBV",64,3,0.8,0.0005,16,60,30,150,"(16, 1)",Tanh,0.09007287917033742,13.360762714852983,-1.7477723879763385,34.177215189873415,1.124935364277542
12,"20MA, 50MA, RSI, Upper_BB, ATR, OBV",64,3,0.8,0.0005,16,60,30,100,"(16, 1)",Tanh,0.0558806182958321,8.361362399282337,-0.05758448324830856,32.48945147679325,1.2260113450143724
13,"20MA, 50MA, RSI, Upper_BB, ATR, OBV",64,3,0.7,0.0005,16,60,30,150,"(25, 1)",Tanh,0.06831455786311495,10.063162519430255,-0.5805898493565664,33.33333333333333,1.0646190997360083
14,"20MA, 50MA, RSI, Upper_BB, ATR, OBV",64,3,0.8,0.0005,32,60,30,50,"(25, 1)",Tanh,0.06056332667467952,8.729166876407675,-0.24225887935659962,29.957805907172997,1.3143231290838504
15,"20MA, 50MA, RSI, Upper_BB, ATR, OBV",64,3,0.5,0.0005,64,60,30,100,"(16, 1)",Tanh,0.07128965067130366,11.643132934642612,-0.7212566771426638,28.270042194092827,0.8173216941734673
16,"20MA, 50MA, RSI, Upper_BB, ATR, OBV",64,3,0.7,0.0005,16,60,30,150,"(16, 1)",Tanh,0.0681830364539914,9.77415378076762,-0.5745097018533387,29.11392405063291,1.2596081820142222
17,"20MA, 50MA, RSI, Upper_BB, ATR, OBV",64,3,0.4,0.0005,64,60,30,150,"(25, 1)",Tanh,0.10573225598200157,15.979471185179802,-2.786235840761135,12.236286919831224,1.0
18,"20MA, 50MA, RSI, Upper_BB, ATR, OBV",64,3,0.7,0.0005,16,60,30,100,"(25, 1)",Sigmoid,0.06855397275177659,9.628065670915333,-0.5916879184492636,30.37974683544304,1.3597422191108692
19,"20MA, 50MA, RSI, Upper_BB, ATR, OBV",64,3,0.4,0.0005,32,60,30,50,"(16, 1)",Tanh,0.05822546406779272,8.508562992669603,-0.14820274821993173,32.91139240506329,1.2646631033780005
20,"20MA, 50MA, RSI, Upper_BB, ATR, OBV",64,3,0.6000000000000001,0.001,64,60,30,150,"(25, 1)",Tanh,0.05880230648192051,9.592563630704545,-0.17106604122161606,29.535864978902953,1.135650521168266
21,"20MA, 50MA, RSI, Upper_BB, ATR, OBV",16,2,0.8,0.0001,16,60,30,100,"(16, 1)",ReLU,0.06464660912914053,10.53558270446532,-0.41541620920990363,26.582278481012654,1.0479424440939835
22,"20MA, 50MA, RSI, Upper_BB, ATR, OBV",16,2,0.8,0.0001,16,60,30,100,"(16, 1)",ReLU,0.055477557427463034,8.50496709150196,-0.04238301948232115,37.552742616033754,1.1381936043034175
23,"20MA, 50MA, RSI, Upper_BB, ATR, OBV",16,2,0.7,0.0001,16,60,30,100,"(16, 1)",Sigmoid,0.07225026605460154,10.616665167995713,-0.7679564632953575,27.004219409282697,1.218054368923872
24,"20MA, 50MA, RSI, Upper_BB, ATR, OBV",16,2,0.8,0.0005,16,60,30,100,"(16, 1)",Tanh,0.07739822320133172,10.689491002708877,-1.0288719903396686,35.86497890295359,1.1247042213464156
0,"20MA, 50MA, RSI, Upper_BB, Williams_%R, OBV",32,3,0.8,0.0005,64,60,1,50,"(16, 1)",ReLU,0.05667396667915688,8.041271113456956,-0.13468855993440076,32.5,1.2305579601106553
1,"20MA, 50MA, RSI, Upper_BB, Williams_%R, OBV",32,3,0.30000000000000004,0.0001,64,60,1,100,"(16, 1)",ReLU,0.029172551573758605,4.06149907212178,0.6993520216404119,66.66666666666666,1.1629709884879693
2,"20MA, 50MA, RSI, Upper_BB, Williams_%R, OBV",32,2,0.5,0.001,16,60,1,50,"(25, 1)",Sigmoid,0.10692955448127926,16.289864346270946,-3.0392894011256386,9.166666666666666,0.9672050154801591
3,"20MA, 50MA, RSI, Upper_BB, Williams_%R, OBV",16,2,0.2,0.0001,16,60,1,100,"(25, 1)",Tanh,0.03478215647896216,5.187081581710761,0.5726118618854644,58.75,0.8114842424214412
4,"20MA, 50MA, RSI, Upper_BB, Williams_%R, OBV",32,2,0.4,0.001,32,60,1,150,"(16, 1)",ReLU,0.03842116322218156,5.883204833859308,0.4785046098662429,46.25,0.7191911052281238
5,"20MA, 50MA, RSI, Upper_BB, Williams_%R, OBV",128,2,0.6000000000000001,0.0001,32,60,1,50,"(16, 1)",Sigmoid,0.08053814441417251,11.726489417028,-1.291462180960878,20.416666666666668,1.104591085925002
6,"20MA, 50MA, RSI, Upper_BB, Williams_%R, OBV",64,3,0.2,0.0005,32,60,1,150,"(25, 1)",ReLU,0.03919464413011459,6.546890596439095,0.45729614505520955,37.916666666666664,0.6979923962305754
7,"20MA, 50MA, RSI, Upper_BB, Williams_%R, OBV",32,3,0.30000000000000004,0.0001,32,60,1,50,"(25, 1)",Sigmoid,0.05467911973336833,8.767642710931584,-0.05621537227285822,36.25,0.9315167516894728
8,"20MA, 50MA, RSI, Upper_BB, Williams_%R, OBV",16,2,0.4,0.001,32,60,1,50,"(16, 1)",Sigmoid,0.03920588064673398,5.969572641049402,0.4569849303401442,42.5,1.0555986552802794
9,"20MA, 50MA, RSI, Upper_BB, Williams_%R, OBV",16,3,0.7,0.001,64,60,1,150,"(25, 1)",Tanh,0.03512110328431786,5.535605786414586,0.5642416119024066,51.24999999999999,0.784184607746259
10,"20MA, 50MA, RSI, Upper_BB, Williams_%R, OBV",128,3,0.4,0.0001,64,60,1,100,"(16, 1)",ReLU,0.039238186892237306,5.8094135348532046,0.45608965618117936,51.24999999999999,0.9323224102441101
11,"20MA, 50MA, RSI, Upper_BB, Williams_%R, OBV",16,2,0.2,0.0001,16,60,1,100,"(25, 1)",Tanh,0.027310637534273555,3.9065693164996382,0.7365045429093064,73.33333333333333,0.9248644284034312
12,"20MA, 50MA, RSI, Upper_BB, Williams_%R, OBV",64,3,0.2,0.0001,16,60,1,100,"(25, 1)",Tanh,0.04360339996073854,7.0127637820966715,0.328338949466214,38.75,0.7752931276278793
13,"20MA, 50MA, RSI, Upper_BB, Williams_%R, OBV",16,2,0.30000000000000004,0.0001,64,60,1,100,"(16, 1)",Tanh,0.04009950109343607,5.695584033938399,0.43194891480053954,51.66666666666667,1.248695474631184
14,"20MA, 50MA, RSI, Upper_BB, Williams_%R, OBV",32,2,0.30000000000000004,0.0001,16,60,1,100,"(25, 1)",ReLU,0.03618672327695704,5.710922585688358,0.5373975015977561,51.66666666666667,0.7991535025867195
15,"20MA, 50MA, RSI, Upper_BB, Williams_%R, OBV",16,3,0.5,0.0001,64,60,1,100,"(16, 1)",Tanh,0.03441089276609163,4.838419445031377,0.5816870247698205,60.83333333333333,1.2205015059703932
16,"20MA, 50MA, RSI, Upper_BB, Williams_%R, OBV",64,2,0.30000000000000004,0.0005,16,60,1,100,"(25, 1)",Tanh,0.026930020323792162,3.999649141863066,0.7437978218752883,69.16666666666667,0.7173353813637342
17,"20MA, 50MA, RSI, Upper_BB, Williams_%R, OBV",64,2,0.2,0.0005,16,60,1,100,"(25, 1)",Tanh,0.030626725485460787,4.667932996205567,0.668631984393642,59.583333333333336,0.6219430021517285
18,"20MA, 50MA, RSI, Upper_BB, Williams_%R, OBV",64,2,0.4,0.0005,16,60,1,100,"(25, 1)",Tanh,0.023361384704998187,3.4099291114615413,0.8072001828131385,76.25,0.9761609213292218
19,"20MA, 50MA, RSI, Upper_BB, Williams_%R, OBV",64,2,0.6000000000000001,0.0005,16,60,1,100,"(25, 1)",Tanh,0.03227128453073661,4.952608673254344,0.6320896883761893,57.08333333333333,0.616050321850581
20,"20MA, 50MA, RSI, Upper_BB, Williams_%R, OBV",64,2,0.4,0.0005,16,60,1,150,"(25, 1)",Tanh,0.029314929770559266,4.428742687881094,0.6964102032179291,60.0,0.6678005834681264
21,"20MA, 50MA, RSI, Upper_BB, Williams_%R, OBV",64,2,0.30000000000000004,0.0005,16,60,1,100,"(25, 1)",Tanh,0.037678076289925706,5.932726609699861,0.4984815696803646,44.166666666666664,0.6742951375332525
22,"20MA, 50MA, RSI, Upper_BB, Williams_%R, OBV",64,2,0.4,0.0005,16,60,1,100,"(25, 1)",Tanh,0.03847074755993448,6.3019458575696445,0.4771577121212256,40.0,0.6992047801104745
23,"20MA, 50MA, RSI, Upper_BB, Williams_%R, OBV",64,2,0.2,0.0005,16,60,1,100,"(25, 1)",Tanh,0.02333547264256283,3.416569511967587,0.80762764636561,77.5,0.8942453079610619
24,"20MA, 50MA, RSI, Upper_BB, Williams_%R, OBV",64,2,0.5,0.0005,16,60,1,100,"(25, 1)",Tanh,0.031576584354193436,4.862998633479139,0.6477591209688258,57.91666666666667,0.6091621434063672
0,"20MA, 50MA, RSI, Upper_BB, Williams_%R, OBV",64,3,0.6000000000000001,0.0001,32,60,30,100,"(25, 1)",Tanh,0.052959558068862385,8.057778257660466,0.05009238433045926,37.552742616033754,1.1075721995018915
1,"20MA, 50MA, RSI, Upper_BB, Williams_%R, OBV",16,2,0.2,0.001,16,60,30,50,"(16, 1)",ReLU,0.06978205550806879,11.363801446392923,-0.6492260295844365,27.004219409282697,0.8429776685805024
2,"20MA, 50MA, RSI, Upper_BB, Williams_%R, OBV",128,2,0.5,0.0001,16,60,30,50,"(16, 1)",Sigmoid,0.3460800510842387,62.246958996143285,-39.56446917204674,0.0,1.0
3,"20MA, 50MA, RSI, Upper_BB, Williams_%R, OBV",32,3,0.30000000000000004,0.0005,64,60,30,150,"(25, 1)",Tanh,0.05319867175621661,8.126271477819987,0.04149530825947101,35.0210970464135,1.2354793207330206
4,"20MA, 50MA, RSI, Upper_BB, Williams_%R, OBV",64,2,0.2,0.0005,64,60,30,50,"(25, 1)",Tanh,0.053202980863209876,8.134469995062362,0.04134002368519174,40.92827004219409,1.081732892822355
5,"20MA, 50MA, RSI, Upper_BB, Williams_%R, OBV",128,3,0.6000000000000001,0.0005,32,60,30,50,"(16, 1)",Tanh,0.058456492133888475,9.08120257991726,-0.15733254496506732,37.9746835443038,1.160463889588581
6,"20MA, 50MA, RSI, Upper_BB, Williams_%R, OBV",64,3,0.6000000000000001,0.0005,64,60,30,150,"(25, 1)",Tanh,0.06889917919321387,11.210904883952425,-0.6077583026152238,28.270042194092827,1.1096683277646233
7,"20MA, 50MA, RSI, Upper_BB, Williams_%R, OBV",32,3,0.2,0.001,64,60,30,150,"(16, 1)",Sigmoid,0.0937100128506301,13.724880762615788,-1.97416226816205,17.29957805907173,1.086978354373892
8,"20MA, 50MA, RSI, Upper_BB, Williams_%R, OBV",128,2,0.5,0.0001,32,60,30,100,"(16, 1)",Tanh,0.06144840629731679,9.112083875640915,-0.27883322815994194,47.257383966244724,0.983983584898891
9,"20MA, 50MA, RSI, Upper_BB, Williams_%R, OBV",64,3,0.2,0.001,64,60,30,100,"(16, 1)",Sigmoid,0.3756050610210716,67.77288067261239,-46.78103310352071,0.0,1.0
10,"20MA, 50MA, RSI, Upper_BB, Williams_%R, OBV",16,3,0.8,0.0001,32,60,30,100,"(25, 1)",ReLU,0.05367307234730227,8.162468762369851,0.02432410286123554,41.77215189873418,1.1613452780971756
11,"20MA, 50MA, RSI, Upper_BB, Williams_%R, OBV",32,3,0.4,0.0005,32,60,30,150,"(25, 1)",Tanh,0.0528163829849377,7.9670366437610305,0.0552215533319107,37.9746835443038,1.358771669913692
12,"20MA, 50MA, RSI, Upper_BB, Williams_%R, OBV",32,3,0.4,0.0001,32,60,30,150,"(25, 1)",Tanh,0.05791283902079974,8.718193221180139,-0.13590595384220494,46.41350210970464,1.0893837490364762
13,"20MA, 50MA, RSI, Upper_BB, Williams_%R, OBV",64,3,0.7,0.0005,32,60,30,100,"(25, 1)",Tanh,0.11733624652499057,20.278761251768515,-3.662910155896874,12.236286919831224,0.8308129656035596
14,"20MA, 50MA, RSI, Upper_BB, Williams_%R, OBV",32,3,0.4,0.0001,32,60,30,150,"(25, 1)",Tanh,0.05869801457350745,8.838686230852662,-0.16691571405980565,43.88185654008439,1.106779149362424
15,"20MA, 50MA, RSI, Upper_BB, Williams_%R, OBV",64,3,0.6000000000000001,0.0005,32,60,30,100,"(25, 1)",ReLU,0.06165732876087493,9.954648149627836,-0.2875439889724687,28.691983122362867,1.006913725062077
16,"20MA, 50MA, RSI, Upper_BB, Williams_%R, OBV",32,3,0.4,0.0001,32,60,30,150,"(25, 1)",Tanh,0.056435428373769504,8.65283471311261,-0.07868916534472992,39.66244725738397,1.1268949376197324
17,"20MA, 50MA, RSI, Upper_BB, Williams_%R, OBV",16,2,0.8,0.0005,16,60,30,100,"(25, 1)",Tanh,0.08460328357349788,14.161601111207844,-1.4241924966016377,16.033755274261605,0.8340724281289654
18,"20MA, 50MA, RSI, Upper_BB, Williams_%R, OBV",64,3,0.7,0.0001,32,60,30,100,"(25, 1)",Sigmoid,0.07345143127725386,11.97376886543014,-0.82722988864469,26.582278481012654,1.020456386156997
19,"20MA, 50MA, RSI, Upper_BB, Williams_%R, OBV",32,3,0.30000000000000004,0.001,32,60,30,150,"(25, 1)",ReLU,0.06714155076080024,10.685465622064216,-0.5267762672945884,32.06751054852321,0.8991487371447898
20,"20MA, 50MA, RSI, Upper_BB, Williams_%R, OBV",64,2,0.5,0.0001,16,60,30,150,"(25, 1)",Tanh,0.06894963887911158,10.82107101172371,-0.6101141125792608,32.91139240506329,0.911179002764469
21,"20MA, 50MA, RSI, Upper_BB, Williams_%R, OBV",32,3,0.30000000000000004,0.0005,64,60,30,150,"(25, 1)",Tanh,0.12162931209463226,21.252143788801185,-4.010362701878457,7.59493670886076,0.8286492301679971
22,"20MA, 50MA, RSI, Upper_BB, Williams_%R, OBV",32,3,0.30000000000000004,0.0005,64,60,30,150,"(25, 1)",Tanh,0.05462819490305233,8.507432529121456,-0.010709540489377778,37.9746835443038,1.1837640235134694
23,"20MA, 50MA, RSI, Upper_BB, Williams_%R, OBV",32,3,0.4,0.0005,64,60,30,150,"(25, 1)",Tanh,0.052653370478635386,8.14629341252604,0.06104448267516693,38.39662447257383,1.1778662406076388
24,"20MA, 50MA, RSI, Upper_BB, Williams_%R, OBV",32,3,0.4,0.0005,32,60,30,150,"(25, 1)",Tanh,0.08424760934470937,13.926979678085372,-1.4038526147983346,17.72151898734177,0.8124594064664185
0,"20MA, 50MA, RSI, Lower_BB, CCI, ATR",64,3,0.5,0.0001,16,60,1,100,"(25, 1)",Sigmoid,0.05322313135923805,8.023125545798425,-0.000714748057407455,35.0,0.7237321682369325
1,"20MA, 50MA, RSI, Lower_BB, CCI, ATR",64,3,0.7,0.0005,16,60,1,50,"(16, 1)",ReLU,0.06585540868999414,10.177157011952104,-0.5321184901285807,27.916666666666668,0.6333656158499962
2,"20MA, 50MA, RSI, Lower_BB, CCI, ATR",16,2,0.4,0.0001,32,60,1,100,"(16, 1)",Tanh,0.03515422693082502,5.310012002871855,0.5634192736521727,59.583333333333336,0.828306942219194
3,"20MA, 50MA, RSI, Lower_BB, CCI, ATR",32,2,0.7,0.0001,64,60,1,150,"(16, 1)",ReLU,0.027400885038273405,3.9951255143767175,0.734760233772781,67.08333333333333,0.799153326719716
4,"20MA, 50MA, RSI, Lower_BB, CCI, ATR",128,2,0.8,0.0005,64,60,1,150,"(25, 1)",Tanh,0.047825347869114604,7.1026176311986235,0.1919732646786172,29.583333333333332,1.3177311784062806
5,"20MA, 50MA, RSI, Lower_BB, CCI, ATR",128,3,0.6000000000000001,0.0001,16,60,1,100,"(25, 1)",Sigmoid,0.05957886636646882,8.764490095873127,-0.2539895754289061,35.41666666666667,0.8877070093309336
6,"20MA, 50MA, RSI, Lower_BB, CCI, ATR",16,3,0.2,0.0001,64,60,1,150,"(16, 1)",Tanh,0.02930441081249948,4.3671557186729295,0.6966280359344749,62.5,0.921290587105377
7,"20MA, 50MA, RSI, Lower_BB, CCI, ATR",64,2,0.2,0.001,16,60,1,50,"(25, 1)",ReLU,0.0317046311352864,4.820040737683376,0.6448965719451649,54.58333333333333,0.8270049532053337
8,"20MA, 50MA, RSI, Lower_BB, CCI, ATR",64,2,0.7,0.0001,32,60,1,50,"(16, 1)",ReLU,0.0277985625851516,4.064958848653267,0.7270053506238999,68.33333333333333,0.9055342129263189
9,"20MA, 50MA, RSI, Lower_BB, CCI, ATR",128,3,0.30000000000000004,0.001,32,60,1,150,"(25, 1)",ReLU,0.08791218790213014,12.743009292946542,-1.7302827960775602,19.166666666666668,1.0917870500920754
10,"20MA, 50MA, RSI, Lower_BB, CCI, ATR",32,2,0.8,0.0005,64,60,1,150,"(16, 1)",ReLU,0.031865691434582746,4.4980510185402185,0.6412795397683875,63.33333333333333,1.0144310694514114
11,"20MA, 50MA, RSI, Lower_BB, CCI, ATR",32,2,0.6000000000000001,0.0001,32,60,1,50,"(16, 1)",ReLU,0.03465104876610597,4.951591018069538,0.5758277794716474,56.25,1.2822704299640675
12,"20MA, 50MA, RSI, Lower_BB, CCI, ATR",32,2,0.7,0.0001,64,60,1,50,"(16, 1)",ReLU,0.04284029556375501,6.575925784855205,0.35164274902718584,45.0,0.9283255361848587
13,"20MA, 50MA, RSI, Lower_BB, CCI, ATR",32,2,0.6000000000000001,0.0001,32,60,1,150,"(16, 1)",ReLU,0.02898801921523587,4.334251786084262,0.7031435180394754,63.33333333333333,0.8181969848046922
14,"20MA, 50MA, RSI, Lower_BB, CCI, ATR",64,2,0.7,0.0001,64,60,1,50,"(16, 1)",Sigmoid,0.07425212338395246,10.48262887447974,-0.947723080182653,26.666666666666668,1.1930083070106894
15,"20MA, 50MA, RSI, Lower_BB, CCI, ATR",32,2,0.5,0.001,32,60,1,150,"(16, 1)",ReLU,0.024233026517382295,3.644112051165526,0.792544587340983,70.41666666666667,0.9868862603576352
16,"20MA, 50MA, RSI, Lower_BB, CCI, ATR",32,2,0.4,0.001,32,60,1,150,"(16, 1)",ReLU,0.06244626285392157,9.79872163284539,-0.3775975472197124,20.416666666666668,0.6750365709417834
17,"20MA, 50MA, RSI, Lower_BB, CCI, ATR",32,2,0.5,0.001,64,60,1,150,"(16, 1)",ReLU,0.04172587758417949,6.129426590017794,0.384935849660776,41.66666666666667,1.1571907295407289
18,"20MA, 50MA, RSI, Lower_BB, CCI, ATR",32,2,0.4,0.001,64,60,1,150,"(16, 1)",Sigmoid,0.024589744686757075,3.7228762378252713,0.7863920095646919,71.25,0.8106253987726484
19,"20MA, 50MA, RSI, Lower_BB, CCI, ATR",32,2,0.4,0.001,32,60,1,150,"(16, 1)",Sigmoid,0.028599690620489636,4.377362641961852,0.7110437280125572,60.0,0.85889070754765
20,"20MA, 50MA, RSI, Lower_BB, CCI, ATR",16,3,0.30000000000000004,0.001,64,60,1,150,"(16, 1)",Sigmoid,0.032945521936777224,5.041830153660221,0.6165557410973208,56.25,0.8834307820947536
21,"20MA, 50MA, RSI, Lower_BB, CCI, ATR",32,2,0.5,0.001,64,60,1,150,"(16, 1)",Sigmoid,0.04777734798313252,6.862019105809584,0.19359440198443834,39.58333333333333,1.1806363966295343
22,"20MA, 50MA, RSI, Lower_BB, CCI, ATR",32,2,0.5,0.001,64,60,1,150,"(16, 1)",Sigmoid,0.024807294384585565,3.6043802778437195,0.7825956367294945,73.33333333333333,0.7937778839192522
23,"20MA, 50MA, RSI, Lower_BB, CCI, ATR",32,2,0.4,0.001,64,60,1,150,"(16, 1)",Sigmoid,0.03176883844766652,4.870385249347142,0.6434568249360476,56.666666666666664,0.7810142921374588
24,"20MA, 50MA, RSI, Lower_BB, CCI, ATR",32,2,0.5,0.001,64,60,1,150,"(16, 1)",Sigmoid,0.032379428140241924,4.990286927636078,0.6296197641333996,55.833333333333336,0.7396870422106453
0,"20MA, 50MA, RSI, Lower_BB, CCI, ATR",16,3,0.8,0.0001,64,60,30,150,"(16, 1)",ReLU,0.05500504495900458,8.283690679973354,-0.024702304099365024,33.33333333333333,1.2122611305965583
1,"20MA, 50MA, RSI, Lower_BB, CCI, ATR",32,2,0.8,0.0001,64,60,30,100,"(25, 1)",Sigmoid,0.05844744512506549,8.50614692460898,-0.1569743439462037,35.44303797468354,1.3014113449401337
2,"20MA, 50MA, RSI, Lower_BB, CCI, ATR",16,3,0.5,0.0001,32,60,30,100,"(16, 1)",ReLU,0.0694325407340214,11.14306910421295,-0.6327465696418291,29.535864978902953,0.9250802424404064
3,"20MA, 50MA, RSI, Lower_BB, CCI, ATR",16,2,0.4,0.001,32,60,30,150,"(25, 1)",Tanh,0.05829039102596824,8.691851784205811,-0.1507648875797225,26.582278481012654,1.2022774572366388
4,"20MA, 50MA, RSI, Lower_BB, CCI, ATR",64,2,0.4,0.0005,64,60,30,100,"(25, 1)",Tanh,0.06041922056227464,9.280485143405002,-0.23635417998423147,39.24050632911392,1.0002337042709692
5,"20MA, 50MA, RSI, Lower_BB, CCI, ATR",128,3,0.6000000000000001,0.001,32,60,30,150,"(16, 1)",ReLU,0.3676072924086957,66.27632530901111,-44.76789105671178,0.0,1.0
6,"20MA, 50MA, RSI, Lower_BB, CCI, ATR",128,2,0.2,0.001,64,60,30,100,"(25, 1)",ReLU,0.05349447765760274,8.107762940685943,0.030806333937403285,38.81856540084388,1.288240346938104
7,"20MA, 50MA, RSI, Lower_BB, CCI, ATR",64,3,0.5,0.0005,32,60,30,100,"(16, 1)",Tanh,0.06181302996157031,10.135435908375563,-0.2940549835900981,25.31645569620253,1.2309397700575126
8,"20MA, 50MA, RSI, Lower_BB, CCI, ATR",32,3,0.8,0.001,16,60,30,100,"(25, 1)",Tanh,0.056208273218687176,9.086767865420473,-0.07002309569112142,25.738396624472575,0.98430426353283
9,"20MA, 50MA, RSI, Lower_BB, CCI, ATR",128,2,0.6000000000000001,0.0005,32,60,30,100,"(16, 1)",Tanh,0.05570394440782581,8.337551854764321,-0.05090767126130302,30.801687763713083,1.2543592809140083
10,"20MA, 50MA, RSI, Lower_BB, CCI, ATR",128,2,0.2,0.001,16,60,30,50,"(25, 1)",Sigmoid,0.3431707916076998,61.700144854155745,-38.885339934094816,0.0,1.0
11,"20MA, 50MA, RSI, Lower_BB, CCI, ATR",16,3,0.2,0.0001,64,60,30,150,"(16, 1)",ReLU,0.05493564703896456,8.405589934005855,-0.02211827389856058,31.223628691983123,1.2735456343748623
12,"20MA, 50MA, RSI, Lower_BB, CCI, ATR",16,3,0.2,0.0001,64,60,30,50,"(16, 1)",ReLU,0.07805293266955064,11.081552967272154,-1.0633415108352922,23.20675105485232,1.2560495333251247
13,"20MA, 50MA, RSI, Lower_BB, CCI, ATR",128,2,0.30000000000000004,0.0001,64,60,30,150,"(25, 1)",ReLU,0.054567599849683124,8.650618385712557,-0.008468571996254948,35.0210970464135,1.0197092444862486
14,"20MA, 50MA, RSI, Lower_BB, CCI, ATR",128,2,0.30000000000000004,0.001,64,60,30,150,"(25, 1)",ReLU,0.05563936638883536,8.370126793864967,-0.04847243268889878,40.08438818565401,1.2470795139682065
15,"20MA, 50MA, RSI, Lower_BB, CCI, ATR",128,2,0.30000000000000004,0.0001,64,60,30,50,"(25, 1)",ReLU,0.05393629108680181,8.5783727525766,0.01473099048082227,33.33333333333333,1.0405225883415743
16,"20MA, 50MA, RSI, Lower_BB, CCI, ATR",128,2,0.30000000000000004,0.001,64,60,30,50,"(25, 1)",Sigmoid,0.11696833637226066,18.242567078512213,-3.6337147027290175,7.59493670886076,1.0
17,"20MA, 50MA, RSI, Lower_BB, CCI, ATR",128,2,0.4,0.0001,16,60,30,50,"(25, 1)",ReLU,0.07919591544130064,12.987216996232112,-1.124213826310812,26.582278481012654,0.9023835499006733
18,"20MA, 50MA, RSI, Lower_BB, CCI, ATR",128,2,0.30000000000000004,0.001,64,60,30,50,"(25, 1)",ReLU,0.09164425815800957,13.351211777534647,-1.8444819670024732,18.565400843881857,1.086978354373892
19,"20MA, 50MA, RSI, Lower_BB, CCI, ATR",64,2,0.2,0.0005,64,60,30,50,"(25, 1)",ReLU,0.05739219888242334,8.457090202295154,-0.1155740243800445,32.06751054852321,1.2714706615020028
20,"20MA, 50MA, RSI, Lower_BB, CCI, ATR",32,2,0.6000000000000001,0.001,16,60,30,100,"(25, 1)",Sigmoid,0.06299424621295173,8.95246173550461,-0.343985031563812,33.33333333333333,1.3820731523924763
21,"20MA, 50MA, RSI, Lower_BB, CCI, ATR",128,2,0.30000000000000004,0.0001,64,60,30,150,"(25, 1)",ReLU,0.06680437386047541,10.843969602269723,-0.5114801930434465,29.11392405063291,0.9580427013135117
22,"20MA, 50MA, RSI, Lower_BB, CCI, ATR",128,2,0.30000000000000004,0.0001,64,60,30,150,"(25, 1)",ReLU,0.06908947523381824,11.201841235606892,-0.6166516610579298,29.11392405063291,0.9218125734445193
23,"20MA, 50MA, RSI, Lower_BB, CCI, ATR",128,2,0.4,0.0001,64,60,30,50,"(25, 1)",ReLU,0.05535232419245929,8.812823815567157,-0.03768224806459575,37.130801687763714,1.033181263134137
24,"20MA, 50MA, RSI, Lower_BB, CCI, ATR",128,2,0.2,0.0001,64,60,30,150,"(25, 1)",ReLU,0.05401215882224813,8.34505646072293,0.011957247627058742,37.130801687763714,1.1101928014765348
0,"20MA, 50MA, RSI, Lower_BB, CCI, Williams_%R",128,2,0.30000000000000004,0.0001,16,60,1,50,"(25, 1)",ReLU,0.06458533113624614,10.752359722779703,-0.4735919367426711,21.25,0.7046944176036899
1,"20MA, 50MA, RSI, Lower_BB, CCI, Williams_%R",32,3,0.4,0.0005,64,60,1,100,"(16, 1)",Tanh,0.0514579023418807,7.345643705974157,0.064565006929439,34.583333333333336,1.2177806294432507
2,"20MA, 50MA, RSI, Lower_BB, CCI, Williams_%R",32,3,0.4,0.0005,16,60,1,100,"(25, 1)",ReLU,0.03136892042139831,4.547112870830596,0.652376922361988,57.91666666666667,1.0564736529169352
3,"20MA, 50MA, RSI, Lower_BB, CCI, Williams_%R",64,3,0.30000000000000004,0.0001,32,60,1,100,"(25, 1)",ReLU,0.029076314561430068,4.541130751903003,0.7013323584637959,56.666666666666664,0.8554988093814588
4,"20MA, 50MA, RSI, Lower_BB, CCI, Williams_%R",64,2,0.7,0.0001,16,60,1,100,"(16, 1)",ReLU,0.03619223625869231,5.662417795321748,0.5372565375556067,54.166666666666664,0.8438637311666093
5,"20MA, 50MA, RSI, Lower_BB, CCI, Williams_%R",128,2,0.6000000000000001,0.001,16,60,1,100,"(16, 1)",Tanh,0.04028012395959868,6.617921258617604,0.42681996839746905,36.25,0.7803708463213591
6,"20MA, 50MA, RSI, Lower_BB, CCI, Williams_%R",32,2,0.5,0.0005,16,60,1,100,"(25, 1)",ReLU,0.03790248152982786,6.022555832028277,0.4924898354473849,47.5,0.7326926925197371
7,"20MA, 50MA, RSI, Lower_BB, CCI, Williams_%R",16,3,0.7,0.0005,64,60,1,150,"(16, 1)",Tanh,0.034460392336386474,4.995038284236149,0.580482684880782,55.833333333333336,1.0510654296826565
8,"20MA, 50MA, RSI, Lower_BB, CCI, Williams_%R",16,3,0.6000000000000001,0.0001,32,60,1,100,"(16, 1)",ReLU,0.036554249988031876,5.6650733769488815,0.5279530342160138,47.91666666666667,0.7776141875063584
9,"20MA, 50MA, RSI, Lower_BB, CCI, Williams_%R",32,3,0.7,0.0001,32,60,1,50,"(16, 1)",Tanh,0.03488356139083036,4.8846269592854235,0.5701161895558626,57.91666666666667,1.1114347767864878
10,"20MA, 50MA, RSI, Lower_BB, CCI, Williams_%R",64,3,0.2,0.001,32,60,1,150,"(25, 1)",Sigmoid,0.02924292280220243,4.71645452504374,0.6982761334852942,60.245901639344254,0.755888303886104
11,"20MA, 50MA, RSI, Lower_BB, CCI, Williams_%R",64,3,0.2,0.001,32,60,1,150,"(25, 1)",Sigmoid,0.019776993450189805,2.9644637930539797,0.8618248340997512,81.25,0.8022902593180413
12,"20MA, 50MA, RSI, Lower_BB, CCI, Williams_%R",64,3,0.2,0.001,32,60,1,150,"(25, 1)",Sigmoid,0.026690651311418352,3.9943898786198506,0.748332115423179,66.66666666666666,0.6820199129154063
13,"20MA, 50MA, RSI, Lower_BB, CCI, Williams_%R",64,3,0.2,0.001,32,60,1,150,"(25, 1)",Sigmoid,0.024665142389351635,3.7864047972304955,0.7850800607366758,72.91666666666666,0.9569773509388573
14,"20MA, 50MA, RSI, Lower_BB, CCI, Williams_%R",64,3,0.2,0.001,32,60,1,150,"(25, 1)",Sigmoid,0.0187956809460675,2.669878837072601,0.8751968393768614,85.83333333333333,0.9784634606557842
15,"20MA, 50MA, RSI, Lower_BB, CCI, Williams_%R",64,3,0.30000000000000004,0.001,32,60,1,150,"(25, 1)",Sigmoid,0.02973218564251028,4.618394730899123,0.6877063692370473,60.416666666666664,0.841432970560685
16,"20MA, 50MA, RSI, Lower_BB, CCI, Williams_%R",64,3,0.4,0.001,32,60,1,150,"(25, 1)",Sigmoid,0.043835979985724007,7.062796667632792,0.3211545753854278,45.0,0.8042973433437527
17,"20MA, 50MA, RSI, Lower_BB, CCI, Williams_%R",64,2,0.2,0.001,64,60,1,150,"(25, 1)",Sigmoid,0.03717217803217848,5.468525155689349,0.5118587912160704,45.416666666666664,1.173633527074743
18,"20MA, 50MA, RSI, Lower_BB, CCI, Williams_%R",16,3,0.30000000000000004,0.001,32,60,1,150,"(25, 1)",Sigmoid,0.0328968524145526,5.105951242552134,0.617687807813283,55.833333333333336,0.8401072195464921
19,"20MA, 50MA, RSI, Lower_BB, CCI, Williams_%R",128,3,0.8,0.001,32,60,1,50,"(25, 1)",Sigmoid,0.34952175249824946,62.47556507893043,-42.15765845984711,0.0,1.0
20,"20MA, 50MA, RSI, Lower_BB, CCI, Williams_%R",64,2,0.5,0.001,64,60,1,150,"(25, 1)",Sigmoid,0.02161717565868776,3.19981267867085,0.8349150971564538,78.75,0.7419274616151758
21,"20MA, 50MA, RSI, Lower_BB, CCI, Williams_%R",64,2,0.5,0.001,64,60,1,150,"(25, 1)",Sigmoid,0.022716858804193777,3.434596565304148,0.8176918799497035,74.16666666666667,0.8568568566914142
22,"20MA, 50MA, RSI, Lower_BB, CCI, Williams_%R",64,2,0.4,0.001,64,60,1,150,"(25, 1)",Sigmoid,0.020767164938644316,3.047525012667199,0.8476424853075286,81.66666666666667,0.755716087844997
23,"20MA, 50MA, RSI, Lower_BB, CCI, Williams_%R",64,2,0.30000000000000004,0.001,64,60,1,150,"(25, 1)",Sigmoid,0.02398900825153049,3.425308047779432,0.7967015614879387,73.33333333333333,1.287087689664934
24,"20MA, 50MA, RSI, Lower_BB, CCI, Williams_%R",64,2,0.4,0.001,64,60,1,150,"(25, 1)",Sigmoid,0.020066703331437376,2.867087985827909,0.8577469733660279,80.41666666666667,0.9903453341213313
0,"20MA, 50MA, RSI, Lower_BB, CCI, Williams_%R",128,2,0.30000000000000004,0.0001,64,60,30,100,"(25, 1)",ReLU,0.05761182254023366,8.824561854935938,-0.12412833098077658,40.50632911392405,1.183213223100513
1,"20MA, 50MA, RSI, Lower_BB, CCI, Williams_%R",32,2,0.5,0.0001,16,60,30,150,"(16, 1)",Tanh,0.05417147540882059,8.053860218410156,0.00611990447529942,43.037974683544306,1.1510840476584177
2,"20MA, 50MA, RSI, Lower_BB, CCI, Williams_%R",64,2,0.30000000000000004,0.0001,64,60,30,150,"(16, 1)",ReLU,0.06025322533238362,9.543608834882873,-0.2295700151968505,36.708860759493675,1.113043213872606
3,"20MA, 50MA, RSI, Lower_BB, CCI, Williams_%R",64,3,0.2,0.0005,64,60,30,100,"(16, 1)",Tanh,0.06174086733195956,9.714794142855062,-0.2910352998232064,38.81856540084388,1.0874050659501064
4,"20MA, 50MA, RSI, Lower_BB, CCI, Williams_%R",64,2,0.8,0.0005,64,60,30,100,"(16, 1)",ReLU,0.05671983416988723,8.55760609043002,-0.08958864749110207,45.14767932489451,1.1195950318396124
5,"20MA, 50MA, RSI, Lower_BB, CCI, Williams_%R",32,2,0.30000000000000004,0.0001,32,60,30,50,"(25, 1)",Sigmoid,0.06081570045226757,8.896689677417193,-0.25263369875452457,26.160337552742618,1.3867390251422178
6,"20MA, 50MA, RSI, Lower_BB, CCI, Williams_%R",16,2,0.30000000000000004,0.0005,16,60,30,100,"(25, 1)",ReLU,0.0712668045671416,11.491822371478136,-0.7201536360165637,29.11392405063291,0.8658307904101075
7,"20MA, 50MA, RSI, Lower_BB, CCI, Williams_%R",128,3,0.8,0.001,32,60,30,150,"(25, 1)",Tanh,0.3743024106908012,67.52907338261552,-46.45018534291537,0.0,1.0
8,"20MA, 50MA, RSI, Lower_BB, CCI, Williams_%R",128,3,0.6000000000000001,0.0005,32,60,30,100,"(16, 1)",ReLU,0.06886131255214042,10.734317756152635,-0.6059915565521035,32.48945147679325,0.9404934948622413
9,"20MA, 50MA, RSI, Lower_BB, CCI, Williams_%R",64,3,0.5,0.001,16,60,30,100,"(16, 1)",ReLU,0.08340192754119992,11.915605400002157,-1.3558348423908138,22.362869198312236,1.1573296492946428
10,"20MA, 50MA, RSI, Lower_BB, CCI, Williams_%R",32,2,0.6000000000000001,0.0001,16,60,30,150,"(16, 1)",Tanh,0.05333379434996204,8.001665382241772,0.03661999396410143,42.616033755274266,1.0998803571031501
11,"20MA, 50MA, RSI, Lower_BB, CCI, Williams_%R",32,2,0.6000000000000001,0.0001,16,60,30,150,"(16, 1)",Tanh,0.05470607572217719,8.098301214842225,-0.013593435777718987,43.459915611814345,1.1131240383575947
12,"20MA, 50MA, RSI, Lower_BB, CCI, Williams_%R",32,2,0.5,0.0001,16,60,30,150,"(16, 1)",Tanh,0.053605102816340365,8.10370976861766,0.02679365565660541,39.24050632911392,1.1663676447795501
13,"20MA, 50MA, RSI, Lower_BB, CCI, Williams_%R",32,2,0.6000000000000001,0.0001,16,60,30,150,"(16, 1)",Tanh,0.05331519318308766,8.078880363843227,0.03729187067965911,39.24050632911392,1.338488218186816
14,"20MA, 50MA, RSI, Lower_BB, CCI, Williams_%R",32,2,0.7,0.0001,16,60,30,50,"(16, 1)",Sigmoid,0.06456929062572439,10.57745394013433,-0.41203250758479437,28.270042194092827,1.2751098762106576
15,"20MA, 50MA, RSI, Lower_BB, CCI, Williams_%R",16,2,0.6000000000000001,0.0001,16,60,30,150,"(16, 1)",Tanh,0.05533101076349769,8.3037574368817,-0.03688328219618464,42.19409282700422,1.0073887826955932
16,"20MA, 50MA, RSI, Lower_BB, CCI, Williams_%R",32,2,0.7,0.001,16,60,30,150,"(16, 1)",Tanh,0.1023507010525589,16.824651044599577,-2.5479239995200262,16.033755274261605,0.9601032542509725
17,"20MA, 50MA, RSI, Lower_BB, CCI, Williams_%R",32,3,0.4,0.0001,16,60,30,50,"(16, 1)",Tanh,0.05592451575195095,8.41502759683838,-0.0592467233855094,30.37974683544304,1.2722743664169769
18,"20MA, 50MA, RSI, Lower_BB, CCI, Williams_%R",32,2,0.7,0.0001,16,60,30,150,"(25, 1)",Sigmoid,0.08557052590316896,14.119178247137022,-1.4799393912391086,25.738396624472575,0.9618625227555023
19,"20MA, 50MA, RSI, Lower_BB, CCI, Williams_%R",16,2,0.4,0.001,32,60,30,150,"(16, 1)",Tanh,0.05764348999226538,8.475173788237525,-0.12536446835918924,44.72573839662447,1.061816085501634
20,"20MA, 50MA, RSI, Lower_BB, CCI, Williams_%R",32,3,0.6000000000000001,0.0001,16,60,30,150,"(16, 1)",Tanh,0.05542212271888424,8.26236289535018,-0.04030090441430456,43.459915611814345,1.0838626109373324
21,"20MA, 50MA, RSI, Lower_BB, CCI, Williams_%R",32,2,0.5,0.0001,16,60,30,150,"(16, 1)",Tanh,0.055222658628494355,8.273218473100583,-0.03282629815058602,41.77215189873418,1.211103153161236
22,"20MA, 50MA, RSI, Lower_BB, CCI, Williams_%R",32,2,0.5,0.0001,16,60,30,150,"(16, 1)",Tanh,0.054143992683926244,8.050438341884579,0.0071280957537808165,40.50632911392405,1.3745384089743053
23,"20MA, 50MA, RSI, Lower_BB, CCI, Williams_%R",32,2,0.4,0.0001,16,60,30,150,"(16, 1)",Tanh,0.05486839689809678,8.17960372801606,-0.019617328569892845,42.19409282700422,1.1800049837092428
24,"20MA, 50MA, RSI, Lower_BB, CCI, Williams_%R",32,2,0.7,0.0001,16,60,30,150,"(16, 1)",Tanh,0.05487030188157337,8.134808637559205,-0.01968813026965499,45.14767932489451,0.9240783459337722
0,"20MA, 50MA, RSI, Lower_BB, CCI, OBV",64,3,0.7,0.001,64,60,1,150,"(25, 1)",Sigmoid,0.3723378863916795,66.71166123830429,-47.976067803375436,0.0,1.0
1,"20MA, 50MA, RSI, Lower_BB, CCI, OBV",16,2,0.2,0.001,16,60,1,50,"(16, 1)",Tanh,0.03830961774916223,6.107343343341438,0.4815282564194071,47.083333333333336,0.7688994209084339
2,"20MA, 50MA, RSI, Lower_BB, CCI, OBV",16,3,0.7,0.0005,32,60,1,50,"(16, 1)",ReLU,0.04402568469370769,6.537474660319788,0.31526631520277626,45.83333333333333,0.7682446723786082
3,"20MA, 50MA, RSI, Lower_BB, CCI, OBV",128,2,0.6000000000000001,0.0005,16,60,1,150,"(16, 1)",Tanh,0.020665495405844066,3.0644795218342744,0.8491306229519758,82.08333333333333,0.8498430497131833
4,"20MA, 50MA, RSI, Lower_BB, CCI, OBV",64,3,0.7,0.0001,32,60,1,50,"(25, 1)",ReLU,0.05282011396506145,7.576864587149595,0.014383141920443765,33.75,1.1255957481036951
5,"20MA, 50MA, RSI, Lower_BB, CCI, OBV",128,2,0.4,0.001,64,60,1,150,"(16, 1)",Sigmoid,0.36411952076654414,65.2027708988252,-45.837896244393285,0.0,1.0
6,"20MA, 50MA, RSI, Lower_BB, CCI, OBV",128,3,0.5,0.0001,16,60,1,50,"(25, 1)",Sigmoid,0.10608183098499213,17.995439168221708,-2.9754973607750603,15.0,0.7247042611056826
7,"20MA, 50MA, RSI, Lower_BB, CCI, OBV",64,2,0.2,0.0001,64,60,1,50,"(16, 1)",Sigmoid,0.03895320435928801,5.572330243688566,0.46396168432373497,50.0,0.9654308546778497
8,"20MA, 50MA, RSI, Lower_BB, CCI, OBV",32,2,0.30000000000000004,0.001,64,60,1,100,"(16, 1)",Tanh,0.04040241416236229,5.867250057007842,0.42333434331422093,45.416666666666664,1.0630257218944472
9,"20MA, 50MA, RSI, Lower_BB, CCI, OBV",128,3,0.6000000000000001,0.001,32,60,1,100,"(16, 1)",Tanh,0.02757924287209676,4.049021838534095,0.7312959984126018,69.16666666666667,0.7379686908398841
10,"20MA, 50MA, RSI, Lower_BB, CCI, OBV",32,2,0.8,0.0005,16,60,1,150,"(25, 1)",Tanh,0.026944111534545973,4.015926878179019,0.7435296346724856,68.33333333333333,0.6687156228792577
11,"20MA, 50MA, RSI, Lower_BB, CCI, OBV",32,2,0.8,0.0005,16,60,1,150,"(25, 1)",Tanh,0.02672822137906991,4.157094238637888,0.7476231155603785,64.58333333333334,0.7546023850517949
12,"20MA, 50MA, RSI, Lower_BB, CCI, OBV",32,2,0.8,0.0005,16,60,1,150,"(25, 1)",Tanh,0.03572925203210666,5.566962553196149,0.5490199768695389,47.91666666666667,0.7052076136028596
13,"20MA, 50MA, RSI, Lower_BB, CCI, OBV",32,2,0.6000000000000001,0.0005,16,60,1,150,"(25, 1)",Tanh,0.036114534896563674,5.727026102033997,0.5392413389487245,47.91666666666667,0.6984616666829151
14,"20MA, 50MA, RSI, Lower_BB, CCI, OBV",128,2,0.5,0.0005,16,60,1,150,"(16, 1)",Tanh,0.022269714161062562,3.2975053233766727,0.824798128570739,80.41666666666667,0.8191715454146556
15,"20MA, 50MA, RSI, Lower_BB, CCI, OBV",128,2,0.5,0.0005,16,60,1,150,"(16, 1)",Tanh,0.022253791931284878,3.3413833177828867,0.8250485679961567,78.75,0.7656749847805208
16,"20MA, 50MA, RSI, Lower_BB, CCI, OBV",128,2,0.5,0.0005,16,60,1,150,"(16, 1)",ReLU,0.37860634523094183,67.87430558732042,-49.63901293246184,0.0,1.0
17,"20MA, 50MA, RSI, Lower_BB, CCI, OBV",128,2,0.4,0.0005,16,60,1,100,"(16, 1)",Tanh,0.021378217160374156,3.2042831511167753,0.8385446561260502,80.0,0.7288414556050148
18,"20MA, 50MA, RSI, Lower_BB, CCI, OBV",128,2,0.4,0.0005,16,60,1,100,"(16, 1)",Tanh,0.02372175467086441,3.60763403916421,0.8012060900925038,72.91666666666666,0.8338948452134457
19,"20MA, 50MA, RSI, Lower_BB, CCI, OBV",128,2,0.4,0.0005,32,60,1,100,"(16, 1)",ReLU,0.026512945819739762,4.149122229223254,0.7516721525985632,60.416666666666664,0.811211331803735
20,"20MA, 50MA, RSI, Lower_BB, CCI, OBV",16,3,0.30000000000000004,0.0001,16,60,1,100,"(16, 1)",Tanh,0.031785762928805736,4.770946335434332,0.6430768352423368,61.25000000000001,0.8596507128465368
21,"20MA, 50MA, RSI, Lower_BB, CCI, OBV",128,2,0.6000000000000001,0.0005,16,60,1,100,"(16, 1)",Tanh,0.02102769089912608,3.156993700754491,0.8437958298149204,78.75,0.8729802878978333
22,"20MA, 50MA, RSI, Lower_BB, CCI, OBV",128,2,0.6000000000000001,0.0005,16,60,1,100,"(16, 1)",Tanh,0.021779996191916028,3.257832824867962,0.8324188932650733,80.83333333333333,0.77770323176633
23,"20MA, 50MA, RSI, Lower_BB, CCI, OBV",128,2,0.6000000000000001,0.0005,16,60,1,100,"(16, 1)",Tanh,0.02591544510176227,3.976497737324161,0.7627387577717204,69.16666666666667,0.7597960322309923
24,"20MA, 50MA, RSI, Lower_BB, CCI, OBV",128,2,0.30000000000000004,0.0005,16,60,1,100,"(16, 1)",Tanh,0.02088630443707951,3.1205016619141466,0.8458893460981439,81.25,0.8283135045417362
0,"20MA, 50MA, RSI, Lower_BB, CCI, OBV",32,2,0.4,0.0005,32,60,30,150,"(16, 1)",Sigmoid,0.05587907998056027,8.877473980028036,-0.057526256406218224,32.91139240506329,1.289015956693383
1,"20MA, 50MA, RSI, Lower_BB, CCI, OBV",32,3,0.4,0.001,16,60,30,50,"(16, 1)",ReLU,0.35870875731589275,64.61081525053756,-42.57893610826421,0.0,1.0
2,"20MA, 50MA, RSI, Lower_BB, CCI, OBV",16,2,0.5,0.0001,32,60,30,50,"(25, 1)",Sigmoid,0.08563844167334364,12.315236820356553,-1.4838775190158175,20.675105485232066,1.1743057645571795
3,"20MA, 50MA, RSI, Lower_BB, CCI, OBV",64,2,0.5,0.001,16,60,30,150,"(25, 1)",Sigmoid,0.08766805224620605,14.721186178145873,-1.6030072655329408,14.767932489451477,0.8182265164010816
4,"20MA, 50MA, RSI, Lower_BB, CCI, OBV",64,3,0.30000000000000004,0.0001,16,60,30,150,"(25, 1)",Sigmoid,0.0818680514075244,13.299616803132205,-1.2699776017456568,29.957805907172997,0.9482822048528026
5,"20MA, 50MA, RSI, Lower_BB, CCI, OBV",128,3,0.6000000000000001,0.0005,16,60,30,100,"(25, 1)",Tanh,0.0982848200491025,14.55600159780102,-2.2716403698101115,14.345991561181433,1.086978354373892
6,"20MA, 50MA, RSI, Lower_BB, CCI, OBV",16,2,0.8,0.0005,64,60,30,50,"(16, 1)",ReLU,0.05693557837441737,8.772069482672874,-0.09789330880916403,40.92827004219409,1.1579923265285705
7,"20MA, 50MA, RSI, Lower_BB, CCI, OBV",32,3,0.2,0.001,64,60,30,50,"(16, 1)",ReLU,0.06789978477157964,9.560598877635012,-0.5614549546261391,29.535864978902953,1.4434686461079704
8,"20MA, 50MA, RSI, Lower_BB, CCI, OBV",128,3,0.8,0.0001,32,60,30,100,"(16, 1)",ReLU,0.07452009931025591,12.028244836028911,-0.8807865689305672,30.37974683544304,0.9067305747145392
9,"20MA, 50MA, RSI, Lower_BB, CCI, OBV",64,2,0.6000000000000001,0.0001,16,60,30,100,"(16, 1)",Sigmoid,0.0689197971834688,11.090329987193575,-0.6087206857745986,30.37974683544304,1.0792017627535302
10,"20MA, 50MA, RSI, Lower_BB, CCI, OBV",32,2,0.2,0.0005,32,60,30,150,"(16, 1)",Tanh,0.0555217442198576,8.280902306035726,-0.0440441562369136,38.81856540084388,1.2491079054068048
11,"20MA, 50MA, RSI, Lower_BB, CCI, OBV",32,2,0.2,0.0005,32,60,30,150,"(16, 1)",Tanh,0.06099933166463821,9.055347686986375,-0.2602097002258048,43.459915611814345,1.145242589362489
12,"20MA, 50MA, RSI, Lower_BB, CCI, OBV",32,2,0.30000000000000004,0.0005,32,60,30,150,"(16, 1)",Tanh,0.06519648256879691,10.110252277961338,-0.4395972091132494,34.177215189873415,0.9832488173036041
13,"20MA, 50MA, RSI, Lower_BB, CCI, OBV",32,2,0.30000000000000004,0.0005,32,60,30,150,"(16, 1)",Tanh,0.05520517194154199,8.204681230869367,-0.03217229665671306,39.24050632911392,1.147134292150082
14,"20MA, 50MA, RSI, Lower_BB, CCI, OBV",32,2,0.2,0.0005,32,60,30,150,"(16, 1)",Tanh,0.057700941720574404,8.692674986504558,-0.1276088277211358,42.616033755274266,1.1191956328400638
15,"20MA, 50MA, RSI, Lower_BB, CCI, OBV",32,2,0.30000000000000004,0.0005,32,60,30,150,"(16, 1)",Tanh,0.062100148732910976,9.745729284815145,-0.30610455915398727,35.86497890295359,1.0165982618358016
16,"20MA, 50MA, RSI, Lower_BB, CCI, OBV",32,2,0.4,0.0005,32,60,30,150,"(16, 1)",Tanh,0.05566300357664339,8.293289390395268,-0.0493634638296625,39.24050632911392,1.1539095589460266
17,"20MA, 50MA, RSI, Lower_BB, CCI, OBV",128,2,0.30000000000000004,0.0005,64,60,30,150,"(16, 1)",Tanh,0.05673928735836235,8.363209276641964,-0.0903361675929959,30.801687763713083,1.33322063340515
18,"20MA, 50MA, RSI, Lower_BB, CCI, OBV",16,2,0.2,0.0005,32,60,30,150,"(25, 1)",Tanh,0.06657488373125392,10.725075657645665,-0.5011133870532367,30.801687763713083,0.9850465574197209
19,"20MA, 50MA, RSI, Lower_BB, CCI, OBV",32,2,0.5,0.001,32,60,30,100,"(16, 1)",Tanh,0.05953057973241993,8.716150494619,-0.20025324435824698,45.9915611814346,1.0588819020714517
20,"20MA, 50MA, RSI, Lower_BB, CCI, OBV",32,3,0.30000000000000004,0.0005,64,60,30,150,"(16, 1)",Tanh,0.0568528507484489,8.4020268518333,-0.09470513985593287,35.0210970464135,1.1735409808367618
21,"20MA, 50MA, RSI, Lower_BB, CCI, OBV",32,2,0.4,0.0005,32,60,30,150,"(16, 1)",Tanh,0.0572181723550118,8.547328512047866,-0.10881892040301056,44.303797468354425,1.1694159571626574
22,"20MA, 50MA, RSI, Lower_BB, CCI, OBV",32,2,0.4,0.0005,32,60,30,150,"(16, 1)",Tanh,0.06257141700506216,9.426291283867872,-0.3260034230096116,41.77215189873418,1.1157442150122079
23,"20MA, 50MA, RSI, Lower_BB, CCI, OBV",32,2,0.2,0.0005,32,60,30,150,"(16, 1)",Tanh,0.06746255062322361,10.70306046032771,-0.5414100231138177,31.223628691983123,0.9301662320103699
24,"20MA, 50MA, RSI, Lower_BB, CCI, OBV",32,2,0.4,0.0005,32,60,30,150,"(16, 1)",Tanh,0.055334161817274526,8.295410319745383,-0.03700138479260118,37.9746835443038,1.0559675461058589
0,"20MA, 50MA, RSI, Lower_BB, ATR, Williams_%R",128,2,0.2,0.001,32,60,1,150,"(25, 1)",Tanh,0.050276603642343154,8.572448415288209,0.10702084924895194,25.416666666666664,0.7005512372993451
1,"20MA, 50MA, RSI, Lower_BB, ATR, Williams_%R",32,2,0.2,0.0001,32,60,1,150,"(25, 1)",Tanh,0.025308019730897687,3.6087939296889076,0.773730621466528,74.58333333333333,0.9638682771982798
2,"20MA, 50MA, RSI, Lower_BB, ATR, Williams_%R",128,3,0.30000000000000004,0.0001,16,60,1,50,"(25, 1)",ReLU,0.06793135639976265,11.237407879684989,-0.6302343056805653,22.5,0.7677435117923459
3,"20MA, 50MA, RSI, Lower_BB, ATR, Williams_%R",32,3,0.8,0.0001,64,60,1,150,"(16, 1)",ReLU,0.031113586248334015,4.614024285701858,0.6580129983873568,61.66666666666667,0.8063018421870299
4,"20MA, 50MA, RSI, Lower_BB, ATR, Williams_%R",128,2,0.30000000000000004,0.0001,64,60,1,50,"(25, 1)",Tanh,0.04419366373063853,6.685124541215931,0.3100311741435753,47.5,0.9447677958606644
5,"20MA, 50MA, RSI, Lower_BB, ATR, Williams_%R",16,3,0.8,0.001,16,60,1,50,"(16, 1)",Sigmoid,0.08804698954059653,12.792537168172094,-1.7386622660557038,18.75,1.0713307323988435
6,"20MA, 50MA, RSI, Lower_BB, ATR, Williams_%R",64,3,0.5,0.001,64,60,1,150,"(25, 1)",Sigmoid,0.03950364637787343,5.8860623216723456,0.4487052899828424,45.416666666666664,0.9540886170885892
7,"20MA, 50MA, RSI, Lower_BB, ATR, Williams_%R",32,3,0.4,0.0005,16,60,1,100,"(25, 1)",ReLU,0.04512477806090678,6.558449632634564,0.28065105152949466,45.83333333333333,0.8908992208284817
8,"20MA, 50MA, RSI, Lower_BB, ATR, Williams_%R",128,2,0.6000000000000001,0.0005,16,60,1,150,"(16, 1)",Sigmoid,0.053381842504732234,8.062650471662725,-0.006691900736069956,35.833333333333336,1.0347699412719131
9,"20MA, 50MA, RSI, Lower_BB, ATR, Williams_%R",32,2,0.2,0.001,32,60,1,100,"(16, 1)",Tanh,0.04275126508159984,6.607043610699945,0.35433477425729,45.416666666666664,1.0179223096240055
10,"20MA, 50MA, RSI, Lower_BB, ATR, Williams_%R",16,2,0.6000000000000001,0.0001,32,60,1,150,"(25, 1)",Tanh,0.03525286345097788,5.403921482411947,0.5609659005776457,57.08333333333333,0.7792391456323634
11,"20MA, 50MA, RSI, Lower_BB, ATR, Williams_%R",32,3,0.8,0.0001,64,60,1,150,"(16, 1)",ReLU,0.03840746345960348,5.906828037014062,0.4788764408419467,50.83333333333333,0.7894188501904131
12,"20MA, 50MA, RSI, Lower_BB, ATR, Williams_%R",32,2,0.7,0.0001,64,60,1,150,"(16, 1)",ReLU,0.02743656597824594,3.9127234221172764,0.7340690030996171,70.41666666666667,0.8996741142740808
13,"20MA, 50MA, RSI, Lower_BB, ATR, Williams_%R",32,2,0.6000000000000001,0.0001,32,60,1,150,"(16, 1)",Tanh,0.026437903191188276,3.764225246151921,0.7530759047054267,72.5,0.96452060249714
14,"20MA, 50MA, RSI, Lower_BB, ATR, Williams_%R",64,2,0.5,0.0001,32,60,1,150,"(25, 1)",Tanh,0.022847574719325435,3.25513317469956,0.8155877919555745,79.16666666666666,0.9174220999145557
15,"20MA, 50MA, RSI, Lower_BB, ATR, Williams_%R",64,2,0.4,0.0001,32,60,1,100,"(25, 1)",Tanh,0.027736281406494888,3.9996130525930553,0.7282272398468774,67.08333333333333,1.144696844436171
16,"20MA, 50MA, RSI, Lower_BB, ATR, Williams_%R",64,2,0.4,0.0001,32,60,1,150,"(25, 1)",Tanh,0.02206749472659706,3.13011874800136,0.827965512411598,80.41666666666667,0.9792884431252944
17,"20MA, 50MA, RSI, Lower_BB, ATR, Williams_%R",64,2,0.5,0.0005,32,60,1,150,"(25, 1)",Tanh,0.022546154393008472,3.324379519051141,0.8204214714749619,75.41666666666667,0.8743313913308144
18,"20MA, 50MA, RSI, Lower_BB, ATR, Williams_%R",64,2,0.4,0.0005,32,60,1,100,"(25, 1)",Tanh,0.11341299830912625,19.43072260989438,-3.5439664844056775,2.5,1.0
19,"20MA, 50MA, RSI, Lower_BB, ATR, Williams_%R",64,2,0.30000000000000004,0.0005,32,60,1,50,"(25, 1)",Tanh,0.023271217778470285,3.347647478505298,0.8086855929214166,80.0,0.9744353700929632
20,"20MA, 50MA, RSI, Lower_BB, ATR, Williams_%R",64,2,0.5,0.0005,32,60,1,150,"(25, 1)",Sigmoid,0.024807780909924956,3.617575504338514,0.7825871090950653,71.25,1.001385880892398
21,"20MA, 50MA, RSI, Lower_BB, ATR, Williams_%R",64,2,0.5,0.0005,32,60,1,150,"(25, 1)",Tanh,0.0383859748308489,6.1787530403799105,0.4794594055594863,40.0,0.7766684565893757
22,"20MA, 50MA, RSI, Lower_BB, ATR, Williams_%R",64,2,0.4,0.0001,32,60,1,150,"(25, 1)",Tanh,0.02212704102493484,3.1375419651236145,0.8270358338838856,77.91666666666667,1.0054879266015677
23,"20MA, 50MA, RSI, Lower_BB, ATR, Williams_%R",64,2,0.4,0.0005,32,60,1,150,"(25, 1)",Tanh,0.034942809365855546,5.332562050835008,0.5686546773828272,47.91666666666667,0.9622859368251404
24,"20MA, 50MA, RSI, Lower_BB, ATR, Williams_%R",64,2,0.4,0.0001,32,60,1,150,"(25, 1)",Tanh,0.021502850267985995,3.1641456874594804,0.8366566279693035,78.75,0.781429646312156
0,"20MA, 50MA, RSI, Lower_BB, ATR, Williams_%R",128,2,0.2,0.0001,64,60,30,50,"(25, 1)",Tanh,0.08621534397750179,14.337689810321876,-1.5174554584684055,17.29957805907173,0.8907844286005838
1,"20MA, 50MA, RSI, Lower_BB, ATR, Williams_%R",128,3,0.5,0.0005,64,60,30,100,"(16, 1)",Sigmoid,0.05561872007019191,8.425996394166065,-0.04769445547591711,32.06751054852321,1.1427823483004111
2,"20MA, 50MA, RSI, Lower_BB, ATR, Williams_%R",64,3,0.4,0.0005,16,60,30,100,"(16, 1)",Sigmoid,0.06108323415282729,9.52148722016888,-0.2636788348490271,30.37974683544304,1.3087315529734966
3,"20MA, 50MA, RSI, Lower_BB, ATR, Williams_%R",16,3,0.4,0.0001,16,60,30,100,"(25, 1)",Sigmoid,0.06190491680679827,10.157697476061264,-0.29790514298622295,28.270042194092827,1.2355763114808038
4,"20MA, 50MA, RSI, Lower_BB, ATR, Williams_%R",32,2,0.6000000000000001,0.001,32,60,30,150,"(25, 1)",Sigmoid,0.07478946292610288,10.113345800901584,-0.8944078896958247,28.270042194092827,1.0362471258606223
5,"20MA, 50MA, RSI, Lower_BB, ATR, Williams_%R",128,2,0.5,0.0001,16,60,30,150,"(16, 1)",Tanh,0.0620540074640738,9.149655112537104,-0.30416437273449803,43.88185654008439,1.1112721784541273
6,"20MA, 50MA, RSI, Lower_BB, ATR, Williams_%R",64,2,0.2,0.0001,16,60,30,150,"(25, 1)",Tanh,0.06114445020478451,8.48184356491544,-0.2662129571201013,43.037974683544306,1.1443297510758916
7,"20MA, 50MA, RSI, Lower_BB, ATR, Williams_%R",32,2,0.8,0.0005,16,60,30,100,"(25, 1)",Sigmoid,0.08432237828597686,12.097572557947213,-1.4081213002186392,21.09704641350211,1.1689909299379255
8,"20MA, 50MA, RSI, Lower_BB, ATR, Williams_%R",16,2,0.6000000000000001,0.0001,32,60,30,150,"(16, 1)",ReLU,0.05399976341480763,8.140316467677815,0.012410693200403777,41.77215189873418,1.1521024296028304
9,"20MA, 50MA, RSI, Lower_BB, ATR, Williams_%R",128,3,0.30000000000000004,0.001,32,60,30,150,"(16, 1)",Tanh,0.37567388282259084,67.78537533544949,-46.79854446522047,0.0,1.0
10,"20MA, 50MA, RSI, Lower_BB, ATR, Williams_%R",16,2,0.8,0.0001,32,60,30,50,"(16, 1)",ReLU,0.05880692354492266,8.60182950754048,-0.17124994890434198,29.11392405063291,1.2333736965122226
11,"20MA, 50MA, RSI, Lower_BB, ATR, Williams_%R",16,3,0.6000000000000001,0.0005,64,60,30,100,"(16, 1)",ReLU,0.0591443485435573,8.585779137276376,-0.1847294105901529,32.91139240506329,1.3181371165662272
12,"20MA, 50MA, RSI, Lower_BB, ATR, Williams_%R",16,3,0.6000000000000001,0.0005,64,60,30,150,"(16, 1)",ReLU,0.053720787887060674,8.198907608611057,0.022588573525734845,38.81856540084388,1.3781102318766691
13,"20MA, 50MA, RSI, Lower_BB, ATR, Williams_%R",16,3,0.7,0.0005,32,60,30,150,"(16, 1)",ReLU,0.0791657204252477,12.332444382273028,-1.122594337659773,29.535864978902953,0.9983012514545575
14,"20MA, 50MA, RSI, Lower_BB, ATR, Williams_%R",16,2,0.6000000000000001,0.001,64,60,30,150,"(16, 1)",ReLU,0.056457007304784625,8.504305782178495,-0.07951422895826177,36.28691983122363,1.5292362177873384
15,"20MA, 50MA, RSI, Lower_BB, ATR, Williams_%R",16,3,0.7,0.0001,32,60,30,150,"(16, 1)",ReLU,0.056887670184690965,8.7887644071846,-0.09604645124740707,37.9746835443038,1.1971322387089192
16,"20MA, 50MA, RSI, Lower_BB, ATR, Williams_%R",16,2,0.5,0.0005,64,60,30,150,"(16, 1)",ReLU,0.06283884520869829,8.98362343572734,-0.3373622359556847,31.645569620253166,1.2946926575339515
17,"20MA, 50MA, RSI, Lower_BB, ATR, Williams_%R",16,3,0.7,0.0005,64,60,30,50,"(16, 1)",ReLU,0.06475601996592324,9.194690519576456,-0.42021129193864715,30.37974683544304,1.3470640107393725
18,"20MA, 50MA, RSI, Lower_BB, ATR, Williams_%R",32,2,0.4,0.0001,32,60,30,150,"(16, 1)",ReLU,0.057488466389655865,8.772272012558217,-0.11931960658389018,40.92827004219409,1.3315347039944028
19,"20MA, 50MA, RSI, Lower_BB, ATR, Williams_%R",64,3,0.6000000000000001,0.001,64,60,30,150,"(16, 1)",ReLU,0.3781100955825732,68.2410246272085,-47.42049347488936,0.0,1.0
20,"20MA, 50MA, RSI, Lower_BB, ATR, Williams_%R",16,3,0.7,0.0005,32,60,30,50,"(16, 1)",ReLU,0.06214347499869663,8.995698007195701,-0.30792769081837945,36.708860759493675,1.0447599810994046
21,"20MA, 50MA, RSI, Lower_BB, ATR, Williams_%R",128,3,0.5,0.0005,64,60,30,100,"(16, 1)",Sigmoid,0.37457492248618235,67.58005938445348,-46.519302943851756,0.0,1.0
22,"20MA, 50MA, RSI, Lower_BB, ATR, Williams_%R",128,3,0.6000000000000001,0.0005,64,60,30,100,"(16, 1)",Sigmoid,0.07603077746631488,10.729444935927255,-0.9578144415150291,25.31645569620253,1.3385426865971428
23,"20MA, 50MA, RSI, Lower_BB, ATR, Williams_%R",128,3,0.5,0.0005,64,60,30,100,"(16, 1)",Sigmoid,0.07898434367741346,11.188338605798771,-1.1128793188101254,22.78481012658228,1.4206385346470802
24,"20MA, 50MA, RSI, Lower_BB, ATR, Williams_%R",16,3,0.5,0.0005,64,60,30,150,"(16, 1)",ReLU,0.05446164713817405,8.226931455540495,-0.00455613143306266,39.66244725738397,1.2578971290469858
0,"20MA, 50MA, RSI, Lower_BB, ATR, OBV",64,3,0.2,0.001,32,60,1,50,"(16, 1)",Sigmoid,0.11281704625414828,17.451151778185537,-3.49633752885868,7.916666666666666,1.0334632541177224
1,"20MA, 50MA, RSI, Lower_BB, ATR, OBV",64,3,0.30000000000000004,0.0005,32,60,1,50,"(16, 1)",Sigmoid,0.034776449290966585,5.021900914367603,0.5727521053081206,54.166666666666664,1.0686461699179561
2,"20MA, 50MA, RSI, Lower_BB, ATR, OBV",32,2,0.7,0.0001,16,60,1,50,"(16, 1)",Tanh,0.034314850504850246,5.3270191979969965,0.5840188246592045,46.666666666666664,0.8351578238402959
3,"20MA, 50MA, RSI, Lower_BB, ATR, OBV",16,2,0.7,0.0005,16,60,1,150,"(25, 1)",ReLU,0.029493844951749153,4.472968931178925,0.6926931500014769,59.166666666666664,0.7540961864173169
4,"20MA, 50MA, RSI, Lower_BB, ATR, OBV",128,2,0.4,0.0001,16,60,1,100,"(25, 1)",Sigmoid,0.055165052780770524,8.224677442217779,-0.07507195159926527,39.166666666666664,0.8781794275841114
5,"20MA, 50MA, RSI, Lower_BB, ATR, OBV",16,3,0.8,0.0005,64,60,1,100,"(25, 1)",ReLU,0.03349779960390304,5.080158785579192,0.6035923604980412,58.333333333333336,0.8292342508209173
6,"20MA, 50MA, RSI, Lower_BB, ATR, OBV",64,3,0.4,0.0005,64,60,1,100,"(25, 1)",Sigmoid,0.04249854781574637,6.541967912511673,0.3619457055969294,45.83333333333333,0.7710688617206671
7,"20MA, 50MA, RSI, Lower_BB, ATR, OBV",32,3,0.8,0.0005,32,60,1,150,"(25, 1)",Sigmoid,0.02728266535220502,4.1088007286932875,0.737044022689014,67.91666666666667,0.7701977030109609
8,"20MA, 50MA, RSI, Lower_BB, ATR, OBV",64,2,0.30000000000000004,0.001,32,60,1,150,"(25, 1)",Tanh,0.0772149148842069,12.898213704698017,-1.1062593658037936,22.916666666666664,0.6927337802438351
9,"20MA, 50MA, RSI, Lower_BB, ATR, OBV",16,2,0.7,0.0001,16,60,1,150,"(16, 1)",Tanh,0.032568068522827294,4.987198443788001,0.6252915719127254,57.08333333333333,0.7466894142326436
10,"20MA, 50MA, RSI, Lower_BB, ATR, OBV",32,3,0.6000000000000001,0.0005,32,60,1,150,"(25, 1)",Sigmoid,0.03557417680564243,5.178551687150348,0.5529262471912317,52.916666666666664,1.1624262508382213
11,"20MA, 50MA, RSI, Lower_BB, ATR, OBV",16,2,0.8,0.0005,16,60,1,150,"(25, 1)",ReLU,0.039943488654628725,6.091707568971186,0.43636047269569744,45.416666666666664,0.7397441511421603
12,"20MA, 50MA, RSI, Lower_BB, ATR, OBV",32,3,0.6000000000000001,0.0005,32,60,1,150,"(25, 1)",ReLU,0.039034833032286845,5.827978472352173,0.4617127323409673,45.0,1.115042569654124
13,"20MA, 50MA, RSI, Lower_BB, ATR, OBV",128,2,0.7,0.0005,16,60,1,150,"(25, 1)",ReLU,0.04560782615581466,7.349243324590543,0.2651677630628193,33.75,0.6976630904805567
14,"20MA, 50MA, RSI, Lower_BB, ATR, OBV",16,3,0.8,0.0005,64,60,1,150,"(25, 1)",ReLU,0.035009316225483665,5.38042058355455,0.5670111504989832,52.916666666666664,0.7823482772961471
15,"20MA, 50MA, RSI, Lower_BB, ATR, OBV",32,2,0.6000000000000001,0.001,32,60,1,150,"(25, 1)",Sigmoid,0.022171202812716485,3.2523185235852283,0.8263447311498398,80.41666666666667,0.9392727416043842
16,"20MA, 50MA, RSI, Lower_BB, ATR, OBV",32,2,0.5,0.001,32,60,1,150,"(25, 1)",Sigmoid,0.01962449706318537,2.8341358449641554,0.8639475000851949,85.0,0.7592288032600806
17,"20MA, 50MA, RSI, Lower_BB, ATR, OBV",32,2,0.5,0.001,32,60,1,150,"(25, 1)",Sigmoid,0.08813243933794004,15.188689492046006,-1.743980601058559,7.083333333333333,0.6927337802438351
18,"20MA, 50MA, RSI, Lower_BB, ATR, OBV",32,2,0.5,0.001,32,60,1,100,"(16, 1)",Sigmoid,0.027892230873290222,4.107623275971946,0.7251625199007155,66.25,1.0697720008215597
19,"20MA, 50MA, RSI, Lower_BB, ATR, OBV",32,2,0.5,0.001,32,60,1,50,"(25, 1)",Sigmoid,0.0797043136660199,11.497114817537057,-1.2414639673179333,20.901639344262296,1.144629338041047
20,"20MA, 50MA, RSI, Lower_BB, ATR, OBV",32,2,0.6000000000000001,0.001,32,60,1,150,"(25, 1)",Sigmoid,0.044942670230732194,7.1013970431368385,0.2864454176637108,33.33333333333333,0.7546145798500331
21,"20MA, 50MA, RSI, Lower_BB, ATR, OBV",32,3,0.4,0.001,32,60,1,150,"(25, 1)",Sigmoid,0.04560116112685722,7.168404194627433,0.26538252095341797,37.916666666666664,0.9554995578366082
22,"20MA, 50MA, RSI, Lower_BB, ATR, OBV",32,2,0.6000000000000001,0.001,32,60,1,150,"(25, 1)",Sigmoid,0.02178038000474142,3.1510040917510613,0.8324129868962914,79.58333333333333,0.9251438575676281
23,"20MA, 50MA, RSI, Lower_BB, ATR, OBV",32,2,0.6000000000000001,0.001,32,60,1,150,"(25, 1)",Sigmoid,0.06569633082325012,10.814199311471267,-0.5247255734959966,20.0,1.0
24,"20MA, 50MA, RSI, Lower_BB, ATR, OBV",128,2,0.5,0.001,32,60,1,150,"(25, 1)",Sigmoid,0.03476960737362149,5.652862625786834,0.5729202022407476,47.91666666666667,0.7385657732168162
0,"20MA, 50MA, RSI, Lower_BB, ATR, OBV",128,2,0.30000000000000004,0.0005,16,60,30,50,"(25, 1)",Tanh,0.11426367418137207,19.744944260393925,-3.4219011961226986,8.016877637130802,0.8286492301679971
1,"20MA, 50MA, RSI, Lower_BB, ATR, OBV",128,3,0.7,0.0005,32,60,30,100,"(16, 1)",Tanh,0.056401349706796666,8.38887088242772,-0.07738682066521729,33.755274261603375,1.338901273467183
2,"20MA, 50MA, RSI, Lower_BB, ATR, OBV",16,3,0.4,0.001,16,60,30,50,"(25, 1)",Sigmoid,0.06739007473885704,9.481836602019103,-0.5380998889695738,30.801687763713083,1.3665110686807105
3,"20MA, 50MA, RSI, Lower_BB, ATR, OBV",64,3,0.8,0.0001,16,60,30,100,"(16, 1)",ReLU,0.06043676247015182,9.334605921993413,-0.2370722018103364,32.91139240506329,1.2861692226889505
4,"20MA, 50MA, RSI, Lower_BB, ATR, OBV",128,2,0.2,0.0001,64,60,30,50,"(25, 1)",Sigmoid,0.07322053059871947,10.306341165823046,-0.8157598475197096,28.270042194092827,1.3245652722019905
5,"20MA, 50MA, RSI, Lower_BB, ATR, OBV",64,2,0.4,0.0001,32,60,30,150,"(16, 1)",ReLU,0.07437481755845597,11.784147437114672,-0.8734602873868793,23.20675105485232,0.952969613904186
6,"20MA, 50MA, RSI, Lower_BB, ATR, OBV",64,2,0.4,0.0005,16,60,30,150,"(16, 1)",Sigmoid,0.06015937306397429,9.789804540162505,-0.22574256659870673,27.848101265822784,1.165027154530498
7,"20MA, 50MA, RSI, Lower_BB, ATR, OBV",64,3,0.7,0.001,64,60,30,150,"(16, 1)",ReLU,0.05469400848162042,8.321663541127128,-0.013146321754351709,37.9746835443038,1.1607422607440374
8,"20MA, 50MA, RSI, Lower_BB, ATR, OBV",16,2,0.4,0.001,64,60,30,150,"(25, 1)",ReLU,0.06377379025526791,10.180369541930325,-0.377454058423621,32.48945147679325,1.079419316960279
9,"20MA, 50MA, RSI, Lower_BB, ATR, OBV",16,3,0.5,0.001,32,60,30,150,"(25, 1)",ReLU,0.062138993554600105,9.337204379163198,-0.3077390565817921,35.0210970464135,1.1333402892345148
10,"20MA, 50MA, RSI, Lower_BB, ATR, OBV",32,3,0.6000000000000001,0.001,64,60,30,150,"(16, 1)",ReLU,0.06252592789635764,9.04168692155165,-0.32407612805496444,29.11392405063291,1.4410256013688343
11,"20MA, 50MA, RSI, Lower_BB, ATR, OBV",128,3,0.8,0.0005,32,60,30,100,"(16, 1)",Tanh,0.06281369062420665,9.107605592003619,-0.33629174976224663,30.801687763713083,1.4219809830779158
12,"20MA, 50MA, RSI, Lower_BB, ATR, OBV",32,3,0.7,0.0005,64,60,30,100,"(16, 1)",Tanh,0.054074077858124556,8.243137685780104,0.009690583109795425,35.0210970464135,1.3882553171583873
13,"20MA, 50MA, RSI, Lower_BB, ATR, OBV",32,3,0.6000000000000001,0.0005,64,60,30,100,"(16, 1)",Tanh,0.05352118707689695,8.273650993795835,0.029838269059034528,35.0210970464135,1.102325267681097
14,"20MA, 50MA, RSI, Lower_BB, ATR, OBV",32,3,0.6000000000000001,0.0005,64,60,30,100,"(16, 1)",Tanh,0.05437518005755419,8.642680942495003,-0.0013688579197543849,31.223628691983123,1.080083453959003
15,"20MA, 50MA, RSI, Lower_BB, ATR, OBV",32,3,0.6000000000000001,0.0005,64,60,30,100,"(16, 1)",Tanh,0.09096638979737731,13.107981653090176,-1.802557830532682,21.09704641350211,1.0217953425634871
16,"20MA, 50MA, RSI, Lower_BB, ATR, OBV",32,3,0.7,0.0005,64,60,30,100,"(16, 1)",Tanh,0.05995288838676213,8.656898746011676,-0.21734278802597418,32.48945147679325,1.362847309882674
17,"20MA, 50MA, RSI, Lower_BB, ATR, OBV",32,3,0.5,0.0005,64,60,30,100,"(16, 1)",Tanh,0.06811278841115401,10.434743782467235,-0.5712669818837288,32.48945147679325,0.9177951451685623
18,"20MA, 50MA, RSI, Lower_BB, ATR, OBV",32,3,0.7,0.0005,64,60,30,100,"(16, 1)",Tanh,0.057427137036681196,9.110728593632741,-0.11693267456876244,31.645569620253166,1.245791772228966
19,"20MA, 50MA, RSI, Lower_BB, ATR, OBV",32,3,0.6000000000000001,0.0005,64,60,30,100,"(16, 1)",Tanh,0.06303743891210319,10.000510002813055,-0.34582869970976193,30.37974683544304,1.2306301398152852
20,"20MA, 50MA, RSI, Lower_BB, ATR, OBV",32,2,0.8,0.0001,64,60,30,100,"(16, 1)",Tanh,0.05401294210622768,8.183412256856142,0.011928590239996373,34.59915611814346,1.1711806325881164
21,"20MA, 50MA, RSI, Lower_BB, ATR, OBV",32,2,0.8,0.0001,64,60,30,100,"(16, 1)",Tanh,0.05414411288810112,8.336994084981662,0.007123687232185927,39.24050632911392,1.0797368905613176
22,"20MA, 50MA, RSI, Lower_BB, ATR, OBV",32,2,0.8,0.0001,64,60,30,100,"(16, 1)",Tanh,0.054841209454403475,8.254115692185641,-0.018607132449287134,34.177215189873415,1.132135716470921
23,"20MA, 50MA, RSI, Lower_BB, ATR, OBV",32,2,0.7,0.0001,64,60,30,100,"(16, 1)",Tanh,0.05349157045854906,8.216557898164734,0.0309116742442459,35.44303797468354,1.1692521881838631
24,"20MA, 50MA, RSI, Lower_BB, ATR, OBV",32,2,0.6000000000000001,0.0001,64,60,30,100,"(16, 1)",Tanh,0.05445060704330829,8.623388596956653,-0.004148899133381345,37.130801687763714,1.0694965788985966
0,"20MA, 50MA, RSI, Lower_BB, Williams_%R, OBV",128,3,0.2,0.0005,32,60,1,50,"(25, 1)",Tanh,0.029464573203292068,4.383903920543916,0.6933028328008208,62.5,0.8605752232468064
1,"20MA, 50MA, RSI, Lower_BB, Williams_%R, OBV",32,3,0.30000000000000004,0.0005,64,60,1,50,"(16, 1)",ReLU,0.0655962801103493,9.263728973721538,-0.5200850184593968,29.166666666666668,1.2889333861012633
2,"20MA, 50MA, RSI, Lower_BB, Williams_%R, OBV",16,2,0.30000000000000004,0.001,32,60,1,100,"(16, 1)",ReLU,0.03529861277915659,5.2216464272571175,0.5598256500506944,54.166666666666664,0.7614836274739533
3,"20MA, 50MA, RSI, Lower_BB, Williams_%R, OBV",32,2,0.6000000000000001,0.0005,16,60,1,100,"(16, 1)",Tanh,0.03189323251002952,4.820920726505975,0.6406591975638123,56.666666666666664,0.6713665673574806
4,"20MA, 50MA, RSI, Lower_BB, Williams_%R, OBV",128,2,0.4,0.001,32,60,1,100,"(25, 1)",ReLU,0.024447324602990383,3.7912182469921403,0.7888592143501363,69.58333333333333,0.9597863667394042
5,"20MA, 50MA, RSI, Lower_BB, Williams_%R, OBV",32,2,0.4,0.0001,16,60,1,50,"(25, 1)",ReLU,0.0320203038489218,4.747400532616163,0.6377900696611079,60.83333333333333,0.9079813544217961
6,"20MA, 50MA, RSI, Lower_BB, Williams_%R, OBV",16,3,0.5,0.0005,32,60,1,50,"(25, 1)",Sigmoid,0.03152599791673515,4.780654840604985,0.6488868134436458,58.75,0.8162246055977537
7,"20MA, 50MA, RSI, Lower_BB, Williams_%R, OBV",64,3,0.2,0.0005,32,60,1,150,"(25, 1)",Tanh,0.03420407238533081,5.044256258697147,0.5867003010108309,59.166666666666664,0.8799377311422247
8,"20MA, 50MA, RSI, Lower_BB, Williams_%R, OBV",32,2,0.8,0.001,64,60,1,150,"(16, 1)",ReLU,0.024245118909999534,3.668867372109551,0.7923374932573596,71.25,0.8166218721281883
9,"20MA, 50MA, RSI, Lower_BB, Williams_%R, OBV",64,3,0.4,0.0005,32,60,1,100,"(16, 1)",Tanh,0.043917366733250654,6.660983395863744,0.31863151969402914,40.833333333333336,0.8322363404099687
10,"20MA, 50MA, RSI, Lower_BB, Williams_%R, OBV",32,2,0.8,0.001,64,60,1,150,"(16, 1)",Sigmoid,0.021741858205623955,3.221960324217115,0.8330052671300108,77.08333333333334,0.8963935804837609
11,"20MA, 50MA, RSI, Lower_BB, Williams_%R, OBV",32,2,0.8,0.001,64,60,1,150,"(16, 1)",Sigmoid,0.03057972283880772,4.408151877797958,0.6696483008258723,63.74999999999999,1.2461790715689764
12,"20MA, 50MA, RSI, Lower_BB, Williams_%R, OBV",32,2,0.8,0.001,64,60,1,150,"(16, 1)",Sigmoid,0.031131074932159192,4.594285715297584,0.6576284343320817,60.83333333333333,0.9791884384865857
13,"20MA, 50MA, RSI, Lower_BB, Williams_%R, OBV",32,2,0.7,0.001,64,60,1,150,"(16, 1)",Sigmoid,0.02866294846877754,4.104709777175981,0.7097640661402482,69.16666666666667,1.2982897997935863
14,"20MA, 50MA, RSI, Lower_BB, Williams_%R, OBV",32,2,0.7,0.0001,64,60,1,150,"(16, 1)",ReLU,0.039078775033891094,5.621749993360379,0.46050013673768353,46.25,1.2150054643222834
15,"20MA, 50MA, RSI, Lower_BB, Williams_%R, OBV",32,2,0.7,0.001,64,60,1,150,"(16, 1)",Sigmoid,0.030963531948877816,4.487618724257128,0.6613037071404472,65.0,1.2668556975070724
16,"20MA, 50MA, RSI, Lower_BB, Williams_%R, OBV",128,2,0.8,0.001,64,60,1,150,"(16, 1)",ReLU,0.021554093010894677,3.171848965473871,0.835877183789091,76.25,0.8926606610096267
17,"20MA, 50MA, RSI, Lower_BB, Williams_%R, OBV",128,2,0.6000000000000001,0.0001,16,60,1,150,"(16, 1)",Sigmoid,0.05569274301621163,7.962849535946054,-0.09573787200556017,40.416666666666664,0.7304325987811056
18,"20MA, 50MA, RSI, Lower_BB, Williams_%R, OBV",128,2,0.6000000000000001,0.001,64,60,1,150,"(16, 1)",Sigmoid,0.08124550523913378,11.584801717839674,-1.3318904444670179,21.25,1.2795394901724444
19,"20MA, 50MA, RSI, Lower_BB, Williams_%R, OBV",128,2,0.8,0.001,64,60,1,150,"(16, 1)",ReLU,0.02283952844050012,3.41580013377119,0.8157176587603276,72.91666666666666,0.9422927626604405
20,"20MA, 50MA, RSI, Lower_BB, Williams_%R, OBV",16,3,0.7,0.001,64,60,1,150,"(16, 1)",Sigmoid,0.030383110695796214,4.646835894251102,0.6738826331206824,61.25000000000001,0.7415495313963364
21,"20MA, 50MA, RSI, Lower_BB, Williams_%R, OBV",128,2,0.8,0.001,64,60,1,150,"(16, 1)",ReLU,0.09477125062035158,15.802064573673045,-2.1729459833493565,0.0,1.0
22,"20MA, 50MA, RSI, Lower_BB, Williams_%R, OBV",128,2,0.8,0.001,64,60,1,150,"(16, 1)",ReLU,0.3534663299598495,62.79749976153002,-43.137279054661164,0.0,1.0
23,"20MA, 50MA, RSI, Lower_BB, Williams_%R, OBV",128,2,0.7,0.001,64,60,1,150,"(16, 1)",ReLU,0.373737655403251,66.97120809208464,-48.34500176301958,0.0,1.0
24,"20MA, 50MA, RSI, Lower_BB, Williams_%R, OBV",128,2,0.8,0.001,64,60,1,150,"(16, 1)",ReLU,0.054109504399056624,8.179953452063916,-0.03432391807581503,24.583333333333332,1.069580134054566
0,"20MA, 50MA, RSI, Lower_BB, Williams_%R, OBV",32,2,0.6000000000000001,0.0001,64,60,30,100,"(16, 1)",Tanh,0.058609998940298114,8.592534726370578,-0.16341883861818718,28.691983122362867,1.3440064829897476
1,"20MA, 50MA, RSI, Lower_BB, Williams_%R, OBV",64,3,0.30000000000000004,0.001,16,60,30,100,"(16, 1)",Tanh,0.3365981637915919,60.46793714338718,-37.37215143437068,0.0,1.0
2,"20MA, 50MA, RSI, Lower_BB, Williams_%R, OBV",128,3,0.7,0.0005,16,60,30,50,"(25, 1)",Tanh,0.08599580443649939,12.357634433335333,-1.5046508389103934,20.253164556962027,1.1913120014055314
3,"20MA, 50MA, RSI, Lower_BB, Williams_%R, OBV",16,2,0.6000000000000001,0.0005,32,60,30,100,"(25, 1)",Tanh,0.05604613642669403,8.21663138419598,-0.06385888249462002,45.14767932489451,1.1137980628373096
4,"20MA, 50MA, RSI, Lower_BB, Williams_%R, OBV",64,2,0.30000000000000004,0.0005,64,60,30,150,"(16, 1)",Sigmoid,0.07421694577112087,12.201384740442403,-0.8655153235078896,26.582278481012654,0.8910114603684806
5,"20MA, 50MA, RSI, Lower_BB, Williams_%R, OBV",32,2,0.8,0.0005,32,60,30,150,"(25, 1)",Tanh,0.0559581545087889,8.18916285827385,-0.06052138651948513,44.303797468354425,1.1372225686244066
6,"20MA, 50MA, RSI, Lower_BB, Williams_%R, OBV",64,3,0.7,0.0001,16,60,30,150,"(25, 1)",Tanh,0.06362340197203083,9.675211904505996,-0.37096522653215547,37.9746835443038,1.0959647859913186
7,"20MA, 50MA, RSI, Lower_BB, Williams_%R, OBV",64,3,0.5,0.001,16,60,30,100,"(25, 1)",ReLU,0.20750568420681262,36.0541996143776,-13.583194242037518,0.0,1.0
8,"20MA, 50MA, RSI, Lower_BB, Williams_%R, OBV",32,3,0.2,0.0005,64,60,30,100,"(16, 1)",Sigmoid,0.056653133181668903,9.163674624152375,-0.08702750084028232,33.33333333333333,1.0791928962388069
9,"20MA, 50MA, RSI, Lower_BB, Williams_%R, OBV",128,3,0.30000000000000004,0.001,16,60,30,50,"(25, 1)",Sigmoid,0.28322318403506214,50.43351108066824,-26.16753695647871,0.0,1.0
10,"20MA, 50MA, RSI, Lower_BB, Williams_%R, OBV",32,2,0.8,0.0005,32,60,30,150,"(25, 1)",ReLU,0.07528598868709128,12.356152460103619,-0.9196452605389898,19.40928270042194,0.8969279375179771
11,"20MA, 50MA, RSI, Lower_BB, Williams_%R, OBV",16,2,0.5,0.0005,32,60,30,150,"(25, 1)",Tanh,0.05988331494806194,8.822964865544064,-0.21451905147756767,44.72573839662447,1.0673904410588042
12,"20MA, 50MA, RSI, Lower_BB, Williams_%R, OBV",16,2,0.8,0.0005,32,60,30,150,"(25, 1)",Tanh,0.05880680122217112,8.877446331368057,-0.1712450763363227,44.72573839662447,1.1417733119397697
13,"20MA, 50MA, RSI, Lower_BB, Williams_%R, OBV",16,2,0.6000000000000001,0.0005,32,60,30,100,"(25, 1)",Tanh,0.05583527198935074,8.250758854592782,-0.055868750919528365,45.14767932489451,0.8994446150193477
14,"20MA, 50MA, RSI, Lower_BB, Williams_%R, OBV",16,2,0.7,0.0005,32,60,30,50,"(25, 1)",Tanh,0.05352890357954007,7.907097915176598,0.02955849965774182,41.35021097046413,1.319914099553957
15,"20MA, 50MA, RSI, Lower_BB, Williams_%R, OBV",16,2,0.6000000000000001,0.0001,32,60,30,50,"(25, 1)",ReLU,0.056519731528604567,8.344332499035408,-0.08191426075188035,32.91139240506329,1.3452030765247724
16,"20MA, 50MA, RSI, Lower_BB, Williams_%R, OBV",16,2,0.7,0.0005,32,60,30,50,"(25, 1)",Tanh,0.05544465500881004,8.159050731861486,-0.04114696102014159,44.72573839662447,1.082888234902561
17,"20MA, 50MA, RSI, Lower_BB, Williams_%R, OBV",16,2,0.7,0.0005,32,60,30,50,"(25, 1)",Tanh,0.05496930494839614,8.168724077073183,-0.023371118087960996,44.303797468354425,1.0392143120083301
18,"20MA, 50MA, RSI, Lower_BB, Williams_%R, OBV",16,2,0.4,0.001,32,60,30,50,"(16, 1)",ReLU,0.0662127430206012,10.339754086855255,-0.4848268923154362,28.270042194092827,1.0840878933703295
19,"20MA, 50MA, RSI, Lower_BB, Williams_%R, OBV",16,2,0.7,0.0001,32,60,30,50,"(25, 1)",Sigmoid,0.08984362833999912,13.05218562491977,-1.7338030895848138,18.9873417721519,1.086978354373892
20,"20MA, 50MA, RSI, Lower_BB, Williams_%R, OBV",128,2,0.5,0.0005,64,60,30,50,"(25, 1)",Tanh,0.06900273716749375,11.095696218302974,-0.6125949732351308,28.691983122362867,0.8657460453032898
21,"20MA, 50MA, RSI, Lower_BB, Williams_%R, OBV",16,2,0.7,0.0005,32,60,30,50,"(25, 1)",Tanh,0.055026878968235236,8.137175372300888,-0.025515967649176075,40.50632911392405,1.2652448661261617
22,"20MA, 50MA, RSI, Lower_BB, Williams_%R, OBV",16,2,0.7,0.0005,32,60,30,50,"(25, 1)",Tanh,0.05432075992001371,8.044825137648782,0.0006345326373154991,40.92827004219409,1.1107881573386376
23,"20MA, 50MA, RSI, Lower_BB, Williams_%R, OBV",16,2,0.8,0.0005,32,60,30,50,"(25, 1)",Tanh,0.05922533303104709,8.775843422180412,-0.1879760569230906,24.894514767932492,1.156894063030281
24,"20MA, 50MA, RSI, Lower_BB, Williams_%R, OBV",16,2,0.6000000000000001,0.0005,32,60,30,50,"(25, 1)",Tanh,0.05523321612554946,8.225539937782154,-0.033221248455190366,40.08438818565401,1.08215663053772
0,"20MA, 50MA, RSI, CCI, ATR, Williams_%R",128,3,0.2,0.0005,32,60,1,150,"(25, 1)",Sigmoid,0.10979459707935194,16.838503607164714,-3.2586445587335815,8.75,0.9672050154801591
1,"20MA, 50MA, RSI, CCI, ATR, Williams_%R",128,3,0.6000000000000001,0.0005,16,60,1,150,"(25, 1)",Sigmoid,0.3280946893796949,58.49153332608036,-37.02838280280535,0.0,1.0
2,"20MA, 50MA, RSI, CCI, ATR, Williams_%R",32,3,0.5,0.001,16,60,1,100,"(16, 1)",Sigmoid,0.09593965380314529,14.28254619671185,-2.25166464692427,14.166666666666666,1.044666104125071
3,"20MA, 50MA, RSI, CCI, ATR, Williams_%R",128,2,0.2,0.001,64,60,1,100,"(25, 1)",Tanh,0.059952889006829,9.091286915422648,-0.2697835212669075,23.333333333333332,1.0560988694511586
4,"20MA, 50MA, RSI, CCI, ATR, Williams_%R",128,2,0.2,0.0001,32,60,1,150,"(16, 1)",Tanh,0.04787662901035842,7.905768811646968,0.19023950840376225,25.416666666666664,1.0
5,"20MA, 50MA, RSI, CCI, ATR, Williams_%R",16,2,0.8,0.0001,16,60,1,50,"(25, 1)",Sigmoid,0.047838183916187105,7.611927604861625,0.1915394670567494,39.58333333333333,1.1083609375263812
6,"20MA, 50MA, RSI, CCI, ATR, Williams_%R",32,2,0.4,0.0005,32,60,1,150,"(25, 1)",Sigmoid,0.030073770783312886,4.427839167905177,0.6804894330428946,65.0,0.7650607414878736
7,"20MA, 50MA, RSI, CCI, ATR, Williams_%R",64,3,0.5,0.0005,64,60,1,50,"(25, 1)",ReLU,0.08458736995773145,12.169840041390692,-1.5276707271146148,21.25,1.0917256918518614
8,"20MA, 50MA, RSI, CCI, ATR, Williams_%R",64,2,0.8,0.0005,64,60,1,50,"(25, 1)",Sigmoid,0.06880810594856018,9.705863150820413,-0.6725867884339498,29.583333333333332,1.2382771403693003
9,"20MA, 50MA, RSI, CCI, ATR, Williams_%R",128,2,0.8,0.0005,16,60,1,50,"(25, 1)",Tanh,0.05150257591585457,8.435152356519326,0.06294009171617165,25.0,0.701907265019289
10,"20MA, 50MA, RSI, CCI, ATR, Williams_%R",32,2,0.4,0.0001,32,60,1,150,"(16, 1)",ReLU,0.039419456529137566,6.159446656639264,0.451052615586796,49.583333333333336,0.8082054967087
11,"20MA, 50MA, RSI, CCI, ATR, Williams_%R",32,2,0.4,0.0001,32,60,1,150,"(16, 1)",ReLU,0.02472425506356117,3.5552523700120062,0.7840486686617261,74.16666666666667,0.9474495896779305
12,"20MA, 50MA, RSI, CCI, ATR, Williams_%R",32,2,0.4,0.0001,32,60,1,150,"(16, 1)",ReLU,0.029910324442125887,4.578780300222505,0.6839529775357,59.583333333333336,0.8078092584612253
13,"20MA, 50MA, RSI, CCI, ATR, Williams_%R",32,2,0.4,0.0001,32,60,1,150,"(16, 1)",ReLU,0.03211279062519551,4.7460311371583055,0.635694648658021,60.83333333333333,0.900208245092841
14,"20MA, 50MA, RSI, CCI, ATR, Williams_%R",32,2,0.30000000000000004,0.0001,32,60,1,150,"(16, 1)",ReLU,0.027797443306427513,3.9748152493797755,0.7270273338433877,71.25,0.9024065415174739
15,"20MA, 50MA, RSI, CCI, ATR, Williams_%R",16,2,0.30000000000000004,0.0001,32,60,1,150,"(16, 1)",ReLU,0.03519596216550573,5.279711606883592,0.5623820376458868,56.666666666666664,0.7993200368598773
16,"20MA, 50MA, RSI, CCI, ATR, Williams_%R",32,2,0.30000000000000004,0.0001,32,60,1,100,"(16, 1)",ReLU,0.05868107199884755,9.513526600222386,-0.21648156914532857,32.916666666666664,0.7345530401598839
17,"20MA, 50MA, RSI, CCI, ATR, Williams_%R",32,3,0.6000000000000001,0.0001,32,60,1,150,"(16, 1)",ReLU,0.06317849837453184,9.396082995871136,-0.4100939655778415,35.833333333333336,0.7320387322686885
18,"20MA, 50MA, RSI, CCI, ATR, Williams_%R",32,2,0.30000000000000004,0.001,32,60,1,150,"(16, 1)",ReLU,0.048357982507279205,8.12683526854696,0.17387492763386003,26.666666666666668,1.0
19,"20MA, 50MA, RSI, CCI, ATR, Williams_%R",64,2,0.6000000000000001,0.0001,64,60,1,100,"(16, 1)",ReLU,0.04027658714016034,6.211506938999664,0.42692062078266224,51.66666666666667,0.9749385425801582
20,"20MA, 50MA, RSI, CCI, ATR, Williams_%R",16,3,0.30000000000000004,0.0001,32,60,1,150,"(16, 1)",ReLU,0.027746268341668448,4.17475499209991,0.7280314915025816,67.5,0.8461699437044284
21,"20MA, 50MA, RSI, CCI, ATR, Williams_%R",16,3,0.30000000000000004,0.0001,32,60,1,150,"(16, 1)",ReLU,0.03467550761343321,5.233773601901156,0.5752287543035253,53.75,0.7324939154695004
22,"20MA, 50MA, RSI, CCI, ATR, Williams_%R",16,3,0.30000000000000004,0.0001,32,60,1,150,"(16, 1)",ReLU,0.06489986238466648,10.661463857901696,-0.48797970268565205,27.083333333333332,0.732204500768076
23,"20MA, 50MA, RSI, CCI, ATR, Williams_%R",16,3,0.4,0.0001,32,60,1,150,"(16, 1)",ReLU,0.027907196920480336,4.16931328504299,0.7248675033975794,62.916666666666664,0.9001235430467619
24,"20MA, 50MA, RSI, CCI, ATR, Williams_%R",16,3,0.5,0.0001,32,60,1,150,"(16, 1)",ReLU,0.04979558155258638,7.850810718476893,0.12402628869522625,39.58333333333333,0.8025745521270591
0,"20MA, 50MA, RSI, CCI, ATR, Williams_%R",128,2,0.5,0.0001,16,60,30,100,"(16, 1)",ReLU,0.07647556986977988,10.798139976359716,-0.9807885118123199,24.894514767932492,1.3929275825141079
1,"20MA, 50MA, RSI, CCI, ATR, Williams_%R",16,2,0.30000000000000004,0.0001,16,60,30,100,"(25, 1)",Sigmoid,0.060986509321177204,9.993591498708698,-0.25967995201918015,28.270042194092827,1.2355763114808038
2,"20MA, 50MA, RSI, CCI, ATR, Williams_%R",64,3,0.7,0.0005,16,60,30,100,"(25, 1)",Sigmoid,0.31281002233915534,55.982371330660165,-32.140112876498286,0.0,1.0
3,"20MA, 50MA, RSI, CCI, ATR, Williams_%R",16,3,0.7,0.001,32,60,30,100,"(16, 1)",ReLU,0.07990049896243506,12.529591471964627,-1.1621790128727976,33.33333333333333,0.8741967664436668
4,"20MA, 50MA, RSI, CCI, ATR, Williams_%R",128,2,0.7,0.0005,64,60,30,100,"(16, 1)",Sigmoid,0.054231851101184114,8.230791610300775,0.003903253081863567,40.92827004219409,1.189509883167478
5,"20MA, 50MA, RSI, CCI, ATR, Williams_%R",32,3,0.2,0.001,16,60,30,50,"(16, 1)",Sigmoid,0.1432094206414137,23.524714446647856,-5.946016975226172,0.8438818565400843,1.0
6,"20MA, 50MA, RSI, CCI, ATR, Williams_%R",16,3,0.2,0.001,16,60,30,50,"(16, 1)",Sigmoid,0.07956669615182313,11.283033664037456,-1.1441507447134516,22.78481012658228,1.3896531141326478
7,"20MA, 50MA, RSI, CCI, ATR, Williams_%R",32,3,0.8,0.001,64,60,30,100,"(16, 1)",Tanh,0.07068104699592637,9.944549262437793,-0.6919931984179271,27.42616033755274,1.1471373265149636
8,"20MA, 50MA, RSI, CCI, ATR, Williams_%R",16,2,0.30000000000000004,0.001,64,60,30,150,"(25, 1)",Tanh,0.06201877784540388,9.105605718536783,-0.3026839793389531,39.24050632911392,1.0941874549054726
9,"20MA, 50MA, RSI, CCI, ATR, Williams_%R",128,2,0.4,0.0005,64,60,30,50,"(25, 1)",Tanh,0.19183503925500214,33.22205193237283,-11.463744434667477,0.0,1.0
10,"20MA, 50MA, RSI, CCI, ATR, Williams_%R",128,2,0.6000000000000001,0.0005,32,60,30,150,"(16, 1)",Sigmoid,0.07999847984253525,13.238501784058846,-1.1674851649265525,22.362869198312236,0.9406439765382043
11,"20MA, 50MA, RSI, CCI, ATR, Williams_%R",64,2,0.4,0.0001,64,60,30,100,"(25, 1)",Sigmoid,0.05465331155608276,8.4970374161151,-0.011639151168394646,37.9746835443038,1.0766673744927389
12,"20MA, 50MA, RSI, CCI, ATR, Williams_%R",64,2,0.5,0.0001,64,60,30,100,"(25, 1)",Sigmoid,0.05280433586423162,8.266038256553822,0.05565250150651613,32.91139240506329,1.1588597968620498
13,"20MA, 50MA, RSI, CCI, ATR, Williams_%R",64,2,0.6000000000000001,0.0005,64,60,30,100,"(25, 1)",Sigmoid,0.07908735940242566,11.21180600549616,-1.1183943798130436,22.78481012658228,1.3896531141326478
14,"20MA, 50MA, RSI, CCI, ATR, Williams_%R",128,2,0.8,0.0001,64,60,30,150,"(16, 1)",Sigmoid,0.054697247205661215,8.738473535564326,-0.013266312904822497,31.645569620253166,0.9420736335605343
15,"20MA, 50MA, RSI, CCI, ATR, Williams_%R",64,2,0.5,0.0005,64,60,30,100,"(25, 1)",ReLU,0.054010984987231656,8.544633788751547,0.012000193015762384,35.0210970464135,1.0052900427130593
16,"20MA, 50MA, RSI, CCI, ATR, Williams_%R",64,2,0.5,0.0001,32,60,30,100,"(25, 1)",ReLU,0.060985660580714945,8.843275503972132,-0.25964489069440067,29.11392405063291,1.3599688805528647
17,"20MA, 50MA, RSI, CCI, ATR, Williams_%R",64,2,0.4,0.0005,64,60,30,100,"(25, 1)",ReLU,0.05406680131142054,8.404589113696066,0.009957089656532303,35.44303797468354,1.2122013059425634
18,"20MA, 50MA, RSI, CCI, ATR, Williams_%R",64,2,0.6000000000000001,0.0001,64,60,30,50,"(25, 1)",ReLU,0.07405413333356889,10.503015678755304,-0.8573394024126391,27.42616033755274,1.3385426865971428
19,"20MA, 50MA, RSI, CCI, ATR, Williams_%R",64,2,0.5,0.0005,64,60,30,150,"(25, 1)",ReLU,0.0644258073391675,9.700148193196295,-0.4057639562424489,39.66244725738397,1.1802845549428558
20,"20MA, 50MA, RSI, CCI, ATR, Williams_%R",64,3,0.30000000000000004,0.0001,32,60,30,100,"(25, 1)",ReLU,0.05978315537648352,9.414622423355755,-0.21045969113819685,34.177215189873415,1.1292010145979203
21,"20MA, 50MA, RSI, CCI, ATR, Williams_%R",64,2,0.4,0.0005,64,60,30,100,"(25, 1)",ReLU,0.05405165570402558,8.081815348872063,0.010511688805405761,37.9746835443038,1.2947782531854242
22,"20MA, 50MA, RSI, CCI, ATR, Williams_%R",64,2,0.5,0.0005,64,60,30,100,"(25, 1)",ReLU,0.05954491032871365,8.70018355405005,-0.2008311797676794,28.270042194092827,1.2333736965122226
23,"20MA, 50MA, RSI, CCI, ATR, Williams_%R",64,2,0.4,0.0005,64,60,30,100,"(25, 1)",ReLU,0.05251938566124802,8.025709588477923,0.06581704390109933,36.708860759493675,1.3106383466796474
24,"20MA, 50MA, RSI, CCI, ATR, Williams_%R",32,2,0.5,0.0005,64,60,30,100,"(25, 1)",ReLU,0.05395337315374763,8.176347492336845,0.014106806058458377,40.50632911392405,1.1799213258546208
0,"20MA, 50MA, RSI, CCI, ATR, OBV",128,3,0.6000000000000001,0.0005,64,60,1,100,"(25, 1)",Tanh,0.03390746745440732,5.1959863433853934,0.5938371830843502,55.00000000000001,0.9408590187040192
1,"20MA, 50MA, RSI, CCI, ATR, OBV",128,3,0.5,0.0005,16,60,1,150,"(16, 1)",Tanh,0.364498100023041,65.2569112608391,-45.935342675752295,0.0,1.0
2,"20MA, 50MA, RSI, CCI, ATR, OBV",16,2,0.30000000000000004,0.0001,64,60,1,50,"(16, 1)",ReLU,0.0838947776251474,12.17326596131386,-1.486447591383547,20.0,1.054666583777557
3,"20MA, 50MA, RSI, CCI, ATR, OBV",32,2,0.5,0.0005,32,60,1,50,"(25, 1)",Tanh,0.030236416666911063,4.766665335597806,0.6770241141225726,48.333333333333336,0.9351161083250062
4,"20MA, 50MA, RSI, CCI, ATR, OBV",16,3,0.4,0.001,64,60,1,50,"(16, 1)",Sigmoid,0.07327366029678403,10.439946186154204,-0.8967287569979987,25.833333333333336,1.2714112827371458
5,"20MA, 50MA, RSI, CCI, ATR, OBV",16,3,0.30000000000000004,0.001,64,60,1,50,"(16, 1)",ReLU,0.03892172966158239,6.131029340026957,0.46482758626775433,48.75,0.7674623534429391
6,"20MA, 50MA, RSI, CCI, ATR, OBV",32,2,0.30000000000000004,0.0001,64,60,1,50,"(16, 1)",Tanh,0.038580346528788494,5.7242821239252795,0.4741744271978996,50.416666666666664,1.0239185039911185
7,"20MA, 50MA, RSI, CCI, ATR, OBV",32,3,0.4,0.0001,32,60,1,50,"(25, 1)",ReLU,0.0430025122605554,6.081322368792184,0.3467233854258982,47.91666666666667,1.1984256649772937
8,"20MA, 50MA, RSI, CCI, ATR, OBV",64,3,0.7,0.001,32,60,1,150,"(25, 1)",Tanh,0.03645492255575673,5.522754413200713,0.5305148983300823,47.91666666666667,0.9421807248303412
9,"20MA, 50MA, RSI, CCI, ATR, OBV",128,3,0.6000000000000001,0.0001,32,60,1,50,"(25, 1)",Sigmoid,0.04489612533725793,6.896386110581674,0.2879226384730459,44.583333333333336,0.7986917259145655
10,"20MA, 50MA, RSI, CCI, ATR, OBV",32,2,0.8,0.0005,16,60,1,100,"(25, 1)",Tanh,0.04533659517616485,7.258201300533599,0.27388190865760975,31.25,0.7581444552690898
11,"20MA, 50MA, RSI, CCI, ATR, OBV",128,2,0.6000000000000001,0.0005,32,60,1,100,"(25, 1)",Tanh,0.03130521178177444,4.572877755125982,0.6537874971470634,59.166666666666664,1.1137539292879224
12,"20MA, 50MA, RSI, CCI, ATR, OBV",64,2,0.6000000000000001,0.0005,32,60,1,100,"(25, 1)",Tanh,0.05343700262397092,7.956758935535206,-0.008773430042776198,32.5,0.6416674564946055
13,"20MA, 50MA, RSI, CCI, ATR, OBV",32,2,0.5,0.0005,32,60,1,100,"(25, 1)",Tanh,0.034658657276367924,5.5043596727414625,0.575641483637772,57.91666666666667,0.8439441152764566
14,"20MA, 50MA, RSI, CCI, ATR, OBV",128,2,0.8,0.0005,32,60,1,100,"(25, 1)",Sigmoid,0.036792097846512495,5.953337096152342,0.5217901047900448,48.333333333333336,0.7432016407234601
15,"20MA, 50MA, RSI, CCI, ATR, OBV",32,2,0.5,0.0005,32,60,1,150,"(25, 1)",Tanh,0.03652308100379717,5.879412981054539,0.5287576986050857,52.5,0.7547580833180056
16,"20MA, 50MA, RSI, CCI, ATR, OBV",128,2,0.7,0.0005,32,60,1,100,"(25, 1)",Tanh,0.06778656013039135,11.459571294739606,-0.6232919955341805,9.583333333333334,1.0
17,"20MA, 50MA, RSI, CCI, ATR, OBV",32,2,0.4,0.0005,16,60,1,100,"(25, 1)",Tanh,0.043919390125972096,6.514893897332119,0.318568733243661,50.83333333333333,0.8895045953914751
18,"20MA, 50MA, RSI, CCI, ATR, OBV",64,2,0.2,0.0005,32,60,1,50,"(25, 1)",ReLU,0.03390951144527177,5.042670001970919,0.5937882134518653,55.41666666666667,0.8257604635251857
19,"20MA, 50MA, RSI, CCI, ATR, OBV",128,2,0.7,0.001,32,60,1,150,"(25, 1)",Sigmoid,0.065773218349996,9.258732733142088,-0.5282965790040393,33.33333333333333,1.226658780709667
20,"20MA, 50MA, RSI, CCI, ATR, OBV",32,2,0.6000000000000001,0.0005,16,60,1,50,"(25, 1)",Tanh,0.03683385750354647,5.822437430435555,0.5207039359950469,50.0,0.7738453332352859
21,"20MA, 50MA, RSI, CCI, ATR, OBV",128,3,0.6000000000000001,0.0005,64,60,1,100,"(25, 1)",Tanh,0.03544427772949249,5.440570196821824,0.5561852650087539,54.166666666666664,0.944912434428453
22,"20MA, 50MA, RSI, CCI, ATR, OBV",128,3,0.6000000000000001,0.0005,64,60,1,100,"(25, 1)",Tanh,0.046395658055954594,7.146631778261976,0.23956143579923106,42.083333333333336,0.8589321762812877
23,"20MA, 50MA, RSI, CCI, ATR, OBV",128,2,0.7,0.0005,64,60,1,100,"(25, 1)",Tanh,0.03167507169456607,4.803483498978444,0.6455584162964282,61.25000000000001,0.9038674846885407
24,"20MA, 50MA, RSI, CCI, ATR, OBV",128,2,0.7,0.0005,32,60,1,100,"(25, 1)",Tanh,0.08383309673343381,13.117712157539676,-1.4827927768600353,15.0,0.656693721132637
0,"20MA, 50MA, RSI, CCI, ATR, OBV",16,2,0.2,0.001,32,60,30,50,"(25, 1)",Sigmoid,0.08032087125209979,11.431970699050622,-1.1849901631970412,23.20675105485232,1.1713983375817492
1,"20MA, 50MA, RSI, CCI, ATR, OBV",16,3,0.6000000000000001,0.0005,32,60,30,100,"(16, 1)",ReLU,0.07186362225499522,11.51580592239899,-0.7490848273151973,22.362869198312236,1.003526163647614
2,"20MA, 50MA, RSI, CCI, ATR, OBV",128,3,0.2,0.0005,64,60,30,150,"(25, 1)",ReLU,0.07089980673592852,9.977150917517331,-0.7024829351872293,27.42616033755274,1.1263781955926546
3,"20MA, 50MA, RSI, CCI, ATR, OBV",16,3,0.7,0.0005,16,60,30,50,"(25, 1)",ReLU,0.0771648062128779,10.922640680326014,-1.0166531286881937,24.894514767932492,1.3928396839145012
4,"20MA, 50MA, RSI, CCI, ATR, OBV",128,3,0.7,0.0005,32,60,30,100,"(16, 1)",Sigmoid,0.08320641356284143,11.88305383120238,-1.344802513054903,22.362869198312236,1.212113888645966
5,"20MA, 50MA, RSI, CCI, ATR, OBV",128,3,0.6000000000000001,0.0001,32,60,30,100,"(16, 1)",ReLU,0.07247554510316798,10.218386864090734,-0.7789987612214391,27.848101265822784,1.3407250700477622
6,"20MA, 50MA, RSI, CCI, ATR, OBV",16,2,0.8,0.0005,16,60,30,150,"(16, 1)",ReLU,0.09291903346678279,15.276349012355997,-1.9241660602165163,12.236286919831224,0.9867744198228715
7,"20MA, 50MA, RSI, CCI, ATR, OBV",64,3,0.4,0.0005,64,60,30,50,"(25, 1)",ReLU,0.15126614079030104,25.175518805399566,-6.749543470878936,0.0,1.0
8,"20MA, 50MA, RSI, CCI, ATR, OBV",16,2,0.6000000000000001,0.0005,64,60,30,100,"(16, 1)",ReLU,0.05631649167176567,8.405439138624379,-0.07414731831799637,32.91139240506329,1.2378628931084505
9,"20MA, 50MA, RSI, CCI, ATR, OBV",64,3,0.8,0.001,64,60,30,150,"(16, 1)",Tanh,0.07562843044435684,10.668737668154824,-0.9371481648390563,26.160337552742618,1.3385426865971428
10,"20MA, 50MA, RSI, CCI, ATR, OBV",32,2,0.4,0.0001,64,60,30,100,"(16, 1)",Tanh,0.05268930553927561,8.167574774112753,0.0597624018841213,35.0210970464135,1.0290735061045466
11,"20MA, 50MA, RSI, CCI, ATR, OBV",32,2,0.4,0.0001,64,60,30,100,"(16, 1)",Tanh,0.0557647292740834,8.574219638424132,-0.05320245077383445,29.535864978902953,1.3526679497980525
12,"20MA, 50MA, RSI, CCI, ATR, OBV",32,2,0.4,0.0001,64,60,30,100,"(16, 1)",Tanh,0.053526214840926324,8.140214690400114,0.029655987102044423,36.28691983122363,1.2514717957644612
13,"20MA, 50MA, RSI, CCI, ATR, OBV",32,2,0.4,0.0001,64,60,30,100,"(16, 1)",Tanh,0.055888452164320264,8.34644838666692,-0.0578810282308968,34.177215189873415,1.3136790816977204
14,"20MA, 50MA, RSI, CCI, ATR, OBV",32,2,0.30000000000000004,0.0001,64,60,30,100,"(16, 1)",Tanh,0.05320914725258663,8.166905359322817,0.04111778751809059,35.0210970464135,1.2168769340278076
15,"20MA, 50MA, RSI, CCI, ATR, OBV",32,2,0.30000000000000004,0.0001,64,60,30,100,"(16, 1)",Tanh,0.05344475226867456,8.188503820496592,0.03260730985617444,35.86497890295359,1.1530396637726046
16,"20MA, 50MA, RSI, CCI, ATR, OBV",32,2,0.30000000000000004,0.0001,16,60,30,100,"(16, 1)",Tanh,0.05932919445920504,8.9251266989305,-0.19214633580500617,26.160337552742618,1.2725166916329917
17,"20MA, 50MA, RSI, CCI, ATR, OBV",32,2,0.5,0.0001,64,60,30,100,"(16, 1)",Tanh,0.05774340015681284,8.483842414585247,-0.12926890884691877,32.48945147679325,1.2728020543059642
18,"20MA, 50MA, RSI, CCI, ATR, OBV",32,2,0.30000000000000004,0.0001,64,60,30,50,"(25, 1)",Tanh,0.0597924118498217,8.66900467205805,-0.21083456112335397,33.755274261603375,1.4153544343389795
19,"20MA, 50MA, RSI, CCI, ATR, OBV",32,2,0.5,0.001,16,60,30,150,"(16, 1)",Sigmoid,0.0688469683624852,10.921467013812357,-0.6053225525123005,31.645569620253166,0.8404096986576974
20,"20MA, 50MA, RSI, CCI, ATR, OBV",64,2,0.2,0.0001,64,60,30,100,"(16, 1)",Tanh,0.05313369053581722,8.16138487406059,0.04383547062401205,38.81856540084388,1.2384328424208852
21,"20MA, 50MA, RSI, CCI, ATR, OBV",64,2,0.2,0.0001,64,60,30,100,"(16, 1)",Tanh,0.05819022929030948,8.547773881150993,-0.14681351318553282,31.645569620253166,1.4030979870652507
22,"20MA, 50MA, RSI, CCI, ATR, OBV",64,2,0.30000000000000004,0.0001,64,60,30,100,"(16, 1)",Tanh,0.05643303107234586,8.510136589829015,-0.07859752474865145,43.459915611814345,1.0669045069805052
23,"20MA, 50MA, RSI, CCI, ATR, OBV",64,2,0.2,0.0001,64,60,30,100,"(16, 1)",Tanh,0.052837013865817226,8.168976358938542,0.054483319573798816,36.708860759493675,1.0839279961984338
24,"20MA, 50MA, RSI, CCI, ATR, OBV",64,2,0.2,0.0001,64,60,30,100,"(16, 1)",Tanh,0.06276418983617775,9.755426441605804,-0.334186430683417,41.35021097046413,1.0614118739479672
0,"20MA, 50MA, RSI, CCI, Williams_%R, OBV",128,3,0.7,0.0001,32,60,1,100,"(25, 1)",ReLU,0.07363113498465515,11.591862656056295,-0.9152807564675647,23.75,0.662316541809509
1,"20MA, 50MA, RSI, CCI, Williams_%R, OBV",64,3,0.8,0.0005,16,60,1,50,"(25, 1)",Sigmoid,0.06029151394131958,8.41840491370184,-0.2841679712208287,41.25,0.8330749456251441
2,"20MA, 50MA, RSI, CCI, Williams_%R, OBV",128,3,0.6000000000000001,0.001,32,60,1,50,"(16, 1)",Sigmoid,0.3714105365951929,66.53946461714456,-47.732410690356,0.0,1.0
3,"20MA, 50MA, RSI, CCI, Williams_%R, OBV",128,3,0.4,0.0005,64,60,1,50,"(25, 1)",Sigmoid,0.058217307303665734,8.420747772030111,-0.1973295031508504,35.41666666666667,1.09437099590294
4,"20MA, 50MA, RSI, CCI, Williams_%R, OBV",128,3,0.7,0.001,32,60,1,100,"(25, 1)",ReLU,0.37977015415315074,68.09026751626513,-49.9508128559002,0.0,1.0
5,"20MA, 50MA, RSI, CCI, Williams_%R, OBV",64,2,0.2,0.0001,16,60,1,150,"(16, 1)",Tanh,0.03392595849867544,5.348115349129187,0.5933940699273078,56.25,0.7887282146689417
6,"20MA, 50MA, RSI, CCI, Williams_%R, OBV",128,3,0.7,0.0005,16,60,1,50,"(16, 1)",ReLU,0.28678223742984293,41.530640383545084,-28.054536572636927,9.583333333333334,0.9127916766436912
7,"20MA, 50MA, RSI, CCI, Williams_%R, OBV",64,2,0.5,0.0001,16,60,1,100,"(25, 1)",Tanh,0.03594490846092659,5.672790972016073,0.5435594508696175,50.0,0.7510347789550995
8,"20MA, 50MA, RSI, CCI, Williams_%R, OBV",32,2,0.8,0.0001,16,60,1,100,"(25, 1)",Sigmoid,0.047425588036420795,7.181674229948849,0.20542498600255454,42.083333333333336,0.6715464507445585
9,"20MA, 50MA, RSI, CCI, Williams_%R, OBV",128,3,0.30000000000000004,0.0001,32,60,1,100,"(25, 1)",Sigmoid,0.05084859593006531,7.565785627025538,0.08658658429812105,40.416666666666664,1.0313895243408076
10,"20MA, 50MA, RSI, CCI, Williams_%R, OBV",16,2,0.2,0.0001,64,60,1,150,"(16, 1)",Tanh,0.027680480879934955,3.9805089596091108,0.7293196579816276,71.25,1.2488566183503476
11,"20MA, 50MA, RSI, CCI, Williams_%R, OBV",16,2,0.2,0.0001,64,60,1,150,"(16, 1)",Tanh,0.029573929502902482,4.004610446526933,0.6910220254912269,71.66666666666667,1.2183176846121915
12,"20MA, 50MA, RSI, CCI, Williams_%R, OBV",16,2,0.2,0.0001,64,60,1,150,"(16, 1)",Tanh,0.02771205409845306,3.905794322800456,0.7287018129605526,71.66666666666667,1.1103377918600175
13,"20MA, 50MA, RSI, CCI, Williams_%R, OBV",16,2,0.30000000000000004,0.0001,64,60,1,150,"(16, 1)",Tanh,0.02989640657329241,4.126735481422463,0.6842470350348653,68.33333333333333,1.178209952464416
14,"20MA, 50MA, RSI, CCI, Williams_%R, OBV",16,2,0.30000000000000004,0.0001,64,60,1,150,"(16, 1)",Tanh,0.02627205700716313,3.5256206196858693,0.7561641204073253,75.0,0.997250022717205
15,"20MA, 50MA, RSI, CCI, Williams_%R, OBV",16,2,0.4,0.001,64,60,1,150,"(16, 1)",Tanh,0.028897597852169728,4.021679545643871,0.7135610329285655,68.87966804979253,1.4708335380030273
16,"20MA, 50MA, RSI, CCI, Williams_%R, OBV",16,2,0.30000000000000004,0.0001,64,60,1,150,"(16, 1)",Tanh,0.03062078280660625,4.293728956137851,0.6691731978164739,65.98360655737704,1.3575040493539234
17,"20MA, 50MA, RSI, CCI, Williams_%R, OBV",32,2,0.4,0.0001,64,60,1,150,"(16, 1)",Tanh,0.026750597470347016,3.6618777293284026,0.7472003734735229,72.5,1.095189026884899
18,"20MA, 50MA, RSI, CCI, Williams_%R, OBV",32,2,0.5,0.001,64,60,1,150,"(16, 1)",Tanh,0.02180476710759057,3.1687428130751134,0.8320374884180362,77.91666666666667,0.9313894811723099
19,"20MA, 50MA, RSI, CCI, Williams_%R, OBV",32,2,0.5,0.001,64,60,1,150,"(16, 1)",Tanh,0.0451465649152216,6.748531556667333,0.27995626100299753,31.666666666666664,0.9578309816275711
20,"20MA, 50MA, RSI, CCI, Williams_%R, OBV",32,2,0.6000000000000001,0.001,64,60,1,150,"(16, 1)",ReLU,0.021009439077401902,3.036898715126569,0.8440668793901056,82.08333333333333,1.2601504604540537
21,"20MA, 50MA, RSI, CCI, Williams_%R, OBV",32,2,0.6000000000000001,0.001,64,60,1,150,"(16, 1)",ReLU,0.025899493185130684,3.987280783555023,0.7630307540471087,69.58333333333333,0.8480887684649633
22,"20MA, 50MA, RSI, CCI, Williams_%R, OBV",32,2,0.6000000000000001,0.001,64,60,1,150,"(16, 1)",ReLU,0.02396311265736729,3.648354163119232,0.797140236762021,72.5,0.8146439182827332
23,"20MA, 50MA, RSI, CCI, Williams_%R, OBV",32,2,0.6000000000000001,0.001,64,60,1,150,"(16, 1)",ReLU,0.02284723787678768,3.2870760120928737,0.8155932295058624,75.41666666666667,0.8154285517771391
24,"20MA, 50MA, RSI, CCI, Williams_%R, OBV",32,2,0.5,0.001,64,60,1,150,"(16, 1)",ReLU,0.032142989708996594,4.635220538676733,0.6350091360849557,60.0,1.1779249154336118
0,"20MA, 50MA, RSI, CCI, Williams_%R, OBV",32,3,0.4,0.0001,32,60,30,100,"(16, 1)",ReLU,0.08138202437212046,13.345807999997222,-1.243105199977466,28.691983122362867,0.9598169931293358
1,"20MA, 50MA, RSI, CCI, Williams_%R, OBV",16,2,0.2,0.0005,32,60,30,50,"(25, 1)",Sigmoid,0.0683367386664402,11.059562576800886,-0.5816164078305497,32.06751054852321,1.0749904329246625
2,"20MA, 50MA, RSI, CCI, Williams_%R, OBV",128,3,0.7,0.0005,64,60,30,50,"(25, 1)",Sigmoid,0.37166605104109135,67.03578544924567,-45.78411854207283,0.0,1.0
3,"20MA, 50MA, RSI, CCI, Williams_%R, OBV",128,3,0.2,0.0005,64,60,30,100,"(25, 1)",Sigmoid,0.05396511180472191,8.289274634878275,0.013677757255700862,32.06751054852321,1.1173507223817487
4,"20MA, 50MA, RSI, CCI, Williams_%R, OBV",64,3,0.6000000000000001,0.0005,32,60,30,150,"(16, 1)",Tanh,0.10950386594431673,18.56476905420086,-3.0611737320458383,12.236286919831224,0.8418894399970257
5,"20MA, 50MA, RSI, CCI, Williams_%R, OBV",128,2,0.8,0.0005,16,60,30,100,"(16, 1)",ReLU,0.09512854507554049,16.218249538294376,-2.0648863425836534,9.282700421940929,0.8418149555578122
6,"20MA, 50MA, RSI, CCI, Williams_%R, OBV",32,3,0.8,0.0001,64,60,30,100,"(25, 1)",Tanh,0.06158723880782851,8.89525786005287,-0.284618380404956,27.848101265822784,1.3470640107393725
7,"20MA, 50MA, RSI, CCI, Williams_%R, OBV",64,2,0.8,0.0005,32,60,30,50,"(25, 1)",ReLU,0.05335852352403378,7.981035255305565,0.035726409876354115,40.50632911392405,1.3814568914709606
8,"20MA, 50MA, RSI, CCI, Williams_%R, OBV",64,2,0.8,0.0001,16,60,30,150,"(16, 1)",ReLU,0.06762491895233198,10.561766587921317,-0.5488386586739766,34.177215189873415,0.8580617497981566
9,"20MA, 50MA, RSI, CCI, Williams_%R, OBV",16,3,0.2,0.0001,16,60,30,100,"(25, 1)",Sigmoid,0.07034379263403917,11.489056858431363,-0.6758850413894328,27.004219409282697,1.0654531537364462
10,"20MA, 50MA, RSI, CCI, Williams_%R, OBV",64,2,0.5,0.001,32,60,30,50,"(25, 1)",ReLU,0.0985977757196701,16.468114680740143,-2.292508465355787,16.877637130801688,0.7882541214229667
11,"20MA, 50MA, RSI, CCI, Williams_%R, OBV",128,2,0.4,0.0005,64,60,30,50,"(25, 1)",Sigmoid,0.370969142017962,66.90687854534708,-45.60883373352112,0.0,1.0
12,"20MA, 50MA, RSI, CCI, Williams_%R, OBV",64,2,0.30000000000000004,0.001,64,60,30,100,"(25, 1)",Sigmoid,0.06206649115989229,8.841698731006407,-0.3046891552468134,34.59915611814346,1.3640401845117445
13,"20MA, 50MA, RSI, CCI, Williams_%R, OBV",128,3,0.6000000000000001,0.0005,32,60,30,50,"(25, 1)",ReLU,0.07788681942424465,11.0084071228519,-1.054568396946478,24.050632911392405,1.3896531141326478
14,"20MA, 50MA, RSI, CCI, Williams_%R, OBV",64,2,0.4,0.0005,64,60,30,150,"(25, 1)",Tanh,0.052221966768049514,7.77377116466694,0.07636769824594147,40.92827004219409,1.3347252469081032
15,"20MA, 50MA, RSI, CCI, Williams_%R, OBV",64,2,0.5,0.0005,32,60,30,150,"(25, 1)",Tanh,0.06320787553137086,9.245422742173586,-0.3531160701089828,41.35021097046413,1.0394986578032288
16,"20MA, 50MA, RSI, CCI, Williams_%R, OBV",64,2,0.4,0.001,64,60,30,150,"(25, 1)",Tanh,0.0528056093966858,8.17027774490413,0.05560694950134493,38.39662447257383,0.9811351793916101
17,"20MA, 50MA, RSI, CCI, Williams_%R, OBV",64,2,0.4,0.001,64,60,30,150,"(25, 1)",Tanh,0.054735255370373444,8.396480092147756,-0.0146750044087669,39.24050632911392,1.09621406552734
18,"20MA, 50MA, RSI, CCI, Williams_%R, OBV",64,2,0.30000000000000004,0.001,64,60,30,150,"(16, 1)",Tanh,0.05313376194742554,8.345199543138625,0.04383290045461241,36.28691983122363,0.9614101317715931
19,"20MA, 50MA, RSI, CCI, Williams_%R, OBV",32,2,0.30000000000000004,0.001,64,60,30,150,"(25, 1)",Tanh,0.0772584332416547,12.587624074653906,-1.0215498632740756,23.628691983122362,0.9146051600259132
20,"20MA, 50MA, RSI, CCI, Williams_%R, OBV",16,2,0.6000000000000001,0.001,64,60,30,150,"(25, 1)",Tanh,0.06349407419685398,10.06806945738656,-0.3653973482476256,35.86497890295359,1.0603025819113945
21,"20MA, 50MA, RSI, CCI, Williams_%R, OBV",64,2,0.30000000000000004,0.001,64,60,30,150,"(16, 1)",Tanh,0.053739870706237126,8.347399269808013,0.02189405361985819,37.9746835443038,1.0354310401069307
22,"20MA, 50MA, RSI, CCI, Williams_%R, OBV",64,2,0.4,0.001,64,60,30,150,"(16, 1)",Tanh,0.05233792163956085,8.038312341254485,0.07226143512317496,37.9746835443038,1.100671581917146
23,"20MA, 50MA, RSI, CCI, Williams_%R, OBV",64,2,0.4,0.001,64,60,30,150,"(16, 1)",Tanh,0.0682626743962807,10.89061991519,-0.578189911700673,30.801687763713083,0.9606238035556671
24,"20MA, 50MA, RSI, CCI, Williams_%R, OBV",64,2,0.5,0.001,64,60,30,150,"(16, 1)",Tanh,0.053221116096500196,8.235995704635604,0.04068635785199903,38.39662447257383,1.0215435043145176
0,"20MA, 50MA, RSI, ATR, Williams_%R, OBV",128,3,0.30000000000000004,0.001,64,60,1,50,"(25, 1)",Tanh,0.12478379693190107,19.81846662294672,-4.500799908300954,3.3333333333333335,1.0
1,"20MA, 50MA, RSI, ATR, Williams_%R, OBV",32,3,0.6000000000000001,0.0005,32,60,1,150,"(16, 1)",ReLU,0.0278503021931985,4.00257730200477,0.7259881915002722,65.0,1.1465265616422915
2,"20MA, 50MA, RSI, ATR, Williams_%R, OBV",16,2,0.8,0.0001,64,60,1,100,"(16, 1)",Tanh,0.045218709326310814,6.641963097977182,0.2776531561054538,37.916666666666664,1.0300242962719306
3,"20MA, 50MA, RSI, ATR, Williams_%R, OBV",16,3,0.30000000000000004,0.0001,16,60,1,50,"(16, 1)",Tanh,0.026271874814919063,3.8311378411417225,0.7561675023162512,71.25,0.9743912439109316
4,"20MA, 50MA, RSI, ATR, Williams_%R, OBV",32,3,0.2,0.0001,32,60,1,150,"(16, 1)",Sigmoid,0.04543791331594696,6.9593850304709175,0.2715414143656809,38.9344262295082,0.812129913486122
5,"20MA, 50MA, RSI, ATR, Williams_%R, OBV",16,2,0.4,0.0001,16,60,1,100,"(16, 1)",Sigmoid,0.04264030894980243,6.676043640965222,0.35768192893309936,44.166666666666664,0.7888558271171499
6,"20MA, 50MA, RSI, ATR, Williams_%R, OBV",128,2,0.5,0.0001,64,60,1,50,"(16, 1)",ReLU,0.03456015661937614,5.014656100818646,0.5780501283035853,57.91666666666667,1.0627377334009407
7,"20MA, 50MA, RSI, ATR, Williams_%R, OBV",64,2,0.5,0.001,64,60,1,100,"(25, 1)",ReLU,0.05143632461584197,7.602970383844804,0.06534935013489795,27.916666666666668,1.1244359992378485
8,"20MA, 50MA, RSI, ATR, Williams_%R, OBV",128,3,0.30000000000000004,0.0005,16,60,1,50,"(25, 1)",Sigmoid,0.31391603176455246,55.851420363149565,-33.81259894272454,0.0,1.0
9,"20MA, 50MA, RSI, ATR, Williams_%R, OBV",128,3,0.2,0.001,16,60,1,50,"(16, 1)",Tanh,0.37065183773510313,66.39869441821055,-47.53351778197296,0.0,1.0
10,"20MA, 50MA, RSI, ATR, Williams_%R, OBV",16,3,0.8,0.0001,16,60,1,50,"(25, 1)",Tanh,0.062301880117752534,10.03077622154074,-0.3712345927974434,32.083333333333336,0.8246191429711356
11,"20MA, 50MA, RSI, ATR, Williams_%R, OBV",32,3,0.7,0.0005,32,60,1,150,"(16, 1)",ReLU,0.024023314161062723,3.665948696151606,0.7961196846004384,68.33333333333333,1.0854883227752696
12,"20MA, 50MA, RSI, ATR, Williams_%R, OBV",32,3,0.7,0.0005,32,60,1,150,"(16, 1)",ReLU,0.053457478619219165,8.544102291552376,-0.009546661936804313,28.749999999999996,0.8028967199865158
13,"20MA, 50MA, RSI, ATR, Williams_%R, OBV",64,3,0.6000000000000001,0.0005,32,60,1,150,"(16, 1)",ReLU,0.09626948717871124,15.060825060737468,-2.2740610405856017,20.0,0.6852930603486034
14,"20MA, 50MA, RSI, ATR, Williams_%R, OBV",32,3,0.7,0.0005,16,60,1,150,"(16, 1)",Tanh,0.05824244525578898,8.77257533800412,-0.19836372858293116,31.666666666666664,0.7287584457730286
15,"20MA, 50MA, RSI, ATR, Williams_%R, OBV",16,3,0.4,0.0001,32,60,1,50,"(16, 1)",ReLU,0.05542104351347671,7.914146513586714,-0.085072739721328,34.166666666666664,1.21608127184171
16,"20MA, 50MA, RSI, ATR, Williams_%R, OBV",32,3,0.6000000000000001,0.0005,16,60,1,150,"(16, 1)",Tanh,0.02270956783041766,3.4786640965680924,0.8178088847195978,75.41666666666667,0.6442184221096341
17,"20MA, 50MA, RSI, ATR, Williams_%R, OBV",32,2,0.7,0.0005,32,60,1,150,"(16, 1)",ReLU,0.027537334777799502,4.206033425121058,0.732111997383122,65.41666666666667,0.8614349260109928
18,"20MA, 50MA, RSI, ATR, Williams_%R, OBV",32,3,0.6000000000000001,0.0005,16,60,1,150,"(25, 1)",Tanh,0.03922277375804666,5.914132149788712,0.456516878601393,48.333333333333336,0.7585317813077832
19,"20MA, 50MA, RSI, ATR, Williams_%R, OBV",32,3,0.7,0.0005,32,60,1,150,"(16, 1)",Sigmoid,0.022655180540075624,3.3043723524432695,0.8186805011005714,76.66666666666667,0.9339600429533526
20,"20MA, 50MA, RSI, ATR, Williams_%R, OBV",32,2,0.6000000000000001,0.0005,16,60,1,150,"(16, 1)",Sigmoid,0.02970822839425177,4.330780948099668,0.6882094389995913,64.16666666666667,0.8590006362049618
21,"20MA, 50MA, RSI, ATR, Williams_%R, OBV",32,3,0.7,0.0005,32,60,1,150,"(16, 1)",Sigmoid,0.025663691324174627,3.8537326881313607,0.7673260828554576,65.41666666666667,0.8956181524607797
22,"20MA, 50MA, RSI, ATR, Williams_%R, OBV",32,3,0.8,0.0005,32,60,1,150,"(16, 1)",Sigmoid,0.024668627189552046,3.6350854321374095,0.785019326771042,68.75,0.9225340853427156
23,"20MA, 50MA, RSI, ATR, Williams_%R, OBV",32,3,0.7,0.0005,32,60,1,150,"(16, 1)",Sigmoid,0.02752162583843508,4.1913613090138035,0.732417548817849,60.416666666666664,0.8133570284757476
24,"20MA, 50MA, RSI, ATR, Williams_%R, OBV",64,3,0.6000000000000001,0.0005,32,60,1,150,"(16, 1)",Tanh,0.029500028030279873,4.34489958636751,0.6925642891114809,65.0,0.896650460583329
0,"20MA, 50MA, RSI, ATR, Williams_%R, OBV",16,2,0.6000000000000001,0.001,16,60,30,50,"(16, 1)",Sigmoid,0.06461986604783823,9.427019332778814,-0.4142453895236642,34.177215189873415,1.1113158742592746
1,"20MA, 50MA, RSI, ATR, Williams_%R, OBV",16,3,0.30000000000000004,0.001,64,60,30,100,"(16, 1)",Sigmoid,0.05370465091316088,8.235251524752368,0.023175686797336725,34.59915611814346,1.1360010757420917
2,"20MA, 50MA, RSI, ATR, Williams_%R, OBV",64,2,0.30000000000000004,0.0005,32,60,30,100,"(25, 1)",ReLU,0.05887745470995903,8.679320803906007,-0.17406115405324885,45.56962025316456,1.1664275791915684
3,"20MA, 50MA, RSI, ATR, Williams_%R, OBV",128,2,0.6000000000000001,0.001,64,60,30,150,"(16, 1)",Tanh,0.05496818702125179,8.404612883189152,-0.023329493304120374,36.708860759493675,1.4560681573624445
4,"20MA, 50MA, RSI, ATR, Williams_%R, OBV",32,3,0.4,0.0005,64,60,30,150,"(25, 1)",Sigmoid,0.0620699934791427,8.791819447610981,-0.30483640271584544,31.223628691983123,1.0723502160085443
5,"20MA, 50MA, RSI, ATR, Williams_%R, OBV",128,2,0.4,0.0001,16,60,30,50,"(25, 1)",ReLU,0.06840437245495073,10.999393997581986,-0.5847486510980766,31.645569620253166,1.0164673543689873
6,"20MA, 50MA, RSI, ATR, Williams_%R, OBV",64,3,0.30000000000000004,0.0005,16,60,30,100,"(25, 1)",Sigmoid,0.12323790582649385,19.47405022421322,-4.143766957482589,5.063291139240507,1.0
7,"20MA, 50MA, RSI, ATR, Williams_%R, OBV",32,2,0.30000000000000004,0.001,16,60,30,100,"(25, 1)",Sigmoid,0.05435616446646077,8.240827885609715,0.000797620010735578,35.26970954356847,1.1717080905581034
8,"20MA, 50MA, RSI, ATR, Williams_%R, OBV",32,3,0.2,0.001,64,60,30,50,"(25, 1)",Sigmoid,0.07289537932041107,10.28900682959123,-0.7996691215980116,27.004219409282697,1.3407250700477622
9,"20MA, 50MA, RSI, ATR, Williams_%R, OBV",32,3,0.8,0.0001,16,60,30,100,"(16, 1)",Sigmoid,0.06787626112277326,11.119232720770304,-0.56037322055532,27.848101265822784,1.0554520209425917
10,"20MA, 50MA, RSI, ATR, Williams_%R, OBV",16,3,0.8,0.001,32,60,30,100,"(16, 1)",Tanh,0.08391534762430354,12.054392908189277,-1.384929034403596,22.78481012658228,1.0
11,"20MA, 50MA, RSI, ATR, Williams_%R, OBV",16,2,0.2,0.001,64,60,30,100,"(16, 1)",Sigmoid,0.05918987638397484,8.191574904720172,-0.18655406275049757,36.708860759493675,1.0511943002326323
12,"20MA, 50MA, RSI, ATR, Williams_%R, OBV",16,3,0.4,0.001,16,60,30,100,"(16, 1)",Sigmoid,0.057085241265236134,8.421645642312587,-0.10367281792363792,33.755274261603375,1.2815948315794046
13,"20MA, 50MA, RSI, ATR, Williams_%R, OBV",32,2,0.5,0.001,64,60,30,100,"(25, 1)",Sigmoid,0.053682719913473495,8.122502293152078,0.02397332198222002,39.66244725738397,1.3948772847963071
14,"20MA, 50MA, RSI, ATR, Williams_%R, OBV",32,2,0.6000000000000001,0.001,64,60,30,100,"(25, 1)",Tanh,0.06644197116813536,9.460940753755374,-0.4951256134292408,25.31645569620253,1.0079350271628986
15,"20MA, 50MA, RSI, ATR, Williams_%R, OBV",16,3,0.5,0.0001,64,60,30,150,"(16, 1)",ReLU,0.05517825159633685,8.221346081204784,-0.031165881545673235,36.28691983122363,1.1721521864583597
16,"20MA, 50MA, RSI, ATR, Williams_%R, OBV",128,2,0.5,0.001,64,60,30,100,"(25, 1)",Sigmoid,0.06100589282100165,9.272111053326284,-0.2604808139363717,41.77215189873418,1.0321909417551018
17,"20MA, 50MA, RSI, ATR, Williams_%R, OBV",64,3,0.7,0.001,64,60,30,100,"(16, 1)",Sigmoid,0.3738455318358443,67.44349010679372,-46.33441929445639,0.0,1.0
18,"20MA, 50MA, RSI, ATR, Williams_%R, OBV",32,2,0.4,0.0005,32,60,30,50,"(16, 1)",ReLU,0.061975139706930145,9.222410523538823,-0.3008514148676591,42.616033755274266,1.1548327069681308
19,"20MA, 50MA, RSI, ATR, Williams_%R, OBV",16,3,0.5,0.0001,64,60,30,150,"(25, 1)",Tanh,0.052762537890263465,8.072051394602907,0.05714693143520855,37.130801687763714,1.2272254574089019
20,"20MA, 50MA, RSI, ATR, Williams_%R, OBV",16,3,0.7,0.0001,64,60,30,150,"(25, 1)",Tanh,0.05338637485750039,8.124521905234616,0.034719511162666694,31.645569620253166,1.2550394411150576
21,"20MA, 50MA, RSI, ATR, Williams_%R, OBV",16,3,0.7,0.0001,64,60,30,150,"(25, 1)",Tanh,0.06580778072512433,10.601212063161844,-0.4667198004213984,29.957805907172997,1.0703556807365833
22,"20MA, 50MA, RSI, ATR, Williams_%R, OBV",16,3,0.5,0.0001,64,60,30,150,"(25, 1)",Tanh,0.05240812926127226,8.00873804520436,0.06977077432848999,36.708860759493675,1.2601795237297777
23,"20MA, 50MA, RSI, ATR, Williams_%R, OBV",16,3,0.7,0.0001,64,60,30,150,"(25, 1)",Tanh,0.05455738474392899,8.33483498254313,-0.008091034816491538,32.91139240506329,1.3756011756844888
24,"20MA, 50MA, RSI, ATR, Williams_%R, OBV",16,3,0.6000000000000001,0.0001,64,60,30,150,"(25, 1)",Tanh,0.06145110841657422,9.749449292524295,-0.2789457009180849,29.535864978902953,1.2705320952471488
0,"20MA, 50MA, MACD, Upper_BB, Lower_BB, CCI",16,2,0.2,0.0001,16,60,1,150,"(25, 1)",Sigmoid,0.04084367229662554,6.095523636765661,0.41066935975740226,52.083333333333336,0.6661914081662517
1,"20MA, 50MA, MACD, Upper_BB, Lower_BB, CCI",16,2,0.30000000000000004,0.0005,64,60,1,150,"(25, 1)",Sigmoid,0.03172072180577471,4.7808954928844845,0.6445360377274916,54.58333333333333,1.168222152147928
2,"20MA, 50MA, MACD, Upper_BB, Lower_BB, CCI",64,3,0.30000000000000004,0.0005,32,60,1,100,"(16, 1)",Tanh,0.04818317816423475,7.57344699807622,0.17983668352706872,37.916666666666664,0.6556508390957269
3,"20MA, 50MA, MACD, Upper_BB, Lower_BB, CCI",64,3,0.2,0.0001,16,60,1,100,"(16, 1)",Sigmoid,0.05498465673233822,8.62191119584277,-0.06805223091950041,32.083333333333336,0.631477698605808
4,"20MA, 50MA, MACD, Upper_BB, Lower_BB, CCI",16,2,0.30000000000000004,0.001,32,60,1,50,"(16, 1)",Sigmoid,0.13109617889109879,21.15460174906839,-5.071409445542511,1.6666666666666667,1.0
5,"20MA, 50MA, MACD, Upper_BB, Lower_BB, CCI",128,2,0.4,0.001,64,60,1,50,"(25, 1)",Sigmoid,0.055646605819271576,7.997293154189024,-0.0939231532082696,33.75,1.0769888280951343
6,"20MA, 50MA, MACD, Upper_BB, Lower_BB, CCI",128,2,0.5,0.0005,64,60,1,150,"(25, 1)",ReLU,0.026504948100435303,4.099885385018807,0.7518219478632765,66.66666666666666,0.9329940293339456
7,"20MA, 50MA, MACD, Upper_BB, Lower_BB, CCI",32,2,0.30000000000000004,0.001,32,60,1,100,"(25, 1)",Sigmoid,0.025753098720519795,4.097748065072756,0.7657020759811342,69.58333333333333,0.8600573854301709
8,"20MA, 50MA, MACD, Upper_BB, Lower_BB, CCI",32,2,0.4,0.0001,16,60,1,150,"(25, 1)",Sigmoid,0.02925754493420041,4.505276342034194,0.6975976117803142,62.5,0.6564783116396026
9,"20MA, 50MA, MACD, Upper_BB, Lower_BB, CCI",16,2,0.7,0.0001,64,60,1,50,"(16, 1)",Sigmoid,0.2278920633971649,39.8489194220646,-17.347118101834404,0.0,1.0
10,"20MA, 50MA, MACD, Upper_BB, Lower_BB, CCI",32,3,0.8,0.001,32,60,1,100,"(25, 1)",Tanh,0.02099872842094318,3.173158586994244,0.8442258289324742,81.25,0.9653776000285034
11,"20MA, 50MA, MACD, Upper_BB, Lower_BB, CCI",32,3,0.8,0.001,32,60,1,100,"(25, 1)",Tanh,0.027617701880004036,4.284666561574432,0.7308817292581522,68.44262295081968,0.84477935779907
12,"20MA, 50MA, MACD, Upper_BB, Lower_BB, CCI",32,3,0.6000000000000001,0.001,32,60,1,100,"(25, 1)",Tanh,0.03631295770270839,5.925262502869299,0.5341643701669612,44.166666666666664,0.7522982232759228
13,"20MA, 50MA, MACD, Upper_BB, Lower_BB, CCI",32,3,0.8,0.001,32,60,1,100,"(25, 1)",ReLU,0.03230769880355466,4.601379038892583,0.631258934644892,59.583333333333336,1.1243074868708811
14,"20MA, 50MA, MACD, Upper_BB, Lower_BB, CCI",32,3,0.6000000000000001,0.001,32,60,1,100,"(25, 1)",Tanh,0.056095963125189094,9.426488919080318,-0.07937369740115496,27.800829875518673,0.8968956625057343
15,"20MA, 50MA, MACD, Upper_BB, Lower_BB, CCI",32,3,0.5,0.001,32,60,1,100,"(25, 1)",Tanh,0.028632340780966672,4.565013660041412,0.710383591223281,62.916666666666664,0.7554958283745712
16,"20MA, 50MA, MACD, Upper_BB, Lower_BB, CCI",32,3,0.7,0.001,32,60,1,100,"(25, 1)",ReLU,0.02067838058431392,3.1505670896105524,0.8489424266510885,80.0,0.7983309011853711
17,"20MA, 50MA, MACD, Upper_BB, Lower_BB, CCI",32,3,0.7,0.001,32,60,1,100,"(25, 1)",ReLU,0.03266360339384375,4.741652083741475,0.6235595392842859,58.19672131147541,1.0934071476546157
18,"20MA, 50MA, MACD, Upper_BB, Lower_BB, CCI",128,3,0.7,0.001,32,60,1,100,"(25, 1)",ReLU,0.050570032140370744,8.415138773910295,0.0965670739522495,27.500000000000004,0.6994804002194861
19,"20MA, 50MA, MACD, Upper_BB, Lower_BB, CCI",64,3,0.8,0.0005,16,60,1,50,"(16, 1)",ReLU,0.3914566410764395,70.21480754504674,-53.067394249114066,0.0,1.0
20,"20MA, 50MA, MACD, Upper_BB, Lower_BB, CCI",32,3,0.6000000000000001,0.001,32,60,1,100,"(25, 1)",ReLU,0.03099766008334722,4.771214777750465,0.6605566707316032,60.0,0.6750654707855056
21,"20MA, 50MA, MACD, Upper_BB, Lower_BB, CCI",32,2,0.7,0.001,32,60,1,100,"(25, 1)",Tanh,0.028769192426399023,4.429885603901342,0.7076084635292439,63.33333333333333,0.7329601901522191
22,"20MA, 50MA, MACD, Upper_BB, Lower_BB, CCI",32,3,0.8,0.001,32,60,1,100,"(25, 1)",ReLU,0.09044644273177584,13.202296986922416,-1.8899640254127639,16.25,1.0713307323988435
23,"20MA, 50MA, MACD, Upper_BB, Lower_BB, CCI",32,3,0.4,0.001,32,60,1,100,"(25, 1)",Tanh,0.03196992391201679,4.937922132215591,0.6389289569098111,51.66666666666667,0.8311443202485937
24,"20MA, 50MA, MACD, Upper_BB, Lower_BB, CCI",32,2,0.6000000000000001,0.001,32,60,1,100,"(25, 1)",ReLU,0.02263389967162287,3.4298493860550514,0.8192464307453209,77.8688524590164,0.9590705958551696
0,"20MA, 50MA, MACD, Upper_BB, Lower_BB, CCI",128,2,0.30000000000000004,0.0005,16,60,30,150,"(25, 1)",Sigmoid,0.3075190482672215,54.966631670365764,-30.981578526260883,0.0,1.0
1,"20MA, 50MA, MACD, Upper_BB, Lower_BB, CCI",16,3,0.4,0.001,16,60,30,50,"(25, 1)",Sigmoid,0.09051575424700112,13.143137728318772,-1.7748596006015909,18.565400843881857,1.2014422225782289
2,"20MA, 50MA, MACD, Upper_BB, Lower_BB, CCI",32,3,0.5,0.0005,32,60,30,50,"(25, 1)",ReLU,0.07488963207730287,10.566400404518893,-0.8994858325266175,26.160337552742618,1.3432930799915388
3,"20MA, 50MA, MACD, Upper_BB, Lower_BB, CCI",128,2,0.4,0.001,32,60,30,150,"(25, 1)",ReLU,0.06249725683958525,9.54804102626071,-0.32286210503158697,36.708860759493675,1.103601611996057
4,"20MA, 50MA, MACD, Upper_BB, Lower_BB, CCI",64,2,0.6000000000000001,0.001,64,60,30,150,"(25, 1)",Tanh,0.05765402680473304,8.390962979111153,-0.1257759229091573,30.801687763713083,1.3316845432653277
5,"20MA, 50MA, MACD, Upper_BB, Lower_BB, CCI",32,3,0.30000000000000004,0.0005,16,60,30,50,"(25, 1)",Sigmoid,0.1241957694511648,19.67360258486737,-4.224037306592251,4.641350210970464,1.0
6,"20MA, 50MA, MACD, Upper_BB, Lower_BB, CCI",64,2,0.8,0.0005,16,60,30,150,"(16, 1)",ReLU,0.14172346373418526,24.8306959110882,-5.802619516694804,6.751054852320674,0.8316870593667236
7,"20MA, 50MA, MACD, Upper_BB, Lower_BB, CCI",32,2,0.7,0.0001,64,60,30,150,"(25, 1)",ReLU,0.060995971116523474,8.785957312814439,-0.26007085022333887,30.37974683544304,1.3797491114654157
8,"20MA, 50MA, MACD, Upper_BB, Lower_BB, CCI",16,3,0.30000000000000004,0.0005,64,60,30,50,"(25, 1)",ReLU,0.07596458153658742,10.706507662224709,-0.9544067970347712,27.42616033755274,1.2138581605569982
9,"20MA, 50MA, MACD, Upper_BB, Lower_BB, CCI",64,3,0.2,0.001,16,60,30,150,"(16, 1)",Tanh,0.363279018461336,65.46631796906193,-43.69647726337163,0.0,1.0
10,"20MA, 50MA, MACD, Upper_BB, Lower_BB, CCI",64,2,0.6000000000000001,0.0001,64,60,30,100,"(16, 1)",Tanh,0.05478228009689062,8.414696153854994,-0.016419229803863455,37.552742616033754,1.0423665272970084
11,"20MA, 50MA, MACD, Upper_BB, Lower_BB, CCI",64,2,0.6000000000000001,0.0001,64,60,30,100,"(16, 1)",Tanh,0.056767948123793634,8.451167895056331,-0.09143797070800352,32.06751054852321,1.2609459054691474
12,"20MA, 50MA, MACD, Upper_BB, Lower_BB, CCI",64,2,0.6000000000000001,0.0001,64,60,30,100,"(16, 1)",Tanh,0.05548815142433387,8.396726204190077,-0.042781164510504066,33.755274261603375,1.2036334883045652
13,"20MA, 50MA, MACD, Upper_BB, Lower_BB, CCI",64,2,0.6000000000000001,0.0001,64,60,30,100,"(16, 1)",Tanh,0.05545227022801119,8.597923563907232,-0.0399070288932879,37.75933609958506,1.1877544954356043
14,"20MA, 50MA, MACD, Upper_BB, Lower_BB, CCI",64,2,0.8,0.0001,64,60,30,100,"(16, 1)",Tanh,0.05459638896457169,8.373903249778364,-0.009532960986961436,40.08438818565401,1.1836564970776393
15,"20MA, 50MA, MACD, Upper_BB, Lower_BB, CCI",64,2,0.8,0.0001,64,60,30,100,"(16, 1)",Tanh,0.05406781395874213,8.304411213795504,0.009920003175886483,35.0210970464135,1.1647895224702942
16,"20MA, 50MA, MACD, Upper_BB, Lower_BB, CCI",64,2,0.8,0.0001,32,60,30,100,"(16, 1)",Tanh,0.05417433680797559,8.260539559107498,0.006014905940453064,36.708860759493675,1.1362355305349057
17,"20MA, 50MA, MACD, Upper_BB, Lower_BB, CCI",128,2,0.8,0.0001,32,60,30,100,"(16, 1)",Tanh,0.0623427682165289,9.762451652919127,-0.31633015258616726,36.28691983122363,1.0632100921206984
18,"20MA, 50MA, MACD, Upper_BB, Lower_BB, CCI",16,2,0.7,0.0001,32,60,30,100,"(16, 1)",Tanh,0.05385656822617097,8.224711960864191,0.017641476588645788,35.0210970464135,1.2672608695601348
19,"20MA, 50MA, MACD, Upper_BB, Lower_BB, CCI",16,2,0.7,0.0001,32,60,30,100,"(16, 1)",Tanh,0.054167191463586464,8.325267908015595,0.006277092719233379,37.130801687763714,1.1865687018603002
20,"20MA, 50MA, MACD, Upper_BB, Lower_BB, CCI",16,3,0.7,0.0001,32,60,30,100,"(16, 1)",Sigmoid,0.08451791719042963,12.080200123451853,-1.4157579853875348,20.74688796680498,1.1689909299379255
21,"20MA, 50MA, MACD, Upper_BB, Lower_BB, CCI",16,2,0.7,0.0001,32,60,30,100,"(16, 1)",Tanh,0.05386690749739097,8.393656645807951,0.017264258117776987,36.708860759493675,1.1242466102705726
22,"20MA, 50MA, MACD, Upper_BB, Lower_BB, CCI",16,2,0.7,0.0001,32,60,30,100,"(16, 1)",Tanh,0.06237748981440138,8.937931470875345,-0.3177968123185291,30.37974683544304,1.4023804434276916
23,"20MA, 50MA, MACD, Upper_BB, Lower_BB, CCI",16,2,0.7,0.0001,32,60,30,100,"(16, 1)",Tanh,0.05367064367008429,8.360833979400034,0.02441239846677068,36.708860759493675,1.0921256360227334
24,"20MA, 50MA, MACD, Upper_BB, Lower_BB, CCI",16,2,0.5,0.0001,32,60,30,100,"(16, 1)",Tanh,0.053194660647728396,8.213945106287289,0.041639842746396316,35.44303797468354,1.1092565430153893
0,"20MA, 50MA, MACD, Upper_BB, Lower_BB, ATR",32,2,0.8,0.0001,32,60,1,50,"(16, 1)",Tanh,0.03980369599395938,5.6348192123409575,0.44029877623788993,47.91666666666667,1.2815118215303747
1,"20MA, 50MA, MACD, Upper_BB, Lower_BB, ATR",128,3,0.2,0.0005,32,60,1,100,"(25, 1)",Sigmoid,0.02574656905046604,3.9600575914244827,0.7658208728842945,70.0,0.8324859776369685
2,"20MA, 50MA, MACD, Upper_BB, Lower_BB, ATR",64,3,0.8,0.0001,64,60,1,50,"(16, 1)",Sigmoid,0.05648504770180638,8.24763647610486,-0.12713634750462588,33.75,1.0200024982294098
3,"20MA, 50MA, MACD, Upper_BB, Lower_BB, ATR",16,3,0.2,0.001,16,60,1,100,"(25, 1)",ReLU,0.13354313612507715,21.987097223977194,-5.300174771107775,9.166666666666666,0.7081587612469643
4,"20MA, 50MA, MACD, Upper_BB, Lower_BB, ATR",64,3,0.7,0.001,32,60,1,50,"(25, 1)",Tanh,0.14108573844285305,23.021043536877556,-6.023188746285308,1.639344262295082,1.0
5,"20MA, 50MA, MACD, Upper_BB, Lower_BB, ATR",128,3,0.4,0.001,32,60,1,50,"(16, 1)",Tanh,0.0536699015068646,8.108667717684098,-0.017585832586112016,32.083333333333336,1.0712957840576136
6,"20MA, 50MA, MACD, Upper_BB, Lower_BB, ATR",128,2,0.2,0.0005,32,60,1,100,"(25, 1)",ReLU,0.042796829943949864,6.401201625868139,0.3529577237768886,43.333333333333336,0.7293829584543003
7,"20MA, 50MA, MACD, Upper_BB, Lower_BB, ATR",64,3,0.5,0.0001,64,60,1,150,"(16, 1)",ReLU,0.0427451913297957,6.663222505494354,0.354518222945744,35.41666666666667,0.7944531870611529
8,"20MA, 50MA, MACD, Upper_BB, Lower_BB, ATR",128,2,0.6000000000000001,0.0005,64,60,1,50,"(16, 1)",Sigmoid,0.3672901719535787,65.77818537306206,-46.657150362741426,0.0,1.0
9,"20MA, 50MA, MACD, Upper_BB, Lower_BB, ATR",16,3,0.2,0.0005,32,60,1,100,"(25, 1)",ReLU,0.04270067723082031,6.6268145456195375,0.3558619099324307,45.416666666666664,0.7353649304956221
10,"20MA, 50MA, MACD, Upper_BB, Lower_BB, ATR",32,2,0.4,0.0005,16,60,1,150,"(25, 1)",Sigmoid,0.020214280514021108,3.0375418423696274,0.8556469276952889,81.25,0.8209778004418815
11,"20MA, 50MA, MACD, Upper_BB, Lower_BB, ATR",32,2,0.4,0.0005,16,60,1,150,"(25, 1)",Sigmoid,0.026384568984342334,3.8560287349882567,0.7540711589059105,72.5,0.7510573495089835
12,"20MA, 50MA, MACD, Upper_BB, Lower_BB, ATR",32,2,0.4,0.0005,16,60,1,150,"(25, 1)",Sigmoid,0.020357578875743576,3.0557621488388595,0.8535930452060981,80.41666666666667,0.7367362765692756
13,"20MA, 50MA, MACD, Upper_BB, Lower_BB, ATR",32,2,0.4,0.0005,16,60,1,150,"(25, 1)",Sigmoid,0.03357372246480305,4.9513025913961854,0.6017934059863057,55.833333333333336,0.7463389401006976
14,"20MA, 50MA, MACD, Upper_BB, Lower_BB, ATR",32,2,0.5,0.0005,16,60,1,150,"(25, 1)",Sigmoid,0.04100784184442797,6.375069468623802,0.405922255445758,39.166666666666664,0.873303477563184
15,"20MA, 50MA, MACD, Upper_BB, Lower_BB, ATR",32,2,0.30000000000000004,0.0005,16,60,1,150,"(25, 1)",Sigmoid,0.02532357244333679,3.9027960912720254,0.7734524342417066,70.83333333333334,0.8400669807096764
16,"20MA, 50MA, MACD, Upper_BB, Lower_BB, ATR",32,2,0.6000000000000001,0.0005,16,60,1,150,"(25, 1)",Sigmoid,0.021454422955053218,3.194200845606649,0.8373915419910328,76.25,0.8217032031838313
17,"20MA, 50MA, MACD, Upper_BB, Lower_BB, ATR",32,2,0.30000000000000004,0.0005,16,60,1,150,"(25, 1)",Sigmoid,0.03934811141354342,6.441922160526284,0.453037892706867,39.58333333333333,0.694542618740458
18,"20MA, 50MA, MACD, Upper_BB, Lower_BB, ATR",32,2,0.30000000000000004,0.001,16,60,1,150,"(25, 1)",Sigmoid,0.018341470435045186,2.7305690824932816,0.8846076778537109,85.06224066390041,0.9110648260165439
19,"20MA, 50MA, MACD, Upper_BB, Lower_BB, ATR",16,2,0.30000000000000004,0.001,16,60,1,150,"(25, 1)",Tanh,0.08598071775603221,12.478248977810228,-1.6116296331996804,32.916666666666664,0.7670124549582849
20,"20MA, 50MA, MACD, Upper_BB, Lower_BB, ATR",32,2,0.30000000000000004,0.001,16,60,1,150,"(25, 1)",Sigmoid,0.024298519737660073,3.6018810504700323,0.7914217161774675,75.0,0.8551652988881872
21,"20MA, 50MA, MACD, Upper_BB, Lower_BB, ATR",32,2,0.4,0.001,16,60,1,150,"(25, 1)",Sigmoid,0.01763698818069154,2.641972218418686,0.8902468593594526,89.34426229508196,0.8602326456540444
22,"20MA, 50MA, MACD, Upper_BB, Lower_BB, ATR",32,2,0.5,0.001,16,60,1,150,"(25, 1)",Sigmoid,0.07295263680766148,11.859641373745248,-0.8801454267935147,21.25,0.6785346073842644
23,"20MA, 50MA, MACD, Upper_BB, Lower_BB, ATR",32,2,0.4,0.001,16,60,1,150,"(25, 1)",Sigmoid,0.07415465451794608,11.423872629834646,-0.9426129836449377,28.749999999999996,1.1102188690248254
24,"20MA, 50MA, MACD, Upper_BB, Lower_BB, ATR",32,2,0.30000000000000004,0.001,16,60,1,150,"(25, 1)",Sigmoid,0.03230364141626218,5.210970831323648,0.6313515460918329,55.00000000000001,0.8194514542706709
0,"20MA, 50MA, MACD, Upper_BB, Lower_BB, ATR",16,3,0.8,0.0001,64,60,30,100,"(25, 1)",ReLU,0.05543218572287306,8.392802551747161,-0.03915386818123445,33.19502074688796,1.2034030036866517
1,"20MA, 50MA, MACD, Upper_BB, Lower_BB, ATR",32,2,0.7,0.0001,32,60,30,100,"(16, 1)",ReLU,0.057833869785633124,8.908376735694189,-0.13281025113117328,35.44303797468354,1.2860234846308503
2,"20MA, 50MA, MACD, Upper_BB, Lower_BB, ATR",128,3,0.4,0.0001,16,60,30,50,"(25, 1)",Sigmoid,0.06082204958082087,8.819361034525658,-0.25289526106412374,33.33333333333333,1.297940805169825
3,"20MA, 50MA, MACD, Upper_BB, Lower_BB, ATR",32,2,0.8,0.0001,64,60,30,150,"(16, 1)",ReLU,0.06042508226272515,9.909092131175806,-0.2365940867335965,28.270042194092827,1.152847788752012
4,"20MA, 50MA, MACD, Upper_BB, Lower_BB, ATR",128,3,0.4,0.001,32,60,30,150,"(16, 1)",Sigmoid,0.08611267693952716,12.378240394087895,-1.5114633509472362,20.253164556962027,1.1689909299379255
5,"20MA, 50MA, MACD, Upper_BB, Lower_BB, ATR",16,2,0.5,0.0005,16,60,30,150,"(25, 1)",ReLU,0.06819879382066371,10.628528675047587,-0.5752375366594835,34.177215189873415,0.9740885847638072
6,"20MA, 50MA, MACD, Upper_BB, Lower_BB, ATR",64,2,0.2,0.001,32,60,30,100,"(16, 1)",Sigmoid,0.07068182829827177,11.540179038063842,-0.6920306049255254,28.270042194092827,1.0213683761838153
7,"20MA, 50MA, MACD, Upper_BB, Lower_BB, ATR",64,2,0.30000000000000004,0.0001,16,60,30,150,"(16, 1)",ReLU,0.06946729670293249,11.40293231853719,-0.6343815924008778,23.20675105485232,1.0926253416173337
8,"20MA, 50MA, MACD, Upper_BB, Lower_BB, ATR",64,2,0.4,0.0005,64,60,30,100,"(16, 1)",Sigmoid,0.05660716057745344,8.40862385422713,-0.08526402524259336,34.59915611814346,1.1910841895554922
9,"20MA, 50MA, MACD, Upper_BB, Lower_BB, ATR",16,2,0.2,0.0005,64,60,30,150,"(16, 1)",Sigmoid,0.0596461674490309,9.692559430083344,-0.20491871946836215,24.47257383966245,0.9478101969187217
10,"20MA, 50MA, MACD, Upper_BB, Lower_BB, ATR",16,3,0.6000000000000001,0.0001,64,60,30,50,"(25, 1)",Tanh,0.07087327844976021,10.016057564029381,-0.7012091515995,28.270042194092827,1.3237741416025202
11,"20MA, 50MA, MACD, Upper_BB, Lower_BB, ATR",64,3,0.8,0.0005,64,60,30,100,"(25, 1)",Tanh,0.05458161385198167,8.39995305074915,-0.008986626508314943,33.755274261603375,1.089602300563831
12,"20MA, 50MA, MACD, Upper_BB, Lower_BB, ATR",16,3,0.8,0.0005,64,60,30,100,"(25, 1)",Tanh,0.05556926782637565,8.50131363226986,-0.045832211673169754,32.48945147679325,1.13175759402747
13,"20MA, 50MA, MACD, Upper_BB, Lower_BB, ATR",64,3,0.7,0.0005,64,60,30,100,"(25, 1)",Tanh,0.057105492368306844,9.225581479834863,-0.1044560170817801,31.223628691983123,1.1720383712805824
14,"20MA, 50MA, MACD, Upper_BB, Lower_BB, ATR",16,3,0.7,0.001,64,60,30,100,"(25, 1)",Tanh,0.061429276116915725,8.818515697396899,-0.2780370967806436,29.957805907172997,1.3690531908185266
15,"20MA, 50MA, MACD, Upper_BB, Lower_BB, ATR",64,3,0.8,0.0001,64,60,30,100,"(25, 1)",ReLU,0.06498324256245373,9.242936758378967,-0.4301955456418092,30.801687763713083,1.4109662713500446
16,"20MA, 50MA, MACD, Upper_BB, Lower_BB, ATR",128,3,0.6000000000000001,0.0005,64,60,30,100,"(25, 1)",Tanh,0.054520037064053596,8.764664174699673,-0.006711314191014006,29.957805907172997,1.1301446641162198
17,"20MA, 50MA, MACD, Upper_BB, Lower_BB, ATR",128,3,0.6000000000000001,0.0005,64,60,30,50,"(25, 1)",Tanh,0.06911948746557697,9.730133738204099,-0.6180565020261046,30.37974683544304,1.4525233960979729
18,"20MA, 50MA, MACD, Upper_BB, Lower_BB, ATR",128,3,0.6000000000000001,0.0005,32,60,30,100,"(25, 1)",Tanh,0.08143480906148502,11.588604412567014,-1.246015916686062,23.20675105485232,1.212113888645966
19,"20MA, 50MA, MACD, Upper_BB, Lower_BB, ATR",128,3,0.5,0.0005,16,60,30,100,"(25, 1)",Tanh,0.36354826733203444,65.51671322450547,-43.76275654275821,0.0,1.0
20,"20MA, 50MA, MACD, Upper_BB, Lower_BB, ATR",32,3,0.7,0.0005,64,60,30,50,"(25, 1)",Tanh,0.06758603704350681,9.58767775576861,-0.5470581170702893,28.270042194092827,1.4525233960979729
21,"20MA, 50MA, MACD, Upper_BB, Lower_BB, ATR",16,3,0.8,0.0005,64,60,30,100,"(25, 1)",ReLU,0.058708808872836575,8.830873386217156,-0.16734493456336486,31.223628691983123,1.2611882043318254
22,"20MA, 50MA, MACD, Upper_BB, Lower_BB, ATR",64,3,0.7,0.0001,64,60,30,100,"(25, 1)",Tanh,0.059690408267206334,8.645617889184939,-0.20670680951923726,32.06751054852321,1.3291365744233354
23,"20MA, 50MA, MACD, Upper_BB, Lower_BB, ATR",128,3,0.6000000000000001,0.001,64,60,30,100,"(25, 1)",Tanh,0.06522931206626555,9.20939653206056,-0.44104738403687826,31.223628691983123,1.3565588696410324
24,"20MA, 50MA, MACD, Upper_BB, Lower_BB, ATR",128,3,0.8,0.0005,64,60,30,100,"(25, 1)",ReLU,0.05550437827801931,8.342154733421351,-0.04339115172866115,32.06751054852321,1.2815184259635801
0,"20MA, 50MA, MACD, Upper_BB, Lower_BB, Williams_%R",32,2,0.2,0.001,32,60,1,150,"(16, 1)",ReLU,0.021188601312633663,3.1025976113951605,0.8413960373053879,80.83333333333333,1.100459442475179
1,"20MA, 50MA, MACD, Upper_BB, Lower_BB, Williams_%R",64,2,0.6000000000000001,0.001,16,60,1,150,"(16, 1)",Sigmoid,0.09332046664361582,13.725373295212151,-2.0765449082879472,15.833333333333332,1.024985747643711
2,"20MA, 50MA, MACD, Upper_BB, Lower_BB, Williams_%R",16,2,0.8,0.0001,32,60,1,100,"(16, 1)",ReLU,0.028246517518202542,4.319766008142068,0.7181362154689859,59.166666666666664,0.9819556428815062
3,"20MA, 50MA, MACD, Upper_BB, Lower_BB, Williams_%R",32,3,0.8,0.001,64,60,1,150,"(25, 1)",ReLU,0.040712534506709634,6.234673712138637,0.41444764144955226,47.083333333333336,0.6861454824196845
4,"20MA, 50MA, MACD, Upper_BB, Lower_BB, Williams_%R",64,3,0.8,0.001,64,60,1,100,"(25, 1)",ReLU,0.05741059511074245,8.60651263627658,-0.1643768244703725,23.333333333333332,1.123281361059286
5,"20MA, 50MA, MACD, Upper_BB, Lower_BB, Williams_%R",16,3,0.7,0.0001,16,60,1,50,"(25, 1)",Tanh,0.029601859819654505,4.591309664577061,0.6904381377251574,59.166666666666664,0.788316156437619
6,"20MA, 50MA, MACD, Upper_BB, Lower_BB, Williams_%R",64,2,0.8,0.0001,64,60,1,150,"(25, 1)",ReLU,0.06315353452861008,10.79162331900778,-0.4089798392594286,16.666666666666664,0.6979923962305754
7,"20MA, 50MA, MACD, Upper_BB, Lower_BB, Williams_%R",128,3,0.8,0.0005,32,60,1,50,"(16, 1)",Tanh,0.1077221571008287,16.43771750210831,-3.099392839049779,8.75,0.9672050154801591
8,"20MA, 50MA, MACD, Upper_BB, Lower_BB, Williams_%R",16,2,0.4,0.0005,64,60,1,50,"(16, 1)",Tanh,0.028079359983327286,4.227449814704632,0.721462377329825,68.75,0.9100521970247136
9,"20MA, 50MA, MACD, Upper_BB, Lower_BB, Williams_%R",64,3,0.7,0.0001,16,60,1,150,"(16, 1)",ReLU,0.0506104656348611,7.674017026967861,0.0951218087572907,37.083333333333336,0.6573764966667995
10,"20MA, 50MA, MACD, Upper_BB, Lower_BB, Williams_%R",32,2,0.2,0.001,32,60,1,150,"(16, 1)",Sigmoid,0.019357073623852424,3.0039233282679825,0.8676302163461711,83.75,0.8913413673106095
11,"20MA, 50MA, MACD, Upper_BB, Lower_BB, Williams_%R",32,2,0.2,0.001,32,60,1,150,"(16, 1)",Sigmoid,0.017893067138920315,2.6778778291822967,0.8868957203019083,86.66666666666667,0.8717524594719771
12,"20MA, 50MA, MACD, Upper_BB, Lower_BB, Williams_%R",32,2,0.2,0.001,32,60,1,150,"(16, 1)",Sigmoid,0.015708483302751274,2.282823618526383,0.9128278083971796,88.75,0.8997039032797256
13,"20MA, 50MA, MACD, Upper_BB, Lower_BB, Williams_%R",32,2,0.4,0.001,32,60,1,150,"(16, 1)",Sigmoid,0.022492255639081256,3.448832117017574,0.8212790447346588,75.41666666666667,1.0644783123377277
14,"20MA, 50MA, MACD, Upper_BB, Lower_BB, Williams_%R",32,2,0.30000000000000004,0.001,32,60,1,150,"(16, 1)",Sigmoid,0.018100203589953817,2.6862298109818603,0.8844060701958609,86.47540983606558,0.7046425129212459
15,"20MA, 50MA, MACD, Upper_BB, Lower_BB, Williams_%R",128,2,0.30000000000000004,0.001,32,60,1,100,"(16, 1)",Sigmoid,0.0755592800704956,10.695399562503448,-1.0169033062154949,25.833333333333336,1.207563099797586
16,"20MA, 50MA, MACD, Upper_BB, Lower_BB, Williams_%R",32,2,0.30000000000000004,0.0005,32,60,1,150,"(16, 1)",Sigmoid,0.027375694769893218,4.432828937213559,0.735577498849513,63.52459016393443,0.7115196424799236
17,"20MA, 50MA, MACD, Upper_BB, Lower_BB, Williams_%R",32,2,0.5,0.001,32,60,1,150,"(16, 1)",Sigmoid,0.019233136054284027,2.929389436103439,0.8693198383975604,82.08333333333333,1.0293498959961978
18,"20MA, 50MA, MACD, Upper_BB, Lower_BB, Williams_%R",32,2,0.2,0.001,32,60,1,100,"(25, 1)",Sigmoid,0.02126387027121955,3.1762824211052427,0.8402672078261286,81.25,0.8533114121030234
19,"20MA, 50MA, MACD, Upper_BB, Lower_BB, Williams_%R",128,2,0.4,0.0005,16,60,1,50,"(16, 1)",Sigmoid,0.3316493610616293,59.1536651798473,-37.85686738766236,0.0,1.0
20,"20MA, 50MA, MACD, Upper_BB, Lower_BB, Williams_%R",32,3,0.5,0.001,32,60,1,150,"(16, 1)",Sigmoid,0.023836727812728917,3.610333373334796,0.7992744160527698,72.5,0.9776655186666363
21,"20MA, 50MA, MACD, Upper_BB, Lower_BB, Williams_%R",32,2,0.30000000000000004,0.001,32,60,1,150,"(16, 1)",Sigmoid,0.0206430664805986,3.2087539223237633,0.8494579319875691,78.75,0.8755508594554576
22,"20MA, 50MA, MACD, Upper_BB, Lower_BB, Williams_%R",32,2,0.2,0.001,32,60,1,150,"(16, 1)",Sigmoid,0.024543376996051577,3.8235164070727126,0.7874619235934973,68.44262295081968,0.9670773934375313
23,"20MA, 50MA, MACD, Upper_BB, Lower_BB, Williams_%R",32,2,0.30000000000000004,0.001,32,60,1,150,"(16, 1)",Sigmoid,0.03669391239906243,5.779687882444917,0.5243390543876258,45.416666666666664,0.6838399217175548
24,"20MA, 50MA, MACD, Upper_BB, Lower_BB, Williams_%R",32,2,0.2,0.001,32,60,1,150,"(16, 1)",Sigmoid,0.02466032006498529,3.9234574227127346,0.7851640912545668,69.16666666666667,0.8057521933106263
0,"20MA, 50MA, MACD, Upper_BB, Lower_BB, Williams_%R",32,3,0.30000000000000004,0.0005,64,60,30,100,"(25, 1)",Tanh,0.054621955036691365,8.150772351778027,-0.04803475773701016,43.69747899159664,1.2337218302637476
1,"20MA, 50MA, MACD, Upper_BB, Lower_BB, Williams_%R",128,2,0.4,0.001,16,60,30,150,"(16, 1)",ReLU,0.36963800666408797,66.65628454235575,-45.274944217513934,0.0,1.0
2,"20MA, 50MA, MACD, Upper_BB, Lower_BB, Williams_%R",16,3,0.6000000000000001,0.0005,16,60,30,150,"(25, 1)",Sigmoid,0.09125349331876519,15.13040541897018,-1.8202763303210823,24.050632911392405,0.9382965844353994
3,"20MA, 50MA, MACD, Upper_BB, Lower_BB, Williams_%R",128,3,0.2,0.001,64,60,30,50,"(25, 1)",ReLU,0.37546786615971334,67.74739852424659,-46.74613413285262,0.0,1.0
4,"20MA, 50MA, MACD, Upper_BB, Lower_BB, Williams_%R",128,3,0.5,0.001,32,60,30,100,"(25, 1)",ReLU,0.3774238265787117,68.11265115741466,-47.24488680111469,0.0,1.0
5,"20MA, 50MA, MACD, Upper_BB, Lower_BB, Williams_%R",64,2,0.2,0.0005,64,60,30,50,"(16, 1)",Tanh,0.05250327666424343,8.014674233426264,0.06639003013617284,35.86497890295359,1.2654284189137424
6,"20MA, 50MA, MACD, Upper_BB, Lower_BB, Williams_%R",128,2,0.4,0.001,32,60,30,100,"(16, 1)",Sigmoid,0.0803732663587065,11.372544299069528,-1.1878417291872334,22.78481012658228,1.193765376829509
7,"20MA, 50MA, MACD, Upper_BB, Lower_BB, Williams_%R",64,2,0.7,0.0005,16,60,30,50,"(16, 1)",Tanh,0.058234578314936745,9.266281247011541,-0.1485622411960421,33.33333333333333,1.1318191661896657
8,"20MA, 50MA, MACD, Upper_BB, Lower_BB, Williams_%R",64,3,0.5,0.0005,32,60,30,100,"(25, 1)",Tanh,0.05364559995971538,8.37432090500229,0.025322640318692247,30.37974683544304,1.1432027400737104
9,"20MA, 50MA, MACD, Upper_BB, Lower_BB, Williams_%R",32,2,0.30000000000000004,0.0001,16,60,30,100,"(25, 1)",Tanh,0.05380186348069293,7.9127447332387275,0.019636122061086447,45.9915611814346,0.9871034675089247
10,"20MA, 50MA, MACD, Upper_BB, Lower_BB, Williams_%R",64,2,0.8,0.0001,64,60,30,50,"(16, 1)",Tanh,0.05955114918376939,9.320510808073418,-0.20108282861945326,36.28691983122363,1.0821399725233631
11,"20MA, 50MA, MACD, Upper_BB, Lower_BB, Williams_%R",64,3,0.2,0.0005,32,60,30,50,"(16, 1)",Tanh,0.09481540491479992,13.924136175097193,-2.044741823672306,16.455696202531644,1.086978354373892
12,"20MA, 50MA, MACD, Upper_BB, Lower_BB, Williams_%R",64,3,0.6000000000000001,0.0005,64,60,30,100,"(25, 1)",Tanh,0.05900245123145551,9.124345206995677,-0.17905149677496968,39.24050632911392,1.2124717054335132
13,"20MA, 50MA, MACD, Upper_BB, Lower_BB, Williams_%R",64,2,0.5,0.0005,32,60,30,50,"(16, 1)",Tanh,0.05916546576144237,9.431566185166561,-0.18557556600581648,35.0210970464135,1.085746419199201
14,"20MA, 50MA, MACD, Upper_BB, Lower_BB, Williams_%R",16,2,0.8,0.0005,64,60,30,150,"(25, 1)",Sigmoid,0.06965741785708834,11.381734970009921,-0.6433399293426842,27.42616033755274,1.1342312950085354
15,"20MA, 50MA, MACD, Upper_BB, Lower_BB, Williams_%R",64,3,0.30000000000000004,0.0005,32,60,30,100,"(16, 1)",Tanh,0.09753523741107327,15.198917178005193,-2.2219274401874136,23.20675105485232,0.9078003971658202
16,"20MA, 50MA, MACD, Upper_BB, Lower_BB, Williams_%R",64,2,0.5,0.0001,32,60,30,50,"(16, 1)",Tanh,0.06284204518842591,9.592084622410086,-0.3374984460020001,42.19409282700422,1.1108069658639268
17,"20MA, 50MA, MACD, Upper_BB, Lower_BB, Williams_%R",64,3,0.4,0.0005,64,60,30,100,"(25, 1)",Tanh,0.0627773152395695,8.954861846243958,-0.33474450579589865,32.91139240506329,1.3399467962155385
18,"20MA, 50MA, MACD, Upper_BB, Lower_BB, Williams_%R",16,2,0.6000000000000001,0.0005,64,60,30,50,"(16, 1)",Sigmoid,0.05387610545978,8.343546244670346,0.016928618351294,34.177215189873415,1.1125771433794174
19,"20MA, 50MA, MACD, Upper_BB, Lower_BB, Williams_%R",32,3,0.7,0.0001,32,60,30,150,"(25, 1)",ReLU,0.06389077924911538,10.21273735841179,-0.3825123988700343,32.91139240506329,1.0380507565521246
20,"20MA, 50MA, MACD, Upper_BB, Lower_BB, Williams_%R",64,2,0.2,0.0005,64,60,30,50,"(16, 1)",Tanh,0.06982985734439198,9.847671816910989,-0.651486296471977,27.004219409282697,1.0892168661809338
21,"20MA, 50MA, MACD, Upper_BB, Lower_BB, Williams_%R",32,2,0.30000000000000004,0.0001,16,60,30,100,"(25, 1)",Tanh,0.055370266135079046,8.213943671746618,-0.03835506724809856,45.9915611814346,1.0780178060792107
22,"20MA, 50MA, MACD, Upper_BB, Lower_BB, Williams_%R",32,2,0.30000000000000004,0.0001,16,60,30,100,"(25, 1)",Tanh,0.05463464638139925,8.105752849948454,-0.010948280054545734,44.303797468354425,1.0163778251905764
23,"20MA, 50MA, MACD, Upper_BB, Lower_BB, Williams_%R",32,2,0.2,0.0001,16,60,30,100,"(25, 1)",Tanh,0.05509453026560553,8.159221538808339,-0.02803910303744428,45.56962025316456,0.9940220352171744
24,"20MA, 50MA, MACD, Upper_BB, Lower_BB, Williams_%R",32,2,0.4,0.0001,16,60,30,100,"(25, 1)",Tanh,0.056341055638143483,8.232953417782172,-0.07508455968957306,43.88185654008439,1.0871585435988422
0,"20MA, 50MA, MACD, Upper_BB, Lower_BB, OBV",64,2,0.4,0.0005,64,60,1,150,"(25, 1)",Sigmoid,0.030116265032147593,4.263091128625884,0.6795858580277203,62.5,1.2860458968805368
1,"20MA, 50MA, MACD, Upper_BB, Lower_BB, OBV",128,3,0.8,0.0001,16,60,1,50,"(16, 1)",ReLU,0.08548242433685539,14.295465274279154,-1.5814464260123526,12.5,0.6657746111701587
2,"20MA, 50MA, MACD, Upper_BB, Lower_BB, OBV",128,2,0.8,0.0001,16,60,1,150,"(16, 1)",ReLU,0.0476000229319036,7.715787332962084,0.1995692229487207,38.333333333333336,0.6638075917673898
3,"20MA, 50MA, MACD, Upper_BB, Lower_BB, OBV",64,2,0.8,0.0005,16,60,1,50,"(16, 1)",Tanh,0.029488636468169738,4.624624693256755,0.6928016784998787,64.16666666666667,0.8111513178617121
4,"20MA, 50MA, MACD, Upper_BB, Lower_BB, OBV",64,3,0.8,0.001,64,60,1,50,"(25, 1)",ReLU,0.07808797150577154,11.084466335718925,-1.1541589113730808,24.166666666666668,1.2545808137043133
5,"20MA, 50MA, MACD, Upper_BB, Lower_BB, OBV",16,3,0.7,0.0001,32,60,1,100,"(16, 1)",Sigmoid,0.050582017094973376,7.908185173469379,0.09613880111149897,36.666666666666664,0.8482464388172833
6,"20MA, 50MA, MACD, Upper_BB, Lower_BB, OBV",16,3,0.6000000000000001,0.001,32,60,1,150,"(25, 1)",Tanh,0.023113756678062265,3.50799210645409,0.8112658326578686,76.25,0.913810330454484
7,"20MA, 50MA, MACD, Upper_BB, Lower_BB, OBV",128,3,0.4,0.0001,32,60,1,100,"(25, 1)",ReLU,0.10718339613279845,17.833848432026347,-3.0584900221755715,6.666666666666667,0.6181731665552301
8,"20MA, 50MA, MACD, Upper_BB, Lower_BB, OBV",64,2,0.2,0.001,64,60,1,50,"(25, 1)",ReLU,0.06034751426949603,8.761403279670255,-0.2865546163997852,25.416666666666664,1.1100424689209296
9,"20MA, 50MA, MACD, Upper_BB, Lower_BB, OBV",128,2,0.8,0.0005,32,60,1,100,"(25, 1)",Sigmoid,0.06318565331940074,9.656074408929964,-0.41041336905020875,32.916666666666664,0.6549895719838219
10,"20MA, 50MA, MACD, Upper_BB, Lower_BB, OBV",16,3,0.6000000000000001,0.001,32,60,1,150,"(25, 1)",Tanh,0.025306111179541665,3.808255374978437,0.7740465731167812,67.62295081967213,0.7714792227932549
11,"20MA, 50MA, MACD, Upper_BB, Lower_BB, OBV",16,3,0.6000000000000001,0.001,32,60,1,150,"(25, 1)",Tanh,0.02753669467110364,4.191861970859808,0.7321244513778609,66.66666666666666,0.6318729987954191
12,"20MA, 50MA, MACD, Upper_BB, Lower_BB, OBV",16,3,0.5,0.001,32,60,1,150,"(25, 1)",Tanh,0.06649139853828898,11.078224745866482,-0.5618538437396587,21.666666666666668,0.6967792294533127
13,"20MA, 50MA, MACD, Upper_BB, Lower_BB, OBV",32,3,0.6000000000000001,0.001,32,60,1,150,"(25, 1)",Tanh,0.02325833646742569,3.311194030990979,0.8088973307302784,75.41666666666667,1.0711666743077464
14,"20MA, 50MA, MACD, Upper_BB, Lower_BB, OBV",32,3,0.6000000000000001,0.001,32,60,1,150,"(25, 1)",Tanh,0.020302636506338147,2.98115902913667,0.8543822441849758,80.83333333333333,0.9380814920957334
15,"20MA, 50MA, MACD, Upper_BB, Lower_BB, OBV",32,3,0.5,0.001,32,60,1,150,"(25, 1)",Tanh,0.02825229456826936,4.165764195756309,0.7180209086733453,62.916666666666664,0.92475515705
16,"20MA, 50MA, MACD, Upper_BB, Lower_BB, OBV",32,3,0.4,0.001,32,60,1,150,"(25, 1)",Tanh,0.03885919523246137,6.085666748911183,0.46654589717886596,46.25,0.598890659629999
17,"20MA, 50MA, MACD, Upper_BB, Lower_BB, OBV",32,3,0.2,0.001,32,60,1,150,"(25, 1)",Tanh,0.08678948733868745,12.547175837203659,-1.6609928113835069,20.416666666666668,1.0266034842004823
18,"20MA, 50MA, MACD, Upper_BB, Lower_BB, OBV",16,3,0.7,0.001,16,60,1,150,"(16, 1)",Tanh,0.0269409757534104,3.913678050509626,0.7435893277251653,69.16666666666667,1.0378640354023565
19,"20MA, 50MA, MACD, Upper_BB, Lower_BB, OBV",32,3,0.7,0.0005,64,60,1,100,"(25, 1)",Tanh,0.03279045934202267,5.083143454618574,0.6201567123354201,52.083333333333336,0.7263802977149553
20,"20MA, 50MA, MACD, Upper_BB, Lower_BB, OBV",16,2,0.30000000000000004,0.001,32,60,1,150,"(25, 1)",Sigmoid,0.0317597076875664,4.766770607685864,0.643661745387584,56.666666666666664,0.949596491936678
21,"20MA, 50MA, MACD, Upper_BB, Lower_BB, OBV",32,3,0.6000000000000001,0.001,32,60,1,150,"(25, 1)",Tanh,0.052574721272274694,8.24468703579432,0.02473628429863972,36.47540983606557,0.7037000202106721
22,"20MA, 50MA, MACD, Upper_BB, Lower_BB, OBV",32,3,0.6000000000000001,0.001,32,60,1,150,"(25, 1)",Tanh,0.02056269502138271,3.014291547977597,0.8506278872445969,79.16666666666666,0.8249518113897775
23,"20MA, 50MA, MACD, Upper_BB, Lower_BB, OBV",32,3,0.5,0.001,32,60,1,150,"(25, 1)",Tanh,0.0291858874864704,4.638651070076795,0.6990770829456336,60.83333333333333,0.7899764384772406
24,"20MA, 50MA, MACD, Upper_BB, Lower_BB, OBV",32,3,0.7,0.001,32,60,1,150,"(25, 1)",Tanh,0.03227490596402392,5.077690638149364,0.632007111098807,55.833333333333336,0.7189748510725904
0,"20MA, 50MA, MACD, Upper_BB, Lower_BB, OBV",32,3,0.2,0.0001,16,60,30,50,"(25, 1)",Sigmoid,0.06158725377756336,10.109559988008671,-0.2846190048979276,27.004219409282697,1.0644743399319332
1,"20MA, 50MA, MACD, Upper_BB, Lower_BB, OBV",16,3,0.5,0.0001,64,60,30,150,"(16, 1)",ReLU,0.06749148726243535,10.929139336388856,-0.5427326173860731,28.691983122362867,0.9446274960615442
2,"20MA, 50MA, MACD, Upper_BB, Lower_BB, OBV",32,3,0.5,0.0005,16,60,30,50,"(25, 1)",Sigmoid,0.055079949338830834,8.588592524345353,-0.027495027998829302,29.535864978902953,1.2973410630109146
3,"20MA, 50MA, MACD, Upper_BB, Lower_BB, OBV",16,2,0.5,0.001,64,60,30,100,"(16, 1)",Sigmoid,0.05595814808439213,9.085887773933631,-0.06052114300860301,29.957805907172997,1.0519583603670986
4,"20MA, 50MA, MACD, Upper_BB, Lower_BB, OBV",128,2,0.5,0.001,16,60,30,100,"(25, 1)",Tanh,0.07536551935202826,12.47407736784951,-0.9237031551312915,22.362869198312236,0.8123312065005402
5,"20MA, 50MA, MACD, Upper_BB, Lower_BB, OBV",32,2,0.8,0.0005,16,60,30,100,"(25, 1)",Sigmoid,0.09351673474828427,15.701915732315202,-1.961906424546104,16.033755274261605,0.772674565639106
6,"20MA, 50MA, MACD, Upper_BB, Lower_BB, OBV",32,2,0.2,0.0005,32,60,30,100,"(25, 1)",Tanh,0.05719444960483332,8.725860056244638,-0.10789967463651107,39.24050632911392,1.2850414146872562
7,"20MA, 50MA, MACD, Upper_BB, Lower_BB, OBV",128,2,0.8,0.0005,32,60,30,100,"(16, 1)",Sigmoid,0.08152801112488911,11.579582459890979,-1.2511599849581314,21.940928270042196,1.1714013876423492
8,"20MA, 50MA, MACD, Upper_BB, Lower_BB, OBV",128,2,0.6000000000000001,0.0005,32,60,30,100,"(16, 1)",Sigmoid,0.3721992464571584,67.13545635580495,-45.918448652107315,0.0,1.0
9,"20MA, 50MA, MACD, Upper_BB, Lower_BB, OBV",64,3,0.4,0.001,64,60,30,100,"(25, 1)",Sigmoid,0.0624183016688471,10.256016525534264,-0.3195217719409216,26.582278481012654,1.0405221981252524
10,"20MA, 50MA, MACD, Upper_BB, Lower_BB, OBV",64,3,0.30000000000000004,0.0005,16,60,30,50,"(25, 1)",ReLU,0.10729989355732836,17.852582190552617,-2.8993412769625,19.831223628691983,0.7877166957574142
11,"20MA, 50MA, MACD, Upper_BB, Lower_BB, OBV",16,3,0.6000000000000001,0.001,64,60,30,50,"(16, 1)",Sigmoid,0.05762759497074106,8.45983004955454,-0.12474392209418772,33.755274261603375,1.3052787420338592
12,"20MA, 50MA, MACD, Upper_BB, Lower_BB, OBV",16,3,0.6000000000000001,0.001,64,60,30,150,"(16, 1)",Sigmoid,0.06049328477027011,9.982029119098002,-0.2393871789887556,27.42616033755274,1.1134008469687031
13,"20MA, 50MA, MACD, Upper_BB, Lower_BB, OBV",16,2,0.4,0.001,16,60,30,50,"(16, 1)",Sigmoid,0.07271137304448169,11.971025217967176,-0.7905949535896073,28.270042194092827,0.8582914794175577
14,"20MA, 50MA, MACD, Upper_BB, Lower_BB, OBV",32,2,0.7,0.0001,64,60,30,50,"(25, 1)",Tanh,0.054009653935754166,8.445770949439513,0.01204888912447799,35.44303797468354,1.1581555708802929
15,"20MA, 50MA, MACD, Upper_BB, Lower_BB, OBV",32,3,0.7,0.0001,16,60,30,50,"(25, 1)",Tanh,0.05832205880892454,8.509870316366705,-0.1520155936098182,32.06751054852321,1.300334968597927
16,"20MA, 50MA, MACD, Upper_BB, Lower_BB, OBV",32,3,0.7,0.0001,64,60,30,50,"(25, 1)",Tanh,0.06119705802530077,8.836550225995127,-0.26839275790577233,32.06751054852321,1.3690531908185266
17,"20MA, 50MA, MACD, Upper_BB, Lower_BB, OBV",32,2,0.7,0.0001,16,60,30,50,"(25, 1)",Tanh,0.05538633191643401,8.30762236710902,-0.03895771581014151,32.91139240506329,1.3138136449353044
18,"20MA, 50MA, MACD, Upper_BB, Lower_BB, OBV",32,2,0.4,0.0001,64,60,30,50,"(25, 1)",ReLU,0.05401406597319047,8.274218203664931,0.01188747148867908,35.0210970464135,1.2666431981244166
19,"20MA, 50MA, MACD, Upper_BB, Lower_BB, OBV",32,2,0.4,0.0001,64,60,30,150,"(25, 1)",ReLU,0.056927209123263614,8.453325783690453,-0.09757056265400976,31.223628691983123,1.2623439819577538
20,"20MA, 50MA, MACD, Upper_BB, Lower_BB, OBV",64,2,0.30000000000000004,0.0001,64,60,30,50,"(25, 1)",ReLU,0.05556415303662684,8.32565758310579,-0.04563969642492616,32.48945147679325,1.3082786028888092
21,"20MA, 50MA, MACD, Upper_BB, Lower_BB, OBV",32,2,0.5,0.0001,64,60,30,50,"(25, 1)",ReLU,0.05654901606689768,8.448277134377092,-0.08303569451608372,31.645569620253166,1.3054672505020293
22,"20MA, 50MA, MACD, Upper_BB, Lower_BB, OBV",32,2,0.30000000000000004,0.0005,64,60,30,50,"(25, 1)",Tanh,0.05381156622784432,8.369245386713486,0.0192824881928072,33.755274261603375,1.11056831666649
23,"20MA, 50MA, MACD, Upper_BB, Lower_BB, OBV",32,2,0.30000000000000004,0.0001,64,60,30,50,"(25, 1)",Tanh,0.05370175132519988,8.47929238099988,0.02328116412595349,31.223628691983123,1.0946020085460975
24,"20MA, 50MA, MACD, Upper_BB, Lower_BB, OBV",32,2,0.30000000000000004,0.0001,64,60,30,50,"(25, 1)",Tanh,0.06991874433332604,9.927286662979334,-0.6556933528351268,25.738396624472575,1.3325097280474638
0,"20MA, 50MA, MACD, Upper_BB, CCI, ATR",128,2,0.5,0.0005,16,60,1,100,"(25, 1)",Tanh,0.022991622828176322,3.409283284409634,0.8132551180959631,74.58333333333333,0.7935171953091646
1,"20MA, 50MA, MACD, Upper_BB, CCI, ATR",16,3,0.4,0.0005,32,60,1,150,"(25, 1)",Tanh,0.045977444382403386,6.97745881380099,0.25320893926817445,41.25,1.1878239638229695
2,"20MA, 50MA, MACD, Upper_BB, CCI, ATR",128,2,0.2,0.0005,16,60,1,50,"(16, 1)",Sigmoid,0.06877393448129807,10.49822112237858,-0.6709259215402137,27.500000000000004,0.6319447425222584
3,"20MA, 50MA, MACD, Upper_BB, CCI, ATR",16,2,0.4,0.001,64,60,1,50,"(16, 1)",ReLU,0.03856767975441234,5.513384598507322,0.47451965066500845,52.5,1.2219337325942046
4,"20MA, 50MA, MACD, Upper_BB, CCI, ATR",128,3,0.5,0.0005,64,60,1,150,"(25, 1)",Tanh,0.04899356512982678,7.794477282886435,0.15201622761521683,41.25,0.8067241799098761
5,"20MA, 50MA, MACD, Upper_BB, CCI, ATR",64,3,0.5,0.0001,64,60,1,100,"(16, 1)",Sigmoid,0.05325323186684632,7.554344032958989,-0.001846982817736098,37.5,1.168741218771983
6,"20MA, 50MA, MACD, Upper_BB, CCI, ATR",32,2,0.30000000000000004,0.0001,64,60,1,100,"(16, 1)",Tanh,0.028736111454605338,4.271951446422836,0.7082805042935256,63.74999999999999,0.9840597634296013
7,"20MA, 50MA, MACD, Upper_BB, CCI, ATR",128,3,0.6000000000000001,0.001,64,60,1,100,"(16, 1)",Tanh,0.11171822488765827,17.21136187244987,-3.409176745902829,7.916666666666666,1.0365057314145607
8,"20MA, 50MA, MACD, Upper_BB, CCI, ATR",128,3,0.7,0.0001,16,60,1,100,"(16, 1)",Sigmoid,0.07719925114923479,11.66646363900928,-1.1054049054397992,29.583333333333332,0.6840879100961816
9,"20MA, 50MA, MACD, Upper_BB, CCI, ATR",64,3,0.30000000000000004,0.0005,64,60,1,100,"(16, 1)",Tanh,0.051307079769241856,8.229110043994178,0.07004047121668,39.166666666666664,0.8275804557548954
10,"20MA, 50MA, MACD, Upper_BB, CCI, ATR",32,2,0.8,0.0005,16,60,1,50,"(25, 1)",ReLU,0.05696148134168942,9.342399176271252,-0.14623061870510612,32.5,0.7726173157193537
11,"20MA, 50MA, MACD, Upper_BB, CCI, ATR",32,2,0.2,0.0001,32,60,1,100,"(25, 1)",Tanh,0.03442889319360417,4.884570695214712,0.5812492690933488,57.08333333333333,1.0667492889119028
12,"20MA, 50MA, MACD, Upper_BB, CCI, ATR",32,2,0.4,0.0001,16,60,1,100,"(25, 1)",Tanh,0.03396017863840319,5.31161275650652,0.5925733927974836,46.666666666666664,0.9474267060963988
13,"20MA, 50MA, MACD, Upper_BB, CCI, ATR",32,2,0.6000000000000001,0.0001,16,60,1,100,"(25, 1)",Tanh,0.03360863037422319,5.291007161306024,0.6014619994336728,47.13114754098361,0.9382149335975571
14,"20MA, 50MA, MACD, Upper_BB, CCI, ATR",128,2,0.30000000000000004,0.001,32,60,1,100,"(16, 1)",Tanh,0.08023201248169227,12.866651365910094,-1.271242366277113,24.59016393442623,1.0777612776864998
15,"20MA, 50MA, MACD, Upper_BB, CCI, ATR",32,2,0.30000000000000004,0.0005,64,60,1,150,"(25, 1)",ReLU,0.03762524559938097,5.610288331779559,0.499887001809148,46.25,1.2747407108090205
16,"20MA, 50MA, MACD, Upper_BB, CCI, ATR",64,2,0.7,0.0001,16,60,1,100,"(25, 1)",Tanh,0.03196926674714236,4.995447468220076,0.6389438009093515,50.83333333333333,0.7464582614671345
17,"20MA, 50MA, MACD, Upper_BB, CCI, ATR",16,2,0.6000000000000001,0.0001,16,60,1,100,"(16, 1)",Tanh,0.030152944661676385,4.493101272025856,0.6788048960457849,57.49999999999999,1.187123544794469
18,"20MA, 50MA, MACD, Upper_BB, CCI, ATR",128,2,0.4,0.0005,64,60,1,50,"(16, 1)",Sigmoid,0.08498581595046453,12.257597777041438,-1.5515398301036027,20.833333333333336,1.0751995700534795
19,"20MA, 50MA, MACD, Upper_BB, CCI, ATR",32,2,0.5,0.001,32,60,1,150,"(25, 1)",ReLU,0.021705785504298365,3.378234502511715,0.8335589414100586,76.25,0.9980469489995821
20,"20MA, 50MA, MACD, Upper_BB, CCI, ATR",32,2,0.5,0.001,32,60,1,150,"(25, 1)",ReLU,0.04232940734077374,6.976612401232542,0.36701439873116604,32.083333333333336,0.6973327679953812
21,"20MA, 50MA, MACD, Upper_BB, CCI, ATR",32,2,0.6000000000000001,0.001,32,60,1,150,"(25, 1)",ReLU,0.07080251885658827,11.188050241917832,-0.7709523333799286,27.500000000000004,1.115346975911138
22,"20MA, 50MA, MACD, Upper_BB, CCI, ATR",32,2,0.30000000000000004,0.001,32,60,1,150,"(25, 1)",ReLU,0.017154734679847905,2.658330281869681,0.8960373200264297,90.83333333333333,1.032275226404877
23,"20MA, 50MA, MACD, Upper_BB, CCI, ATR",32,2,0.5,0.001,32,60,1,150,"(25, 1)",ReLU,0.03012363595856416,4.9449209446670315,0.6794289967384024,56.25,0.715972538686899
24,"20MA, 50MA, MACD, Upper_BB, CCI, ATR",32,2,0.7,0.001,32,60,1,150,"(25, 1)",ReLU,0.02686457340804189,3.9057110436878326,0.7524468195995025,66.39004149377593,1.4444972310411217
0,"20MA, 50MA, MACD, Upper_BB, CCI, ATR",64,2,0.2,0.001,32,60,30,50,"(25, 1)",Sigmoid,0.06860671315458491,11.135960081450868,-0.5941379165936247,30.37974683544304,0.9060441951708431
1,"20MA, 50MA, MACD, Upper_BB, CCI, ATR",16,3,0.8,0.0001,32,60,30,50,"(25, 1)",ReLU,0.07418278521422306,10.540388909446143,-0.8637984008952158,24.47257383966245,1.2459665332868
2,"20MA, 50MA, MACD, Upper_BB, CCI, ATR",16,3,0.30000000000000004,0.0001,64,60,30,50,"(16, 1)",Tanh,0.0711801724835221,10.087347670248597,-0.7159741328181468,28.691983122362867,1.3362232993896785
3,"20MA, 50MA, MACD, Upper_BB, CCI, ATR",64,3,0.8,0.0005,32,60,30,100,"(25, 1)",Sigmoid,0.08247157577265352,11.764927773746264,-1.3035691305730048,22.78481012658228,1.212113888645966
4,"20MA, 50MA, MACD, Upper_BB, CCI, ATR",128,2,0.6000000000000001,0.0001,32,60,30,50,"(16, 1)",Sigmoid,0.3483600869882214,62.67885433671224,-40.10072146903401,0.0,1.0
5,"20MA, 50MA, MACD, Upper_BB, CCI, ATR",16,3,0.6000000000000001,0.001,16,60,30,50,"(16, 1)",ReLU,0.0616329081421435,8.815326994228338,-0.28652427583384044,34.59915611814346,1.4318208236862326
6,"20MA, 50MA, MACD, Upper_BB, CCI, ATR",128,2,0.4,0.0005,16,60,30,50,"(16, 1)",ReLU,0.37094660710683164,66.90176305127305,-45.603171300151146,0.0,1.0
7,"20MA, 50MA, MACD, Upper_BB, CCI, ATR",16,3,0.6000000000000001,0.001,64,60,30,100,"(25, 1)",ReLU,0.05946925872769774,8.611954706492417,-0.19778181444673493,30.801687763713083,1.252864136577577
8,"20MA, 50MA, MACD, Upper_BB, CCI, ATR",128,3,0.7,0.001,16,60,30,50,"(25, 1)",Sigmoid,0.3033501322567699,54.22398510909571,-30.165998254775044,0.0,1.0
9,"20MA, 50MA, MACD, Upper_BB, CCI, ATR",16,2,0.30000000000000004,0.001,16,60,30,100,"(25, 1)",Sigmoid,0.09115990676381305,15.04612182965442,-1.8144945329969882,22.362869198312236,0.9124178233078923
10,"20MA, 50MA, MACD, Upper_BB, CCI, ATR",32,3,0.5,0.001,64,60,30,150,"(25, 1)",Tanh,0.07089237839853672,9.988133259394232,-0.7021262076947075,28.691983122362867,1.3407250700477622
11,"20MA, 50MA, MACD, Upper_BB, CCI, ATR",16,3,0.6000000000000001,0.001,64,60,30,100,"(16, 1)",ReLU,0.05778728525341296,9.450600306089923,-0.13098605425693766,29.11392405063291,1.1951074067712706
12,"20MA, 50MA, MACD, Upper_BB, CCI, ATR",16,3,0.6000000000000001,0.001,64,60,30,100,"(16, 1)",ReLU,0.0796004987402166,11.267284812344016,-1.1459729453096075,24.050632911392405,1.1714013876423492
13,"20MA, 50MA, MACD, Upper_BB, CCI, ATR",32,3,0.5,0.001,64,60,30,100,"(16, 1)",ReLU,0.05433623574439342,8.532259774552935,6.501897085087194e-05,33.33333333333333,1.0607152562118534
14,"20MA, 50MA, MACD, Upper_BB, CCI, ATR",32,3,0.5,0.001,64,60,30,100,"(16, 1)",ReLU,0.05544226716682018,8.38227705928032,-0.04105728453477919,32.91139240506329,1.0702147832618574
15,"20MA, 50MA, MACD, Upper_BB, CCI, ATR",32,3,0.4,0.0005,64,60,30,150,"(16, 1)",ReLU,0.05671912573567425,9.253979175954804,-0.08956142960280222,28.691983122362867,1.0732749967910749
16,"20MA, 50MA, MACD, Upper_BB, CCI, ATR",32,3,0.5,0.001,64,60,30,100,"(16, 1)",ReLU,0.05749708451572231,9.242644201598415,-0.11965522731393485,29.11392405063291,1.3088329708614979
17,"20MA, 50MA, MACD, Upper_BB, CCI, ATR",32,2,0.4,0.001,64,60,30,100,"(16, 1)",Tanh,0.05382221709344746,8.26787440430233,0.018894225041311774,38.39662447257383,1.7085459567567385
18,"20MA, 50MA, MACD, Upper_BB, CCI, ATR",32,2,0.4,0.0001,64,60,30,100,"(16, 1)",Tanh,0.05469492470019386,8.278009368728444,-0.013180265920390122,35.0210970464135,1.0949741223848999
19,"20MA, 50MA, MACD, Upper_BB, CCI, ATR",32,2,0.30000000000000004,0.0005,64,60,30,150,"(16, 1)",Tanh,0.054810461536464405,8.41689712647514,-0.01746524412484307,39.24050632911392,1.3505145000726622
20,"20MA, 50MA, MACD, Upper_BB, CCI, ATR",32,2,0.2,0.001,64,60,30,100,"(16, 1)",Tanh,0.05554848476955968,8.430147037224502,-0.045050069797260006,29.957805907172997,1.328802529153872
21,"20MA, 50MA, MACD, Upper_BB, CCI, ATR",32,2,0.4,0.0001,64,60,30,100,"(16, 1)",Tanh,0.061090539432314565,8.799938395981792,-0.26398111350939213,31.223628691983123,1.3456203011727408
22,"20MA, 50MA, MACD, Upper_BB, CCI, ATR",32,2,0.4,0.0001,64,60,30,100,"(16, 1)",Tanh,0.06280235752925811,9.023148921944514,-0.33580959515775555,30.37974683544304,1.3470640107393725
23,"20MA, 50MA, MACD, Upper_BB, CCI, ATR",32,2,0.5,0.0001,64,60,30,100,"(16, 1)",Tanh,0.06264714220911367,9.084850746518965,-0.329214877850851,29.11392405063291,1.3470640107393725
24,"20MA, 50MA, MACD, Upper_BB, CCI, ATR",32,2,0.30000000000000004,0.0001,64,60,30,100,"(16, 1)",Tanh,0.05351022512179518,8.240943782109747,0.030235636188768122,40.08438818565401,1.2759743643467805
0,"20MA, 50MA, MACD, Upper_BB, CCI, Williams_%R",16,2,0.5,0.0005,32,60,1,150,"(16, 1)",Sigmoid,0.027289450904974186,4.330500473286778,0.736913205298084,63.74999999999999,0.7635831251372817
1,"20MA, 50MA, MACD, Upper_BB, CCI, Williams_%R",32,2,0.4,0.001,32,60,1,50,"(16, 1)",Tanh,0.026228547657312723,3.8722921902560254,0.756971088483704,68.33333333333333,0.9232616042566592
2,"20MA, 50MA, MACD, Upper_BB, CCI, Williams_%R",64,3,0.6000000000000001,0.0001,32,60,1,100,"(16, 1)",Tanh,0.025407934502300857,3.7458244271733028,0.7719404948265418,72.08333333333333,0.9592224606116493
3,"20MA, 50MA, MACD, Upper_BB, CCI, Williams_%R",32,2,0.8,0.001,16,60,1,150,"(16, 1)",ReLU,0.05757415317846184,9.157165421007175,-0.17102070271921233,25.416666666666664,0.6927337802438351
4,"20MA, 50MA, MACD, Upper_BB, CCI, Williams_%R",32,2,0.2,0.0005,32,60,1,100,"(16, 1)",ReLU,0.036297748003327676,5.80405655491843,0.5345545193872336,46.25,0.7401764388071308
5,"20MA, 50MA, MACD, Upper_BB, CCI, Williams_%R",16,3,0.7,0.001,16,60,1,50,"(16, 1)",Tanh,0.09789293314063927,14.64054017309805,-2.385416745010929,13.333333333333334,1.044666104125071
6,"20MA, 50MA, MACD, Upper_BB, CCI, Williams_%R",16,2,0.6000000000000001,0.0005,32,60,1,150,"(16, 1)",Tanh,0.024545462919341298,3.72433198988769,0.7871606570260805,72.91666666666666,0.776265165425684
7,"20MA, 50MA, MACD, Upper_BB, CCI, Williams_%R",64,3,0.6000000000000001,0.001,64,60,1,150,"(25, 1)",Tanh,0.028108803367762877,4.329775047584216,0.7208779345185776,63.74999999999999,0.809141742315411
8,"20MA, 50MA, MACD, Upper_BB, CCI, Williams_%R",128,2,0.5,0.0005,32,60,1,50,"(25, 1)",ReLU,0.025937670265843194,3.989698708423635,0.7626276994822296,68.0327868852459,0.7170332899161381
9,"20MA, 50MA, MACD, Upper_BB, CCI, Williams_%R",32,2,0.2,0.001,64,60,1,100,"(16, 1)",Tanh,0.03632112892204809,5.310758042065928,0.5339546999216462,49.583333333333336,1.2446734130959631
10,"20MA, 50MA, MACD, Upper_BB, CCI, Williams_%R",16,3,0.8,0.0001,16,60,1,150,"(25, 1)",Sigmoid,0.048493566744302906,7.381541603278404,0.16923591848553154,41.25,0.7071098134686901
11,"20MA, 50MA, MACD, Upper_BB, CCI, Williams_%R",64,3,0.6000000000000001,0.0001,32,60,1,100,"(16, 1)",Tanh,0.02790878183828333,4.304421413006387,0.7248362516186342,64.58333333333334,0.8634853051385053
12,"20MA, 50MA, MACD, Upper_BB, CCI, Williams_%R",64,3,0.4,0.0001,32,60,1,100,"(16, 1)",Tanh,0.03599621280334829,5.572383843763966,0.5422555613841344,46.666666666666664,0.6493971996964774
13,"20MA, 50MA, MACD, Upper_BB, CCI, Williams_%R",128,3,0.6000000000000001,0.0001,32,60,1,150,"(16, 1)",Tanh,0.03259081067292387,5.153357020204088,0.6247680744487181,53.333333333333336,0.7257707359536592
14,"20MA, 50MA, MACD, Upper_BB, CCI, Williams_%R",16,2,0.7,0.0005,32,60,1,100,"(25, 1)",Tanh,0.023928457657421527,3.5712732592708996,0.797726556392697,75.83333333333333,0.8262879553861275
15,"20MA, 50MA, MACD, Upper_BB, CCI, Williams_%R",16,2,0.7,0.0005,64,60,1,100,"(25, 1)",Sigmoid,0.03133795118229799,4.786054203396095,0.6530629713452875,59.583333333333336,0.643374344442002
16,"20MA, 50MA, MACD, Upper_BB, CCI, Williams_%R",16,2,0.7,0.0005,32,60,1,150,"(25, 1)",Tanh,0.021154406419505375,3.1944261579106397,0.8419075452810847,81.66666666666667,0.9212493661195224
17,"20MA, 50MA, MACD, Upper_BB, CCI, Williams_%R",16,2,0.7,0.0005,32,60,1,100,"(25, 1)",Tanh,0.026637531536777177,3.963618228147507,0.7493328582009958,68.33333333333333,0.7991503456636788
18,"20MA, 50MA, MACD, Upper_BB, CCI, Williams_%R",16,2,0.8,0.0005,64,60,1,150,"(25, 1)",ReLU,0.02492976704045568,3.7801587482412873,0.7868206894341028,73.44398340248964,0.9048337524064551
19,"20MA, 50MA, MACD, Upper_BB, CCI, Williams_%R",16,2,0.7,0.0005,16,60,1,50,"(25, 1)",Sigmoid,0.030357029974101432,4.614280177216024,0.6744422681022815,62.5,0.7548242526537415
20,"20MA, 50MA, MACD, Upper_BB, CCI, Williams_%R",128,2,0.4,0.0005,32,60,1,150,"(25, 1)",Tanh,0.02716293174318323,4.218964114181756,0.7393469927575775,66.25,0.7539719112478874
21,"20MA, 50MA, MACD, Upper_BB, CCI, Williams_%R",16,2,0.5,0.0005,32,60,1,150,"(25, 1)",Tanh,0.0331275287513316,5.152315530093518,0.612307379608279,52.083333333333336,0.7806499629250143
22,"20MA, 50MA, MACD, Upper_BB, CCI, Williams_%R",16,2,0.7,0.0005,32,60,1,150,"(25, 1)",Tanh,0.031552158890989085,5.052637748657847,0.6483038486024536,54.58333333333333,0.6975146773825222
23,"20MA, 50MA, MACD, Upper_BB, CCI, Williams_%R",16,2,0.6000000000000001,0.0005,32,60,1,150,"(25, 1)",Tanh,0.026426031198919495,4.003711605007068,0.7532976184121064,69.58333333333333,0.7796936313859334
24,"20MA, 50MA, MACD, Upper_BB, CCI, Williams_%R",16,2,0.8,0.0005,32,60,1,150,"(25, 1)",Tanh,0.025403499188944013,3.739290346532943,0.7720201098839737,72.91666666666666,0.9790150752073125
0,"20MA, 50MA, MACD, Upper_BB, CCI, Williams_%R",32,2,0.4,0.001,16,60,30,100,"(25, 1)",Sigmoid,0.0910682643510802,15.060911008090331,-1.8088385942703007,21.940928270042196,0.8945271185060084
1,"20MA, 50MA, MACD, Upper_BB, CCI, Williams_%R",64,3,0.8,0.0001,32,60,30,100,"(16, 1)",ReLU,0.06725043550724558,10.796188077734197,-0.5317322876518613,29.535864978902953,0.9516287844214371
2,"20MA, 50MA, MACD, Upper_BB, CCI, Williams_%R",64,3,0.8,0.001,32,60,30,100,"(25, 1)",Tanh,0.0542363872020501,8.169150220440635,-0.03329115168420649,34.45378151260504,1.291144307784659
3,"20MA, 50MA, MACD, Upper_BB, CCI, Williams_%R",64,2,0.2,0.0005,16,60,30,150,"(25, 1)",ReLU,0.10431553797105236,17.669457566227344,-2.685451234232441,13.502109704641349,0.8714069394647189
4,"20MA, 50MA, MACD, Upper_BB, CCI, Williams_%R",128,2,0.7,0.0001,32,60,30,50,"(16, 1)",Sigmoid,0.05672522943339751,8.913716330102778,-0.089795943494269,37.130801687763714,1.2191545481026715
5,"20MA, 50MA, MACD, Upper_BB, CCI, Williams_%R",128,2,0.8,0.0001,64,60,30,100,"(16, 1)",Sigmoid,0.05597693997639524,9.043018351514881,-0.061233552042329276,28.270042194092827,0.9989577873955287
6,"20MA, 50MA, MACD, Upper_BB, CCI, Williams_%R",128,3,0.2,0.001,64,60,30,150,"(25, 1)",Tanh,0.06110026893441419,8.740719889747536,-0.2643837580535986,35.0210970464135,1.3403224299491545
7,"20MA, 50MA, MACD, Upper_BB, CCI, Williams_%R",32,3,0.7,0.0005,64,60,30,50,"(25, 1)",Sigmoid,0.05384126036716768,8.538026888162818,0.018199836288703364,30.37974683544304,1.125402153365101
8,"20MA, 50MA, MACD, Upper_BB, CCI, Williams_%R",32,3,0.4,0.001,64,60,30,150,"(16, 1)",ReLU,0.05872945694096385,8.497860094691434,-0.16816619654509157,30.801687763713083,1.4318749350397544
9,"20MA, 50MA, MACD, Upper_BB, CCI, Williams_%R",16,2,0.2,0.001,64,60,30,100,"(16, 1)",Sigmoid,0.05773520810769407,9.385527125677257,-0.12894851309178623,31.645569620253166,1.0978812323763458
10,"20MA, 50MA, MACD, Upper_BB, CCI, Williams_%R",32,3,0.6000000000000001,0.0005,64,60,30,50,"(25, 1)",Sigmoid,0.05902171591920499,8.552493193878648,-0.1798215585807581,34.177215189873415,1.2745178511866637
11,"20MA, 50MA, MACD, Upper_BB, CCI, Williams_%R",64,3,0.6000000000000001,0.0005,32,60,30,50,"(25, 1)",Tanh,0.055432862134174234,8.32757121508008,-0.04070411184624945,42.19409282700422,1.2098867207360715
12,"20MA, 50MA, MACD, Upper_BB, CCI, Williams_%R",16,3,0.7,0.0005,32,60,30,50,"(25, 1)",Tanh,0.0840372267290558,12.082062459826808,-1.391861833024489,20.253164556962027,1.1450712335652902
13,"20MA, 50MA, MACD, Upper_BB, CCI, Williams_%R",32,3,0.8,0.001,32,60,30,100,"(25, 1)",Tanh,0.09018896744072508,13.085396234016605,-1.7548597533278532,18.565400843881857,1.2014422225782289
14,"20MA, 50MA, MACD, Upper_BB, CCI, Williams_%R",64,3,0.6000000000000001,0.0005,16,60,30,50,"(25, 1)",Tanh,0.0677598619550594,9.538126847781035,-0.5550261254646882,30.801687763713083,1.3348209819067602
15,"20MA, 50MA, MACD, Upper_BB, CCI, Williams_%R",32,3,0.7,0.001,64,60,30,100,"(25, 1)",Sigmoid,0.0542935618635516,8.110179012359447,0.0016350338755830585,35.86497890295359,1.2387185761099215
16,"20MA, 50MA, MACD, Upper_BB, CCI, Williams_%R",64,3,0.5,0.0005,32,60,30,50,"(25, 1)",Tanh,0.05705980086729763,8.44532738469914,-0.10268931961414562,33.755274261603375,1.127182808379653
17,"20MA, 50MA, MACD, Upper_BB, CCI, Williams_%R",16,3,0.7,0.001,64,60,30,50,"(25, 1)",Tanh,0.07417761998645593,10.515998565050035,-0.863538863373928,25.31645569620253,1.2166416204683599
18,"20MA, 50MA, MACD, Upper_BB, CCI, Williams_%R",32,3,0.8,0.0005,32,60,30,100,"(25, 1)",Sigmoid,0.08049463486809173,13.154498868013349,-1.1944542656320105,28.270042194092827,0.9315319253292391
19,"20MA, 50MA, MACD, Upper_BB, CCI, Williams_%R",64,3,0.5,0.0001,16,60,30,150,"(25, 1)",ReLU,0.08385227482787684,13.665882780255718,-1.3813452415330087,22.362869198312236,0.9528352347682508
20,"20MA, 50MA, MACD, Upper_BB, CCI, Williams_%R",64,2,0.5,0.001,64,60,30,100,"(25, 1)",Sigmoid,0.06406354843147055,10.290702113690772,-0.38999950383768267,31.223628691983123,1.0392574353296475
21,"20MA, 50MA, MACD, Upper_BB, CCI, Williams_%R",32,3,0.7,0.001,64,60,30,100,"(25, 1)",Sigmoid,0.06491069885040114,10.546363064822154,-0.4270041449540205,29.11392405063291,1.0763655613724754
22,"20MA, 50MA, MACD, Upper_BB, CCI, Williams_%R",32,3,0.7,0.001,64,60,30,100,"(25, 1)",Sigmoid,0.07267680388282408,11.812789020970147,-0.7888927535233003,27.848101265822784,0.9281781519428393
23,"20MA, 50MA, MACD, Upper_BB, CCI, Williams_%R",32,3,0.6000000000000001,0.001,64,60,30,100,"(25, 1)",Sigmoid,0.08815340260402418,14.85411639784106,-1.7297279439251185,19.327731092436977,0.8859158425830256
24,"20MA, 50MA, MACD, Upper_BB, CCI, Williams_%R",32,3,0.8,0.001,64,60,30,100,"(25, 1)",Sigmoid,0.05466068807846127,8.390325107266417,-0.01191225017086417,38.81856540084388,0.9726678975742507
0,"20MA, 50MA, MACD, Upper_BB, CCI, OBV",128,2,0.2,0.0001,64,60,1,50,"(16, 1)",Sigmoid,0.05254664515611666,8.213561302025965,0.024562511362707595,37.5,1.015320200351455
1,"20MA, 50MA, MACD, Upper_BB, CCI, OBV",128,2,0.7,0.001,64,60,1,150,"(16, 1)",Sigmoid,0.04253739961864138,5.928186116646239,0.36077856496944516,48.75,1.3098758260212104
2,"20MA, 50MA, MACD, Upper_BB, CCI, OBV",16,3,0.8,0.0005,16,60,1,50,"(25, 1)",Sigmoid,0.06924137054729552,9.760987151123356,-0.6937166875929617,27.500000000000004,1.255287978063137
3,"20MA, 50MA, MACD, Upper_BB, CCI, OBV",32,2,0.30000000000000004,0.0001,64,60,1,100,"(25, 1)",Sigmoid,0.054667518420837787,8.858588073482041,-0.05576722370070719,31.25,1.047125663938485
4,"20MA, 50MA, MACD, Upper_BB, CCI, OBV",128,2,0.4,0.001,32,60,1,50,"(16, 1)",Tanh,0.05359717190122049,8.69531068432857,-0.014829782410908932,27.916666666666668,0.7161956657982429
5,"20MA, 50MA, MACD, Upper_BB, CCI, OBV",32,3,0.6000000000000001,0.001,16,60,1,100,"(25, 1)",ReLU,0.031218111479394312,4.7682457663371425,0.6557113469878754,56.25,0.6563670040708152
6,"20MA, 50MA, MACD, Upper_BB, CCI, OBV",64,2,0.6000000000000001,0.001,64,60,1,150,"(25, 1)",ReLU,0.022756095955733635,3.4148696149210664,0.8170615613800203,74.16666666666667,0.8667751707589828
7,"20MA, 50MA, MACD, Upper_BB, CCI, OBV",32,2,0.2,0.001,32,60,1,50,"(16, 1)",ReLU,0.03984278922968382,6.138595322320294,0.4391988142207389,45.83333333333333,0.6518293054346715
8,"20MA, 50MA, MACD, Upper_BB, CCI, OBV",64,3,0.2,0.0005,64,60,1,50,"(25, 1)",ReLU,0.07271855646119366,10.275673766693249,-0.8138405685609889,27.385892116182575,1.3238161566611
9,"20MA, 50MA, MACD, Upper_BB, CCI, OBV",16,2,0.8,0.0001,64,60,1,150,"(16, 1)",Sigmoid,0.044689717462210725,7.090047512233459,0.29445507354599143,40.416666666666664,0.9574504907052173
10,"20MA, 50MA, MACD, Upper_BB, CCI, OBV",64,3,0.5,0.001,32,60,1,150,"(25, 1)",Tanh,0.02935677332272123,4.2097233195960255,0.7043858271911514,64.73029045643153,1.2792333712370394
11,"20MA, 50MA, MACD, Upper_BB, CCI, OBV",64,3,0.5,0.001,32,60,1,150,"(25, 1)",Tanh,0.03622595735340844,5.211418247080511,0.5363938395223176,54.58333333333333,1.0307599328098804
12,"20MA, 50MA, MACD, Upper_BB, CCI, OBV",64,3,0.5,0.001,32,60,1,150,"(25, 1)",Tanh,0.04076888170626119,6.664342920262353,0.412825680624347,40.833333333333336,0.7064533209542893
13,"20MA, 50MA, MACD, Upper_BB, CCI, OBV",64,3,0.6000000000000001,0.001,32,60,1,150,"(25, 1)",Tanh,0.08179466494649856,11.681047168368218,-1.3635207028918646,21.25,1.2516315683465276
14,"20MA, 50MA, MACD, Upper_BB, CCI, OBV",64,2,0.6000000000000001,0.001,16,60,1,150,"(25, 1)",ReLU,0.06911162770347526,11.900646148098918,-0.687375341689767,16.25,0.6989373703023702
15,"20MA, 50MA, MACD, Upper_BB, CCI, OBV",64,3,0.4,0.0005,64,60,1,150,"(25, 1)",Tanh,0.05987465048819869,9.254695410582798,-0.26647154881393686,17.916666666666668,1.069580134054566
16,"20MA, 50MA, MACD, Upper_BB, CCI, OBV",64,3,0.5,0.001,32,60,1,150,"(25, 1)",ReLU,0.0466483067882904,7.473833137044185,0.23125691098135615,33.75,0.7097109852864143
17,"20MA, 50MA, MACD, Upper_BB, CCI, OBV",64,2,0.7,0.001,32,60,1,100,"(25, 1)",Tanh,0.03108315359192864,4.808664681617239,0.6586816762396668,57.08333333333333,0.7595368239780562
18,"20MA, 50MA, MACD, Upper_BB, CCI, OBV",16,2,0.4,0.0005,64,60,1,150,"(25, 1)",ReLU,0.04426828423482617,7.1785961303745065,0.3076991978408792,35.41666666666667,0.6733808644557949
19,"20MA, 50MA, MACD, Upper_BB, CCI, OBV",64,3,0.7,0.0001,16,60,1,150,"(25, 1)",Tanh,0.05576779584894455,9.171426200201088,-0.09869314552394637,30.833333333333336,0.6864505098561361
20,"20MA, 50MA, MACD, Upper_BB, CCI, OBV",64,3,0.6000000000000001,0.001,64,60,1,100,"(25, 1)",ReLU,0.3744292141459279,67.54519032112717,-47.089256853519494,0.0,1.0
21,"20MA, 50MA, MACD, Upper_BB, CCI, OBV",64,2,0.7,0.001,32,60,1,100,"(25, 1)",Tanh,0.04280325887012024,6.887201977969824,0.35276331220624957,36.25,0.7050728499327894
22,"20MA, 50MA, MACD, Upper_BB, CCI, OBV",64,2,0.7,0.001,32,60,1,100,"(25, 1)",Tanh,0.021395006768347193,3.2335728853114754,0.8429877744974824,82.15767634854771,1.0065412369052227
23,"20MA, 50MA, MACD, Upper_BB, CCI, OBV",64,2,0.6000000000000001,0.001,32,60,1,100,"(25, 1)",Tanh,0.024323981027299685,3.683109990487263,0.790984368177873,70.0,0.6996360675093827
24,"20MA, 50MA, MACD, Upper_BB, CCI, OBV",64,2,0.8,0.001,32,60,1,100,"(25, 1)",Tanh,0.04494020745772622,6.88870487128104,0.28652361839391494,40.416666666666664,0.6927239832780201
0,"20MA, 50MA, MACD, Upper_BB, CCI, OBV",64,3,0.5,0.001,32,60,30,150,"(16, 1)",Tanh,0.05740559978365932,8.7503012334951,-0.1160950513825767,36.708860759493675,1.1757601842672725
1,"20MA, 50MA, MACD, Upper_BB, CCI, OBV",128,3,0.8,0.001,16,60,30,50,"(16, 1)",ReLU,0.3223929573277395,57.80255563699247,-34.20170968525637,0.0,1.0
2,"20MA, 50MA, MACD, Upper_BB, CCI, OBV",16,2,0.8,0.0005,32,60,30,50,"(25, 1)",Tanh,0.056507953106077,8.555384113799148,-0.08146337695806838,40.08438818565401,1.15203122100192
3,"20MA, 50MA, MACD, Upper_BB, CCI, OBV",128,2,0.4,0.001,16,60,30,100,"(16, 1)",Sigmoid,0.07116941460214,10.000917447900347,-0.7154554813305669,27.004219409282697,1.3245652722019905
4,"20MA, 50MA, MACD, Upper_BB, CCI, OBV",32,2,0.2,0.0001,64,60,30,150,"(16, 1)",ReLU,0.05701905159480869,8.996136109993651,-0.09950151086243841,36.09958506224066,1.259724844212986
5,"20MA, 50MA, MACD, Upper_BB, CCI, OBV",128,3,0.4,0.001,64,60,30,50,"(16, 1)",ReLU,0.11836021706080793,18.498262274363555,-3.7446498844926426,7.59493670886076,1.0
6,"20MA, 50MA, MACD, Upper_BB, CCI, OBV",32,2,0.4,0.001,64,60,30,150,"(25, 1)",ReLU,0.06160971690473378,9.648828245065367,-0.3333360815259572,37.81512605042017,1.0884205856171896
7,"20MA, 50MA, MACD, Upper_BB, CCI, OBV",64,3,0.8,0.001,16,60,30,150,"(16, 1)",ReLU,0.369732839428254,66.67402735416468,-45.29869147144818,0.0,1.0
8,"20MA, 50MA, MACD, Upper_BB, CCI, OBV",16,2,0.6000000000000001,0.0005,32,60,30,50,"(25, 1)",ReLU,0.0917940780298096,15.204032323008446,-1.8537898772840897,24.47257383966245,0.9008842302793398
9,"20MA, 50MA, MACD, Upper_BB, CCI, OBV",32,2,0.5,0.001,64,60,30,100,"(25, 1)",ReLU,0.05356522692982887,8.415878831320956,0.028241019045834315,34.59915611814346,1.1231897742166932
10,"20MA, 50MA, MACD, Upper_BB, CCI, OBV",32,2,0.2,0.0001,64,60,30,100,"(25, 1)",Sigmoid,0.0608247180851941,10.037279422322554,-0.29957519903185315,28.15126050420168,1.162366138034373
11,"20MA, 50MA, MACD, Upper_BB, CCI, OBV",16,2,0.6000000000000001,0.0005,32,60,30,100,"(25, 1)",Tanh,0.061769378611874336,9.739818590295595,-0.29222794804548013,35.86497890295359,1.0180083186783508
12,"20MA, 50MA, MACD, Upper_BB, CCI, OBV",16,2,0.7,0.0005,32,60,30,100,"(25, 1)",Tanh,0.05556275691953147,8.738960062015112,-0.04558715114038869,36.708860759493675,1.1127894772315017
13,"20MA, 50MA, MACD, Upper_BB, CCI, OBV",16,2,0.6000000000000001,0.0005,32,60,30,100,"(25, 1)",Tanh,0.08486192885259022,14.029232928872132,-1.4390374138494022,20.675105485232066,0.8760163384906987
14,"20MA, 50MA, MACD, Upper_BB, CCI, OBV",32,2,0.7,0.0005,64,60,30,100,"(25, 1)",Tanh,0.07092717605200467,11.389095947565986,-0.7037976013155378,29.957805907172997,0.8512266157284964
15,"20MA, 50MA, MACD, Upper_BB, CCI, OBV",16,2,0.5,0.0001,32,60,30,100,"(25, 1)",Sigmoid,0.05360729123066453,8.363219605145138,0.02671419224486793,33.33333333333333,1.1635220124556729
16,"20MA, 50MA, MACD, Upper_BB, CCI, OBV",32,2,0.5,0.0001,64,60,30,100,"(25, 1)",Sigmoid,0.05616412333105726,9.081819123532776,-0.06834281471497983,29.11392405063291,1.0290665538929298
17,"20MA, 50MA, MACD, Upper_BB, CCI, OBV",64,3,0.30000000000000004,0.0001,64,60,30,100,"(25, 1)",Sigmoid,0.09636073775970802,14.204876861568765,-2.1447990350356005,16.033755274261605,1.086978354373892
18,"20MA, 50MA, MACD, Upper_BB, CCI, OBV",16,2,0.30000000000000004,0.0001,32,60,30,100,"(25, 1)",Sigmoid,0.054993068475685594,8.402272497274527,-0.024256127062051158,34.177215189873415,1.088187233692134
19,"20MA, 50MA, MACD, Upper_BB, CCI, OBV",32,2,0.5,0.0001,16,60,30,100,"(25, 1)",Sigmoid,0.08120202218665576,13.293269089550611,-1.2331934948958145,28.691983122362867,0.9301283069684668
20,"20MA, 50MA, MACD, Upper_BB, CCI, OBV",16,3,0.5,0.001,64,60,30,100,"(25, 1)",Sigmoid,0.05770154650710041,9.35529517276573,-0.1276324656784804,30.37974683544304,1.1200399511184755
21,"20MA, 50MA, MACD, Upper_BB, CCI, OBV",16,2,0.30000000000000004,0.0001,32,60,30,100,"(25, 1)",Sigmoid,0.0589474948678978,9.599449036445973,-0.1768561233669188,29.11392405063291,1.1272722611091153
22,"20MA, 50MA, MACD, Upper_BB, CCI, OBV",16,2,0.30000000000000004,0.0001,32,60,30,100,"(25, 1)",Sigmoid,0.053780025392984224,8.312092623117076,0.0204318167071047,33.755274261603375,1.268801553305806
23,"20MA, 50MA, MACD, Upper_BB, CCI, OBV",16,2,0.4,0.0001,32,60,30,100,"(25, 1)",Sigmoid,0.05727173924793706,9.30790550421662,-0.11089601531194404,28.270042194092827,1.0940883678750541
24,"20MA, 50MA, MACD, Upper_BB, CCI, OBV",16,2,0.30000000000000004,0.0001,32,60,30,100,"(25, 1)",Sigmoid,0.07433963864305738,12.26896144709317,-0.941252806996272,26.05042016806723,0.8922154189028139
0,"20MA, 50MA, MACD, Upper_BB, ATR, Williams_%R",64,3,0.4,0.001,32,60,1,100,"(25, 1)",ReLU,0.3845239945909258,68.97165914655854,-51.23436817446967,0.0,1.0
1,"20MA, 50MA, MACD, Upper_BB, ATR, Williams_%R",16,2,0.2,0.0001,16,60,1,100,"(16, 1)",Sigmoid,0.05798501262145965,9.07890335146864,-0.18779356288898685,39.58333333333333,0.7405281851946209
2,"20MA, 50MA, MACD, Upper_BB, ATR, Williams_%R",128,2,0.7,0.001,64,60,1,100,"(25, 1)",Sigmoid,0.039926667810860725,5.731325360181596,0.43683508803209325,48.333333333333336,1.1312080428085476
3,"20MA, 50MA, MACD, Upper_BB, ATR, Williams_%R",128,2,0.8,0.0005,64,60,1,150,"(25, 1)",Sigmoid,0.0188722548496345,2.771419853091531,0.8741778678145127,85.0,1.0324346278150882
4,"20MA, 50MA, MACD, Upper_BB, ATR, Williams_%R",64,2,0.8,0.0001,64,60,1,50,"(25, 1)",ReLU,0.04729978999316063,6.844859809668656,0.20963467185929519,39.166666666666664,1.0265993345559443
5,"20MA, 50MA, MACD, Upper_BB, ATR, Williams_%R",16,2,0.4,0.0001,32,60,1,100,"(25, 1)",Tanh,0.025173230484208574,3.596823275410446,0.7761344019428708,72.5,1.0388364329349737
6,"20MA, 50MA, MACD, Upper_BB, ATR, Williams_%R",32,3,0.7,0.0001,16,60,1,150,"(25, 1)",ReLU,0.04044211328180773,6.0884053205429955,0.422200531557372,45.83333333333333,0.7030616932816118
7,"20MA, 50MA, MACD, Upper_BB, ATR, Williams_%R",128,2,0.4,0.001,64,60,1,150,"(25, 1)",Tanh,0.03376448441524616,5.461956840670676,0.5972554241100946,53.333333333333336,0.7833362801055066
8,"20MA, 50MA, MACD, Upper_BB, ATR, Williams_%R",32,2,0.5,0.001,16,60,1,100,"(25, 1)",Tanh,0.04423400696772491,7.161998771892465,0.3087708902586612,38.75,0.8079192890924357
9,"20MA, 50MA, MACD, Upper_BB, ATR, Williams_%R",32,2,0.6000000000000001,0.0001,32,60,1,50,"(25, 1)",ReLU,0.0317686737812867,4.7487062206095265,0.643460521043592,62.5,0.911231949851361
10,"20MA, 50MA, MACD, Upper_BB, ATR, Williams_%R",128,3,0.8,0.0005,64,60,1,150,"(16, 1)",Sigmoid,0.03151459708173367,4.72633668971093,0.6491407156174818,56.666666666666664,0.6939915306988494
11,"20MA, 50MA, MACD, Upper_BB, ATR, Williams_%R",16,2,0.2,0.0005,32,60,1,150,"(16, 1)",Tanh,0.03438153626987745,5.216604318101636,0.5824004596194106,58.333333333333336,0.7861585914565777
12,"20MA, 50MA, MACD, Upper_BB, ATR, Williams_%R",16,2,0.4,0.0005,32,60,1,150,"(25, 1)",Sigmoid,0.03599050140907729,5.272732088589334,0.5424008073061397,54.58333333333333,0.8233566371277197
13,"20MA, 50MA, MACD, Upper_BB, ATR, Williams_%R",16,2,0.30000000000000004,0.0005,64,60,1,100,"(25, 1)",Tanh,0.029164018163718355,4.21407073174761,0.7082550595821759,64.31535269709543,1.2167150374392373
14,"20MA, 50MA, MACD, Upper_BB, ATR, Williams_%R",128,3,0.6000000000000001,0.0001,32,60,1,50,"(16, 1)",Sigmoid,0.053415352453105976,8.144227992044756,-0.007956180131444945,33.33333333333333,1.0257862282898698
15,"20MA, 50MA, MACD, Upper_BB, ATR, Williams_%R",16,2,0.5,0.0005,64,60,1,100,"(25, 1)",Tanh,0.029675047551596466,4.329030691637288,0.6979412227380967,65.56016597510373,1.1141891689378105
16,"20MA, 50MA, MACD, Upper_BB, ATR, Williams_%R",128,2,0.30000000000000004,0.0005,32,60,1,150,"(25, 1)",Tanh,0.0181293101272624,2.7516861713212113,0.8838893619028809,84.58333333333333,0.8923544923956446
17,"20MA, 50MA, MACD, Upper_BB, ATR, Williams_%R",128,3,0.30000000000000004,0.0005,32,60,1,150,"(25, 1)",Sigmoid,0.0832418753459098,11.925656545759656,-1.4478971512453187,21.25,1.1232793137795887
18,"20MA, 50MA, MACD, Upper_BB, ATR, Williams_%R",128,2,0.6000000000000001,0.0005,64,60,1,150,"(16, 1)",Tanh,0.018010027176026924,2.7058326082057826,0.885412250081411,85.83333333333333,1.1158664035671335
19,"20MA, 50MA, MACD, Upper_BB, ATR, Williams_%R",128,2,0.6000000000000001,0.0005,16,60,1,150,"(16, 1)",Tanh,0.045052540184924425,7.046044386743798,0.28295234358915267,37.083333333333336,0.6631119755853156
20,"20MA, 50MA, MACD, Upper_BB, ATR, Williams_%R",128,3,0.30000000000000004,0.0005,64,60,1,150,"(16, 1)",Tanh,0.02406794550163238,3.729285273261662,0.8013051312077852,69.29460580912863,1.050841340875632
21,"20MA, 50MA, MACD, Upper_BB, ATR, Williams_%R",128,2,0.7,0.0005,64,60,1,150,"(16, 1)",Tanh,0.021123759231180494,3.2132115091505162,0.842365282501835,78.33333333333333,0.994368607791223
22,"20MA, 50MA, MACD, Upper_BB, ATR, Williams_%R",128,2,0.8,0.0005,64,60,1,150,"(16, 1)",Tanh,0.03329840202995598,5.2324891907701625,0.6196745411519571,56.84647302904564,0.9852272411399957
23,"20MA, 50MA, MACD, Upper_BB, ATR, Williams_%R",128,2,0.5,0.0005,64,60,1,150,"(16, 1)",Sigmoid,0.023055342222461226,3.56277358191683,0.8122185875495485,74.58333333333333,0.8439800678184954
24,"20MA, 50MA, MACD, Upper_BB, ATR, Williams_%R",64,2,0.7,0.0005,64,60,1,150,"(25, 1)",Tanh,0.04018617827094926,6.227871826483867,0.4294905161843493,33.75,1.0079350271628986
0,"20MA, 50MA, MACD, Upper_BB, ATR, Williams_%R",16,3,0.5,0.0005,64,60,30,150,"(16, 1)",ReLU,0.0648544988879263,10.082719961418798,-0.4245342019981484,35.86497890295359,0.9498680905248879
1,"20MA, 50MA, MACD, Upper_BB, ATR, Williams_%R",16,3,0.7,0.0001,64,60,30,150,"(25, 1)",Sigmoid,0.058553780706611436,8.481208254454438,-0.16118802526939535,34.177215189873415,1.3178146332538043
2,"20MA, 50MA, MACD, Upper_BB, ATR, Williams_%R",16,2,0.6000000000000001,0.0005,64,60,30,100,"(25, 1)",Sigmoid,0.054655806808632294,8.56712419413728,-0.011731528106732947,33.33333333333333,1.1754779501787658
3,"20MA, 50MA, MACD, Upper_BB, ATR, Williams_%R",128,3,0.8,0.0001,16,60,30,150,"(16, 1)",ReLU,0.07090247899168485,11.088704351840116,-0.7026112727883922,33.33333333333333,1.1301160165653221
4,"20MA, 50MA, MACD, Upper_BB, ATR, Williams_%R",64,3,0.7,0.0005,16,60,30,100,"(25, 1)",Sigmoid,0.08693888863969698,12.521271093586789,-1.5598872257708591,18.143459915611814,1.1689909299379255
5,"20MA, 50MA, MACD, Upper_BB, ATR, Williams_%R",16,2,0.7,0.0005,32,60,30,50,"(25, 1)",Sigmoid,0.06808576614043187,11.084963979363206,-0.5700204970350531,28.270042194092827,0.9652266478221145
6,"20MA, 50MA, MACD, Upper_BB, ATR, Williams_%R",32,3,0.5,0.0001,64,60,30,50,"(25, 1)",ReLU,0.06131695572362487,8.85113385696742,-0.27336771430643547,29.535864978902953,1.3432848417982015
7,"20MA, 50MA, MACD, Upper_BB, ATR, Williams_%R",128,3,0.7,0.0005,16,60,30,50,"(25, 1)",Tanh,0.07082276493781293,10.089558657539238,-0.6987850101798925,35.86497890295359,1.0850529167514875
8,"20MA, 50MA, MACD, Upper_BB, ATR, Williams_%R",16,2,0.5,0.0005,16,60,30,100,"(16, 1)",Sigmoid,0.07699139297139601,12.566077457255018,-1.0075992240690295,25.738396624472575,0.9431153529860367
9,"20MA, 50MA, MACD, Upper_BB, ATR, Williams_%R",32,3,0.2,0.0001,64,60,30,50,"(25, 1)",Tanh,0.06183330037184715,8.909974118310192,-0.2949038443056464,29.11392405063291,1.3432848417982015
10,"20MA, 50MA, MACD, Upper_BB, ATR, Williams_%R",64,2,0.30000000000000004,0.001,32,60,30,100,"(16, 1)",Sigmoid,0.2329828202999157,40.920698037862856,-17.384019038958044,0.0,1.0
11,"20MA, 50MA, MACD, Upper_BB, ATR, Williams_%R",16,2,0.6000000000000001,0.001,64,60,30,150,"(25, 1)",Sigmoid,0.057691452745171866,9.370408088572734,-0.12723798550226073,31.645569620253166,1.135650521168266
12,"20MA, 50MA, MACD, Upper_BB, ATR, Williams_%R",16,2,0.6000000000000001,0.001,64,60,30,150,"(25, 1)",Sigmoid,0.06273059542746484,10.025538320441234,-0.3308057583064141,33.19502074688796,1.0176689991158099
13,"20MA, 50MA, MACD, Upper_BB, ATR, Williams_%R",16,2,0.4,0.001,64,60,30,100,"(25, 1)",Sigmoid,0.054142856721675375,8.557111213893746,0.0071697570024527035,38.39662447257383,1.1373577334754965
14,"20MA, 50MA, MACD, Upper_BB, ATR, Williams_%R",16,2,0.4,0.001,64,60,30,100,"(25, 1)",Sigmoid,0.07467008986809757,10.494649051395928,-0.8883653061656427,28.691983122362867,1.0462017418296283
15,"20MA, 50MA, MACD, Upper_BB, ATR, Williams_%R",16,2,0.30000000000000004,0.001,64,60,30,100,"(25, 1)",Tanh,0.05669928423515253,8.541493518207785,-0.1292662746348956,42.016806722689076,1.385128722987981
16,"20MA, 50MA, MACD, Upper_BB, ATR, Williams_%R",32,2,0.4,0.0005,32,60,30,100,"(25, 1)",Sigmoid,0.074691110087653,11.457897492890105,-0.8894286352837151,36.708860759493675,0.8957973833926911
17,"20MA, 50MA, MACD, Upper_BB, ATR, Williams_%R",64,2,0.4,0.001,64,60,30,100,"(25, 1)",Sigmoid,0.10864770515491938,16.719598566812678,-2.997917059406122,8.016877637130802,1.0
18,"20MA, 50MA, MACD, Upper_BB, ATR, Williams_%R",128,2,0.6000000000000001,0.001,64,60,30,100,"(16, 1)",Tanh,0.05294820672202736,8.279649073347455,0.050499546913195026,35.86497890295359,1.2006786546958639
19,"20MA, 50MA, MACD, Upper_BB, ATR, Williams_%R",128,2,0.2,0.001,32,60,30,100,"(16, 1)",Tanh,0.056513032840949225,8.207275410724698,-0.08165782017697443,36.28691983122363,1.159966656141095
20,"20MA, 50MA, MACD, Upper_BB, ATR, Williams_%R",128,2,0.30000000000000004,0.001,64,60,30,100,"(16, 1)",Tanh,0.05951453224890582,8.916194050948679,-0.19960623409338418,39.66244725738397,1.124569323527102
21,"20MA, 50MA, MACD, Upper_BB, ATR, Williams_%R",128,2,0.6000000000000001,0.001,64,60,30,100,"(16, 1)",Tanh,0.05212127790702076,8.099329658746282,0.07992596440667188,36.28691983122363,1.1036053779175061
22,"20MA, 50MA, MACD, Upper_BB, ATR, Williams_%R",128,2,0.6000000000000001,0.001,64,60,30,100,"(16, 1)",Tanh,0.11446973831929223,17.718286604908425,-3.4378645701931347,8.438818565400844,1.0
23,"20MA, 50MA, MACD, Upper_BB, ATR, Williams_%R",128,2,0.8,0.001,64,60,30,100,"(16, 1)",Tanh,0.05890525771977084,8.777168016031663,-0.17517024211160503,41.77215189873418,0.9977888646522702
24,"20MA, 50MA, MACD, Upper_BB, ATR, Williams_%R",128,2,0.5,0.001,64,60,30,100,"(16, 1)",Tanh,0.05331108214127709,8.308123520765271,0.037440330454360016,36.28691983122363,1.3747905114826349
0,"20MA, 50MA, MACD, Upper_BB, ATR, OBV",64,3,0.2,0.001,16,60,1,150,"(25, 1)",ReLU,0.09592567438490446,14.163433860895363,-2.1563004346951056,15.767634854771783,1.1296600471390768
1,"20MA, 50MA, MACD, Upper_BB, ATR, OBV",64,2,0.8,0.0001,16,60,1,50,"(16, 1)",Sigmoid,0.04385551679721669,6.690708547612223,0.320549345138201,40.0,1.0026137010687497
2,"20MA, 50MA, MACD, Upper_BB, ATR, OBV",32,2,0.2,0.0001,64,60,1,50,"(16, 1)",ReLU,0.059132775660387486,8.479650896506953,-0.23528163653582945,29.166666666666668,1.2016943882715665
3,"20MA, 50MA, MACD, Upper_BB, ATR, OBV",16,2,0.30000000000000004,0.0001,16,60,1,50,"(25, 1)",ReLU,0.0529597246715201,7.741411098574362,0.00916601886859958,40.0,1.2147367460218579
4,"20MA, 50MA, MACD, Upper_BB, ATR, OBV",128,2,0.6000000000000001,0.0001,16,60,1,100,"(16, 1)",Sigmoid,0.050364104207247386,7.648962377698668,0.10390989234545789,38.75,0.7766556131096183
5,"20MA, 50MA, MACD, Upper_BB, ATR, OBV",64,3,0.4,0.0005,64,60,1,150,"(16, 1)",Tanh,0.028335863873186436,4.349421653638799,0.7163502727870568,64.58333333333334,0.9532201124373216
6,"20MA, 50MA, MACD, Upper_BB, ATR, OBV",64,3,0.4,0.0005,64,60,1,150,"(25, 1)",Sigmoid,0.04871367558695429,7.027649671401942,0.16167724529658212,37.083333333333336,1.0776645442847477
7,"20MA, 50MA, MACD, Upper_BB, ATR, OBV",128,3,0.2,0.0001,64,60,1,150,"(25, 1)",ReLU,0.05819987080888119,8.76161451238131,-0.1966123932684123,35.0,1.1051919119972138
8,"20MA, 50MA, MACD, Upper_BB, ATR, OBV",64,3,0.4,0.0001,32,60,1,50,"(25, 1)",ReLU,0.042408364717430584,6.625465536604566,0.3646507702902344,38.333333333333336,0.7871187868752376
9,"20MA, 50MA, MACD, Upper_BB, ATR, OBV",128,3,0.7,0.0001,64,60,1,100,"(16, 1)",Sigmoid,0.06353131832575386,9.072804676056023,-0.42588726443171265,33.75,1.2464624626140914
10,"20MA, 50MA, MACD, Upper_BB, ATR, OBV",16,3,0.5,0.0005,32,60,1,150,"(16, 1)",Tanh,0.0343862817029024,5.289383775962138,0.5944176507951798,47.71784232365145,1.0978230324339147
11,"20MA, 50MA, MACD, Upper_BB, ATR, OBV",16,3,0.5,0.0005,32,60,1,150,"(16, 1)",Tanh,0.050696849469988176,7.877352725545765,0.0920302127187681,35.41666666666667,0.921114422023388
12,"20MA, 50MA, MACD, Upper_BB, ATR, OBV",16,3,0.5,0.0005,32,60,1,150,"(16, 1)",Tanh,0.04625138845781187,6.940227843667411,0.2442833256988225,42.5,0.798465256118742
13,"20MA, 50MA, MACD, Upper_BB, ATR, OBV",32,3,0.4,0.0005,32,60,1,150,"(16, 1)",Tanh,0.03774204712405344,5.942280749517542,0.4967771414938672,40.833333333333336,0.579500348656051
14,"20MA, 50MA, MACD, Upper_BB, ATR, OBV",16,3,0.6000000000000001,0.0005,64,60,1,150,"(16, 1)",Tanh,0.037277073191732936,5.249003497061678,0.5090999593267647,54.58333333333333,1.1772608212897866
15,"20MA, 50MA, MACD, Upper_BB, ATR, OBV",64,3,0.6000000000000001,0.001,32,60,1,150,"(16, 1)",Tanh,0.026697635178075555,4.028523176129548,0.748200395528019,63.74999999999999,0.9191438651710115
16,"20MA, 50MA, MACD, Upper_BB, ATR, OBV",64,3,0.7,0.001,32,60,1,100,"(16, 1)",Tanh,0.07030060629581501,11.538039594836174,-0.745933091125722,17.5,0.7597122513513221
17,"20MA, 50MA, MACD, Upper_BB, ATR, OBV",64,2,0.6000000000000001,0.001,64,60,1,150,"(16, 1)",Tanh,0.046734602376928384,7.055359920688087,0.2284100553089886,29.166666666666668,1.0944405236392558
18,"20MA, 50MA, MACD, Upper_BB, ATR, OBV",64,3,0.30000000000000004,0.001,32,60,1,150,"(16, 1)",Tanh,0.09096620472689505,13.272755632385074,-1.8383684060219516,18.25726141078838,1.1208827873296086
19,"20MA, 50MA, MACD, Upper_BB, ATR, OBV",64,3,0.8,0.001,64,60,1,100,"(16, 1)",Tanh,0.05633886491874006,8.044645267300764,-0.12130985975508635,28.333333333333332,1.2311610733718445
20,"20MA, 50MA, MACD, Upper_BB, ATR, OBV",32,2,0.7,0.001,64,60,1,150,"(16, 1)",Tanh,0.025671250942260065,4.044848297073777,0.7671889876115504,65.0,0.6969827670497653
21,"20MA, 50MA, MACD, Upper_BB, ATR, OBV",32,2,0.7,0.001,64,60,1,150,"(16, 1)",Tanh,0.04100797692766196,6.162166280565893,0.4059183415565336,38.75,1.1691410011848886
22,"20MA, 50MA, MACD, Upper_BB, ATR, OBV",32,2,0.6000000000000001,0.001,64,60,1,150,"(16, 1)",Tanh,0.043235836486455737,6.398171747316769,0.3396150204041144,36.666666666666664,1.2993096097488028
23,"20MA, 50MA, MACD, Upper_BB, ATR, OBV",32,2,0.7,0.001,64,60,1,150,"(16, 1)",Tanh,0.04593565333003537,7.032998452470294,0.25456590901720877,36.25,0.6307431226941534
24,"20MA, 50MA, MACD, Upper_BB, ATR, OBV",32,2,0.5,0.001,64,60,1,150,"(16, 1)",Tanh,0.046930374487055816,7.0116255190973105,0.2219321065655262,32.916666666666664,1.301009146033856
0,"20MA, 50MA, MACD, Upper_BB, ATR, OBV",32,3,0.5,0.0005,32,60,30,150,"(16, 1)",Sigmoid,0.07935222050418275,13.032466247971342,-1.211868855106876,26.89075630252101,0.8913217172409075
1,"20MA, 50MA, MACD, Upper_BB, ATR, OBV",32,3,0.5,0.001,32,60,30,100,"(16, 1)",Sigmoid,0.055462421638365754,8.472557682062357,-0.0418143160989799,32.48945147679325,1.1561108479211115
2,"20MA, 50MA, MACD, Upper_BB, ATR, OBV",128,3,0.6000000000000001,0.0005,32,60,30,150,"(16, 1)",ReLU,0.1236825942183581,20.821630033711262,-4.37351390612696,9.663865546218489,0.7351373765893896
3,"20MA, 50MA, MACD, Upper_BB, ATR, OBV",128,2,0.2,0.001,64,60,30,100,"(25, 1)",Sigmoid,0.06701589493200387,9.368623152249619,-0.5210668723698371,30.37974683544304,1.3051800489855774
4,"20MA, 50MA, MACD, Upper_BB, ATR, OBV",16,3,0.4,0.0005,32,60,30,100,"(16, 1)",Sigmoid,0.05842847060139493,9.543690883687713,-0.15622325983690688,27.42616033755274,1.125791456111086
5,"20MA, 50MA, MACD, Upper_BB, ATR, OBV",16,3,0.4,0.0005,64,60,30,150,"(25, 1)",Tanh,0.057217345946031534,8.970232664697935,-0.10878689102289552,35.44303797468354,1.4743467836818376
6,"20MA, 50MA, MACD, Upper_BB, ATR, OBV",128,3,0.6000000000000001,0.0005,16,60,30,150,"(16, 1)",Sigmoid,0.3562009563202465,64.14121345636697,-41.97172887947167,0.0,1.0
7,"20MA, 50MA, MACD, Upper_BB, ATR, OBV",64,2,0.5,0.0005,16,60,30,50,"(25, 1)",Tanh,0.06174182788650549,9.463068178536695,-0.29107547157739466,37.9746835443038,1.140666801558591
8,"20MA, 50MA, MACD, Upper_BB, ATR, OBV",128,3,0.30000000000000004,0.0001,16,60,30,50,"(16, 1)",ReLU,0.08109409118295995,11.533652371417258,-1.227260868494945,23.20675105485232,1.212113888645966
9,"20MA, 50MA, MACD, Upper_BB, ATR, OBV",64,3,0.7,0.0005,32,60,30,100,"(25, 1)",ReLU,0.06037417262044484,8.758071592242352,-0.2345112416683104,29.535864978902953,1.3523748242363798
10,"20MA, 50MA, MACD, Upper_BB, ATR, OBV",32,2,0.8,0.001,32,60,30,100,"(16, 1)",Sigmoid,0.0916542625555749,14.942998050993264,-1.8409342765534054,27.385892116182575,0.8804826052811655
11,"20MA, 50MA, MACD, Upper_BB, ATR, OBV",16,3,0.4,0.001,64,60,30,150,"(25, 1)",Tanh,0.05857761273966638,9.64691964600691,-0.1621334502366949,28.691983122362867,1.127208951174319
12,"20MA, 50MA, MACD, Upper_BB, ATR, OBV",32,3,0.4,0.0001,64,60,30,100,"(25, 1)",Tanh,0.0661693791922128,9.36191666136638,-0.48288265344859305,31.223628691983123,1.3470640107393725
13,"20MA, 50MA, MACD, Upper_BB, ATR, OBV",16,3,0.2,0.001,64,60,30,150,"(25, 1)",Tanh,0.05515989488977507,8.767304918494792,-0.030479898922543214,33.755274261603375,1.1097256203530295
14,"20MA, 50MA, MACD, Upper_BB, ATR, OBV",32,2,0.2,0.001,64,60,30,50,"(16, 1)",Tanh,0.05764650024526094,8.464689146718422,-0.12548200878627758,31.645569620253166,1.3321432104803388
15,"20MA, 50MA, MACD, Upper_BB, ATR, OBV",16,3,0.30000000000000004,0.001,32,60,30,150,"(25, 1)",Sigmoid,0.08267041671668368,13.3258000286369,-1.3146904419732883,26.582278481012654,0.961309389552313
16,"20MA, 50MA, MACD, Upper_BB, ATR, OBV",32,3,0.8,0.001,64,60,30,100,"(16, 1)",Tanh,0.07743038594584933,10.847026940640406,-1.0305585316300694,27.848101265822784,1.2453080177655464
17,"20MA, 50MA, MACD, Upper_BB, ATR, OBV",16,2,0.6000000000000001,0.001,64,60,30,150,"(25, 1)",Sigmoid,0.05857247776351386,8.761423008882488,-0.16192971144591817,38.81856540084388,1.1886399263050313
18,"20MA, 50MA, MACD, Upper_BB, ATR, OBV",64,3,0.30000000000000004,0.001,32,60,30,100,"(16, 1)",Tanh,0.06925443489901205,9.676824209605186,-0.6243807886665298,32.06751054852321,1.3882250166775938
19,"20MA, 50MA, MACD, Upper_BB, ATR, OBV",32,3,0.2,0.0001,16,60,30,50,"(25, 1)",ReLU,0.06284812748492144,9.654298371990597,-0.3377573636031326,31.223628691983123,1.1651560437301445
20,"20MA, 50MA, MACD, Upper_BB, ATR, OBV",16,2,0.7,0.001,64,60,30,150,"(16, 1)",Sigmoid,0.05421691029927297,8.132176338263362,-0.029978870241814448,35.12396694214876,1.23728776498393
21,"20MA, 50MA, MACD, Upper_BB, ATR, OBV",16,2,0.7,0.001,64,60,30,150,"(16, 1)",Sigmoid,0.056601208841231224,8.525578826883237,-0.08503582564452072,31.223628691983123,1.451342014427883
22,"20MA, 50MA, MACD, Upper_BB, ATR, OBV",16,2,0.7,0.001,64,60,30,150,"(16, 1)",Sigmoid,0.05718885603947998,8.435070851815045,-0.10768298206434701,30.801687763713083,1.3171706556265463
23,"20MA, 50MA, MACD, Upper_BB, ATR, OBV",16,2,0.5,0.001,64,60,30,150,"(16, 1)",Sigmoid,0.10076734958915332,17.15609935840335,-2.5668174021632573,15.546218487394958,0.8266626844583127
24,"20MA, 50MA, MACD, Upper_BB, ATR, OBV",16,2,0.6000000000000001,0.001,64,60,30,150,"(16, 1)",Sigmoid,0.0761298896913499,12.478437006122203,-0.9600459500880147,28.21576763485477,0.9137715868972096
0,"20MA, 50MA, MACD, Upper_BB, Williams_%R, OBV",128,3,0.8,0.0005,32,60,1,50,"(16, 1)",Tanh,0.02846909747656276,4.28620639586678,0.7219928204222078,68.04979253112033,0.8124281442887085
1,"20MA, 50MA, MACD, Upper_BB, Williams_%R, OBV",32,2,0.5,0.001,64,60,1,150,"(16, 1)",Sigmoid,0.022692996415828236,3.481709343225809,0.8180746813186383,75.0,0.9444562399399118
2,"20MA, 50MA, MACD, Upper_BB, Williams_%R, OBV",128,3,0.5,0.0005,16,60,1,100,"(25, 1)",Tanh,0.047731381234321316,8.1762008928601,0.19514534667177819,19.166666666666668,0.6927337802438351
3,"20MA, 50MA, MACD, Upper_BB, Williams_%R, OBV",128,3,0.8,0.0001,32,60,1,150,"(16, 1)",Sigmoid,0.07989405358748097,13.024869947322552,-1.2549575381998972,27.500000000000004,0.8161949773859387
4,"20MA, 50MA, MACD, Upper_BB, Williams_%R, OBV",64,3,0.8,0.001,32,60,1,100,"(16, 1)",Tanh,0.027022631411679526,4.084204672503225,0.7420326571666305,67.08333333333333,0.8517527487549557
5,"20MA, 50MA, MACD, Upper_BB, Williams_%R, OBV",64,2,0.6000000000000001,0.0001,32,60,1,150,"(25, 1)",ReLU,0.02990780744472601,4.374321910910274,0.6843998066235659,63.114754098360656,0.803834048814302
6,"20MA, 50MA, MACD, Upper_BB, Williams_%R, OBV",32,3,0.2,0.001,16,60,1,50,"(16, 1)",Sigmoid,0.08753859784492668,12.679846811876377,-1.7071269804943277,19.166666666666668,1.072989865992497
7,"20MA, 50MA, MACD, Upper_BB, Williams_%R, OBV",16,3,0.8,0.0005,32,60,1,100,"(25, 1)",ReLU,0.027884963312160643,4.163725670150342,0.7253057237897653,65.83333333333333,0.9445825308843516
8,"20MA, 50MA, MACD, Upper_BB, Williams_%R, OBV",128,2,0.7,0.0005,64,60,1,150,"(16, 1)",ReLU,0.021744532929220566,3.288316768434497,0.8329641766010363,74.58333333333333,0.889832510312978
9,"20MA, 50MA, MACD, Upper_BB, Williams_%R, OBV",16,2,0.6000000000000001,0.0001,16,60,1,100,"(16, 1)",Tanh,0.0236394019273133,3.4936374644267763,0.8025839651135502,79.58333333333333,0.8846097564873593
10,"20MA, 50MA, MACD, Upper_BB, Williams_%R, OBV",128,2,0.30000000000000004,0.0005,64,60,1,150,"(25, 1)",ReLU,0.02585389905203042,3.970642021967294,0.7638643531515679,70.83333333333334,0.8313397148193213
11,"20MA, 50MA, MACD, Upper_BB, Williams_%R, OBV",32,2,0.4,0.001,64,60,1,150,"(16, 1)",Sigmoid,0.035077372994557786,5.2331552867192235,0.5653260867799059,57.91666666666667,0.6903202405655249
12,"20MA, 50MA, MACD, Upper_BB, Williams_%R, OBV",32,2,0.6000000000000001,0.001,64,60,1,150,"(16, 1)",Sigmoid,0.027554356598462476,4.024843925988194,0.7317807125360337,68.75,0.8607639891978055
13,"20MA, 50MA, MACD, Upper_BB, Williams_%R, OBV",32,2,0.5,0.001,64,60,1,150,"(16, 1)",ReLU,0.040600470400865826,6.159129135700254,0.41839217667800555,33.60655737704918,1.071785606833356
14,"20MA, 50MA, MACD, Upper_BB, Williams_%R, OBV",128,2,0.7,0.0005,64,60,1,150,"(16, 1)",Sigmoid,0.02970282321287904,4.676445714026364,0.6883228844193541,62.083333333333336,0.7459907957768841
15,"20MA, 50MA, MACD, Upper_BB, Williams_%R, OBV",32,2,0.4,0.0005,64,60,1,150,"(16, 1)",ReLU,0.028399640220627888,4.307443222419563,0.7150719986084528,67.5,0.8142054483104526
16,"20MA, 50MA, MACD, Upper_BB, Williams_%R, OBV",16,2,0.7,0.001,64,60,1,50,"(16, 1)",ReLU,0.02690480234669799,4.02115431331591,0.7442774260867514,68.33333333333333,0.8823931706314352
17,"20MA, 50MA, MACD, Upper_BB, Williams_%R, OBV",64,2,0.4,0.0005,64,60,1,150,"(16, 1)",Sigmoid,0.034827582268553856,5.109465095573733,0.571494787884532,56.666666666666664,0.7931908328132192
18,"20MA, 50MA, MACD, Upper_BB, Williams_%R, OBV",128,2,0.7,0.001,64,60,1,150,"(25, 1)",ReLU,0.05193380978460079,7.48022892466981,0.047182289148147705,35.41666666666667,1.285000875905994
19,"20MA, 50MA, MACD, Upper_BB, Williams_%R, OBV",32,2,0.5,0.0001,64,60,1,50,"(16, 1)",Sigmoid,0.3349436298192671,59.80426122939141,-38.63263067970898,0.0,1.0
20,"20MA, 50MA, MACD, Upper_BB, Williams_%R, OBV",128,2,0.30000000000000004,0.001,16,60,1,150,"(16, 1)",Sigmoid,0.32779425205635593,58.435610548499284,-36.958769274215825,0.0,1.0
21,"20MA, 50MA, MACD, Upper_BB, Williams_%R, OBV",16,2,0.6000000000000001,0.0001,16,60,1,100,"(16, 1)",Tanh,0.023728335581545752,3.6172352089066377,0.801095775619523,75.0,0.8259679713602611
22,"20MA, 50MA, MACD, Upper_BB, Williams_%R, OBV",16,2,0.6000000000000001,0.0001,16,60,1,100,"(16, 1)",Tanh,0.04329901352750367,6.425101547080847,0.338508736132317,50.81967213114754,0.8170022336620364
23,"20MA, 50MA, MACD, Upper_BB, Williams_%R, OBV",16,2,0.7,0.0001,16,60,1,100,"(16, 1)",Tanh,0.023837055406903108,3.4855119552653115,0.799268898770005,77.5,0.8989738684807466
24,"20MA, 50MA, MACD, Upper_BB, Williams_%R, OBV",16,2,0.6000000000000001,0.0001,16,60,1,100,"(16, 1)",Tanh,0.022119180360420113,3.224652187597192,0.8273740153934147,79.91803278688525,0.9708376808524807
0,"20MA, 50MA, MACD, Upper_BB, Williams_%R, OBV",32,2,0.8,0.001,32,60,30,50,"(16, 1)",ReLU,0.0724268791235211,10.178598206232657,-0.7766104342332114,28.270042194092827,1.2863750179651545
1,"20MA, 50MA, MACD, Upper_BB, Williams_%R, OBV",32,3,0.4,0.001,32,60,30,100,"(25, 1)",ReLU,0.07333804312111492,11.951780863331068,-0.8215927946913446,27.004219409282697,0.8899847537720621
2,"20MA, 50MA, MACD, Upper_BB, Williams_%R, OBV",64,2,0.6000000000000001,0.0005,64,60,30,100,"(25, 1)",Sigmoid,0.055415264122174124,8.970897401462397,-0.03851952686253801,32.365145228215766,1.1112809806416633
3,"20MA, 50MA, MACD, Upper_BB, Williams_%R, OBV",16,3,0.7,0.001,32,60,30,50,"(16, 1)",ReLU,0.08688266112461368,12.498711819906454,-1.5565770948343083,20.675105485232066,1.1743057645571795
4,"20MA, 50MA, MACD, Upper_BB, Williams_%R, OBV",128,3,0.4,0.001,32,60,30,150,"(25, 1)",Sigmoid,0.3515921503134735,63.278055094844554,-40.86691932440914,0.0,1.0
5,"20MA, 50MA, MACD, Upper_BB, Williams_%R, OBV",128,3,0.2,0.0005,64,60,30,100,"(25, 1)",ReLU,0.09597114322372807,15.916364412696229,-2.1194210696289235,19.40928270042194,0.8452722005318266
6,"20MA, 50MA, MACD, Upper_BB, Williams_%R, OBV",64,2,0.8,0.001,16,60,30,150,"(16, 1)",Sigmoid,0.09522611273362849,15.899842169624446,-2.071176507813146,21.09704641350211,0.9156221421185841
7,"20MA, 50MA, MACD, Upper_BB, Williams_%R, OBV",16,3,0.4,0.001,16,60,30,100,"(16, 1)",ReLU,0.09755327466659253,16.278819143716756,-2.2231192166908262,22.362869198312236,0.8762475904649156
8,"20MA, 50MA, MACD, Upper_BB, Williams_%R, OBV",16,3,0.4,0.001,16,60,30,100,"(16, 1)",Tanh,0.09364751941868658,15.570394861946507,-1.9701967659384043,21.09704641350211,0.9231829397667907
9,"20MA, 50MA, MACD, Upper_BB, Williams_%R, OBV",32,3,0.4,0.0001,32,60,30,50,"(16, 1)",Sigmoid,0.05459808866027991,8.73763224641113,-0.009595819559967023,30.37974683544304,1.0237890248580828
10,"20MA, 50MA, MACD, Upper_BB, Williams_%R, OBV",32,2,0.2,0.0001,32,60,30,50,"(16, 1)",Tanh,0.05259548937165922,8.191840088343065,0.0282865681329042,36.97478991596639,1.2163076821043033
11,"20MA, 50MA, MACD, Upper_BB, Williams_%R, OBV",32,2,0.2,0.0001,32,60,30,50,"(16, 1)",Tanh,0.053634497311304666,8.094595200254176,0.025726042656333825,40.50632911392405,1.2025984059650936
12,"20MA, 50MA, MACD, Upper_BB, Williams_%R, OBV",32,2,0.2,0.0001,32,60,30,50,"(16, 1)",Tanh,0.0533886761754891,8.033247384408554,0.03463628898329307,40.08438818565401,1.3451668990042096
13,"20MA, 50MA, MACD, Upper_BB, Williams_%R, OBV",32,2,0.2,0.0001,32,60,30,50,"(16, 1)",Tanh,0.06228402093018323,9.202304853759285,-0.3138504940422524,24.894514767932492,1.2254803073033975
14,"20MA, 50MA, MACD, Upper_BB, Williams_%R, OBV",32,2,0.30000000000000004,0.0001,32,60,30,50,"(16, 1)",Tanh,0.05625383643946721,8.492889053679123,-0.07175855049072144,43.037974683544306,1.1409081790034254
15,"20MA, 50MA, MACD, Upper_BB, Williams_%R, OBV",32,2,0.30000000000000004,0.0001,64,60,30,50,"(16, 1)",Tanh,0.05368935502707343,8.109974086062325,0.025162504277473685,40.66390041493776,1.3524131156540158
16,"20MA, 50MA, MACD, Upper_BB, Williams_%R, OBV",32,2,0.30000000000000004,0.0001,32,60,30,150,"(16, 1)",Tanh,0.06501865885622977,10.31178659455193,-0.4296570355334184,34.439834024896264,0.9397772314874232
17,"20MA, 50MA, MACD, Upper_BB, Williams_%R, OBV",64,2,0.6000000000000001,0.0001,32,60,30,50,"(16, 1)",Tanh,0.05209995177445109,8.077584751318007,0.0806787320830481,36.708860759493675,1.1080370434843037
18,"20MA, 50MA, MACD, Upper_BB, Williams_%R, OBV",64,2,0.6000000000000001,0.0001,64,60,30,50,"(25, 1)",Tanh,0.052882589843341994,8.002548865301542,0.05285145474022057,40.92827004219409,1.2404978212344715
19,"20MA, 50MA, MACD, Upper_BB, Williams_%R, OBV",64,2,0.6000000000000001,0.0005,16,60,30,50,"(16, 1)",Tanh,0.08667305183688494,14.550293173194104,-1.5442562042468713,17.72151898734177,0.8780218824536586
20,"20MA, 50MA, MACD, Upper_BB, Williams_%R, OBV",64,2,0.5,0.0001,32,60,30,150,"(16, 1)",Tanh,0.05713531497098189,8.670896721226601,-0.10560989395982623,43.88185654008439,1.162550530045687
21,"20MA, 50MA, MACD, Upper_BB, Williams_%R, OBV",64,2,0.6000000000000001,0.0001,64,60,30,50,"(25, 1)",Tanh,0.06756724842259554,10.675343165531949,-0.546198085930742,31.645569620253166,0.8973673372965608
22,"20MA, 50MA, MACD, Upper_BB, Williams_%R, OBV",64,2,0.7,0.0001,64,60,30,50,"(25, 1)",Tanh,0.0683185152672726,10.239546822517552,-0.5807729791084504,39.24050632911392,0.865815952974976
23,"20MA, 50MA, MACD, Upper_BB, Williams_%R, OBV",64,2,0.5,0.0001,64,60,30,50,"(25, 1)",Tanh,0.06399165645100201,9.664399394694664,-0.3868815452134653,42.616033755274266,1.1140737115750465
24,"20MA, 50MA, MACD, Upper_BB, Williams_%R, OBV",64,2,0.7,0.0001,64,60,30,50,"(25, 1)",Tanh,0.07059480108775434,10.579072232716113,-0.6878665346252517,34.59915611814346,0.7821259703919919
0,"20MA, 50MA, MACD, Lower_BB, CCI, ATR",32,2,0.2,0.0005,32,60,1,150,"(16, 1)",Tanh,0.01963262985230022,2.9293294859629415,0.8638347108950355,85.41666666666666,1.0507179993918327
1,"20MA, 50MA, MACD, Lower_BB, CCI, ATR",32,3,0.7,0.001,32,60,1,150,"(16, 1)",ReLU,0.030771227053391463,4.759760273920962,0.6654977180183603,55.41666666666667,0.9016430483817715
2,"20MA, 50MA, MACD, Lower_BB, CCI, ATR",64,2,0.4,0.0005,32,60,1,100,"(16, 1)",ReLU,0.0422514872229572,6.5442368865533656,0.36934265794299215,36.666666666666664,0.7446821325578012
3,"20MA, 50MA, MACD, Lower_BB, CCI, ATR",128,2,0.7,0.0001,16,60,1,100,"(25, 1)",Tanh,0.03592048000585773,5.458320422137617,0.5441796415481196,50.416666666666664,0.7435925881067568
4,"20MA, 50MA, MACD, Lower_BB, CCI, ATR",64,3,0.8,0.001,64,60,1,100,"(16, 1)",Tanh,0.08866581888917693,12.91493603286645,-1.7772943722885808,16.666666666666664,1.0713307323988435
5,"20MA, 50MA, MACD, Lower_BB, CCI, ATR",16,3,0.7,0.0005,16,60,1,100,"(16, 1)",ReLU,0.024031223727083523,3.414274047163683,0.7959854091815223,75.41666666666667,0.8182827821334041
6,"20MA, 50MA, MACD, Lower_BB, CCI, ATR",128,3,0.6000000000000001,0.0005,16,60,1,100,"(25, 1)",Sigmoid,0.31274797801515386,55.633771629845576,-33.554011735137465,0.0,1.0
7,"20MA, 50MA, MACD, Lower_BB, CCI, ATR",128,3,0.4,0.0001,16,60,1,50,"(16, 1)",Tanh,0.06248060857137222,10.41039424294387,-0.3791133332913319,25.0,0.7113368500980872
8,"20MA, 50MA, MACD, Lower_BB, CCI, ATR",16,3,0.6000000000000001,0.001,16,60,1,50,"(25, 1)",ReLU,0.25360971021868145,41.6027407668262,-21.72172037570932,0.0,1.0
9,"20MA, 50MA, MACD, Lower_BB, CCI, ATR",32,3,0.6000000000000001,0.0001,64,60,1,50,"(25, 1)",ReLU,0.05298062570168495,7.561823454164082,0.00838378151212893,35.41666666666667,1.1837738842405734
10,"20MA, 50MA, MACD, Lower_BB, CCI, ATR",32,2,0.2,0.0005,32,60,1,150,"(16, 1)",Sigmoid,0.03461614379979232,5.325330559322268,0.5766819100385503,47.91666666666667,1.0171397935946103
11,"20MA, 50MA, MACD, Lower_BB, CCI, ATR",16,2,0.2,0.0005,32,60,1,150,"(16, 1)",Tanh,0.029398522364042216,4.53088192049933,0.6946763398512228,57.08333333333333,0.9676515574538055
12,"20MA, 50MA, MACD, Lower_BB, CCI, ATR",16,2,0.4,0.0005,16,60,1,150,"(16, 1)",ReLU,0.01833357651018234,2.6849274904261864,0.8812581404514619,87.08333333333333,0.8804725106167971
13,"20MA, 50MA, MACD, Lower_BB, CCI, ATR",16,2,0.30000000000000004,0.0005,32,60,1,150,"(16, 1)",Tanh,0.026937037904487395,4.229882331868826,0.7436642791825017,61.25000000000001,0.7709779812644604
14,"20MA, 50MA, MACD, Lower_BB, CCI, ATR",32,2,0.4,0.0005,64,60,1,150,"(16, 1)",Sigmoid,0.025820709905630082,3.7503098558412695,0.7644702277389142,69.16666666666667,1.005858332462128
15,"20MA, 50MA, MACD, Lower_BB, CCI, ATR",16,2,0.30000000000000004,0.0005,16,60,1,150,"(16, 1)",ReLU,0.033394164757645714,5.174453845760096,0.606041362907749,49.583333333333336,0.835740750707089
16,"20MA, 50MA, MACD, Lower_BB, CCI, ATR",32,2,0.30000000000000004,0.0005,32,60,1,150,"(16, 1)",Tanh,0.020344573614403838,3.0578541797199725,0.8537800470617114,82.91666666666667,0.9739775925280862
17,"20MA, 50MA, MACD, Lower_BB, CCI, ATR",64,2,0.5,0.0005,16,60,1,150,"(16, 1)",Tanh,0.01974014974470478,2.972709066020755,0.8623391835713582,81.66666666666667,0.7391457883483129
18,"20MA, 50MA, MACD, Lower_BB, CCI, ATR",16,2,0.2,0.0001,32,60,1,150,"(25, 1)",ReLU,0.02801465603920688,4.339185404330828,0.7227445801979283,61.66666666666667,0.7941391406869275
19,"20MA, 50MA, MACD, Lower_BB, CCI, ATR",32,2,0.5,0.001,64,60,1,150,"(16, 1)",Sigmoid,0.026760777002344048,3.8333969704467488,0.7470079387796409,71.25,0.806866186532373
20,"20MA, 50MA, MACD, Lower_BB, CCI, ATR",16,2,0.30000000000000004,0.0005,16,60,1,50,"(16, 1)",ReLU,0.03472452373568988,5.152755550247028,0.5740270210676366,48.333333333333336,1.0700671376684032
21,"20MA, 50MA, MACD, Lower_BB, CCI, ATR",64,2,0.5,0.0005,16,60,1,150,"(16, 1)",Tanh,0.017175224877315577,2.5215316364196405,0.8957888185972015,89.16666666666667,0.8433897539689232
22,"20MA, 50MA, MACD, Lower_BB, CCI, ATR",64,2,0.4,0.0005,16,60,1,150,"(16, 1)",Tanh,0.017265546590972628,2.5814426460032,0.894689877297449,86.66666666666667,0.8900231114650625
23,"20MA, 50MA, MACD, Lower_BB, CCI, ATR",64,2,0.4,0.0005,16,60,1,150,"(16, 1)",Tanh,0.03993770256772156,6.334728667078834,0.4365237549322132,44.166666666666664,0.7871162720662122
24,"20MA, 50MA, MACD, Lower_BB, CCI, ATR",64,2,0.5,0.0005,16,60,1,150,"(16, 1)",Tanh,0.021521723908355404,3.150678084449458,0.8363697602296443,77.91666666666667,1.0869394300458228
0,"20MA, 50MA, MACD, Lower_BB, CCI, ATR",16,2,0.7,0.0005,32,60,30,50,"(16, 1)",Tanh,0.0632146837624913,9.28566729580769,-0.3534075788173068,25.31645569620253,1.2291562387174613
1,"20MA, 50MA, MACD, Lower_BB, CCI, ATR",64,2,0.5,0.0001,32,60,30,100,"(25, 1)",Sigmoid,0.05813979256595529,8.987291716502215,-0.14482635999788118,39.66244725738397,1.1964116041399542
2,"20MA, 50MA, MACD, Lower_BB, CCI, ATR",32,3,0.7,0.0005,16,60,30,50,"(16, 1)",Sigmoid,0.33148649750700065,59.509215999959785,-36.21554219117766,0.0,1.0
3,"20MA, 50MA, MACD, Lower_BB, CCI, ATR",128,3,0.6000000000000001,0.001,32,60,30,100,"(25, 1)",ReLU,0.11643925296703586,18.113744340978133,-3.591890104479777,7.59493670886076,1.0
4,"20MA, 50MA, MACD, Lower_BB, CCI, ATR",128,2,0.8,0.0001,32,60,30,50,"(25, 1)",Tanh,0.07626170966870638,12.464001017340047,-0.9697256449325877,22.362869198312236,0.8867063062101382
5,"20MA, 50MA, MACD, Lower_BB, CCI, ATR",64,2,0.4,0.001,16,60,30,100,"(16, 1)",Sigmoid,0.055253142079493896,8.636008133061457,-0.03396687342899862,34.59915611814346,1.1424308603896893
6,"20MA, 50MA, MACD, Lower_BB, CCI, ATR",32,2,0.6000000000000001,0.0001,64,60,30,150,"(25, 1)",Tanh,0.05348354945868119,8.265934694847097,0.031202279828852375,36.28691983122363,1.1659945002816605
7,"20MA, 50MA, MACD, Lower_BB, CCI, ATR",16,2,0.5,0.0001,32,60,30,100,"(16, 1)",Sigmoid,0.0572549649114233,8.430313172375916,-0.1102453692900549,33.755274261603375,1.3610653329737268
8,"20MA, 50MA, MACD, Lower_BB, CCI, ATR",64,2,0.2,0.0001,32,60,30,100,"(16, 1)",ReLU,0.06166963003172479,8.933550216018816,-0.2880577967426827,29.535864978902953,1.3470640107393725
9,"20MA, 50MA, MACD, Lower_BB, CCI, ATR",16,3,0.30000000000000004,0.0001,64,60,30,150,"(25, 1)",Sigmoid,0.054102425047521024,8.404069353125958,0.008652013506112444,33.755274261603375,1.1484390388580556
10,"20MA, 50MA, MACD, Lower_BB, CCI, ATR",32,3,0.8,0.0005,64,60,30,150,"(25, 1)",Tanh,0.05733967277240329,9.091052609350678,-0.11353298218934427,35.44303797468354,1.3742807657556275
11,"20MA, 50MA, MACD, Lower_BB, CCI, ATR",16,3,0.30000000000000004,0.0001,64,60,30,150,"(25, 1)",Tanh,0.06639516807608584,10.813239952320483,-0.49301996081126354,29.11392405063291,0.9063463365412534
12,"20MA, 50MA, MACD, Lower_BB, CCI, ATR",32,3,0.2,0.0001,64,60,30,150,"(25, 1)",Sigmoid,0.05627248861164813,9.088330670828228,-0.07246939762389393,29.11392405063291,0.969307942957443
13,"20MA, 50MA, MACD, Lower_BB, CCI, ATR",16,3,0.4,0.0001,64,60,30,150,"(25, 1)",Tanh,0.05785470452726469,8.538246270969859,-0.1336265914619037,31.223628691983123,1.2535513442210557
14,"20MA, 50MA, MACD, Lower_BB, CCI, ATR",32,2,0.4,0.0001,64,60,30,150,"(25, 1)",ReLU,0.05481687911539039,8.276876425959683,-0.01770352147533827,35.0210970464135,1.1806926794745862
15,"20MA, 50MA, MACD, Lower_BB, CCI, ATR",16,3,0.6000000000000001,0.001,64,60,30,150,"(25, 1)",Sigmoid,0.05551889920655528,8.468130592043764,-0.04393716235721001,30.37974683544304,1.146827463115427
16,"20MA, 50MA, MACD, Lower_BB, CCI, ATR",32,3,0.30000000000000004,0.0001,64,60,30,150,"(25, 1)",Tanh,0.056624881692819,8.402685672759839,-0.08594362475408013,32.91139240506329,1.2396486976886585
17,"20MA, 50MA, MACD, Lower_BB, CCI, ATR",128,2,0.6000000000000001,0.0001,16,60,30,150,"(25, 1)",Tanh,0.06142981563047957,8.966579675906377,-0.27805954605630867,28.270042194092827,1.2375924650873869
18,"20MA, 50MA, MACD, Lower_BB, CCI, ATR",16,3,0.30000000000000004,0.0005,64,60,30,150,"(25, 1)",Sigmoid,0.05692642720342557,9.09369640676299,-0.09754041164833605,35.0210970464135,1.2145122445971344
19,"20MA, 50MA, MACD, Lower_BB, CCI, ATR",32,2,0.7,0.001,64,60,30,150,"(25, 1)",ReLU,0.054534509295557525,8.31536863321932,-0.007245844014706515,37.130801687763714,1.5523540590458549
20,"20MA, 50MA, MACD, Lower_BB, CCI, ATR",16,3,0.5,0.0001,64,60,30,50,"(25, 1)",Sigmoid,0.35550856661441926,64.01164517382112,-41.80483283492446,0.0,1.0
21,"20MA, 50MA, MACD, Lower_BB, CCI, ATR",32,2,0.7,0.001,64,60,30,150,"(25, 1)",ReLU,0.07457228282154824,10.420592677279672,-0.8834215737678199,28.691983122362867,1.08921970225927
22,"20MA, 50MA, MACD, Lower_BB, CCI, ATR",32,2,0.7,0.001,64,60,30,150,"(25, 1)",ReLU,0.05471404175716298,8.382164117162256,-0.013888646448051656,38.81856540084388,1.2491986920357094
23,"20MA, 50MA, MACD, Lower_BB, CCI, ATR",32,2,0.6000000000000001,0.001,64,60,30,150,"(25, 1)",ReLU,0.053977379663465754,8.398879043756697,0.013229266114096139,37.552742616033754,1.099492282619328
24,"20MA, 50MA, MACD, Lower_BB, CCI, ATR",32,2,0.6000000000000001,0.001,64,60,30,150,"(25, 1)",ReLU,0.05576722903849903,8.505305978410444,-0.05329687666103822,35.44303797468354,1.2314430870633033
0,"20MA, 50MA, MACD, Lower_BB, CCI, Williams_%R",32,2,0.6000000000000001,0.0005,16,60,1,100,"(16, 1)",Sigmoid,0.02696432896688544,4.07196067374924,0.7431446067534486,69.16666666666667,0.8787903066943976
1,"20MA, 50MA, MACD, Lower_BB, CCI, Williams_%R",128,2,0.7,0.0001,64,60,1,50,"(16, 1)",Sigmoid,0.07622164683874835,10.798682131768022,-1.0524193997612636,25.833333333333336,1.205597472553454
2,"20MA, 50MA, MACD, Lower_BB, CCI, Williams_%R",64,2,0.2,0.001,64,60,1,100,"(16, 1)",ReLU,0.3737471349443694,66.97296527797417,-48.347504983654204,0.0,1.0
3,"20MA, 50MA, MACD, Lower_BB, CCI, Williams_%R",16,3,0.30000000000000004,0.001,16,60,1,150,"(16, 1)",ReLU,0.037675553838035745,6.1268747777328265,0.49854871821292357,45.0,0.6581752389187567
4,"20MA, 50MA, MACD, Lower_BB, CCI, Williams_%R",16,3,0.6000000000000001,0.0001,32,60,1,100,"(16, 1)",ReLU,0.033412254761022,5.126126863323651,0.6056144234446365,51.24999999999999,1.0183018915873951
5,"20MA, 50MA, MACD, Lower_BB, CCI, Williams_%R",128,2,0.7,0.0001,16,60,1,100,"(16, 1)",Tanh,0.018384837489247133,2.7184821508064547,0.8805932038088352,83.75,0.9864543546042299
6,"20MA, 50MA, MACD, Lower_BB, CCI, Williams_%R",32,3,0.5,0.0001,64,60,1,100,"(25, 1)",Sigmoid,0.21536988006960192,37.487134988362754,-15.386242877622657,0.0,1.0
7,"20MA, 50MA, MACD, Lower_BB, CCI, Williams_%R",32,3,0.8,0.001,16,60,1,50,"(16, 1)",Tanh,0.07842523882809134,13.054035741966509,-1.1728070169592413,22.916666666666664,0.7906859173804449
8,"20MA, 50MA, MACD, Lower_BB, CCI, Williams_%R",64,3,0.30000000000000004,0.001,32,60,1,50,"(25, 1)",ReLU,0.06294661415428338,8.915018784714691,-0.3997620174323384,34.166666666666664,1.1683687604057638
9,"20MA, 50MA, MACD, Lower_BB, CCI, Williams_%R",32,2,0.6000000000000001,0.0001,64,60,1,50,"(16, 1)",Sigmoid,0.06952521808073707,10.012603024162328,-0.7076315684418664,22.916666666666664,1.101189610361264
10,"20MA, 50MA, MACD, Lower_BB, CCI, Williams_%R",128,2,0.8,0.0005,16,60,1,150,"(25, 1)",Tanh,0.025864065882001134,3.9861688829224335,0.7636785998921203,65.0,1.0446517673108868
11,"20MA, 50MA, MACD, Lower_BB, CCI, Williams_%R",128,2,0.8,0.0005,16,60,1,150,"(25, 1)",Tanh,0.017021315873712764,2.5178118804762284,0.8976481450918024,86.25,1.034966549452052
12,"20MA, 50MA, MACD, Lower_BB, CCI, Williams_%R",128,2,0.8,0.0005,16,60,1,150,"(25, 1)",Tanh,0.017640343173977082,2.6236225797278063,0.8900681555942976,88.75,1.0641922885216106
13,"20MA, 50MA, MACD, Lower_BB, CCI, Williams_%R",128,2,0.8,0.0005,16,60,1,150,"(25, 1)",Tanh,0.015439050933089468,2.2783105527623517,0.9157925230367012,90.0,1.1171577199783953
14,"20MA, 50MA, MACD, Lower_BB, CCI, Williams_%R",128,2,0.5,0.0005,16,60,1,150,"(25, 1)",Tanh,0.02675581215047064,3.9259592649515405,0.7471018038861437,68.33333333333333,0.7982906194454387
15,"20MA, 50MA, MACD, Lower_BB, CCI, Williams_%R",128,2,0.7,0.0005,16,60,1,150,"(25, 1)",Tanh,0.038526623521419306,5.8106539504822,0.47563782840550783,46.25,0.7406313829253033
16,"20MA, 50MA, MACD, Lower_BB, CCI, Williams_%R",128,2,0.4,0.0005,32,60,1,150,"(25, 1)",Tanh,0.019237351089966333,2.8556690361557977,0.8692625537300799,86.25,0.9602239516350961
17,"20MA, 50MA, MACD, Lower_BB, CCI, Williams_%R",128,2,0.8,0.0005,16,60,1,150,"(25, 1)",Tanh,0.017043299529246242,2.4913088730108366,0.8973835919913299,87.08333333333333,0.9287553629311269
18,"20MA, 50MA, MACD, Lower_BB, CCI, Williams_%R",16,2,0.7,0.0005,16,60,1,150,"(25, 1)",Tanh,0.026306768687398622,3.9955232197384984,0.7555193635438071,72.91666666666666,0.8724845290424333
19,"20MA, 50MA, MACD, Lower_BB, CCI, Williams_%R",64,2,0.6000000000000001,0.0005,32,60,1,150,"(25, 1)",Tanh,0.020163127546265237,2.968444155515622,0.8563765846521162,82.08333333333333,0.7839518218945657
20,"20MA, 50MA, MACD, Lower_BB, CCI, Williams_%R",128,3,0.8,0.0005,16,60,1,150,"(25, 1)",Tanh,0.056993651361906754,8.493416952393721,-0.1475256929907387,39.166666666666664,0.7708509887702842
21,"20MA, 50MA, MACD, Lower_BB, CCI, Williams_%R",128,2,0.8,0.0005,16,60,1,150,"(25, 1)",Tanh,0.016489214660941547,2.4454120549580733,0.9039473394378869,88.33333333333333,1.04980732760242
22,"20MA, 50MA, MACD, Lower_BB, CCI, Williams_%R",128,2,0.7,0.0005,16,60,1,150,"(25, 1)",Tanh,0.03163212771711494,4.930558851911333,0.6465188443188588,53.333333333333336,0.7015333115344871
23,"20MA, 50MA, MACD, Lower_BB, CCI, Williams_%R",128,2,0.8,0.0005,16,60,1,150,"(25, 1)",Tanh,0.017155711104420556,2.540466429518121,0.8960254848559983,87.08333333333333,0.9358581421291341
24,"20MA, 50MA, MACD, Lower_BB, CCI, Williams_%R",128,2,0.7,0.0005,16,60,1,150,"(25, 1)",Tanh,0.016943931632487724,2.4617179468380135,0.8985766768610666,87.5,0.896024576737673
0,"20MA, 50MA, MACD, Lower_BB, CCI, Williams_%R",64,2,0.30000000000000004,0.001,32,60,30,50,"(25, 1)",Tanh,0.05496276867224757,8.020649654533726,-0.023127759051587482,38.39662447257383,1.2233003127106765
1,"20MA, 50MA, MACD, Lower_BB, CCI, Williams_%R",64,3,0.2,0.0001,32,60,30,150,"(16, 1)",Tanh,0.05717554966876485,8.613717858343744,-0.10716758355161526,43.459915611814345,1.2611707418789582
2,"20MA, 50MA, MACD, Lower_BB, CCI, Williams_%R",16,2,0.6000000000000001,0.001,16,60,30,150,"(25, 1)",Tanh,0.09852222828815906,16.573859595787304,-2.2874648371162443,17.29957805907173,0.8708129990772054
3,"20MA, 50MA, MACD, Lower_BB, CCI, Williams_%R",64,2,0.7,0.0001,64,60,30,50,"(16, 1)",Tanh,0.06625776060773542,10.129523578756336,-0.486846625802104,41.35021097046413,1.0501229766879643
4,"20MA, 50MA, MACD, Lower_BB, CCI, Williams_%R",16,3,0.6000000000000001,0.0001,16,60,30,150,"(16, 1)",ReLU,0.0599261734250566,9.269017417034084,-0.21625813568932206,39.24050632911392,1.063608567106946
5,"20MA, 50MA, MACD, Lower_BB, CCI, Williams_%R",64,3,0.30000000000000004,0.0005,32,60,30,50,"(16, 1)",ReLU,0.2978931581407054,53.197519638928135,-29.054791682350647,0.0,1.0
6,"20MA, 50MA, MACD, Lower_BB, CCI, Williams_%R",16,2,0.5,0.001,64,60,30,100,"(16, 1)",Sigmoid,0.053321914782486796,7.877403269932079,0.038460068324110086,43.56846473029046,1.2300238450853014
7,"20MA, 50MA, MACD, Lower_BB, CCI, Williams_%R",128,2,0.5,0.001,16,60,30,150,"(25, 1)",ReLU,0.32911305070524344,59.06388060283234,-35.68452272839229,0.0,1.0
8,"20MA, 50MA, MACD, Lower_BB, CCI, Williams_%R",64,2,0.6000000000000001,0.001,16,60,30,50,"(16, 1)",ReLU,0.35873878697021067,64.6190151783897,-42.586232920165635,0.0,1.0
9,"20MA, 50MA, MACD, Lower_BB, CCI, Williams_%R",64,3,0.2,0.0005,16,60,30,100,"(25, 1)",ReLU,0.07565565001638538,10.671945554567078,-0.9385428211203555,26.160337552742618,1.3385426865971428
10,"20MA, 50MA, MACD, Lower_BB, CCI, Williams_%R",32,2,0.8,0.001,64,60,30,100,"(16, 1)",Sigmoid,0.05795038941730377,8.345411633225567,-0.13737946292616665,32.06751054852321,1.4888169358445469
11,"20MA, 50MA, MACD, Lower_BB, CCI, Williams_%R",16,2,0.4,0.001,32,60,30,100,"(25, 1)",Sigmoid,0.0990859501661031,16.45275314620459,-2.3251927229882754,22.78481012658228,1.043585118556436
12,"20MA, 50MA, MACD, Lower_BB, CCI, Williams_%R",128,2,0.4,0.001,64,60,30,50,"(25, 1)",Sigmoid,0.12261875413182709,19.356026943402835,-4.092211848646865,5.485232067510549,1.0
13,"20MA, 50MA, MACD, Lower_BB, CCI, Williams_%R",32,2,0.4,0.001,64,60,30,100,"(25, 1)",Tanh,0.05366273309361999,8.22086645058762,0.02469996317810219,38.81856540084388,1.0309042587838901
14,"20MA, 50MA, MACD, Lower_BB, CCI, Williams_%R",32,2,0.5,0.001,64,60,30,100,"(16, 1)",Sigmoid,0.0585636942149015,9.119920087586568,-0.1598792536584186,38.589211618257266,0.9982960392937632
15,"20MA, 50MA, MACD, Lower_BB, CCI, Williams_%R",32,2,0.4,0.0005,64,60,30,100,"(25, 1)",Tanh,0.08659880490294715,14.290988015438105,-1.5398990872879814,18.565400843881857,0.9335318625526131
16,"20MA, 50MA, MACD, Lower_BB, CCI, Williams_%R",16,2,0.5,0.001,64,60,30,100,"(25, 1)",Sigmoid,0.0825912683586992,13.576760567671744,-1.3102604111206895,27.848101265822784,0.9651188661560695
17,"20MA, 50MA, MACD, Lower_BB, CCI, Williams_%R",32,3,0.30000000000000004,0.001,64,60,30,100,"(16, 1)",Sigmoid,0.06003722833885251,9.686494716010062,-0.22077024088739483,29.535864978902953,1.0033870933463351
18,"20MA, 50MA, MACD, Lower_BB, CCI, Williams_%R",32,2,0.7,0.0005,64,60,30,100,"(25, 1)",Tanh,0.054084246380227775,8.065577718114458,0.009318096683260668,40.08438818565401,1.162107121523668
19,"20MA, 50MA, MACD, Lower_BB, CCI, Williams_%R",16,2,0.4,0.0001,64,60,30,100,"(16, 1)",Tanh,0.05533891613806147,8.454097365289044,-0.03717959112595115,28.691983122362867,1.079458671907435
20,"20MA, 50MA, MACD, Lower_BB, CCI, Williams_%R",128,3,0.7,0.001,64,60,30,100,"(25, 1)",Sigmoid,0.07088957203661088,9.961778575223878,-0.7019914488463581,27.004219409282697,1.3664053482649985
21,"20MA, 50MA, MACD, Lower_BB, CCI, Williams_%R",32,2,0.8,0.0005,64,60,30,100,"(25, 1)",Tanh,0.05408416582638514,8.199935621741448,0.00932104775238174,35.86497890295359,1.395546976905217
22,"20MA, 50MA, MACD, Lower_BB, CCI, Williams_%R",32,2,0.8,0.0005,64,60,30,100,"(25, 1)",Tanh,0.052605325887782335,7.929257699248487,0.06275723730835692,39.24050632911392,1.335090223946495
23,"20MA, 50MA, MACD, Lower_BB, CCI, Williams_%R",32,2,0.6000000000000001,0.0005,64,60,30,100,"(25, 1)",Tanh,0.05844441686861632,8.685271908648224,-0.156854457636473,27.42616033755274,1.2333946661496298
24,"20MA, 50MA, MACD, Lower_BB, CCI, Williams_%R",32,2,0.5,0.0005,64,60,30,100,"(25, 1)",Tanh,0.05183490214830617,7.761352792238724,0.09000871977323643,39.66244725738397,1.3563511459218653
0,"20MA, 50MA, MACD, Lower_BB, CCI, OBV",128,3,0.6000000000000001,0.001,32,60,1,100,"(16, 1)",ReLU,0.03766854260160813,5.595109093051782,0.49935977129617337,50.409836065573764,0.9469005291546088
1,"20MA, 50MA, MACD, Lower_BB, CCI, OBV",128,2,0.2,0.0001,64,60,1,50,"(16, 1)",Tanh,0.0325334087901206,5.02256856177594,0.626088695221029,51.66666666666667,0.8344231601240332
2,"20MA, 50MA, MACD, Lower_BB, CCI, OBV",16,2,0.7,0.0001,32,60,1,50,"(16, 1)",ReLU,0.036000530963917206,5.202805812889189,0.5421457313553433,50.0,0.9718068727761385
3,"20MA, 50MA, MACD, Lower_BB, CCI, OBV",64,2,0.2,0.0001,16,60,1,150,"(25, 1)",Sigmoid,0.031636329325561346,4.876543450615997,0.6464249342247008,58.333333333333336,0.7181481621672853
4,"20MA, 50MA, MACD, Lower_BB, CCI, OBV",64,2,0.30000000000000004,0.0001,32,60,1,150,"(16, 1)",ReLU,0.02608621620775535,3.9574657665066493,0.7596015660180404,64.16666666666667,0.949538981481637
5,"20MA, 50MA, MACD, Lower_BB, CCI, OBV",64,3,0.4,0.001,16,60,1,150,"(16, 1)",ReLU,0.3765642283469899,67.49553999602811,-49.09421542749557,0.0,1.0
6,"20MA, 50MA, MACD, Lower_BB, CCI, OBV",64,3,0.30000000000000004,0.0005,16,60,1,50,"(25, 1)",Tanh,0.09587295514630507,16.48733905380887,-2.2471450084600795,10.416666666666668,0.697155979266777
7,"20MA, 50MA, MACD, Lower_BB, CCI, OBV",64,3,0.6000000000000001,0.0005,16,60,1,50,"(25, 1)",Sigmoid,0.07653658823303348,10.830813755487858,-1.0694152866896354,26.25,1.2285814535051036
8,"20MA, 50MA, MACD, Lower_BB, CCI, OBV",128,3,0.6000000000000001,0.0005,16,60,1,50,"(25, 1)",Sigmoid,0.3541813596955957,63.34116889089889,-43.31603094837546,0.0,1.0
9,"20MA, 50MA, MACD, Lower_BB, CCI, OBV",16,2,0.2,0.001,64,60,1,100,"(25, 1)",Sigmoid,0.026653003399428457,3.9688404953139766,0.7490415839216535,66.66666666666666,0.9902283922487395
10,"20MA, 50MA, MACD, Lower_BB, CCI, OBV",32,2,0.4,0.0001,32,60,1,150,"(16, 1)",ReLU,0.026055557140251446,3.9885999685538494,0.7601663133585275,65.83333333333333,0.9130543535171004
11,"20MA, 50MA, MACD, Lower_BB, CCI, OBV",32,2,0.4,0.0001,32,60,1,150,"(16, 1)",ReLU,0.027637002067645907,4.152401096260894,0.7301693265208509,62.083333333333336,0.889859852415168
12,"20MA, 50MA, MACD, Lower_BB, CCI, OBV",32,2,0.4,0.0001,32,60,1,150,"(16, 1)",ReLU,0.028530765334620546,4.490369209295791,0.7124348195910684,57.08333333333333,0.7941685182213949
13,"20MA, 50MA, MACD, Lower_BB, CCI, OBV",32,2,0.30000000000000004,0.0001,32,60,1,150,"(16, 1)",ReLU,0.02605834108567496,4.001312627547162,0.7601150598343305,67.08333333333333,0.7518850258698785
14,"20MA, 50MA, MACD, Lower_BB, CCI, OBV",32,2,0.8,0.0001,32,60,1,150,"(16, 1)",ReLU,0.027582119130356207,4.1501157662309565,0.7312399488387498,63.33333333333333,0.9460915863826025
15,"20MA, 50MA, MACD, Lower_BB, CCI, OBV",32,2,0.5,0.0001,32,60,1,150,"(16, 1)",ReLU,0.027891965917551907,4.257874161456584,0.7251677413849288,60.0,0.9933143351775822
16,"20MA, 50MA, MACD, Lower_BB, CCI, OBV",32,2,0.30000000000000004,0.0001,32,60,1,100,"(16, 1)",Tanh,0.027088379269658347,4.051358240293337,0.7407758266723607,62.916666666666664,1.0198822404741774
17,"20MA, 50MA, MACD, Lower_BB, CCI, OBV",32,2,0.5,0.0001,64,60,1,150,"(16, 1)",ReLU,0.04989129502039621,7.8145199415015645,0.1206555856335596,35.833333333333336,0.6566368381368508
18,"20MA, 50MA, MACD, Lower_BB, CCI, OBV",32,2,0.4,0.001,32,60,1,150,"(16, 1)",ReLU,0.024356202341428747,3.702423537787857,0.7904302467946519,72.08333333333333,0.7785051947226012
19,"20MA, 50MA, MACD, Lower_BB, CCI, OBV",32,2,0.4,0.001,32,60,1,150,"(16, 1)",Tanh,0.019901615856269733,2.870108877966314,0.8600779582960826,82.08333333333333,1.0474137692526841
20,"20MA, 50MA, MACD, Lower_BB, CCI, OBV",16,3,0.5,0.001,64,60,1,100,"(16, 1)",Tanh,0.06838176578340095,9.826279072202453,-0.6519240558825263,25.833333333333336,1.1062249692828139
21,"20MA, 50MA, MACD, Lower_BB, CCI, OBV",32,2,0.4,0.001,32,60,1,150,"(16, 1)",Tanh,0.06328923308228153,10.831679000591429,-0.4150413191305118,17.916666666666668,0.7004818758243905
22,"20MA, 50MA, MACD, Lower_BB, CCI, OBV",32,2,0.5,0.001,32,60,1,150,"(16, 1)",Tanh,0.02185680348493512,3.199484917274262,0.8312348575395911,77.91666666666667,0.9301270710121989
23,"20MA, 50MA, MACD, Lower_BB, CCI, OBV",32,2,0.5,0.001,32,60,1,150,"(16, 1)",Tanh,0.022822104726120652,3.4539834565482175,0.815998720441222,75.41666666666667,0.8127730592431842
24,"20MA, 50MA, MACD, Lower_BB, CCI, OBV",32,2,0.6000000000000001,0.001,32,60,1,150,"(16, 1)",Tanh,0.01965265487304481,2.9562920986194228,0.863556795672789,83.75,0.7614505351223703
0,"20MA, 50MA, MACD, Lower_BB, CCI, OBV",64,3,0.6000000000000001,0.0001,64,60,30,100,"(25, 1)",Sigmoid,0.0548712032154119,8.357279597104785,-0.019721630612599128,33.33333333333333,1.1868012500855705
1,"20MA, 50MA, MACD, Lower_BB, CCI, OBV",16,3,0.5,0.0001,32,60,30,150,"(25, 1)",Tanh,0.055883604522840885,8.59715310399132,-0.05769751964017722,39.66244725738397,1.138576490747355
2,"20MA, 50MA, MACD, Lower_BB, CCI, OBV",64,3,0.5,0.0001,32,60,30,150,"(16, 1)",ReLU,0.06332017606104279,9.942348910410939,-0.3579284653625796,33.755274261603375,1.0256289813787451
3,"20MA, 50MA, MACD, Lower_BB, CCI, OBV",32,2,0.2,0.001,64,60,30,150,"(25, 1)",Sigmoid,0.059681575701044404,9.426994364458025,-0.20634971599379082,35.0210970464135,1.031771390332512
4,"20MA, 50MA, MACD, Lower_BB, CCI, OBV",16,2,0.30000000000000004,0.0005,64,60,30,100,"(25, 1)",ReLU,0.0680335252708857,10.799391128987313,-0.5676121296259875,34.59915611814346,0.9767907905725968
5,"20MA, 50MA, MACD, Lower_BB, CCI, OBV",128,3,0.6000000000000001,0.0005,64,60,30,150,"(16, 1)",Tanh,0.058012615466638086,8.47625145491837,-0.13982336811901463,32.48945147679325,1.2646631033780005
6,"20MA, 50MA, MACD, Lower_BB, CCI, OBV",64,2,0.2,0.0001,16,60,30,100,"(25, 1)",ReLU,0.05473920275283312,8.255316637053994,-0.014821361805458233,33.33333333333333,1.1294112376221426
7,"20MA, 50MA, MACD, Lower_BB, CCI, OBV",32,3,0.30000000000000004,0.001,16,60,30,50,"(16, 1)",ReLU,0.06973304348158348,10.933512053663705,-0.646910147005151,28.691983122362867,1.0899041454511509
8,"20MA, 50MA, MACD, Lower_BB, CCI, OBV",64,3,0.30000000000000004,0.0001,64,60,30,50,"(16, 1)",Sigmoid,0.06324039029079277,9.147187563142898,-0.3545085408785513,32.91139240506329,1.302475447426359
9,"20MA, 50MA, MACD, Lower_BB, CCI, OBV",32,2,0.6000000000000001,0.0001,64,60,30,100,"(25, 1)",ReLU,0.05480018344375494,8.382800557302998,-0.01708368843979513,41.77215189873418,1.3053356379297605
10,"20MA, 50MA, MACD, Lower_BB, CCI, OBV",128,2,0.8,0.0005,16,60,30,100,"(25, 1)",ReLU,0.08024736834851959,13.282526802600325,-1.1809929546619609,19.40928270042194,0.8013053709622819
11,"20MA, 50MA, MACD, Lower_BB, CCI, OBV",32,2,0.8,0.0001,16,60,30,100,"(25, 1)",ReLU,0.054629484252801105,8.258998835166901,-0.010757251144037694,35.0210970464135,1.321021445375167
12,"20MA, 50MA, MACD, Lower_BB, CCI, OBV",64,2,0.8,0.0001,16,60,30,100,"(25, 1)",ReLU,0.07719518827508777,12.540460990568281,-1.0182414730575755,28.691983122362867,0.9296295063772241
13,"20MA, 50MA, MACD, Lower_BB, CCI, OBV",32,2,0.7,0.0001,16,60,30,100,"(25, 1)",ReLU,0.05972443496496389,9.274346648806448,-0.2080829753837723,39.24050632911392,1.0860865717036798
14,"20MA, 50MA, MACD, Lower_BB, CCI, OBV",32,2,0.4,0.0001,16,60,30,100,"(25, 1)",ReLU,0.09700278420138182,16.205683972040905,-2.186845903467619,19.831223628691983,0.9616340146550185
15,"20MA, 50MA, MACD, Lower_BB, CCI, OBV",64,2,0.2,0.001,16,60,30,100,"(25, 1)",Tanh,0.06784656011098145,11.098541565215424,-0.5590079560871706,24.47257383966245,0.8898807868898578
16,"20MA, 50MA, MACD, Lower_BB, CCI, OBV",128,2,0.4,0.0001,16,60,30,50,"(25, 1)",ReLU,0.06698049678333637,10.601819044663504,-0.5194604256822042,29.957805907172997,0.9984269100821151
17,"20MA, 50MA, MACD, Lower_BB, CCI, OBV",16,2,0.7,0.0001,16,60,30,100,"(25, 1)",ReLU,0.05592433233148045,8.55585550879785,-0.05923977519074519,38.81856540084388,1.1996260160477104
18,"20MA, 50MA, MACD, Lower_BB, CCI, OBV",64,2,0.4,0.001,32,60,30,100,"(16, 1)",Sigmoid,0.05788610911465602,9.346513500345871,-0.13485763181057542,30.37974683544304,1.246317827811807
19,"20MA, 50MA, MACD, Lower_BB, CCI, OBV",32,2,0.7,0.0005,16,60,30,50,"(25, 1)",Tanh,0.07148731375864026,11.690670058775309,-0.7308148830791819,21.09704641350211,0.8947173597407347
20,"20MA, 50MA, MACD, Lower_BB, CCI, OBV",32,2,0.8,0.0001,16,60,30,100,"(25, 1)",ReLU,0.10389442851707649,17.542770706923807,-2.65575583485563,17.29957805907173,0.9047103901907896
21,"20MA, 50MA, MACD, Lower_BB, CCI, OBV",32,2,0.6000000000000001,0.0001,64,60,30,100,"(25, 1)",ReLU,0.058283457713305446,8.577842195308534,-0.15049114989771062,29.535864978902953,1.274718622381679
22,"20MA, 50MA, MACD, Lower_BB, CCI, OBV",32,2,0.7,0.0001,64,60,30,100,"(25, 1)",ReLU,0.05821964765763922,9.141343686759583,-0.14797336114123838,37.130801687763714,1.1910833969831642
23,"20MA, 50MA, MACD, Lower_BB, CCI, OBV",32,2,0.6000000000000001,0.0001,32,60,30,100,"(25, 1)",ReLU,0.057681714643902406,8.707924721783115,-0.12685747051490126,38.81856540084388,1.0942610105062243
24,"20MA, 50MA, MACD, Lower_BB, CCI, OBV",32,2,0.5,0.0001,16,60,30,100,"(25, 1)",ReLU,0.05845230410517748,8.759413035659293,-0.15716672015678435,28.691983122362867,1.3545198816306219
0,"20MA, 50MA, MACD, Lower_BB, ATR, Williams_%R",32,3,0.6000000000000001,0.001,64,60,1,50,"(25, 1)",Tanh,0.08152042378048976,11.771699719856654,-1.347698446665381,20.833333333333336,1.0751995700534795
1,"20MA, 50MA, MACD, Lower_BB, ATR, Williams_%R",16,2,0.5,0.0005,16,60,1,100,"(25, 1)",ReLU,0.04638890964535787,7.2561741661038734,0.2397826366039706,29.583333333333332,0.7215726324743935
2,"20MA, 50MA, MACD, Lower_BB, ATR, Williams_%R",64,3,0.5,0.0001,32,60,1,150,"(16, 1)",Sigmoid,0.036078956746051,5.403932199354929,0.5401487224332898,52.916666666666664,0.7481566027357536
3,"20MA, 50MA, MACD, Lower_BB, ATR, Williams_%R",16,2,0.8,0.0001,64,60,1,150,"(16, 1)",ReLU,0.02662528272356178,4.1347983947941955,0.7495633351928436,64.16666666666667,0.7773841525125059
4,"20MA, 50MA, MACD, Lower_BB, ATR, Williams_%R",32,2,0.2,0.001,64,60,1,150,"(16, 1)",ReLU,0.03734995677180257,6.055503009948281,0.5071784817963992,37.083333333333336,1.0
5,"20MA, 50MA, MACD, Lower_BB, ATR, Williams_%R",16,3,0.8,0.0001,64,60,1,100,"(16, 1)",Sigmoid,0.10357102263152154,15.69807104076196,-2.789535536393052,10.416666666666668,1.0128765926080483
6,"20MA, 50MA, MACD, Lower_BB, ATR, Williams_%R",32,2,0.2,0.0001,64,60,1,50,"(25, 1)",Sigmoid,0.09690507089151153,14.479263484494679,-2.317435306961043,13.333333333333334,1.044666104125071
7,"20MA, 50MA, MACD, Lower_BB, ATR, Williams_%R",16,3,0.5,0.001,64,60,1,50,"(16, 1)",Tanh,0.049080287136527206,7.019198424293492,0.14901159063357639,39.166666666666664,1.099392605457752
8,"20MA, 50MA, MACD, Lower_BB, ATR, Williams_%R",16,2,0.7,0.0005,16,60,1,50,"(16, 1)",Tanh,0.04660005039568957,7.422693964280215,0.2328465755617657,44.166666666666664,0.8993638219148196
9,"20MA, 50MA, MACD, Lower_BB, ATR, Williams_%R",128,2,0.5,0.0005,16,60,1,150,"(25, 1)",Sigmoid,0.37200555983413663,66.65003080433478,-47.8886805935559,0.0,1.0
10,"20MA, 50MA, MACD, Lower_BB, ATR, Williams_%R",64,2,0.8,0.0001,32,60,1,150,"(16, 1)",ReLU,0.03212899640573218,4.916783689904383,0.6353268611096707,59.166666666666664,0.8939030429709944
11,"20MA, 50MA, MACD, Lower_BB, ATR, Williams_%R",64,2,0.8,0.0001,32,60,1,150,"(16, 1)",ReLU,0.02674580592705599,4.027564084365493,0.7472909278525253,69.16666666666667,0.8401985634500515
12,"20MA, 50MA, MACD, Lower_BB, ATR, Williams_%R",64,2,0.7,0.0001,32,60,1,150,"(16, 1)",ReLU,0.022751619583344367,3.370371861832392,0.8171335262753896,78.75,0.9024941071974301
13,"20MA, 50MA, MACD, Lower_BB, ATR, Williams_%R",128,2,0.7,0.0001,32,60,1,150,"(16, 1)",ReLU,0.022446266429534366,3.3465539282246133,0.822009147823243,78.33333333333333,0.8360081108464866
14,"20MA, 50MA, MACD, Lower_BB, ATR, Williams_%R",128,2,0.6000000000000001,0.0001,32,60,1,150,"(16, 1)",ReLU,0.03895374760061613,6.003097036487555,0.46394673304042733,49.583333333333336,0.7609403820226729
15,"20MA, 50MA, MACD, Lower_BB, ATR, Williams_%R",128,2,0.7,0.0001,32,60,1,150,"(16, 1)",ReLU,0.031810447441451756,4.761547727715996,0.6425222539061595,57.08333333333333,0.7736740843701021
16,"20MA, 50MA, MACD, Lower_BB, ATR, Williams_%R",128,2,0.30000000000000004,0.0001,32,60,1,100,"(16, 1)",ReLU,0.049268329684070876,7.877998449056148,0.14247827202412222,32.5,0.7385095969378509
17,"20MA, 50MA, MACD, Lower_BB, ATR, Williams_%R",64,3,0.7,0.0001,32,60,1,150,"(16, 1)",ReLU,0.030696636415971913,4.81749765291447,0.6671174452793793,53.75,0.7586840911434188
18,"20MA, 50MA, MACD, Lower_BB, ATR, Williams_%R",64,2,0.6000000000000001,0.001,32,60,1,150,"(25, 1)",ReLU,0.01904387720698414,2.8363501034195533,0.871879035224113,87.08333333333333,0.9600699409633268
19,"20MA, 50MA, MACD, Lower_BB, ATR, Williams_%R",128,2,0.4,0.001,32,60,1,100,"(25, 1)",Tanh,0.0280099785154871,3.97076792698786,0.7228371574927261,65.41666666666667,0.91652573023315
20,"20MA, 50MA, MACD, Lower_BB, ATR, Williams_%R",128,3,0.6000000000000001,0.001,32,60,1,150,"(25, 1)",ReLU,0.3668763027731443,65.6997209210547,-46.54980900331122,0.0,1.0
21,"20MA, 50MA, MACD, Lower_BB, ATR, Williams_%R",64,2,0.7,0.001,32,60,1,150,"(25, 1)",ReLU,0.027959290805945627,4.281151937001117,0.7238393744795386,69.58333333333333,0.8225131279499683
22,"20MA, 50MA, MACD, Lower_BB, ATR, Williams_%R",64,2,0.6000000000000001,0.001,32,60,1,150,"(25, 1)",ReLU,0.017864368701861262,2.6404589477307896,0.8872582420526449,85.41666666666666,0.9069373547240881
23,"20MA, 50MA, MACD, Lower_BB, ATR, Williams_%R",64,2,0.6000000000000001,0.001,32,60,1,150,"(25, 1)",ReLU,0.02551867068244072,4.008092529012015,0.7699482453548665,69.16666666666667,1.0673842560145461
24,"20MA, 50MA, MACD, Lower_BB, ATR, Williams_%R",64,2,0.4,0.001,32,60,1,150,"(25, 1)",ReLU,0.022348904779842603,3.387978797117001,0.8235498850645057,76.25,0.7029591253868785
0,"20MA, 50MA, MACD, Lower_BB, ATR, Williams_%R",16,3,0.30000000000000004,0.001,64,60,30,50,"(16, 1)",Tanh,0.08106515129064343,11.564294947592874,-1.2256714755444227,21.940928270042196,1.1184543300070908
1,"20MA, 50MA, MACD, Lower_BB, ATR, Williams_%R",16,3,0.8,0.001,64,60,30,100,"(25, 1)",Tanh,0.0863640377281065,12.353429978338685,-1.526146549315503,20.675105485232066,1.0079350271628986
2,"20MA, 50MA, MACD, Lower_BB, ATR, Williams_%R",32,2,0.5,0.001,64,60,30,100,"(25, 1)",Sigmoid,0.0538427426468908,8.219621354932713,0.018145776539821634,39.24050632911392,1.1584405184650313
3,"20MA, 50MA, MACD, Lower_BB, ATR, Williams_%R",32,2,0.5,0.001,16,60,30,50,"(25, 1)",ReLU,0.0750172141559288,12.315559162364217,-0.9059632785970908,22.362869198312236,0.8069830374120588
4,"20MA, 50MA, MACD, Lower_BB, ATR, Williams_%R",64,3,0.4,0.001,16,60,30,150,"(25, 1)",Tanh,0.10318313319215865,15.537358261677825,-2.6058701818381986,10.970464135021098,1.013751199260931
5,"20MA, 50MA, MACD, Lower_BB, ATR, Williams_%R",32,3,0.5,0.001,32,60,30,50,"(16, 1)",ReLU,0.07298576665123652,11.945781043541398,-0.8041349228662562,28.270042194092827,0.8737271947579617
6,"20MA, 50MA, MACD, Lower_BB, ATR, Williams_%R",128,2,0.5,0.001,16,60,30,150,"(25, 1)",ReLU,0.37117834059945065,66.9444720727058,-45.66141628053411,0.0,1.0
7,"20MA, 50MA, MACD, Lower_BB, ATR, Williams_%R",64,3,0.4,0.001,32,60,30,150,"(16, 1)",Tanh,0.07301335998006173,12.030905628443888,-0.8054993395430108,19.831223628691983,0.9389825659653481
8,"20MA, 50MA, MACD, Lower_BB, ATR, Williams_%R",32,2,0.30000000000000004,0.0001,16,60,30,100,"(16, 1)",Sigmoid,0.0640303854981142,10.373956745259386,-0.3885607908420534,30.37974683544304,1.2213472480321945
9,"20MA, 50MA, MACD, Lower_BB, ATR, Williams_%R",128,3,0.2,0.0001,16,60,30,100,"(16, 1)",ReLU,0.08359085745563484,13.487236942111094,-1.366520250165625,29.957805907172997,0.9433302352388017
10,"20MA, 50MA, MACD, Lower_BB, ATR, Williams_%R",32,2,0.7,0.0005,64,60,30,100,"(25, 1)",Sigmoid,0.056480579636139956,8.655461235344122,-0.08041587007101647,38.39662447257383,1.2840659406143813
11,"20MA, 50MA, MACD, Lower_BB, ATR, Williams_%R",32,2,0.7,0.0005,64,60,30,100,"(25, 1)",Sigmoid,0.054773715126928975,8.255677628376668,-0.016101429244446797,33.33333333333333,1.2136876108067183
12,"20MA, 50MA, MACD, Lower_BB, ATR, Williams_%R",32,2,0.7,0.0005,64,60,30,100,"(25, 1)",Sigmoid,0.059198168283000806,8.645002095705518,-0.18688653432284075,27.004219409282697,1.248057034069687
13,"20MA, 50MA, MACD, Lower_BB, ATR, Williams_%R",32,2,0.7,0.0005,64,60,30,100,"(25, 1)",Sigmoid,0.05499049338422433,8.886776268916753,-0.02416020619320869,31.223628691983123,1.0282049966614997
14,"20MA, 50MA, MACD, Lower_BB, ATR, Williams_%R",32,2,0.6000000000000001,0.0005,64,60,30,100,"(25, 1)",Sigmoid,0.05562346703976781,8.365359904450125,-0.047873301229054865,34.59915611814346,1.140849934465697
15,"20MA, 50MA, MACD, Lower_BB, ATR, Williams_%R",32,2,0.6000000000000001,0.0005,64,60,30,100,"(25, 1)",Sigmoid,0.05277613833443398,8.02626780009458,0.05666079586498263,40.08438818565401,1.0817277406156043
16,"20MA, 50MA, MACD, Lower_BB, ATR, Williams_%R",64,2,0.6000000000000001,0.0001,64,60,30,100,"(25, 1)",Sigmoid,0.05380078992483061,8.21983569646659,0.01967524579471913,34.59915611814346,1.193137732551282
17,"20MA, 50MA, MACD, Lower_BB, ATR, Williams_%R",64,2,0.6000000000000001,0.0001,32,60,30,100,"(25, 1)",Sigmoid,0.06988497614652675,11.39068854236391,-0.6540944608134682,28.270042194092827,1.0950750962308702
18,"20MA, 50MA, MACD, Lower_BB, ATR, Williams_%R",64,2,0.6000000000000001,0.0001,64,60,30,150,"(25, 1)",Sigmoid,0.06450887819424184,10.57607937962172,-0.4093914870624098,27.42616033755274,1.2751098762106576
19,"20MA, 50MA, MACD, Lower_BB, ATR, Williams_%R",64,2,0.8,0.0001,64,60,30,50,"(25, 1)",Sigmoid,0.078760844409458,11.17429474455213,-1.1009387534552206,22.362869198312236,1.2560495333251247
20,"20MA, 50MA, MACD, Lower_BB, ATR, Williams_%R",128,2,0.6000000000000001,0.0005,32,60,30,100,"(25, 1)",Sigmoid,0.05559282600735838,8.205440358021145,-0.04671914533319432,42.616033755274266,1.3283189893514424
21,"20MA, 50MA, MACD, Lower_BB, ATR, Williams_%R",16,2,0.4,0.0001,64,60,30,100,"(25, 1)",Sigmoid,0.08555113217941235,12.302543809505785,-1.4788154105502227,20.253164556962027,1.1689909299379255
22,"20MA, 50MA, MACD, Lower_BB, ATR, Williams_%R",64,2,0.5,0.0001,64,60,30,100,"(25, 1)",Sigmoid,0.057657726358860815,9.140606219532499,-0.12592040553489614,35.86497890295359,1.2313140853368347
23,"20MA, 50MA, MACD, Lower_BB, ATR, Williams_%R",32,2,0.6000000000000001,0.0005,64,60,30,100,"(25, 1)",Sigmoid,0.056285570661127576,8.298789064388032,-0.07296810414665056,30.37974683544304,1.4198270852496717
24,"20MA, 50MA, MACD, Lower_BB, ATR, Williams_%R",32,2,0.5,0.0005,64,60,30,100,"(25, 1)",Sigmoid,0.05528952182699012,8.309668890382913,-0.03532888962330882,39.66244725738397,1.3063865582415335
0,"20MA, 50MA, MACD, Lower_BB, ATR, OBV",16,3,0.6000000000000001,0.0001,32,60,1,100,"(16, 1)",ReLU,0.040325778371628825,6.32693922630536,0.42551992139798045,42.916666666666664,0.7040041412834985
1,"20MA, 50MA, MACD, Lower_BB, ATR, OBV",64,2,0.2,0.001,64,60,1,150,"(16, 1)",Sigmoid,0.030369630537011215,4.598886251513177,0.6741719477148382,60.0,0.8294931485538293
2,"20MA, 50MA, MACD, Lower_BB, ATR, OBV",16,2,0.2,0.001,32,60,1,150,"(25, 1)",Sigmoid,0.031946818381770284,5.067405058505328,0.6394506799623177,54.58333333333333,0.759964613750615
3,"20MA, 50MA, MACD, Lower_BB, ATR, OBV",16,3,0.2,0.0001,32,60,1,50,"(16, 1)",Sigmoid,0.0823044436215885,11.793462105584593,-1.3930734148839727,21.666666666666668,1.163994960442791
4,"20MA, 50MA, MACD, Lower_BB, ATR, OBV",128,3,0.7,0.0005,64,60,1,150,"(16, 1)",Sigmoid,0.05151528800372408,6.941539315318209,0.062477456293948186,41.66666666666667,0.7218414030907564
5,"20MA, 50MA, MACD, Lower_BB, ATR, OBV",128,3,0.4,0.0005,64,60,1,50,"(16, 1)",Tanh,0.04420181516842339,6.9174041212131305,0.30977662377717974,44.166666666666664,0.9351926807111957
6,"20MA, 50MA, MACD, Lower_BB, ATR, OBV",32,2,0.5,0.001,32,60,1,50,"(25, 1)",Tanh,0.03722528698865744,5.737345827648922,0.5104629521102624,42.916666666666664,0.8271609729706546
7,"20MA, 50MA, MACD, Lower_BB, ATR, OBV",32,3,0.6000000000000001,0.0001,16,60,1,100,"(16, 1)",Tanh,0.051879521037054836,7.696250303828464,0.04917329438923279,42.916666666666664,0.9483682422190446
8,"20MA, 50MA, MACD, Lower_BB, ATR, OBV",32,3,0.30000000000000004,0.0005,32,60,1,150,"(16, 1)",ReLU,0.053608887330130126,8.242502224020441,-0.015273479909640564,27.916666666666668,0.8135192401436913
9,"20MA, 50MA, MACD, Lower_BB, ATR, OBV",16,2,0.6000000000000001,0.0001,32,60,1,150,"(16, 1)",Sigmoid,0.05348850740502482,8.580988248605236,-0.010718961830684437,34.166666666666664,0.8105062254089623
10,"20MA, 50MA, MACD, Lower_BB, ATR, OBV",64,2,0.8,0.001,64,60,1,150,"(25, 1)",Sigmoid,0.022798679482248296,3.281640221934204,0.8163762546612353,75.83333333333333,1.057732816191447
11,"20MA, 50MA, MACD, Lower_BB, ATR, OBV",64,2,0.8,0.001,64,60,1,150,"(25, 1)",Sigmoid,0.04335125666430151,6.615036728164653,0.33608445424237476,42.916666666666664,1.087161547955065
12,"20MA, 50MA, MACD, Lower_BB, ATR, OBV",64,2,0.8,0.001,64,60,1,150,"(25, 1)",Sigmoid,0.027499773517396735,4.312076663318684,0.7328423039735705,60.83333333333333,0.7290410129674324
13,"20MA, 50MA, MACD, Lower_BB, ATR, OBV",64,2,0.8,0.001,64,60,1,150,"(25, 1)",Sigmoid,0.03220934639172101,4.629207773700592,0.6335005904960795,61.25000000000001,1.1785511932443677
14,"20MA, 50MA, MACD, Lower_BB, ATR, OBV",64,2,0.8,0.001,16,60,1,150,"(25, 1)",Sigmoid,0.023861829393457518,3.5442298056172596,0.7988514400105622,75.0,0.7685862747894464
15,"20MA, 50MA, MACD, Lower_BB, ATR, OBV",64,2,0.7,0.001,16,60,1,100,"(25, 1)",ReLU,0.023070953805718372,3.473627459603977,0.8119641946492597,74.16666666666667,0.7011346094844968
16,"20MA, 50MA, MACD, Lower_BB, ATR, OBV",64,2,0.7,0.001,16,60,1,100,"(25, 1)",ReLU,0.03349046641446931,5.4751055880844435,0.6037659010984068,47.083333333333336,0.6927337802438351
17,"20MA, 50MA, MACD, Lower_BB, ATR, OBV",64,2,0.7,0.001,16,60,1,100,"(25, 1)",ReLU,0.01560432094407212,2.3078962287458906,0.9139800464768626,89.58333333333334,0.7963657730957531
18,"20MA, 50MA, MACD, Lower_BB, ATR, OBV",64,2,0.5,0.001,16,60,1,100,"(25, 1)",ReLU,0.10147254451473979,15.245752089132841,-2.6375297751579834,11.25,1.044666104125071
19,"20MA, 50MA, MACD, Lower_BB, ATR, OBV",128,2,0.7,0.0005,16,60,1,100,"(25, 1)",ReLU,0.02295465515338923,3.4773462788611216,0.8138551604774139,77.08333333333334,0.7896650025146105
20,"20MA, 50MA, MACD, Lower_BB, ATR, OBV",64,2,0.5,0.001,64,60,1,100,"(25, 1)",ReLU,0.04936769787105949,7.234371933484889,0.13901575119546972,34.583333333333336,1.192318674989669
21,"20MA, 50MA, MACD, Lower_BB, ATR, OBV",128,2,0.7,0.0005,16,60,1,100,"(25, 1)",ReLU,0.027352609063448205,4.054368725992964,0.7356940304976424,66.25,0.7480607442365806
22,"20MA, 50MA, MACD, Lower_BB, ATR, OBV",128,2,0.7,0.0005,16,60,1,100,"(25, 1)",ReLU,0.04301635740274833,6.915985099015839,0.34630265820940775,35.0,0.7488375285940164
23,"20MA, 50MA, MACD, Lower_BB, ATR, OBV",128,2,0.6000000000000001,0.0005,16,60,1,100,"(25, 1)",ReLU,0.02031433227259269,3.032478336111075,0.854214423440045,83.75,0.769601772645242
24,"20MA, 50MA, MACD, Lower_BB, ATR, OBV",128,2,0.6000000000000001,0.0005,16,60,1,100,"(25, 1)",ReLU,0.01572966744631928,2.305288072329621,0.9125925325432114,90.83333333333333,0.8443690374748041
0,"20MA, 50MA, MACD, Lower_BB, ATR, OBV",32,3,0.8,0.0005,16,60,30,100,"(16, 1)",ReLU,0.09396485974288368,15.578491848874132,-1.990360892596239,16.877637130801688,0.7670511158737743
1,"20MA, 50MA, MACD, Lower_BB, ATR, OBV",64,3,0.7,0.001,16,60,30,150,"(16, 1)",Sigmoid,0.3605265378938269,64.951086061453,-43.021733562301726,0.0,1.0
2,"20MA, 50MA, MACD, Lower_BB, ATR, OBV",64,3,0.4,0.0001,32,60,30,150,"(16, 1)",ReLU,0.07786649444054602,12.728757282366246,-1.053496235549784,30.801687763713083,0.8931304320479178
3,"20MA, 50MA, MACD, Lower_BB, ATR, OBV",32,3,0.30000000000000004,0.0005,64,60,30,150,"(25, 1)",Sigmoid,0.059216141834680845,9.78477815174606,-0.1876073608464779,24.050632911392405,0.963706177937139
4,"20MA, 50MA, MACD, Lower_BB, ATR, OBV",16,2,0.7,0.0001,64,60,30,50,"(16, 1)",Sigmoid,0.13034502688715816,20.94656146836402,-4.754155535334851,1.6877637130801686,1.0
5,"20MA, 50MA, MACD, Lower_BB, ATR, OBV",16,3,0.30000000000000004,0.0005,16,60,30,100,"(16, 1)",Sigmoid,0.10674967011588282,16.16587200289429,-2.859452924329148,10.970464135021098,1.013751199260931
6,"20MA, 50MA, MACD, Lower_BB, ATR, OBV",32,3,0.30000000000000004,0.0001,64,60,30,150,"(16, 1)",Sigmoid,0.20749334084302334,36.079354687321505,-13.58145934673904,0.0,1.0
7,"20MA, 50MA, MACD, Lower_BB, ATR, OBV",32,3,0.30000000000000004,0.0001,64,60,30,50,"(16, 1)",Sigmoid,0.1827356841877576,31.282838563395188,-10.30939549975079,0.0,1.0
8,"20MA, 50MA, MACD, Lower_BB, ATR, OBV",16,3,0.5,0.0001,64,60,30,150,"(16, 1)",ReLU,0.058735413324631815,9.555114572017597,-0.1684031610689276,29.11392405063291,1.0838293950917264
9,"20MA, 50MA, MACD, Lower_BB, ATR, OBV",16,2,0.7,0.0005,16,60,30,100,"(25, 1)",ReLU,0.07248793595385918,11.761902780871567,-0.779607109660249,28.691983122362867,0.8518176670462403
10,"20MA, 50MA, MACD, Lower_BB, ATR, OBV",128,2,0.5,0.001,32,60,30,150,"(25, 1)",Tanh,0.05804132811155556,8.579521819820044,-0.14095193101438808,38.81856540084388,1.4102642875569276
11,"20MA, 50MA, MACD, Lower_BB, ATR, OBV",128,2,0.5,0.001,32,60,30,150,"(25, 1)",Tanh,0.07352126991760619,10.414038797487388,-0.8307062516260049,29.11392405063291,1.2850630038412358
12,"20MA, 50MA, MACD, Lower_BB, ATR, OBV",128,2,0.5,0.001,32,60,30,150,"(25, 1)",Tanh,0.0648147942285669,9.371111536996754,-0.4227905039456883,27.848101265822784,1.0867103819896113
13,"20MA, 50MA, MACD, Lower_BB, ATR, OBV",128,2,0.6000000000000001,0.001,32,60,30,150,"(25, 1)",Tanh,0.06927934999536481,9.848276267767647,-0.6255497790420814,26.160337552742618,1.0362471258606223
14,"20MA, 50MA, MACD, Lower_BB, ATR, OBV",16,2,0.5,0.0001,64,60,30,150,"(25, 1)",ReLU,0.055872843904047294,8.36096522325285,-0.05729023080727247,31.645569620253166,1.246882936351312
15,"20MA, 50MA, MACD, Lower_BB, ATR, OBV",128,2,0.4,0.001,32,60,30,50,"(25, 1)",Tanh,0.059926541891152346,8.818168473916742,-0.2162730924682661,30.801687763713083,1.55784909969381
16,"20MA, 50MA, MACD, Lower_BB, ATR, OBV",128,2,0.6000000000000001,0.0001,64,60,30,150,"(25, 1)",ReLU,0.057640775947926555,8.446755452264307,-0.12525849916260157,32.06751054852321,1.3409830261327187
17,"20MA, 50MA, MACD, Lower_BB, ATR, OBV",16,2,0.6000000000000001,0.0001,64,60,30,150,"(25, 1)",ReLU,0.062316076692613895,8.991095029364962,-0.3152032428448124,29.535864978902953,1.3176042379321107
18,"20MA, 50MA, MACD, Lower_BB, ATR, OBV",64,2,0.6000000000000001,0.0001,64,60,30,50,"(25, 1)",ReLU,0.05598272889813989,8.335835881460552,-0.061453060849047336,32.91139240506329,1.2780525872161959
19,"20MA, 50MA, MACD, Lower_BB, ATR, OBV",64,2,0.2,0.0001,64,60,30,50,"(25, 1)",ReLU,0.06335553314266412,9.033430681062782,-0.3594453844644814,31.645569620253166,1.4269152196699677
20,"20MA, 50MA, MACD, Lower_BB, ATR, OBV",64,2,0.4,0.0001,64,60,30,50,"(25, 1)",ReLU,0.053869865877801654,8.190299159516542,0.017156311100298693,36.28691983122363,1.179174832535124
21,"20MA, 50MA, MACD, Lower_BB, ATR, OBV",64,2,0.4,0.0001,64,60,30,50,"(25, 1)",ReLU,0.06615574898225812,9.400511088301327,-0.4822717992915986,29.535864978902953,1.3470640107393725
22,"20MA, 50MA, MACD, Lower_BB, ATR, OBV",64,2,0.6000000000000001,0.0001,64,60,30,50,"(25, 1)",ReLU,0.0587305517123787,8.527873676978635,-0.1682097483484315,32.91139240506329,1.324054435157677
23,"20MA, 50MA, MACD, Lower_BB, ATR, OBV",64,2,0.4,0.0001,64,60,30,50,"(25, 1)",ReLU,0.06027429439768814,9.595541665842168,-0.23043006609467254,34.177215189873415,1.116244717747964
24,"20MA, 50MA, MACD, Lower_BB, ATR, OBV",64,2,0.5,0.0001,64,60,30,50,"(25, 1)",ReLU,0.05635500230984692,8.99811044914835,-0.07561687868954436,33.33333333333333,1.1724833351246282
0,"20MA, 50MA, MACD, Lower_BB, Williams_%R, OBV",16,2,0.8,0.0001,32,60,1,50,"(16, 1)",Tanh,0.03223731865700879,4.610953512758418,0.6328637399253788,59.166666666666664,1.0276368038769512
1,"20MA, 50MA, MACD, Lower_BB, Williams_%R, OBV",128,2,0.7,0.001,16,60,1,100,"(16, 1)",ReLU,0.37465091695190944,67.14062783635846,-48.58645430136571,0.0,1.0
2,"20MA, 50MA, MACD, Lower_BB, Williams_%R, OBV",32,2,0.30000000000000004,0.0005,32,60,1,50,"(16, 1)",Sigmoid,0.02865547001998643,4.348040077903362,0.7099154972755788,64.16666666666667,0.7314126212066174
3,"20MA, 50MA, MACD, Lower_BB, Williams_%R, OBV",64,2,0.4,0.0001,32,60,1,50,"(16, 1)",Sigmoid,0.379950116925997,68.12795970205214,-49.99911271300758,0.0,1.0
4,"20MA, 50MA, MACD, Lower_BB, Williams_%R, OBV",128,3,0.6000000000000001,0.0005,16,60,1,150,"(16, 1)",Tanh,0.03413313125937503,4.91029763339291,0.5884129356985257,58.333333333333336,0.8108657700423657
5,"20MA, 50MA, MACD, Lower_BB, Williams_%R, OBV",16,2,0.2,0.0005,64,60,1,100,"(16, 1)",Tanh,0.022076627012734756,3.113342613818184,0.8278230954071649,77.5,1.3601404798079346
6,"20MA, 50MA, MACD, Lower_BB, Williams_%R, OBV",16,2,0.7,0.0005,16,60,1,100,"(16, 1)",ReLU,0.02400590231887466,3.5393665749622474,0.7964151180595186,77.5,0.9568603305158445
7,"20MA, 50MA, MACD, Lower_BB, Williams_%R, OBV",16,2,0.30000000000000004,0.001,32,60,1,150,"(25, 1)",Tanh,0.025004951355813113,3.7206877716525275,0.7791174113998404,70.0,0.9031945063571724
8,"20MA, 50MA, MACD, Lower_BB, Williams_%R, OBV",64,2,0.2,0.001,32,60,1,50,"(25, 1)",ReLU,0.032115854107417546,4.905383806753017,0.6356251376513851,56.666666666666664,0.7369711583309144
9,"20MA, 50MA, MACD, Lower_BB, Williams_%R, OBV",32,2,0.30000000000000004,0.0001,32,60,1,50,"(25, 1)",Sigmoid,0.037651492363303854,5.417763490750006,0.4991890169347235,47.91666666666667,1.1128010619026072
10,"20MA, 50MA, MACD, Lower_BB, Williams_%R, OBV",16,3,0.5,0.0005,64,60,1,100,"(25, 1)",Tanh,0.03766105875810362,5.558598281051665,0.4989344950594845,47.5,1.0700179316500085
11,"20MA, 50MA, MACD, Lower_BB, Williams_%R, OBV",16,3,0.6000000000000001,0.0005,64,60,1,100,"(16, 1)",ReLU,0.04181189055430454,6.16914478160632,0.3823974718191119,38.75,1.3321709475795684
12,"20MA, 50MA, MACD, Lower_BB, Williams_%R, OBV",16,2,0.8,0.0005,64,60,1,100,"(16, 1)",ReLU,0.04218033818672291,6.443143781056724,0.37146484985817896,37.083333333333336,1.0245128142838837
13,"20MA, 50MA, MACD, Lower_BB, Williams_%R, OBV",16,2,0.5,0.0005,16,60,1,100,"(16, 1)",Tanh,0.02288284353383964,3.383813753458842,0.8150180141991535,76.25,0.9172326760097296
14,"20MA, 50MA, MACD, Lower_BB, Williams_%R, OBV",16,3,0.2,0.0005,64,60,1,100,"(16, 1)",Tanh,0.027655271831048947,4.010969197706838,0.7298124591599655,67.91666666666667,0.9658187824290655
15,"20MA, 50MA, MACD, Lower_BB, Williams_%R, OBV",16,2,0.5,0.0005,16,60,1,100,"(16, 1)",Tanh,0.031207753848300275,4.8061308011501955,0.65593976716563,61.66666666666667,0.8600422654371438
16,"20MA, 50MA, MACD, Lower_BB, Williams_%R, OBV",64,2,0.4,0.0005,16,60,1,100,"(16, 1)",Tanh,0.027378352515124167,4.22287616266055,0.7351962827422232,67.08333333333333,0.715020254023634
17,"20MA, 50MA, MACD, Lower_BB, Williams_%R, OBV",128,3,0.4,0.0005,64,60,1,150,"(16, 1)",Tanh,0.04678310966533384,6.992165662858911,0.22680750996676458,29.166666666666668,1.1070158327301345
18,"20MA, 50MA, MACD, Lower_BB, Williams_%R, OBV",32,2,0.2,0.0001,64,60,1,100,"(25, 1)",Tanh,0.02892222713607364,4.222795090900305,0.7044894976433306,64.16666666666667,1.087186059620047
19,"20MA, 50MA, MACD, Lower_BB, Williams_%R, OBV",16,2,0.5,0.001,16,60,1,100,"(16, 1)",Tanh,0.0508730385822823,7.6350667236068235,0.08570822720304694,42.083333333333336,0.7897569071898515
20,"20MA, 50MA, MACD, Lower_BB, Williams_%R, OBV",16,3,0.6000000000000001,0.0005,64,60,1,150,"(16, 1)",Sigmoid,0.03356826487024173,4.853359766680895,0.6019228568392532,56.25,1.0389431317040583
21,"20MA, 50MA, MACD, Lower_BB, Williams_%R, OBV",16,2,0.7,0.0005,16,60,1,100,"(16, 1)",ReLU,0.023746488188208535,3.612437918768617,0.8007913285389366,76.66666666666667,0.7067007994551248
22,"20MA, 50MA, MACD, Lower_BB, Williams_%R, OBV",16,2,0.7,0.0005,16,60,1,100,"(16, 1)",ReLU,0.0207302625770422,3.122365992374689,0.8481834697680729,81.25,0.8175008360994876
23,"20MA, 50MA, MACD, Lower_BB, Williams_%R, OBV",16,2,0.6000000000000001,0.0005,16,60,1,100,"(16, 1)",ReLU,0.019218330056208304,2.817970704794083,0.8695209606144798,85.0,0.9040154278777347
24,"20MA, 50MA, MACD, Lower_BB, Williams_%R, OBV",16,2,0.7,0.0005,16,60,1,100,"(16, 1)",ReLU,0.03214690135945239,4.723290568477367,0.6349202953414331,60.0,0.7594433072644154
0,"20MA, 50MA, MACD, Lower_BB, Williams_%R, OBV",32,3,0.2,0.0005,32,60,30,100,"(25, 1)",Tanh,0.08865178365433277,14.60109524823475,-1.6617521934587005,25.31645569620253,0.9910691330274954
1,"20MA, 50MA, MACD, Lower_BB, Williams_%R, OBV",64,3,0.30000000000000004,0.001,16,60,30,150,"(16, 1)",ReLU,0.33391071807990197,59.96393934306514,-36.761860526596536,0.0,1.0
2,"20MA, 50MA, MACD, Lower_BB, Williams_%R, OBV",16,3,0.7,0.001,32,60,30,100,"(25, 1)",Tanh,0.06274263028438713,9.878518107130658,-0.3332699997944846,33.755274261603375,1.071363556916391
3,"20MA, 50MA, MACD, Lower_BB, Williams_%R, OBV",64,3,0.4,0.001,32,60,30,100,"(25, 1)",ReLU,0.07858600056559363,12.615204689287024,-1.0916212180951916,31.645569620253166,0.9509775452567035
4,"20MA, 50MA, MACD, Lower_BB, Williams_%R, OBV",128,2,0.30000000000000004,0.0005,32,60,30,100,"(16, 1)",ReLU,0.056796449819349316,8.595371373399614,-0.09253421050529242,40.50632911392405,1.1041949501078177
5,"20MA, 50MA, MACD, Lower_BB, Williams_%R, OBV",16,2,0.2,0.0005,32,60,30,100,"(25, 1)",Sigmoid,0.08859707688497111,14.62644461090948,-1.658468087312778,27.004219409282697,0.9804134431925918
6,"20MA, 50MA, MACD, Lower_BB, Williams_%R, OBV",16,3,0.30000000000000004,0.0005,16,60,30,100,"(25, 1)",Tanh,0.0929638772684316,15.683126455411129,-1.9269892141065559,15.18987341772152,0.8621057433755955
7,"20MA, 50MA, MACD, Lower_BB, Williams_%R, OBV",32,2,0.30000000000000004,0.0005,64,60,30,150,"(25, 1)",Sigmoid,0.09709838444466531,16.221373493763224,-2.193130534888913,20.253164556962027,0.8870320823553886
8,"20MA, 50MA, MACD, Lower_BB, Williams_%R, OBV",128,3,0.7,0.0005,32,60,30,150,"(16, 1)",Tanh,0.05521974080124979,7.879725573222866,-0.032717157114253714,46.835443037974684,1.0946983963166537
9,"20MA, 50MA, MACD, Lower_BB, Williams_%R, OBV",64,3,0.7,0.0005,64,60,30,50,"(16, 1)",Sigmoid,0.06727596046555372,9.46510583279994,-0.532895248819691,30.801687763713083,1.3665110686807105
10,"20MA, 50MA, MACD, Lower_BB, Williams_%R, OBV",128,2,0.8,0.0001,16,60,30,150,"(16, 1)",Tanh,0.07219216801580176,11.644695848364842,-0.7651143005966232,24.47257383966245,0.8429615564637528
11,"20MA, 50MA, MACD, Lower_BB, Williams_%R, OBV",128,2,0.5,0.0001,32,60,30,50,"(16, 1)",ReLU,0.06764991254303024,11.003474876777037,-0.5499837452404861,29.957805907172997,0.9471505046194703
12,"20MA, 50MA, MACD, Lower_BB, Williams_%R, OBV",128,2,0.5,0.0005,32,60,30,150,"(16, 1)",ReLU,0.07665151336969633,12.579404667241104,-0.9899131972528843,21.09704641350211,0.8891238830401426
13,"20MA, 50MA, MACD, Lower_BB, Williams_%R, OBV",128,2,0.6000000000000001,0.0005,32,60,30,150,"(16, 1)",Tanh,0.0582211592404046,8.675344008584217,-0.14803297260727288,45.56962025316456,1.029877178755304
14,"20MA, 50MA, MACD, Lower_BB, Williams_%R, OBV",128,3,0.8,0.0005,32,60,30,50,"(16, 1)",ReLU,0.08342614213697451,11.919536157487308,-1.357203009081942,22.362869198312236,1.1573296492946428
15,"20MA, 50MA, MACD, Lower_BB, Williams_%R, OBV",128,2,0.6000000000000001,0.0001,64,60,30,100,"(16, 1)",Tanh,0.05277968606663332,7.83071403483487,0.05653396478328798,43.459915611814345,1.1599086227659547
16,"20MA, 50MA, MACD, Lower_BB, Williams_%R, OBV",128,2,0.6000000000000001,0.0001,64,60,30,150,"(16, 1)",Tanh,0.06818177206109463,10.704198312134691,-0.5744513066709687,32.48945147679325,0.9438056562653242
17,"20MA, 50MA, MACD, Lower_BB, Williams_%R, OBV",128,3,0.7,0.0001,64,60,30,150,"(16, 1)",Tanh,0.05512689935922718,8.44117674645467,-0.029247443290480568,41.35021097046413,1.272588869824923
18,"20MA, 50MA, MACD, Lower_BB, Williams_%R, OBV",32,2,0.6000000000000001,0.0001,64,60,30,100,"(16, 1)",Tanh,0.054442806540933,8.164844879590598,-0.0038612143769922724,31.645569620253166,1.2453606074352157
19,"20MA, 50MA, MACD, Lower_BB, Williams_%R, OBV",32,2,0.6000000000000001,0.0001,64,60,30,100,"(16, 1)",Tanh,0.05325127639412393,8.112081488814145,0.039598767614410835,36.708860759493675,1.2368865739031476
20,"20MA, 50MA, MACD, Lower_BB, Williams_%R, OBV",32,2,0.4,0.0001,64,60,30,100,"(16, 1)",Tanh,0.052842535672497026,8.026026527365143,0.05428568413788992,38.39662447257383,1.0789987596875463
21,"20MA, 50MA, MACD, Lower_BB, Williams_%R, OBV",32,2,0.4,0.0001,64,60,30,100,"(16, 1)",Tanh,0.05610360052109644,8.338038354992946,-0.06604154953766317,32.48945147679325,1.2621279852334597
22,"20MA, 50MA, MACD, Lower_BB, Williams_%R, OBV",32,2,0.4,0.0001,64,60,30,100,"(16, 1)",Tanh,0.05296005764667269,8.156590887152484,0.05007446291939743,39.66244725738397,1.0763059764550909
23,"20MA, 50MA, MACD, Lower_BB, Williams_%R, OBV",32,2,0.4,0.0001,64,60,30,100,"(16, 1)",Tanh,0.0565370551105995,8.49228636616294,-0.08257758671808291,29.535864978902953,1.1699156758169462
24,"20MA, 50MA, MACD, Lower_BB, Williams_%R, OBV",32,2,0.5,0.0001,64,60,30,100,"(16, 1)",Tanh,0.05456237698625932,8.191023565902258,-0.008275532846030442,32.91139240506329,1.2594069496342621
0,"20MA, 50MA, MACD, CCI, ATR, Williams_%R",64,2,0.5,0.0001,32,60,1,100,"(16, 1)",Sigmoid,0.052241944483704984,7.688959734834968,0.03584219354496698,47.5,0.7191608247156186
1,"20MA, 50MA, MACD, CCI, ATR, Williams_%R",64,2,0.7,0.0001,32,60,1,100,"(16, 1)",Tanh,0.022073764511711273,3.2432487017835685,0.827867742138111,77.5,1.0722774151578698
2,"20MA, 50MA, MACD, CCI, ATR, Williams_%R",32,3,0.30000000000000004,0.001,16,60,1,150,"(16, 1)",ReLU,0.026260630281179226,3.8699086450359377,0.7563761814467616,66.25,0.8770195831377263
3,"20MA, 50MA, MACD, CCI, ATR, Williams_%R",64,3,0.8,0.0005,32,60,1,150,"(16, 1)",Sigmoid,0.024503825734402847,3.74813613236191,0.7878821357493564,65.41666666666667,0.896435599276641
4,"20MA, 50MA, MACD, CCI, ATR, Williams_%R",64,2,0.5,0.0001,16,60,1,50,"(25, 1)",ReLU,0.03794525131704748,6.046076052554186,0.4913438234906333,51.24999999999999,0.8305629870298884
5,"20MA, 50MA, MACD, CCI, ATR, Williams_%R",16,3,0.5,0.0001,64,60,1,50,"(16, 1)",Tanh,0.06464984249329386,9.332443307098588,-0.47653721521897463,22.5,1.1344964401414444
6,"20MA, 50MA, MACD, CCI, ATR, Williams_%R",64,2,0.5,0.0005,16,60,1,150,"(16, 1)",ReLU,0.049238482017056474,7.70807028884107,0.14351696240346823,30.0,0.6992047801104745
7,"20MA, 50MA, MACD, CCI, ATR, Williams_%R",32,2,0.2,0.001,32,60,1,150,"(25, 1)",Sigmoid,0.022732278075767408,3.3089124985188603,0.8174443094160376,76.25,0.8342801652871854
8,"20MA, 50MA, MACD, CCI, ATR, Williams_%R",32,2,0.6000000000000001,0.001,32,60,1,50,"(25, 1)",ReLU,0.031144050310246748,4.934408763969455,0.6573429751044084,52.5,0.8267204180594732
9,"20MA, 50MA, MACD, CCI, ATR, Williams_%R",32,3,0.6000000000000001,0.0005,16,60,1,150,"(25, 1)",ReLU,0.0265041347256921,3.8228736345431327,0.7518371796351954,72.5,0.793193288081461
10,"20MA, 50MA, MACD, CCI, ATR, Williams_%R",128,2,0.8,0.0001,64,60,1,100,"(16, 1)",Tanh,0.02575352200525095,3.673150956854096,0.7656943739527386,73.75,1.0410279391859638
11,"20MA, 50MA, MACD, CCI, ATR, Williams_%R",16,2,0.2,0.001,32,60,1,100,"(25, 1)",Tanh,0.05014319478497428,8.312243161799527,0.11175359816904351,20.0,1.0
12,"20MA, 50MA, MACD, CCI, ATR, Williams_%R",128,2,0.30000000000000004,0.001,32,60,1,100,"(25, 1)",Sigmoid,0.06376319321344556,9.011350335477594,-0.4363145880129673,33.75,1.1507801658966093
13,"20MA, 50MA, MACD, CCI, ATR, Williams_%R",32,2,0.7,0.0001,32,60,1,150,"(25, 1)",Tanh,0.0231677662269128,3.4717476905909774,0.8103827778774398,74.58333333333333,1.0553545965038562
14,"20MA, 50MA, MACD, CCI, ATR, Williams_%R",64,2,0.2,0.001,32,60,1,100,"(16, 1)",Sigmoid,0.06382184286086197,8.97392303403891,-0.43895805932506193,33.75,1.272109782178288
15,"20MA, 50MA, MACD, CCI, ATR, Williams_%R",32,2,0.4,0.0001,32,60,1,150,"(25, 1)",Tanh,0.02131783253378454,3.1329034853719837,0.839455457203243,81.66666666666667,0.993756692378739
16,"20MA, 50MA, MACD, CCI, ATR, Williams_%R",16,2,0.4,0.0001,64,60,1,100,"(16, 1)",Tanh,0.03202721621743685,4.470951249892175,0.6376336689738591,62.916666666666664,1.2812962429302308
17,"20MA, 50MA, MACD, CCI, ATR, Williams_%R",128,3,0.7,0.0001,32,60,1,150,"(25, 1)",Tanh,0.02715096509947198,3.9694645569798093,0.739576603804697,62.916666666666664,1.2205422956184324
18,"20MA, 50MA, MACD, CCI, ATR, Williams_%R",64,2,0.4,0.0001,32,60,1,100,"(16, 1)",Tanh,0.02770072484007206,4.25557742698098,0.7289235921885651,61.25000000000001,0.9375377862631783
19,"20MA, 50MA, MACD, CCI, ATR, Williams_%R",32,2,0.7,0.0001,64,60,1,50,"(25, 1)",Tanh,0.029483151291322875,4.162221218018888,0.6929159516983397,69.16666666666667,1.09478930361614
20,"20MA, 50MA, MACD, CCI, ATR, Williams_%R",32,3,0.6000000000000001,0.0001,32,60,1,150,"(16, 1)",Tanh,0.03317486517906475,5.043074053144416,0.6111986282999948,60.0,0.7214684517912423
21,"20MA, 50MA, MACD, CCI, ATR, Williams_%R",32,2,0.30000000000000004,0.001,32,60,1,150,"(25, 1)",Sigmoid,0.021003340899538307,3.1944764224315483,0.8441573882224485,80.41666666666667,0.7490689418532503
22,"20MA, 50MA, MACD, CCI, ATR, Williams_%R",32,2,0.30000000000000004,0.001,32,60,1,150,"(25, 1)",Sigmoid,0.019253336438207938,2.873096810571353,0.869045189926162,82.91666666666667,0.914014500737206
23,"20MA, 50MA, MACD, CCI, ATR, Williams_%R",32,2,0.30000000000000004,0.001,32,60,1,150,"(25, 1)",Sigmoid,0.049573115110887474,7.765654784496803,0.13183579459396266,39.166666666666664,0.9748951294087236
24,"20MA, 50MA, MACD, CCI, ATR, Williams_%R",32,2,0.4,0.001,32,60,1,150,"(25, 1)",Sigmoid,0.01702889217819945,2.5292148940845474,0.8975570097880325,91.25,0.8640883226298228
0,"20MA, 50MA, MACD, CCI, ATR, Williams_%R",32,3,0.4,0.0005,64,60,30,100,"(25, 1)",Sigmoid,0.05633609659923935,9.005142260477058,-0.0748953139799633,33.33333333333333,1.1425371054965343
1,"20MA, 50MA, MACD, CCI, ATR, Williams_%R",64,2,0.30000000000000004,0.001,64,60,30,50,"(25, 1)",Sigmoid,0.05775421597743329,8.471812319904942,-0.12969199144359322,32.48945147679325,1.297073506696769
2,"20MA, 50MA, MACD, CCI, ATR, Williams_%R",64,3,0.5,0.0005,32,60,30,100,"(16, 1)",Sigmoid,0.0879573099972959,14.240431052452912,-1.6202126706573297,23.628691983122362,0.9739472640371061
3,"20MA, 50MA, MACD, CCI, ATR, Williams_%R",64,3,0.6000000000000001,0.0001,64,60,30,150,"(16, 1)",Tanh,0.05487073718640876,8.290056657692555,-0.019704309401869402,32.91139240506329,1.3232697072469946
4,"20MA, 50MA, MACD, CCI, ATR, Williams_%R",32,3,0.30000000000000004,0.001,32,60,30,150,"(16, 1)",Sigmoid,0.07099343657616233,10.744189386247644,-0.7069824808419347,32.48945147679325,1.0962209530934226
5,"20MA, 50MA, MACD, CCI, ATR, Williams_%R",128,2,0.7,0.0005,64,60,30,50,"(16, 1)",Sigmoid,0.07811909292973937,11.06084542057899,-1.0668409070082285,24.050632911392405,1.3896531141326478
6,"20MA, 50MA, MACD, CCI, ATR, Williams_%R",16,3,0.6000000000000001,0.0005,32,60,30,50,"(25, 1)",Tanh,0.0694270727510057,9.949442923947355,-0.632489414167664,27.004219409282697,1.2656209994569982
7,"20MA, 50MA, MACD, CCI, ATR, Williams_%R",128,2,0.5,0.0001,16,60,30,150,"(16, 1)",Tanh,0.07678491868236396,10.746414558278955,-0.9968457675305233,24.050632911392405,1.0
8,"20MA, 50MA, MACD, CCI, ATR, Williams_%R",128,3,0.4,0.0005,64,60,30,100,"(25, 1)",Tanh,0.08224490593620246,11.739349434335743,-1.2909239960652918,22.78481012658228,1.212113888645966
9,"20MA, 50MA, MACD, CCI, ATR, Williams_%R",16,3,0.4,0.001,32,60,30,150,"(25, 1)",Tanh,0.055260811280643606,8.133356571280673,-0.03425392498704016,39.66244725738397,1.4107741095571076
10,"20MA, 50MA, MACD, CCI, ATR, Williams_%R",64,2,0.8,0.0001,16,60,30,150,"(16, 1)",ReLU,0.057021104424775204,8.457177261472006,-0.10119419750207159,44.72573839662447,1.3323519063615348
11,"20MA, 50MA, MACD, CCI, ATR, Williams_%R",16,3,0.2,0.0001,32,60,30,150,"(25, 1)",Tanh,0.05822848496735249,9.21508516863401,-0.14832189523619377,35.44303797468354,1.1048478575309633
12,"20MA, 50MA, MACD, CCI, ATR, Williams_%R",16,3,0.6000000000000001,0.001,64,60,30,150,"(25, 1)",Tanh,0.05278194232653442,8.280248980088375,0.05645329927571985,36.28691983122363,0.9979309890700908
13,"20MA, 50MA, MACD, CCI, ATR, Williams_%R",16,3,0.7,0.0001,64,60,30,150,"(16, 1)",ReLU,0.05716091482359904,9.180754256642315,-0.1066008674453176,33.33333333333333,1.1570269263777777
14,"20MA, 50MA, MACD, CCI, ATR, Williams_%R",64,3,0.6000000000000001,0.001,64,60,30,150,"(25, 1)",Tanh,0.06677968546519349,9.398796112085211,-0.5103632265034233,30.801687763713083,1.314891618268501
15,"20MA, 50MA, MACD, CCI, ATR, Williams_%R",16,3,0.6000000000000001,0.0001,64,60,30,150,"(16, 1)",Tanh,0.05445441337434884,8.424728150743345,-0.004289292672518874,37.552742616033754,1.0544932961767703
16,"20MA, 50MA, MACD, CCI, ATR, Williams_%R",16,3,0.8,0.001,64,60,30,150,"(16, 1)",Tanh,0.05381138355764476,8.290231600695723,0.019289146521938805,34.177215189873415,1.1257869839078771
17,"20MA, 50MA, MACD, CCI, ATR, Williams_%R",16,2,0.8,0.001,16,60,30,150,"(25, 1)",ReLU,0.12874562339538975,21.729213382366904,-4.613808757721176,9.282700421940929,0.8286492301679971
18,"20MA, 50MA, MACD, CCI, ATR, Williams_%R",16,3,0.7,0.001,64,60,30,50,"(16, 1)",Tanh,0.07471572227864763,10.587103844902565,-0.8906740482976905,26.160337552742618,1.3450367537583356
19,"20MA, 50MA, MACD, CCI, ATR, Williams_%R",16,3,0.8,0.001,64,60,30,100,"(25, 1)",Tanh,0.07470564339144495,10.571603501710472,-0.8901639921916253,26.582278481012654,1.3385426865971428
20,"20MA, 50MA, MACD, CCI, ATR, Williams_%R",32,2,0.7,0.001,16,60,30,150,"(16, 1)",ReLU,0.09979522161506164,15.379011682283236,-2.372967515873191,16.877637130801688,0.9180457652192461
21,"20MA, 50MA, MACD, CCI, ATR, Williams_%R",16,3,0.6000000000000001,0.0001,64,60,30,150,"(16, 1)",Tanh,0.054251590465299496,8.214535012694029,0.003178000510278056,36.708860759493675,1.1720479574994958
22,"20MA, 50MA, MACD, CCI, ATR, Williams_%R",16,3,0.5,0.001,64,60,30,150,"(16, 1)",Tanh,0.055001603554241094,8.69520853383932,-0.024574086584860044,34.59915611814346,0.9778974791203676
23,"20MA, 50MA, MACD, CCI, ATR, Williams_%R",16,3,0.7,0.001,64,60,30,150,"(16, 1)",Tanh,0.055845594924783686,8.924772947368865,-0.05625920921332117,35.44303797468354,1.197767119238465
24,"20MA, 50MA, MACD, CCI, ATR, Williams_%R",16,3,0.5,0.0001,64,60,30,150,"(16, 1)",Tanh,0.0551573798229608,8.703147159637743,-0.030385929682186674,32.06751054852321,1.146790970651514
0,"20MA, 50MA, MACD, CCI, ATR, OBV",128,2,0.2,0.001,64,60,1,100,"(25, 1)",Tanh,0.06421788686912519,10.072686598836915,-0.4568722689264577,15.833333333333332,1.0467655209419884
1,"20MA, 50MA, MACD, CCI, ATR, OBV",64,2,0.8,0.0001,64,60,1,100,"(25, 1)",ReLU,0.05896876725081033,9.591126717262721,-0.22843887912210614,27.916666666666668,0.670636275303661
2,"20MA, 50MA, MACD, CCI, ATR, OBV",32,2,0.6000000000000001,0.0005,16,60,1,100,"(16, 1)",ReLU,0.04467895917191781,6.950630399619051,0.2947947285685635,34.166666666666664,0.7045809266013348
3,"20MA, 50MA, MACD, CCI, ATR, OBV",64,3,0.30000000000000004,0.001,32,60,1,150,"(25, 1)",Sigmoid,0.10822030807133215,16.531564541402897,-3.1373950173221123,8.333333333333332,0.9672050154801591
4,"20MA, 50MA, MACD, CCI, ATR, OBV",16,2,0.4,0.001,64,60,1,50,"(25, 1)",ReLU,0.06045197090020559,8.738169891174504,-0.2910123134706655,26.25,1.1268213763186887
5,"20MA, 50MA, MACD, CCI, ATR, OBV",64,3,0.6000000000000001,0.0005,16,60,1,150,"(25, 1)",Sigmoid,0.2865264304218957,50.74242422004646,-28.002726953322888,0.0,1.0
6,"20MA, 50MA, MACD, CCI, ATR, OBV",128,2,0.8,0.0001,16,60,1,100,"(16, 1)",Tanh,0.0217687595150154,3.227660152118598,0.8325917646452312,80.0,0.8831830154637952
7,"20MA, 50MA, MACD, CCI, ATR, OBV",64,2,0.2,0.0005,16,60,1,150,"(25, 1)",ReLU,0.01918863670821791,2.761581131237335,0.8699238433274156,81.66666666666667,0.9357761244190826
8,"20MA, 50MA, MACD, CCI, ATR, OBV",128,2,0.5,0.001,64,60,1,150,"(16, 1)",Sigmoid,0.028012670137639306,4.005937289142073,0.7227838869419776,65.83333333333333,1.2264610106935114
9,"20MA, 50MA, MACD, CCI, ATR, OBV",64,3,0.7,0.0005,16,60,1,150,"(25, 1)",ReLU,0.05005118349017795,6.957538697783039,0.11501041963776704,45.83333333333333,0.6269213966401668
10,"20MA, 50MA, MACD, CCI, ATR, OBV",16,3,0.2,0.0005,32,60,1,50,"(16, 1)",ReLU,0.03319273991421589,4.921286809522122,0.6107795403082071,53.333333333333336,1.1593515329372819
11,"20MA, 50MA, MACD, CCI, ATR, OBV",128,2,0.8,0.0001,16,60,1,100,"(16, 1)",Tanh,0.07057345347554587,10.685469436630584,-0.7595118461999184,20.416666666666668,0.8938991903519377
12,"20MA, 50MA, MACD, CCI, ATR, OBV",32,2,0.4,0.0001,16,60,1,150,"(16, 1)",Tanh,0.0379363188310033,5.970092710397414,0.49158327529302515,37.916666666666664,0.7534869356336641
13,"20MA, 50MA, MACD, CCI, ATR, OBV",128,2,0.6000000000000001,0.0001,16,60,1,100,"(16, 1)",Tanh,0.05645092465557219,9.330684035056738,-0.12577493559570252,30.0,0.708705840304127
14,"20MA, 50MA, MACD, CCI, ATR, OBV",64,2,0.4,0.0005,16,60,1,50,"(25, 1)",Tanh,0.025706155342775382,3.8894465637507882,0.7665554654461344,73.75,0.822835785623738
15,"20MA, 50MA, MACD, CCI, ATR, OBV",128,2,0.30000000000000004,0.0001,16,60,1,150,"(16, 1)",ReLU,0.046260930145801134,6.750327792589195,0.24397148396812718,41.66666666666667,0.7219676219118681
16,"20MA, 50MA, MACD, CCI, ATR, OBV",32,2,0.7,0.0001,32,60,1,100,"(16, 1)",Tanh,0.027183357999306105,3.9933250055343588,0.7389548283921665,65.0,1.0378700486509236
17,"20MA, 50MA, MACD, CCI, ATR, OBV",16,3,0.5,0.0005,16,60,1,150,"(25, 1)",Tanh,0.03191832154007095,4.195595158113651,0.6400936193809272,69.16666666666667,0.8304902792151192
18,"20MA, 50MA, MACD, CCI, ATR, OBV",64,2,0.30000000000000004,0.0001,16,60,1,100,"(16, 1)",ReLU,0.029713586060640437,4.583093503985596,0.6880969704662648,58.75,0.7228470673983185
19,"20MA, 50MA, MACD, CCI, ATR, OBV",128,2,0.7,0.0005,32,60,1,50,"(25, 1)",Sigmoid,0.09001912969853636,13.13002269825891,-1.862721337332768,16.25,1.0713307323988435
20,"20MA, 50MA, MACD, CCI, ATR, OBV",128,3,0.8,0.0001,16,60,1,150,"(25, 1)",ReLU,0.07590012396018692,11.733933558181922,-1.035140634328675,24.166666666666668,0.8547637762576306
21,"20MA, 50MA, MACD, CCI, ATR, OBV",64,2,0.4,0.0005,16,60,1,50,"(25, 1)",Tanh,0.02502108824402755,3.8227818095655106,0.7788322272605034,74.58333333333333,0.7442355291178288
22,"20MA, 50MA, MACD, CCI, ATR, OBV",64,2,0.2,0.0005,16,60,1,50,"(25, 1)",Tanh,0.049951399324341436,8.077408383606471,0.11853560780160988,35.41666666666667,0.9316669179106715
23,"20MA, 50MA, MACD, CCI, ATR, OBV",64,2,0.30000000000000004,0.0005,16,60,1,50,"(25, 1)",Tanh,0.03564032103734339,5.762952434300943,0.5512621838711187,45.416666666666664,0.8008151091611375
24,"20MA, 50MA, MACD, CCI, ATR, OBV",64,2,0.4,0.0005,16,60,1,50,"(25, 1)",Tanh,0.05296159044763816,8.561451282638268,0.00909620328874483,38.75,0.8217889195173448
0,"20MA, 50MA, MACD, CCI, ATR, OBV",128,2,0.5,0.0001,64,60,30,100,"(16, 1)",ReLU,0.05532289525193374,8.274090568509145,-0.036579140954579925,35.0210970464135,1.2745178511866637
1,"20MA, 50MA, MACD, CCI, ATR, OBV",128,3,0.30000000000000004,0.0005,32,60,30,100,"(16, 1)",ReLU,0.08582998665057635,12.329800798838994,-1.4950011763046254,20.253164556962027,1.1913120014055314
2,"20MA, 50MA, MACD, CCI, ATR, OBV",32,3,0.7,0.0001,16,60,30,150,"(16, 1)",Tanh,0.07638386653390908,10.814761205452067,-0.9760409562849572,24.894514767932492,1.2560495333251247
3,"20MA, 50MA, MACD, CCI, ATR, OBV",128,2,0.4,0.0005,32,60,30,100,"(25, 1)",Sigmoid,0.06697187222301246,9.441773833264682,-0.5190691525493856,30.37974683544304,1.3291251002015825
4,"20MA, 50MA, MACD, CCI, ATR, OBV",64,3,0.30000000000000004,0.0005,16,60,30,150,"(25, 1)",ReLU,0.05485092538369994,8.751295304434644,-0.01896808698157204,31.645569620253166,0.9420736335605343
5,"20MA, 50MA, MACD, CCI, ATR, OBV",64,3,0.5,0.0001,32,60,30,100,"(25, 1)",Tanh,0.06264816788526889,9.000642184091838,-0.3292584027465706,28.270042194092827,1.3619925912641917
6,"20MA, 50MA, MACD, CCI, ATR, OBV",64,3,0.30000000000000004,0.0001,32,60,30,150,"(25, 1)",ReLU,0.06467792380253744,10.357062169595629,-0.4167877902398234,29.11392405063291,1.1144546648554157
7,"20MA, 50MA, MACD, CCI, ATR, OBV",64,3,0.30000000000000004,0.0001,64,60,30,150,"(16, 1)",Tanh,0.058749375314463746,8.882061466912774,-0.16895870911190625,29.535864978902953,1.437975095193973
8,"20MA, 50MA, MACD, CCI, ATR, OBV",32,2,0.7,0.001,32,60,30,100,"(25, 1)",Sigmoid,0.07740196536456473,10.896888073052699,-1.029068184861874,24.894514767932492,1.0
9,"20MA, 50MA, MACD, CCI, ATR, OBV",16,2,0.2,0.001,64,60,30,50,"(16, 1)",ReLU,0.05984914684843468,9.00298919604927,-0.2131334912720655,35.86497890295359,1.1357278731384681
10,"20MA, 50MA, MACD, CCI, ATR, OBV",16,3,0.8,0.0005,16,60,30,50,"(25, 1)",ReLU,0.06287562792429227,8.967897903727074,-0.33892834404762384,32.91139240506329,1.3399467962155385
11,"20MA, 50MA, MACD, CCI, ATR, OBV",128,2,0.5,0.0005,16,60,30,150,"(16, 1)",ReLU,0.08225372703592182,12.267886683528953,-1.2914154441983734,27.848101265822784,0.8910156220877882
12,"20MA, 50MA, MACD, CCI, ATR, OBV",128,2,0.5,0.0001,64,60,30,100,"(16, 1)",ReLU,0.05390006173196546,8.46128771977808,0.01605416904328294,35.86497890295359,1.114186140855893
13,"20MA, 50MA, MACD, CCI, ATR, OBV",64,2,0.6000000000000001,0.0005,16,60,30,150,"(25, 1)",ReLU,0.0680863890195977,9.483378646046212,-0.5700492236716546,33.755274261603375,1.1444672202804198
14,"20MA, 50MA, MACD, CCI, ATR, OBV",128,3,0.2,0.001,64,60,30,50,"(25, 1)",ReLU,0.3936338690477483,71.14453080789251,-51.47803714882032,0.0,1.0
15,"20MA, 50MA, MACD, CCI, ATR, OBV",64,2,0.4,0.0001,16,60,30,100,"(16, 1)",Sigmoid,0.08055830364964735,12.616585829198307,-1.1979271302748127,25.31645569620253,1.064545588507322
16,"20MA, 50MA, MACD, CCI, ATR, OBV",16,3,0.4,0.0005,64,60,30,150,"(16, 1)",ReLU,0.06819834173900381,9.729799246735245,-0.5752166526056732,25.738396624472575,1.3001651601274298
17,"20MA, 50MA, MACD, CCI, ATR, OBV",32,2,0.6000000000000001,0.0001,16,60,30,100,"(25, 1)",ReLU,0.05729736953697638,8.701942140199616,-0.11189053572899077,33.755274261603375,1.5138632422783198
18,"20MA, 50MA, MACD, CCI, ATR, OBV",128,2,0.6000000000000001,0.0005,64,60,30,150,"(25, 1)",Sigmoid,0.055735490403407854,8.972488620257955,-0.05209829847197511,33.33333333333333,1.1388453000893108
19,"20MA, 50MA, MACD, CCI, ATR, OBV",64,3,0.4,0.001,16,60,30,50,"(16, 1)",Tanh,0.3662307485358631,66.01873399599872,-44.4257675273891,0.0,1.0
20,"20MA, 50MA, MACD, CCI, ATR, OBV",128,3,0.2,0.0005,64,60,30,150,"(25, 1)",ReLU,0.060690674457050946,8.733921042747607,-0.24748861973599734,32.48945147679325,1.4153544343389795
21,"20MA, 50MA, MACD, CCI, ATR, OBV",128,2,0.5,0.0001,64,60,30,100,"(16, 1)",ReLU,0.09418865850613152,15.535806145034503,-2.004622309982869,23.20675105485232,0.96048841193897
22,"20MA, 50MA, MACD, CCI, ATR, OBV",128,2,0.5,0.0001,64,60,30,100,"(16, 1)",ReLU,0.06338124873306758,9.041895777539882,-0.3605491881497893,31.223628691983123,1.3925498520425494
23,"20MA, 50MA, MACD, CCI, ATR, OBV",128,2,0.6000000000000001,0.0001,64,60,30,100,"(16, 1)",ReLU,0.05487111222334872,8.23925607521399,-0.019718248638351588,34.59915611814346,1.141182788526737
24,"20MA, 50MA, MACD, CCI, ATR, OBV",128,2,0.7,0.0001,64,60,30,100,"(16, 1)",ReLU,0.05238133382241132,8.108363781319808,0.0707217538267918,35.44303797468354,1.0792489349376673
0,"20MA, 50MA, MACD, CCI, Williams_%R, OBV",16,3,0.8,0.001,64,60,1,100,"(16, 1)",ReLU,0.04658562810860177,6.787616272373249,0.23332135594135872,38.75,1.063589968380247
1,"20MA, 50MA, MACD, CCI, Williams_%R, OBV",64,3,0.5,0.001,64,60,1,50,"(25, 1)",Tanh,0.08171086489534818,12.014631505255004,-1.3586802479218552,18.333333333333332,1.0819919456198428
2,"20MA, 50MA, MACD, CCI, Williams_%R, OBV",64,3,0.7,0.0001,64,60,1,100,"(25, 1)",Tanh,0.036131407780320896,5.125747099143812,0.5388107010655667,52.5,1.082410979133108
3,"20MA, 50MA, MACD, CCI, Williams_%R, OBV",128,2,0.8,0.0001,64,60,1,100,"(16, 1)",Sigmoid,0.03620381887597264,5.63483478114203,0.5369603061742354,51.66666666666667,0.8283274945690735
4,"20MA, 50MA, MACD, CCI, Williams_%R, OBV",32,3,0.30000000000000004,0.0001,16,60,1,150,"(16, 1)",Tanh,0.03225881618784522,4.8125631797075155,0.6323739253269749,60.83333333333333,0.8161992959660295
5,"20MA, 50MA, MACD, CCI, Williams_%R, OBV",32,3,0.6000000000000001,0.001,32,60,1,150,"(25, 1)",Sigmoid,0.026433946559103697,4.13867437513261,0.7531498072902141,64.58333333333334,0.9109209978987528
6,"20MA, 50MA, MACD, CCI, Williams_%R, OBV",16,2,0.30000000000000004,0.0005,16,60,1,100,"(25, 1)",Sigmoid,0.04678097829342158,6.9188972176496595,0.22687795946139777,46.25,0.7476480636551396
7,"20MA, 50MA, MACD, CCI, Williams_%R, OBV",16,2,0.30000000000000004,0.0005,16,60,1,100,"(25, 1)",Sigmoid,0.043967315491039057,6.5445552984267605,0.3170807498974394,48.333333333333336,0.7228250716222229
8,"20MA, 50MA, MACD, CCI, Williams_%R, OBV",32,3,0.6000000000000001,0.0001,16,60,1,150,"(16, 1)",ReLU,0.036667887253930054,5.537637807620818,0.5250135398475848,53.75,0.8547496073369711
9,"20MA, 50MA, MACD, CCI, Williams_%R, OBV",128,2,0.2,0.0005,32,60,1,50,"(25, 1)",Tanh,0.031843618319736075,4.9689108589067725,0.6417763333520146,54.166666666666664,0.7155422303028184
10,"20MA, 50MA, MACD, CCI, Williams_%R, OBV",32,3,0.5,0.001,32,60,1,150,"(25, 1)",Sigmoid,0.033977479233741927,5.669353467602323,0.5921581701109893,46.666666666666664,0.6955354903266142
11,"20MA, 50MA, MACD, CCI, Williams_%R, OBV",128,2,0.2,0.0005,32,60,1,50,"(25, 1)",Tanh,0.0318429057998942,4.8975789148846465,0.6417923641065704,57.08333333333333,0.7155422303028184
12,"20MA, 50MA, MACD, CCI, Williams_%R, OBV",128,2,0.5,0.001,32,60,1,50,"(25, 1)",Tanh,0.03936321893046823,5.997823595950434,0.45261780516967054,45.0,0.683004735585961
13,"20MA, 50MA, MACD, CCI, Williams_%R, OBV",128,2,0.6000000000000001,0.0005,32,60,1,50,"(25, 1)",Sigmoid,0.10267867565486206,15.490093878711193,-2.7245170981032723,9.583333333333334,0.9961694107206512
14,"20MA, 50MA, MACD, CCI, Williams_%R, OBV",32,3,0.4,0.001,32,60,1,150,"(25, 1)",ReLU,0.015639487511206713,2.3334987827583284,0.9135918930742176,91.25,1.1973150451619607
15,"20MA, 50MA, MACD, CCI, Williams_%R, OBV",32,3,0.4,0.001,32,60,1,150,"(25, 1)",ReLU,0.015530627726024631,2.328243461040256,0.9147906064078355,93.33333333333333,0.8491541980867023
16,"20MA, 50MA, MACD, CCI, Williams_%R, OBV",32,3,0.4,0.001,32,60,1,150,"(25, 1)",ReLU,0.02472601637595644,3.819826502617506,0.78401789958062,70.41666666666667,0.9268525940937515
17,"20MA, 50MA, MACD, CCI, Williams_%R, OBV",32,3,0.4,0.001,32,60,1,150,"(25, 1)",ReLU,0.01652903131752011,2.4332546925130276,0.9034829009063756,89.58333333333334,0.8983196796098322
18,"20MA, 50MA, MACD, CCI, Williams_%R, OBV",32,3,0.4,0.001,32,60,1,150,"(16, 1)",ReLU,0.018005167147517192,2.662400778574182,0.8854740850343493,91.25,1.0014225545290636
19,"20MA, 50MA, MACD, CCI, Williams_%R, OBV",32,3,0.4,0.001,32,60,1,150,"(25, 1)",ReLU,0.016770133701640436,2.49090427731737,0.9006466522456884,90.83333333333333,0.9676796348249114
20,"20MA, 50MA, MACD, CCI, Williams_%R, OBV",64,3,0.30000000000000004,0.001,32,60,1,150,"(25, 1)",ReLU,0.02865024231527103,4.169665267410841,0.7100213296206088,67.5,1.2475366728681494
21,"20MA, 50MA, MACD, CCI, Williams_%R, OBV",32,3,0.4,0.001,32,60,1,150,"(25, 1)",ReLU,0.05062244534870292,7.457089165262136,0.09469338097598079,37.916666666666664,1.0347142530761106
22,"20MA, 50MA, MACD, CCI, Williams_%R, OBV",32,3,0.5,0.001,32,60,1,150,"(25, 1)",ReLU,0.03628560157423441,6.11375579668493,0.5348659742247202,41.25,0.6979923962305754
23,"20MA, 50MA, MACD, CCI, Williams_%R, OBV",32,3,0.4,0.001,32,60,1,150,"(25, 1)",ReLU,0.024741669800931315,3.860876687320653,0.790025466011853,67.21991701244814,1.0909047713045437
24,"20MA, 50MA, MACD, CCI, Williams_%R, OBV",32,3,0.30000000000000004,0.001,32,60,1,150,"(25, 1)",ReLU,0.01855249030830888,2.8238930892563383,0.8784055137704457,87.08333333333333,0.939673495819641
0,"20MA, 50MA, MACD, CCI, Williams_%R, OBV",16,3,0.7,0.0005,16,60,30,100,"(25, 1)",Sigmoid,0.09285596230022726,15.39478947082991,-1.9201977027279864,25.738396624472575,1.0010433513647459
1,"20MA, 50MA, MACD, CCI, Williams_%R, OBV",128,3,0.5,0.0005,32,60,30,150,"(16, 1)",ReLU,0.1477904995317439,23.547514238367977,-6.397512349727718,7.59493670886076,0.8941712338291378
2,"20MA, 50MA, MACD, CCI, Williams_%R, OBV",16,2,0.4,0.001,32,60,30,50,"(16, 1)",Tanh,0.0558926462239476,8.470755177920593,-0.05803980817258769,41.35021097046413,1.0028975973890373
3,"20MA, 50MA, MACD, CCI, Williams_%R, OBV",16,2,0.6000000000000001,0.0001,16,60,30,150,"(25, 1)",Tanh,0.05818144853255325,8.678518538194897,-0.14646743680765528,46.41350210970464,0.9836426824421646
4,"20MA, 50MA, MACD, CCI, Williams_%R, OBV",64,3,0.30000000000000004,0.0001,32,60,30,150,"(25, 1)",ReLU,0.09349932263157305,15.517056490908892,-1.960803557573008,19.40928270042194,0.8478801024320299
5,"20MA, 50MA, MACD, CCI, Williams_%R, OBV",64,3,0.7,0.001,64,60,30,150,"(16, 1)",Sigmoid,0.06067058414317314,8.696714983719568,-0.2466628490564311,34.59915611814346,1.3678439318965743
6,"20MA, 50MA, MACD, CCI, Williams_%R, OBV",16,3,0.7,0.001,16,60,30,50,"(16, 1)",Tanh,0.09397774639827722,15.687249319114082,-1.9911811650447166,20.253164556962027,0.9391563371583462
7,"20MA, 50MA, MACD, CCI, Williams_%R, OBV",64,2,0.2,0.0001,16,60,30,50,"(16, 1)",Sigmoid,0.08431400107912543,12.061272461239488,-1.4076428429316983,21.518987341772153,1.1374649888738608
8,"20MA, 50MA, MACD, CCI, Williams_%R, OBV",16,3,0.5,0.0001,64,60,30,50,"(25, 1)",Tanh,0.08113627741023308,11.636653227997435,-1.2295787728299405,22.78481012658228,1.1450712335652902
9,"20MA, 50MA, MACD, CCI, Williams_%R, OBV",32,3,0.2,0.0001,32,60,30,150,"(16, 1)",Tanh,0.05892495840561091,9.229246098240031,-0.17595643784849457,38.81856540084388,1.119030671016029
10,"20MA, 50MA, MACD, CCI, Williams_%R, OBV",128,2,0.4,0.001,32,60,30,100,"(16, 1)",Tanh,0.056647905258679326,8.450854039829022,-0.08682688938120142,43.459915611814345,1.1118538679238377
11,"20MA, 50MA, MACD, CCI, Williams_%R, OBV",128,2,0.4,0.001,32,60,30,100,"(16, 1)",Tanh,0.05527090488702124,8.161538947927173,-0.03463178065603678,44.303797468354425,1.0702192450028778
12,"20MA, 50MA, MACD, CCI, Williams_%R, OBV",128,2,0.4,0.001,32,60,30,100,"(16, 1)",Tanh,0.061785969185127625,9.577251770316797,-0.29292219759199334,35.86497890295359,1.1057129316874377
13,"20MA, 50MA, MACD, CCI, Williams_%R, OBV",32,2,0.4,0.001,32,60,30,50,"(16, 1)",Tanh,0.05648761169079703,8.775505745929909,-0.08068491888254425,37.130801687763714,1.1967315178315845
14,"20MA, 50MA, MACD, CCI, Williams_%R, OBV",128,2,0.30000000000000004,0.001,32,60,30,100,"(16, 1)",Tanh,0.05935615685262286,8.63822787350514,-0.19323013350683005,40.08438818565401,1.1770627058302163
15,"20MA, 50MA, MACD, CCI, Williams_%R, OBV",16,2,0.30000000000000004,0.001,32,60,30,100,"(16, 1)",ReLU,0.07046913953479308,11.020497871206208,-0.6818629436096899,27.42616033755274,0.9266256924420663
16,"20MA, 50MA, MACD, CCI, Williams_%R, OBV",128,2,0.6000000000000001,0.001,64,60,30,50,"(16, 1)",Tanh,0.06722289298827651,10.811665816016152,-0.5304778979594227,32.06751054852321,0.8937487732794758
17,"20MA, 50MA, MACD, CCI, Williams_%R, OBV",32,2,0.8,0.0005,32,60,30,50,"(16, 1)",Tanh,0.06114364894577374,8.870902392483298,-0.26617977151158123,29.11392405063291,1.4747726319040628
18,"20MA, 50MA, MACD, CCI, Williams_%R, OBV",128,2,0.4,0.001,32,60,30,100,"(25, 1)",ReLU,0.3790913728339502,68.42448783123417,-47.672142842360856,0.0,1.0
19,"20MA, 50MA, MACD, CCI, Williams_%R, OBV",16,2,0.5,0.001,64,60,30,50,"(16, 1)",Sigmoid,0.057880908903447374,8.44653586147416,-0.13465374060468283,33.755274261603375,1.2847027209583317
20,"20MA, 50MA, MACD, CCI, Williams_%R, OBV",128,2,0.6000000000000001,0.0005,32,60,30,100,"(16, 1)",Tanh,0.05458525795815998,8.019535475869295,-0.009121359686079744,41.35021097046413,1.1792771305903267
21,"20MA, 50MA, MACD, CCI, Williams_%R, OBV",128,2,0.6000000000000001,0.0005,32,60,30,100,"(16, 1)",Tanh,0.059356731780199186,8.779682847221144,-0.19325324902735752,44.72573839662447,1.1251404828543472
22,"20MA, 50MA, MACD, CCI, Williams_%R, OBV",128,2,0.5,0.0005,32,60,30,100,"(16, 1)",Tanh,0.05778782058622804,8.272503115527353,-0.13100700892715667,45.9915611814346,1.1622355909038065
23,"20MA, 50MA, MACD, CCI, Williams_%R, OBV",128,2,0.30000000000000004,0.0005,32,60,30,100,"(16, 1)",Tanh,0.05657120111108094,8.19223972627134,-0.08388564415356314,46.41350210970464,1.1260522088866922
24,"20MA, 50MA, MACD, CCI, Williams_%R, OBV",128,2,0.6000000000000001,0.0005,32,60,30,100,"(16, 1)",Tanh,0.0549983260069132,7.907651429959646,-0.0244519814174331,44.72573839662447,1.0237043481409784
0,"20MA, 50MA, MACD, ATR, Williams_%R, OBV",32,2,0.7,0.0005,16,60,1,100,"(25, 1)",ReLU,0.03346972158585108,4.5985515846114895,0.6042566235981011,62.916666666666664,0.9601689459721183
1,"20MA, 50MA, MACD, ATR, Williams_%R, OBV",16,3,0.6000000000000001,0.001,64,60,1,100,"(16, 1)",ReLU,0.02984144355491095,4.455717537345228,0.6854069592603034,64.16666666666667,0.7252161562471464
2,"20MA, 50MA, MACD, ATR, Williams_%R, OBV",32,3,0.4,0.0005,16,60,1,50,"(25, 1)",ReLU,0.0782934786661273,12.820045057343272,-1.1655121992416002,28.333333333333332,0.8144061787515926
3,"20MA, 50MA, MACD, ATR, Williams_%R, OBV",16,2,0.8,0.001,64,60,1,100,"(25, 1)",ReLU,0.024555557377958805,3.525106614473783,0.7869855582929441,73.33333333333333,1.0718983899347791
4,"20MA, 50MA, MACD, ATR, Williams_%R, OBV",128,2,0.4,0.0001,64,60,1,50,"(16, 1)",Tanh,0.044754885157090536,7.006570873401665,0.29239588575999387,45.0,0.8468597768421617
5,"20MA, 50MA, MACD, ATR, Williams_%R, OBV",64,3,0.4,0.001,16,60,1,150,"(25, 1)",Tanh,0.31598978298297226,56.23776346889945,-34.274067087397704,0.0,1.0
6,"20MA, 50MA, MACD, ATR, Williams_%R, OBV",16,3,0.7,0.0005,64,60,1,150,"(25, 1)",Sigmoid,0.03028350813218976,4.571494290032428,0.6760172982840078,61.66666666666667,0.7848655421483044
7,"20MA, 50MA, MACD, ATR, Williams_%R, OBV",32,3,0.8,0.001,32,60,1,100,"(16, 1)",Sigmoid,0.09073830804604614,13.298700608033382,-1.9086456045530995,16.25,1.1073326963721095
8,"20MA, 50MA, MACD, ATR, Williams_%R, OBV",32,3,0.5,0.0005,32,60,1,100,"(25, 1)",Tanh,0.028167255730965686,4.297042343696974,0.7197158567135586,66.25,0.7057111107914424
9,"20MA, 50MA, MACD, ATR, Williams_%R, OBV",16,3,0.30000000000000004,0.0005,16,60,1,150,"(16, 1)",Tanh,0.04581309554988948,7.181898865903029,0.25853828632345466,40.416666666666664,0.713311682617369
10,"20MA, 50MA, MACD, ATR, Williams_%R, OBV",64,2,0.2,0.0001,64,60,1,100,"(25, 1)",ReLU,0.026120584873680165,3.7509987631350703,0.7589676974554748,71.25,0.9761307628593123
11,"20MA, 50MA, MACD, ATR, Williams_%R, OBV",64,2,0.2,0.0001,64,60,1,100,"(25, 1)",ReLU,0.03478148545192755,5.301195021801825,0.5726283523080014,58.333333333333336,0.8915433809163793
12,"20MA, 50MA, MACD, ATR, Williams_%R, OBV",64,2,0.2,0.0001,64,60,1,100,"(25, 1)",ReLU,0.029488260847356253,4.189747205880011,0.692809504521176,67.91666666666667,1.1669530697594241
13,"20MA, 50MA, MACD, ATR, Williams_%R, OBV",128,2,0.8,0.0001,64,60,1,100,"(25, 1)",ReLU,0.0394502847385892,5.840421793038748,0.4501936650164583,47.91666666666667,0.908733160295252
14,"20MA, 50MA, MACD, ATR, Williams_%R, OBV",16,2,0.6000000000000001,0.001,64,60,1,100,"(25, 1)",ReLU,0.032093166346046295,4.941748892183552,0.6361397700758071,61.25000000000001,0.7912106912209628
15,"20MA, 50MA, MACD, ATR, Williams_%R, OBV",64,2,0.30000000000000004,0.0001,64,60,1,50,"(25, 1)",ReLU,0.033504722146090064,4.897060751393778,0.6034285030394375,59.166666666666664,1.0109884305436398
16,"20MA, 50MA, MACD, ATR, Williams_%R, OBV",64,2,0.5,0.001,32,60,1,100,"(25, 1)",Sigmoid,0.033469218156739054,5.252892271125806,0.6042685285216437,49.166666666666664,0.8814754444338185
17,"20MA, 50MA, MACD, ATR, Williams_%R, OBV",16,2,0.7,0.001,64,60,1,100,"(25, 1)",ReLU,0.026895890432015842,4.030110293618662,0.7444468085106557,64.16666666666667,1.064600195057437
18,"20MA, 50MA, MACD, ATR, Williams_%R, OBV",128,2,0.6000000000000001,0.0001,64,60,1,50,"(16, 1)",ReLU,0.043287178094607345,6.634718683215563,0.33804570381558907,42.5,0.9252758396038407
19,"20MA, 50MA, MACD, ATR, Williams_%R, OBV",64,2,0.30000000000000004,0.001,32,60,1,150,"(25, 1)",Sigmoid,0.02046277628832732,3.1982046323766125,0.85207602525502,81.25,0.8465705251410842
