Trial,Indicators,LSTM Units,Layers,Dropout,LR,Batch Size,Window Size,Forecast Window,Epochs,Dense Config,Dense Activation,RMSE,MAPE,R2,Accuracy,Profit Index
0,"20MA, 50MA, RSI, MACD, Upper_BB, Lower_BB",64,3,0.8,0.0001,32,60,1,100,"(16, 1)",Sigmoid,0.05630324003991782,11.19112702892565,0.7763426175577068,26.25,0.5671791938333008
1,"20MA, 50MA, RSI, MACD, Upper_BB, Lower_BB",64,3,0.4,0.001,64,60,1,100,"(25, 1)",Sigmoid,0.0304173897725559,6.083868909416498,0.9347229757072484,47.5,0.42871895143842415
2,"20MA, 50MA, RSI, MACD, Upper_BB, Lower_BB",16,3,0.30000000000000004,0.001,64,60,1,50,"(16, 1)",Sigmoid,0.05142869116088367,10.48088944396242,0.813393225404831,31.666666666666664,0.627258050556735
3,"20MA, 50MA, RSI, MACD, Upper_BB, Lower_BB",64,3,0.2,0.0001,32,60,1,100,"(25, 1)",Sigmoid,0.06968198501133534,13.527353039296763,0.6574235612965875,27.083333333333332,0.5904051223036613
4,"20MA, 50MA, RSI, MACD, Upper_BB, Lower_BB",64,3,0.6000000000000001,0.0001,16,60,1,50,"(25, 1)",Tanh,0.05712609598610747,11.43646743498253,0.7697574676729777,29.583333333333332,0.6241191015828663
5,"20MA, 50MA, RSI, MACD, Upper_BB, Lower_BB",64,3,0.7,0.0001,64,60,1,150,"(16, 1)",ReLU,0.04668203279884236,9.066138190181027,0.8462496965781429,33.75,0.6815457873633766
6,"20MA, 50MA, RSI, MACD, Upper_BB, Lower_BB",64,2,0.8,0.0005,64,60,1,50,"(25, 1)",Sigmoid,0.05831904703756689,10.936394814782492,0.760040858087005,30.0,0.624130982269167
7,"20MA, 50MA, RSI, MACD, Upper_BB, Lower_BB",16,2,0.7,0.001,64,60,1,100,"(25, 1)",Sigmoid,0.03343697695255083,6.5308827922666275,0.9211193511425972,44.583333333333336,0.3154540520748761
8,"20MA, 50MA, RSI, MACD, Upper_BB, Lower_BB",128,2,0.30000000000000004,0.0005,16,60,1,150,"(16, 1)",Sigmoid,0.031240452837484455,6.065246531783277,0.9311425233386379,51.66666666666667,0.306690124666006
9,"20MA, 50MA, RSI, MACD, Upper_BB, Lower_BB",64,3,0.5,0.001,32,60,1,100,"(16, 1)",Tanh,0.03472713773749663,7.126427862782384,0.9149147181425961,42.083333333333336,0.7686133401877288
10,"20MA, 50MA, RSI, MACD, Upper_BB, Lower_BB",32,2,0.4,0.001,64,60,1,100,"(25, 1)",ReLU,0.03322881326965938,6.854110025750139,0.9220984452955541,41.25,0.5217810160370849
11,"20MA, 50MA, RSI, MACD, Upper_BB, Lower_BB",128,2,0.4,0.0005,16,60,1,150,"(16, 1)",Sigmoid,0.036072739677407165,7.54250180611243,0.9081932278926836,37.083333333333336,0.8825795735991045
12,"20MA, 50MA, RSI, MACD, Upper_BB, Lower_BB",128,2,0.2,0.0005,16,60,1,150,"(16, 1)",Sigmoid,0.03170355094560325,6.203087813525275,0.9290859517403102,47.083333333333336,1.0095955832840553
13,"20MA, 50MA, RSI, MACD, Upper_BB, Lower_BB",128,2,0.4,0.0005,16,60,1,150,"(25, 1)",Sigmoid,0.0285627782102651,5.532927114380979,0.9424404542528158,51.24999999999999,0.6250882690525422
14,"20MA, 50MA, RSI, MACD, Upper_BB, Lower_BB",32,3,0.5,0.001,16,60,1,150,"(25, 1)",Tanh,0.04410892666692106,9.83028180395078,0.862731956861871,22.5,1.0
15,"20MA, 50MA, RSI, MACD, Upper_BB, Lower_BB",128,2,0.4,0.0005,64,60,1,100,"(25, 1)",ReLU,0.05506209532621979,10.96304452705069,0.7860945102508606,30.833333333333336,0.6655208002907526
16,"20MA, 50MA, RSI, MACD, Upper_BB, Lower_BB",128,2,0.5,0.0005,16,60,1,150,"(25, 1)",Sigmoid,0.03234316881700772,6.592995042443399,0.9261957114947907,45.83333333333333,0.818916831910377
17,"20MA, 50MA, RSI, MACD, Upper_BB, Lower_BB",32,3,0.30000000000000004,0.001,16,60,1,150,"(25, 1)",Sigmoid,0.022975656150473003,4.303202345922163,0.962756343818497,67.08333333333333,0.8083674022254465
18,"20MA, 50MA, RSI, MACD, Upper_BB, Lower_BB",32,2,0.30000000000000004,0.0005,16,60,1,150,"(25, 1)",Tanh,0.030223970235624686,5.898436522793658,0.9355505094945451,50.0,0.9273409944161807
19,"20MA, 50MA, RSI, MACD, Upper_BB, Lower_BB",32,3,0.2,0.001,16,60,1,150,"(25, 1)",ReLU,0.023858693795097127,4.468826432944322,0.959838512525661,65.83333333333333,0.9158382710706646
20,"20MA, 50MA, RSI, MACD, Upper_BB, Lower_BB",32,3,0.2,0.001,16,60,1,150,"(25, 1)",ReLU,0.032939964643191245,7.00604338096384,0.9234469109302371,37.083333333333336,0.3949767282292913
21,"20MA, 50MA, RSI, MACD, Upper_BB, Lower_BB",32,3,0.30000000000000004,0.001,16,60,1,150,"(25, 1)",ReLU,0.03187074235662486,6.254030445489334,0.9283360368674213,47.91666666666667,0.8946787516927321
22,"20MA, 50MA, RSI, MACD, Upper_BB, Lower_BB",32,3,0.2,0.001,16,60,1,150,"(25, 1)",ReLU,0.026585976041813876,5.2882170909134985,0.9501320310056676,55.00000000000001,0.9807761541755424
23,"20MA, 50MA, RSI, MACD, Upper_BB, Lower_BB",32,3,0.2,0.001,16,60,1,150,"(25, 1)",ReLU,0.043499906715806856,9.608789547872858,0.8664963578607681,22.916666666666664,1.0
24,"20MA, 50MA, RSI, MACD, Upper_BB, Lower_BB",32,3,0.2,0.001,16,60,1,150,"(25, 1)",ReLU,0.03188776243026662,6.301093430084586,0.9282594743823593,45.0,0.6543094803214197
0,"20MA, 50MA, RSI, MACD, Upper_BB, Lower_BB",16,3,0.8,0.001,64,60,30,100,"(16, 1)",Tanh,0.12780258494058347,28.87349690841318,-0.36726035650743194,9.70464135021097,0.7004164333693623
1,"20MA, 50MA, RSI, MACD, Upper_BB, Lower_BB",64,3,0.30000000000000004,0.0001,64,60,30,50,"(16, 1)",Sigmoid,0.14484621262707081,32.851378944284775,-0.7562495810584524,10.970464135021098,0.7577299518670103
2,"20MA, 50MA, RSI, MACD, Upper_BB, Lower_BB",128,3,0.6000000000000001,0.0005,64,60,30,150,"(25, 1)",Tanh,0.1230237187368789,26.867401263436356,-0.2669213271612383,13.502109704641349,0.69771155579054
3,"20MA, 50MA, RSI, MACD, Upper_BB, Lower_BB",16,3,0.30000000000000004,0.0005,64,60,30,50,"(25, 1)",Sigmoid,0.13596385769611008,28.617215033346817,-0.5474581133366279,16.877637130801688,0.5973590034258754
4,"20MA, 50MA, RSI, MACD, Upper_BB, Lower_BB",128,2,0.5,0.0001,32,60,30,50,"(16, 1)",ReLU,0.1396005451807151,31.119076845297823,-0.631346345607998,13.080168776371309,0.7249331633596983
5,"20MA, 50MA, RSI, MACD, Upper_BB, Lower_BB",16,2,0.30000000000000004,0.0001,16,60,30,150,"(16, 1)",Sigmoid,0.1491869825600097,33.372438450060145,-0.8630898757576799,13.080168776371309,0.4684057167969925
6,"20MA, 50MA, RSI, MACD, Upper_BB, Lower_BB",16,2,0.2,0.001,16,60,30,100,"(25, 1)",Tanh,0.1883791452828124,42.888480408524536,-1.9705549461261822,13.924050632911392,0.6789881677661928
7,"20MA, 50MA, RSI, MACD, Upper_BB, Lower_BB",128,3,0.4,0.0001,32,60,30,50,"(16, 1)",ReLU,0.12461504410222735,28.565289908597478,-0.299908838827073,10.126582278481013,0.8487686381047604
8,"20MA, 50MA, RSI, MACD, Upper_BB, Lower_BB",128,2,0.5,0.0005,64,60,30,150,"(16, 1)",Sigmoid,0.1313236899641047,30.23213571442009,-0.443637317940889,6.751054852320674,0.6576588419911336
9,"20MA, 50MA, RSI, MACD, Upper_BB, Lower_BB",16,3,0.7,0.0001,64,60,30,100,"(16, 1)",Tanh,0.14200372280384813,35.88895859725142,-0.6879959719838029,3.79746835443038,0.8018974252472998
10,"20MA, 50MA, RSI, MACD, Upper_BB, Lower_BB",32,3,0.7,0.0005,32,60,30,150,"(25, 1)",Tanh,0.14625438034025467,32.49385413558082,-0.790563428677572,10.548523206751055,0.7206936185556663
11,"20MA, 50MA, RSI, MACD, Upper_BB, Lower_BB",128,3,0.6000000000000001,0.0005,32,60,30,50,"(25, 1)",ReLU,0.1683786386007176,38.761438764486634,-1.3732633541943287,11.39240506329114,0.7558845965104461
12,"20MA, 50MA, RSI, MACD, Upper_BB, Lower_BB",128,3,0.4,0.0001,32,60,30,150,"(25, 1)",ReLU,0.14425253795455506,32.07677904643806,-0.7418825615376423,10.970464135021098,0.692113758321832
13,"20MA, 50MA, RSI, MACD, Upper_BB, Lower_BB",128,3,0.5,0.0005,32,60,30,150,"(25, 1)",ReLU,0.1626411922678168,36.752534862220784,-1.2142825848020111,9.282700421940929,0.6342759805973386
14,"20MA, 50MA, RSI, MACD, Upper_BB, Lower_BB",64,3,0.6000000000000001,0.001,16,60,30,50,"(16, 1)",Tanh,0.20173211880464298,46.8495781318412,-2.406607087822308,9.282700421940929,0.7015508820409394
15,"20MA, 50MA, RSI, MACD, Upper_BB, Lower_BB",32,3,0.4,0.0001,64,60,30,150,"(25, 1)",ReLU,0.1453099114193952,32.22321911655327,-0.7675122067763376,13.502109704641349,0.6387677982524406
16,"20MA, 50MA, RSI, MACD, Upper_BB, Lower_BB",128,3,0.6000000000000001,0.0005,32,60,30,50,"(16, 1)",ReLU,0.17088721766546702,39.10231122685849,-1.444505976022485,12.236286919831224,0.6918668104497359
17,"20MA, 50MA, RSI, MACD, Upper_BB, Lower_BB",128,2,0.4,0.0005,32,60,30,150,"(25, 1)",Tanh,0.1438265333299299,33.55908447185904,-0.7316095454607814,8.438818565400844,0.6085683045108287
18,"20MA, 50MA, RSI, MACD, Upper_BB, Lower_BB",128,3,0.8,0.0001,64,60,30,50,"(16, 1)",ReLU,0.138957559617647,30.443545325353355,-0.6163533309152183,15.611814345991561,0.7238642453135262
19,"20MA, 50MA, RSI, MACD, Upper_BB, Lower_BB",64,3,0.2,0.001,16,60,30,100,"(25, 1)",Tanh,0.18304565363534966,41.974014318407555,-1.8047282447068618,11.814345991561181,0.7370749079571804
20,"20MA, 50MA, RSI, MACD, Upper_BB, Lower_BB",32,2,0.7,0.0001,64,60,30,150,"(16, 1)",ReLU,0.14224268022245456,31.09953187815755,-0.6936817178129204,16.033755274261605,0.5813498089418394
21,"20MA, 50MA, RSI, MACD, Upper_BB, Lower_BB",16,3,0.8,0.001,64,60,30,100,"(16, 1)",Tanh,0.1252633028431475,28.053118634605305,-0.3134685035524969,10.126582278481013,0.49123485881725193
22,"20MA, 50MA, RSI, MACD, Upper_BB, Lower_BB",16,3,0.8,0.001,64,60,30,100,"(16, 1)",Tanh,0.1252349261260286,27.7019612078456,-0.31287347369782537,8.438818565400844,0.6423163559583013
23,"20MA, 50MA, RSI, MACD, Upper_BB, Lower_BB",128,3,0.7,0.001,64,60,30,100,"(16, 1)",Tanh,0.12019434409322757,27.718281073241645,-0.2093165862030426,7.59493670886076,0.8685209784878958
24,"20MA, 50MA, RSI, MACD, Upper_BB, Lower_BB",128,3,0.6000000000000001,0.001,64,60,30,100,"(16, 1)",Tanh,0.11839801754148796,26.611750683744035,-0.17343978030499518,8.438818565400844,0.7265716974460924
0,"20MA, 50MA, RSI, MACD, Upper_BB, CCI",16,3,0.6000000000000001,0.0001,64,60,1,50,"(16, 1)",Tanh,0.11607038864395648,27.46382504758743,0.04948420095061379,12.5,0.7605749985610676
1,"20MA, 50MA, RSI, MACD, Upper_BB, CCI",16,3,0.2,0.0005,16,60,1,150,"(25, 1)",Tanh,0.027803133537483843,5.230430705518316,0.9454614039627934,57.08333333333333,0.9829718293467847
2,"20MA, 50MA, RSI, MACD, Upper_BB, CCI",128,2,0.6000000000000001,0.0001,16,60,1,100,"(16, 1)",Tanh,0.026731616492346174,5.114383230120756,0.9495841717441363,57.08333333333333,0.5142531582637349
3,"20MA, 50MA, RSI, MACD, Upper_BB, CCI",64,2,0.7,0.0005,16,60,1,150,"(25, 1)",Tanh,0.027982081616500346,5.2963468878430815,0.9447570959719804,55.833333333333336,1.0
4,"20MA, 50MA, RSI, MACD, Upper_BB, CCI",128,2,0.5,0.0005,32,60,1,50,"(25, 1)",Tanh,0.02786352529518975,5.159298867150158,0.9452242178334039,60.83333333333333,0.5074204305951164
5,"20MA, 50MA, RSI, MACD, Upper_BB, CCI",128,3,0.6000000000000001,0.0001,16,60,1,100,"(25, 1)",ReLU,0.037166271001781936,7.3962768111497335,0.9025426852096575,36.25,0.3893270784554748
6,"20MA, 50MA, RSI, MACD, Upper_BB, CCI",128,3,0.2,0.001,32,60,1,150,"(25, 1)",Sigmoid,0.15455476922372244,38.08657072366985,-0.6853157701443997,5.833333333333333,0.6967397758538835
7,"20MA, 50MA, RSI, MACD, Upper_BB, CCI",64,2,0.7,0.0001,64,60,1,100,"(25, 1)",Tanh,0.04067732076924815,7.773677721598917,0.8832596091372812,38.75,0.6847641347632271
8,"20MA, 50MA, RSI, MACD, Upper_BB, CCI",128,2,0.2,0.0001,16,60,1,100,"(25, 1)",Sigmoid,0.027828954965648835,5.176990785064859,0.9453600543518115,55.00000000000001,0.320954056969946
9,"20MA, 50MA, RSI, MACD, Upper_BB, CCI",64,2,0.2,0.001,32,60,1,50,"(25, 1)",ReLU,0.03816602924321321,8.247335211637413,0.8972290383984183,31.666666666666664,0.45593765730530994
10,"20MA, 50MA, RSI, MACD, Upper_BB, CCI",32,2,0.4,0.0001,16,60,1,100,"(16, 1)",ReLU,0.04321053108175793,8.82761337147525,0.8682666698133794,32.5,0.440325970332308
11,"20MA, 50MA, RSI, MACD, Upper_BB, CCI",16,3,0.4,0.0005,16,60,1,150,"(16, 1)",Tanh,0.022603030734834065,4.112880410635281,0.9639546029443303,70.41666666666667,1.165418187801881
12,"20MA, 50MA, RSI, MACD, Upper_BB, CCI",16,3,0.4,0.0005,16,60,1,150,"(16, 1)",Tanh,0.026538332745979297,4.982590336716694,0.950310602261239,60.416666666666664,0.946086704783801
13,"20MA, 50MA, RSI, MACD, Upper_BB, CCI",16,3,0.4,0.0005,16,60,1,150,"(16, 1)",Tanh,0.023709473920909375,4.3273123159652895,0.9603393070310856,71.25,0.9659343277967757
14,"20MA, 50MA, RSI, MACD, Upper_BB, CCI",16,3,0.4,0.0005,16,60,1,150,"(16, 1)",Tanh,0.032018936684223884,5.686069399396955,0.9276680333494456,56.666666666666664,0.3005723254684417
15,"20MA, 50MA, RSI, MACD, Upper_BB, CCI",16,3,0.30000000000000004,0.0005,64,60,1,150,"(16, 1)",Sigmoid,0.0586981363818044,11.196038578508093,0.7569111222680724,28.749999999999996,0.45177561464999655
16,"20MA, 50MA, RSI, MACD, Upper_BB, CCI",32,3,0.5,0.0005,16,60,1,150,"(16, 1)",Tanh,0.023592301323959553,4.305066376343636,0.9607303459273341,68.33333333333333,0.42068628790197016
17,"20MA, 50MA, RSI, MACD, Upper_BB, CCI",32,3,0.8,0.0005,16,60,1,150,"(16, 1)",Tanh,0.024382372931884787,4.511366365700693,0.958056139350753,67.5,0.8747445167423014
18,"20MA, 50MA, RSI, MACD, Upper_BB, CCI",32,3,0.5,0.001,64,60,1,150,"(16, 1)",ReLU,0.029338729716839176,6.298869435770799,0.9392705881511982,46.25,0.5518209553571406
19,"20MA, 50MA, RSI, MACD, Upper_BB, CCI",32,3,0.5,0.0005,32,60,1,150,"(16, 1)",Sigmoid,0.05778967300737051,13.99632122931268,0.7643774038346829,9.583333333333334,0.4883681135029171
20,"20MA, 50MA, RSI, MACD, Upper_BB, CCI",32,3,0.30000000000000004,0.0005,16,60,1,50,"(16, 1)",Tanh,0.031027669241837377,5.994124914497003,0.9320773269344267,55.41666666666667,0.679591486422395
21,"20MA, 50MA, RSI, MACD, Upper_BB, CCI",16,3,0.4,0.0005,16,60,1,150,"(16, 1)",Tanh,0.02908732377148026,5.657734215162416,0.9403069193158693,51.66666666666667,0.5997120021369102
22,"20MA, 50MA, RSI, MACD, Upper_BB, CCI",16,3,0.30000000000000004,0.0005,16,60,1,150,"(16, 1)",Tanh,0.022963137380262174,4.141579364258866,0.962796918742569,68.75,0.6702985897178789
23,"20MA, 50MA, RSI, MACD, Upper_BB, CCI",16,3,0.30000000000000004,0.0005,16,60,1,150,"(16, 1)",Tanh,0.023567500819407863,4.29936202403686,0.9608128639767467,66.25,0.4798794014434152
24,"20MA, 50MA, RSI, MACD, Upper_BB, CCI",16,3,0.30000000000000004,0.0005,16,60,1,150,"(16, 1)",Tanh,0.023008704567938937,4.192237726039131,0.9626491234528572,70.0,0.6749478838517885
0,"20MA, 50MA, RSI, MACD, Upper_BB, CCI",128,3,0.5,0.0005,64,60,30,150,"(16, 1)",Sigmoid,0.11890886923027753,26.642921821296987,-0.18358770231856303,12.236286919831224,0.9105627245761523
1,"20MA, 50MA, RSI, MACD, Upper_BB, CCI",16,3,0.2,0.0001,64,60,30,100,"(16, 1)",Tanh,0.13408380324562744,33.0138510854353,-0.5049587138804754,6.329113924050633,0.8372141759206628
2,"20MA, 50MA, RSI, MACD, Upper_BB, CCI",32,3,0.8,0.0005,32,60,30,150,"(25, 1)",ReLU,0.16415724599947196,37.450717682992945,-1.25575568604473,8.438818565400844,0.6234577623239737
3,"20MA, 50MA, RSI, MACD, Upper_BB, CCI",128,2,0.5,0.001,32,60,30,100,"(25, 1)",Tanh,0.15851463075755848,37.30694601331866,-1.1033456736261877,10.970464135021098,0.660203504415227
4,"20MA, 50MA, RSI, MACD, Upper_BB, CCI",16,3,0.2,0.0005,16,60,30,150,"(25, 1)",Sigmoid,0.18410011424087322,42.73277577940688,-1.837135394114401,10.970464135021098,0.6488147456230988
5,"20MA, 50MA, RSI, MACD, Upper_BB, CCI",64,3,0.4,0.001,64,60,30,150,"(16, 1)",Tanh,0.12635686182983807,27.705340006236284,-0.33650198587701086,10.126582278481013,0.7079219600233518
6,"20MA, 50MA, RSI, MACD, Upper_BB, CCI",64,2,0.2,0.001,32,60,30,100,"(16, 1)",Tanh,0.15954620201732322,37.10371128273089,-1.1308107854367981,8.438818565400844,0.5857555807866411
7,"20MA, 50MA, RSI, MACD, Upper_BB, CCI",16,3,0.30000000000000004,0.001,16,60,30,100,"(16, 1)",ReLU,0.19654601092730886,45.387218862367064,-2.2337051139814723,16.455696202531644,0.6690618234586834
8,"20MA, 50MA, RSI, MACD, Upper_BB, CCI",32,3,0.5,0.0005,64,60,30,100,"(25, 1)",Sigmoid,0.11991063624225382,26.358230820729172,-0.20361435964811458,8.438818565400844,0.646352977762586
9,"20MA, 50MA, RSI, MACD, Upper_BB, CCI",32,2,0.30000000000000004,0.001,64,60,30,100,"(16, 1)",Tanh,0.12259762034333185,27.359614098012653,-0.2581604430140019,9.70464135021097,0.6900891279094736
10,"20MA, 50MA, RSI, MACD, Upper_BB, CCI",128,2,0.7,0.0001,64,60,30,50,"(16, 1)",Sigmoid,0.14452440901922145,31.388836525416153,-0.7484545600171493,18.9873417721519,0.6577450988189042
11,"20MA, 50MA, RSI, MACD, Upper_BB, CCI",32,3,0.6000000000000001,0.0005,64,60,30,150,"(25, 1)",Sigmoid,0.12407452228939224,26.363996443557454,-0.28865650169764856,10.126582278481013,0.8986389523783616
12,"20MA, 50MA, RSI, MACD, Upper_BB, CCI",128,3,0.5,0.0005,64,60,30,50,"(25, 1)",Sigmoid,0.12375028417351473,26.934446485898473,-0.2819301311480271,10.548523206751055,0.6495669474167678
13,"20MA, 50MA, RSI, MACD, Upper_BB, CCI",32,3,0.5,0.0005,64,60,30,150,"(25, 1)",Sigmoid,0.12837734457790734,27.89302569822789,-0.37958582141814334,11.814345991561181,0.3917892468685827
14,"20MA, 50MA, RSI, MACD, Upper_BB, CCI",128,3,0.6000000000000001,0.0005,64,60,30,50,"(16, 1)",Sigmoid,0.22058541341287558,55.41928924670291,-3.0731042598017453,4.219409282700422,0.7608182195495197
15,"20MA, 50MA, RSI, MACD, Upper_BB, CCI",32,3,0.4,0.0005,16,60,30,100,"(25, 1)",Sigmoid,0.19602076128219864,46.24546885324681,-2.21644469830429,9.70464135021097,0.677940320078889
16,"20MA, 50MA, RSI, MACD, Upper_BB, CCI",128,3,0.6000000000000001,0.0005,64,60,30,150,"(16, 1)",Sigmoid,0.12292380259106399,27.522142187425146,-0.2648642524322258,10.548523206751055,0.7281989570013951
17,"20MA, 50MA, RSI, MACD, Upper_BB, CCI",64,2,0.4,0.0001,64,60,30,100,"(25, 1)",ReLU,0.12754579110307024,27.618947988829046,-0.3617714018484883,15.18987341772152,0.5971712285675862
18,"20MA, 50MA, RSI, MACD, Upper_BB, CCI",32,3,0.7,0.0005,16,60,30,150,"(16, 1)",Sigmoid,0.17289002565747583,39.639909743280185,-1.502141253218071,8.438818565400844,0.61169169385847
19,"20MA, 50MA, RSI, MACD, Upper_BB, CCI",128,3,0.7,0.0005,32,60,30,50,"(25, 1)",Sigmoid,0.14774961395268896,33.52655186660115,-0.8273622770671931,13.924050632911392,0.6198304755382945
20,"20MA, 50MA, RSI, MACD, Upper_BB, CCI",32,2,0.4,0.0001,64,60,30,150,"(16, 1)",ReLU,0.12738359781710937,28.132253352133617,-0.35831021756353953,16.033755274261605,0.6908300971873498
21,"20MA, 50MA, RSI, MACD, Upper_BB, CCI",32,2,0.30000000000000004,0.001,64,60,30,100,"(16, 1)",Tanh,0.12305898721633464,27.78093700957302,-0.2676478341151607,9.282700421940929,0.870963138051756
22,"20MA, 50MA, RSI, MACD, Upper_BB, CCI",32,2,0.30000000000000004,0.001,64,60,30,100,"(16, 1)",Tanh,0.11663088064397685,26.19404247945581,-0.13867308548988588,8.016877637130802,1.133657143088111
23,"20MA, 50MA, RSI, MACD, Upper_BB, CCI",32,2,0.6000000000000001,0.001,64,60,30,100,"(16, 1)",Tanh,0.12032524168853398,26.47084148932372,-0.21195203183454625,10.126582278481013,0.6482096239862742
24,"20MA, 50MA, RSI, MACD, Upper_BB, CCI",32,2,0.30000000000000004,0.0005,64,60,30,100,"(16, 1)",Sigmoid,0.12149491753414352,25.707751365563396,-0.23562921152668803,14.345991561181433,0.7294515319984305
0,"20MA, 50MA, RSI, MACD, Upper_BB, ATR",16,3,0.7,0.001,16,60,1,150,"(16, 1)",Sigmoid,0.029354620914404144,5.716417248994599,0.9392047826816255,54.58333333333333,0.7699295674812495
1,"20MA, 50MA, RSI, MACD, Upper_BB, ATR",16,3,0.6000000000000001,0.0005,32,60,1,150,"(25, 1)",ReLU,0.030879977504744666,5.837902096138057,0.9327224119545174,54.166666666666664,0.5377112932074236
2,"20MA, 50MA, RSI, MACD, Upper_BB, ATR",32,2,0.2,0.0005,32,60,1,50,"(25, 1)",Tanh,0.035497046444919,6.990313469680993,0.9111001761814161,46.25,0.7161248856617344
3,"20MA, 50MA, RSI, MACD, Upper_BB, ATR",64,2,0.6000000000000001,0.001,32,60,1,150,"(16, 1)",Sigmoid,0.04488787470002535,9.32734233583839,0.8578409379097063,28.333333333333332,0.9772908371216216
4,"20MA, 50MA, RSI, MACD, Upper_BB, ATR",128,2,0.5,0.0001,32,60,1,100,"(25, 1)",Sigmoid,0.040309922254507295,8.239544527682332,0.8853588896479531,37.916666666666664,0.5072235046595777
5,"20MA, 50MA, RSI, MACD, Upper_BB, ATR",128,2,0.5,0.001,16,60,1,150,"(25, 1)",Tanh,0.046029662451106346,10.293195455472114,0.8505169181888201,22.083333333333332,0.8503685842277555
6,"20MA, 50MA, RSI, MACD, Upper_BB, ATR",32,3,0.5,0.001,64,60,1,50,"(16, 1)",ReLU,0.050100521908296496,10.085146058136276,0.8229071762829883,32.083333333333336,0.48929543083975985
7,"20MA, 50MA, RSI, MACD, Upper_BB, ATR",16,2,0.4,0.001,32,60,1,150,"(16, 1)",ReLU,0.028309947005370976,6.090605943507889,0.9434549522084853,51.24999999999999,0.44565703466384254
8,"20MA, 50MA, RSI, MACD, Upper_BB, ATR",32,2,0.30000000000000004,0.0001,64,60,1,150,"(25, 1)",Tanh,0.04249115799099224,8.116736615276036,0.8726163771033263,37.083333333333336,0.5027651987615857
9,"20MA, 50MA, RSI, MACD, Upper_BB, ATR",64,2,0.6000000000000001,0.0005,32,60,1,150,"(25, 1)",Sigmoid,0.026181588542768423,5.2613205491980235,0.9516375326517642,55.00000000000001,0.617013464699461
10,"20MA, 50MA, RSI, MACD, Upper_BB, ATR",64,3,0.8,0.0005,16,60,1,100,"(25, 1)",Sigmoid,0.04374599391116912,9.605767399757813,0.8649815745572443,26.666666666666668,0.9772908371216216
11,"20MA, 50MA, RSI, MACD, Upper_BB, ATR",16,2,0.30000000000000004,0.0005,32,60,1,150,"(16, 1)",ReLU,0.028998849022316538,5.926922884606953,0.9406695032569267,52.916666666666664,0.6462146971855283
12,"20MA, 50MA, RSI, MACD, Upper_BB, ATR",64,2,0.4,0.001,32,60,1,150,"(16, 1)",ReLU,0.02641030855789342,5.592796185163476,0.9507888614394496,53.333333333333336,0.6757434273086925
13,"20MA, 50MA, RSI, MACD, Upper_BB, ATR",64,2,0.4,0.0005,32,60,1,150,"(16, 1)",Sigmoid,0.02734427545114934,5.608894387024059,0.9472467399734056,52.916666666666664,0.5824516325096801
14,"20MA, 50MA, RSI, MACD, Upper_BB, ATR",64,2,0.7,0.0001,64,60,1,50,"(25, 1)",ReLU,0.05119244742212627,9.902135648998692,0.81510368806799,28.749999999999996,0.8245688855805314
15,"20MA, 50MA, RSI, MACD, Upper_BB, ATR",64,2,0.6000000000000001,0.001,32,60,1,100,"(16, 1)",ReLU,0.027301805705264345,5.200970731883403,0.9474104801098238,56.25,0.3869871673500707
16,"20MA, 50MA, RSI, MACD, Upper_BB, ATR",64,2,0.4,0.0005,32,60,1,150,"(16, 1)",Sigmoid,0.0300164439096739,5.620297391164001,0.9364325278211185,55.00000000000001,1.0782841153495213
17,"20MA, 50MA, RSI, MACD, Upper_BB, ATR",64,3,0.2,0.001,32,60,1,150,"(25, 1)",ReLU,0.024579942639577163,4.728468501447091,0.9573736454592651,58.333333333333336,0.305524484781912
18,"20MA, 50MA, RSI, MACD, Upper_BB, ATR",64,3,0.2,0.0005,64,60,1,50,"(25, 1)",Sigmoid,0.05250417695695927,10.71197263000729,0.8055069116037898,28.333333333333332,0.5843581378994739
19,"20MA, 50MA, RSI, MACD, Upper_BB, ATR",128,3,0.8,0.0001,16,60,1,100,"(25, 1)",Tanh,0.0305420743465574,5.657443728867426,0.934186721973483,57.08333333333333,0.8686023491254588
20,"20MA, 50MA, RSI, MACD, Upper_BB, ATR",64,3,0.30000000000000004,0.001,32,60,1,150,"(25, 1)",Sigmoid,0.19662728657502435,50.408064184556146,-1.7277466734374665,1.6666666666666667,0.6228863089572263
21,"20MA, 50MA, RSI, MACD, Upper_BB, ATR",64,3,0.2,0.001,32,60,1,150,"(25, 1)",ReLU,0.03900018008772659,9.181974209265526,0.8926876544223596,35.0,0.605742368218723
22,"20MA, 50MA, RSI, MACD, Upper_BB, ATR",64,2,0.4,0.001,32,60,1,150,"(25, 1)",ReLU,0.031116761889114355,5.443013539701745,0.9316867014770642,56.25,0.924661682609902
23,"20MA, 50MA, RSI, MACD, Upper_BB, ATR",64,2,0.7,0.001,32,60,1,150,"(16, 1)",ReLU,0.023312076235593084,4.638886082410865,0.9616576813609313,62.5,0.9095342768954587
24,"20MA, 50MA, RSI, MACD, Upper_BB, ATR",64,3,0.7,0.001,32,60,1,150,"(25, 1)",ReLU,0.03807372348865084,8.76599392163663,0.8977255469336127,34.166666666666664,0.5711530460945115
0,"20MA, 50MA, RSI, MACD, Upper_BB, ATR",128,3,0.8,0.0005,64,60,30,100,"(25, 1)",ReLU,0.1167763602202815,25.940983105348707,-0.14151550580263006,8.438818565400844,0.8874723428722
1,"20MA, 50MA, RSI, MACD, Upper_BB, ATR",32,3,0.8,0.0005,64,60,30,50,"(25, 1)",Tanh,0.11873775829939318,25.65970257232579,-0.18018376655937973,13.080168776371309,0.8898646013429389
2,"20MA, 50MA, RSI, MACD, Upper_BB, ATR",128,2,0.7,0.0001,32,60,30,50,"(16, 1)",Sigmoid,0.14609459719201776,33.946398000170056,-0.7866531789098423,8.860759493670885,0.7112375239444522
3,"20MA, 50MA, RSI, MACD, Upper_BB, ATR",128,3,0.6000000000000001,0.0001,64,60,30,100,"(25, 1)",Sigmoid,0.1755382402283871,41.3802307799652,-1.5793805828783216,5.485232067510549,0.7292392483449753
4,"20MA, 50MA, RSI, MACD, Upper_BB, ATR",128,2,0.8,0.0001,64,60,30,100,"(16, 1)",Tanh,0.1252404924918946,27.300653496178995,-0.3129901838956224,13.924050632911392,0.6517143025818808
5,"20MA, 50MA, RSI, MACD, Upper_BB, ATR",128,3,0.2,0.001,32,60,30,50,"(25, 1)",Sigmoid,0.17777259015548416,45.68396999976158,-1.64546211235184,2.9535864978902953,0.7929111425459175
6,"20MA, 50MA, RSI, MACD, Upper_BB, ATR",128,3,0.6000000000000001,0.001,64,60,30,100,"(25, 1)",Sigmoid,0.11770785869751048,26.095104788073993,-0.15979935853014626,9.282700421940929,0.816602658240231
7,"20MA, 50MA, RSI, MACD, Upper_BB, ATR",64,3,0.8,0.0005,32,60,30,100,"(16, 1)",Sigmoid,0.14606739406058503,32.89142701006444,-0.7859878834474037,10.970464135021098,0.5054895343411822
8,"20MA, 50MA, RSI, MACD, Upper_BB, ATR",16,2,0.2,0.0001,64,60,30,50,"(16, 1)",Sigmoid,0.13951148382698914,34.44867430889181,-0.6292655003184677,7.59493670886076,0.8645061575981549
9,"20MA, 50MA, RSI, MACD, Upper_BB, ATR",128,3,0.4,0.0001,32,60,30,150,"(25, 1)",ReLU,0.14011346314325418,31.477752736829327,-0.6433560984818414,10.970464135021098,0.6969050883343564
10,"20MA, 50MA, RSI, MACD, Upper_BB, ATR",16,2,0.4,0.0005,16,60,30,150,"(25, 1)",ReLU,0.18445901022830435,43.087907908051,-1.8482079457976601,10.970464135021098,0.6780390673990784
11,"20MA, 50MA, RSI, MACD, Upper_BB, ATR",64,3,0.6000000000000001,0.001,64,60,30,100,"(25, 1)",ReLU,0.12422998601393527,28.014864759229102,-0.2918878637367537,8.016877637130802,0.7442895612619924
12,"20MA, 50MA, RSI, MACD, Upper_BB, ATR",32,3,0.6000000000000001,0.001,16,60,30,100,"(25, 1)",ReLU,0.24283505015182644,56.38639200920883,-3.9362220692476235,8.016877637130802,0.6411834128367407
13,"20MA, 50MA, RSI, MACD, Upper_BB, ATR",128,3,0.5,0.001,64,60,30,100,"(25, 1)",ReLU,0.15536878566520265,35.984978815464395,-1.0206890521204661,9.282700421940929,0.6728870210631707
14,"20MA, 50MA, RSI, MACD, Upper_BB, ATR",128,3,0.7,0.0005,64,60,30,100,"(25, 1)",Tanh,0.11933661977241378,26.586714228172713,-0.1921184520420196,10.970464135021098,0.6541390810371427
15,"20MA, 50MA, RSI, MACD, Upper_BB, ATR",128,3,0.7,0.001,64,60,30,100,"(25, 1)",Sigmoid,0.12485871499303915,28.273050335928318,-0.3049974640681057,7.172995780590717,0.7161192589263925
16,"20MA, 50MA, RSI, MACD, Upper_BB, ATR",16,3,0.5,0.0005,16,60,30,150,"(25, 1)",ReLU,0.18335889633040647,43.684497093119866,-1.8143358190930425,10.126582278481013,0.6406872799037977
17,"20MA, 50MA, RSI, MACD, Upper_BB, ATR",32,2,0.4,0.001,64,60,30,100,"(25, 1)",ReLU,0.12818933220463433,28.408415470711585,-0.3755478929026739,8.016877637130802,0.6123652054259664
18,"20MA, 50MA, RSI, MACD, Upper_BB, ATR",64,3,0.7,0.0005,64,60,30,100,"(16, 1)",Sigmoid,0.15472875610329273,38.97331082189939,-1.0040752014341225,5.485232067510549,0.8697823390085355
19,"20MA, 50MA, RSI, MACD, Upper_BB, ATR",128,3,0.30000000000000004,0.001,16,60,30,150,"(25, 1)",Tanh,0.18291802769081755,41.92412700572212,-1.8008184954785529,13.502109704641349,0.6621832670324584
20,"20MA, 50MA, RSI, MACD, Upper_BB, ATR",128,2,0.6000000000000001,0.0005,64,60,30,100,"(25, 1)",Sigmoid,0.12951622338089322,29.348646205449064,-0.4041719396790955,8.016877637130802,0.6871906784507898
21,"20MA, 50MA, RSI, MACD, Upper_BB, ATR",32,3,0.8,0.0005,64,60,30,50,"(25, 1)",Tanh,0.11944689541485022,25.773827016368333,-0.19432267683776772,14.345991561181433,0.5792529816268893
22,"20MA, 50MA, RSI, MACD, Upper_BB, ATR",32,3,0.8,0.0005,64,60,30,50,"(25, 1)",Tanh,0.12443575066828114,27.068386888616637,-0.2961709682243996,15.18987341772152,0.5300227310072835
23,"20MA, 50MA, RSI, MACD, Upper_BB, ATR",32,3,0.7,0.0005,64,60,30,50,"(25, 1)",Tanh,0.12711453585368424,27.860775534992595,-0.3525781822852918,15.611814345991561,0.6186416620975873
24,"20MA, 50MA, RSI, MACD, Upper_BB, ATR",32,3,0.8,0.0005,64,60,30,50,"(25, 1)",Tanh,0.13405010430382047,29.064471036842342,-0.504202334037533,18.9873417721519,0.6267171638653152
0,"20MA, 50MA, RSI, MACD, Upper_BB, Williams_%R",16,3,0.8,0.0001,32,60,1,150,"(16, 1)",Tanh,0.0562678741371284,10.584478345242575,0.7766235023175891,27.916666666666668,0.7786251539773934
1,"20MA, 50MA, RSI, MACD, Upper_BB, Williams_%R",128,3,0.8,0.001,16,60,1,150,"(16, 1)",ReLU,0.15635136259751217,38.65997021292262,-0.7247247818421678,5.416666666666667,0.7095326469289412
2,"20MA, 50MA, RSI, MACD, Upper_BB, Williams_%R",32,2,0.8,0.001,32,60,1,100,"(25, 1)",Tanh,0.04167866484517157,8.832852076374,0.8774413244871024,24.166666666666668,0.4157447351772015
3,"20MA, 50MA, RSI, MACD, Upper_BB, Williams_%R",32,2,0.5,0.0005,64,60,1,150,"(25, 1)",Tanh,0.030237302626997458,6.046253066681515,0.9354936370622289,49.583333333333336,0.3799765705222176
4,"20MA, 50MA, RSI, MACD, Upper_BB, Williams_%R",32,2,0.7,0.0005,16,60,1,50,"(16, 1)",Tanh,0.03426013904624542,6.563336483214681,0.9171877269997266,46.666666666666664,0.4660351404496707
5,"20MA, 50MA, RSI, MACD, Upper_BB, Williams_%R",16,2,0.4,0.0001,32,60,1,150,"(25, 1)",Sigmoid,0.03713410979807827,7.2353838179464125,0.9027112783099567,39.58333333333333,0.5453267154672979
6,"20MA, 50MA, RSI, MACD, Upper_BB, Williams_%R",32,3,0.4,0.0005,64,60,1,50,"(25, 1)",Sigmoid,0.03961305043893574,7.687701690757755,0.8892884231133465,40.0,0.5946548962589256
7,"20MA, 50MA, RSI, MACD, Upper_BB, Williams_%R",32,2,0.6000000000000001,0.0005,32,60,1,150,"(25, 1)",Sigmoid,0.03150013913897406,6.0285071317592465,0.9299930097331943,48.333333333333336,0.4680080028695671
8,"20MA, 50MA, RSI, MACD, Upper_BB, Williams_%R",64,2,0.6000000000000001,0.0001,16,60,1,50,"(16, 1)",Tanh,0.06570686962685794,12.78687611443989,0.6953943061190612,22.083333333333332,0.5775609222138889
9,"20MA, 50MA, RSI, MACD, Upper_BB, Williams_%R",16,3,0.7,0.0005,32,60,1,50,"(25, 1)",ReLU,0.057574369897803346,11.421600151076806,0.7661298199258906,22.5,0.37242373647867577
10,"20MA, 50MA, RSI, MACD, Upper_BB, Williams_%R",64,2,0.2,0.0005,64,60,1,100,"(25, 1)",Tanh,0.05079303193971564,9.559180174571061,0.8179776413195143,31.666666666666664,0.5241055443865966
11,"20MA, 50MA, RSI, MACD, Upper_BB, Williams_%R",32,2,0.5,0.0005,64,60,1,150,"(25, 1)",Sigmoid,0.04131684413714984,8.0591428530004,0.8795600001332833,32.916666666666664,0.43596869406830085
12,"20MA, 50MA, RSI, MACD, Upper_BB, Williams_%R",32,2,0.5,0.0005,64,60,1,150,"(25, 1)",Sigmoid,0.03527876474503369,6.96936698928568,0.9121901564736524,44.166666666666664,0.3650886671442878
13,"20MA, 50MA, RSI, MACD, Upper_BB, Williams_%R",128,2,0.30000000000000004,0.0005,32,60,1,150,"(25, 1)",Sigmoid,0.043285012012464645,10.187884378782837,0.8678121474172595,20.833333333333336,0.4883681135029171
14,"20MA, 50MA, RSI, MACD, Upper_BB, Williams_%R",32,2,0.6000000000000001,0.0005,64,60,1,150,"(25, 1)",ReLU,0.030682991060815366,5.878920132109249,0.9335780150679613,52.916666666666664,0.4378438824576504
15,"20MA, 50MA, RSI, MACD, Upper_BB, Williams_%R",32,2,0.6000000000000001,0.001,64,60,1,150,"(25, 1)",ReLU,0.02776694764605199,5.4504997433515685,0.9456032759884926,52.916666666666664,0.39928332575033776
16,"20MA, 50MA, RSI, MACD, Upper_BB, Williams_%R",32,2,0.4,0.001,64,60,1,100,"(25, 1)",ReLU,0.026396165821600037,4.9794274071566145,0.9508415525168701,62.083333333333336,0.6217904995715049
17,"20MA, 50MA, RSI, MACD, Upper_BB, Williams_%R",128,3,0.30000000000000004,0.001,64,60,1,100,"(25, 1)",ReLU,0.04752252931509733,9.67245951413352,0.8406633957967115,28.333333333333332,0.4767458353919048
18,"20MA, 50MA, RSI, MACD, Upper_BB, Williams_%R",64,2,0.4,0.001,64,60,1,100,"(16, 1)",ReLU,0.025613563600777642,4.80489883622086,0.9537132727829406,61.66666666666667,0.4750090502639087
19,"20MA, 50MA, RSI, MACD, Upper_BB, Williams_%R",64,2,0.4,0.001,64,60,1,100,"(16, 1)",ReLU,0.025306663098026354,4.805609524242729,0.954815838262751,61.66666666666667,0.7038475888950204
20,"20MA, 50MA, RSI, MACD, Upper_BB, Williams_%R",64,3,0.2,0.001,64,60,1,100,"(16, 1)",ReLU,0.037576906231686885,7.456187509230403,0.9003772548356983,35.833333333333336,0.3056402171837538
21,"20MA, 50MA, RSI, MACD, Upper_BB, Williams_%R",64,2,0.4,0.001,64,60,1,100,"(16, 1)",ReLU,0.026421835473090176,5.149448709993944,0.9507458951552925,55.41666666666667,0.45938386165415823
22,"20MA, 50MA, RSI, MACD, Upper_BB, Williams_%R",64,2,0.30000000000000004,0.001,64,60,1,100,"(16, 1)",ReLU,0.036103306284469526,7.6445408521322,0.9080375751480285,33.33333333333333,0.4022169649525967
23,"20MA, 50MA, RSI, MACD, Upper_BB, Williams_%R",64,2,0.4,0.001,64,60,1,100,"(16, 1)",ReLU,0.03381975240366963,6.94446960280178,0.9193030147537714,40.416666666666664,0.332973555530722
24,"20MA, 50MA, RSI, MACD, Upper_BB, Williams_%R",64,2,0.30000000000000004,0.001,64,60,1,100,"(16, 1)",ReLU,0.027356100001100257,5.381699548098588,0.9472011056737164,57.08333333333333,0.36793303172365266
0,"20MA, 50MA, RSI, MACD, Upper_BB, Williams_%R",16,2,0.8,0.0001,64,60,30,100,"(25, 1)",ReLU,0.12798579396547602,30.321459988216308,-0.37118318768699,5.9071729957805905,0.8603960957667849
1,"20MA, 50MA, RSI, MACD, Upper_BB, Williams_%R",128,3,0.7,0.0001,32,60,30,100,"(16, 1)",Sigmoid,0.12867647680938984,28.068906847156395,-0.38602246143616825,9.282700421940929,0.797002984488638
2,"20MA, 50MA, RSI, MACD, Upper_BB, Williams_%R",16,2,0.5,0.0005,16,60,30,150,"(25, 1)",Sigmoid,0.19087952016428505,44.820723934930406,-2.0499352186583626,5.9071729957805905,0.637243656975675
3,"20MA, 50MA, RSI, MACD, Upper_BB, Williams_%R",64,2,0.8,0.001,64,60,30,100,"(25, 1)",ReLU,0.11829881260379942,26.706653642220196,-0.17147416884156175,6.329113924050633,0.809396654659245
4,"20MA, 50MA, RSI, MACD, Upper_BB, Williams_%R",64,3,0.7,0.001,32,60,30,50,"(25, 1)",Tanh,0.1680361084995534,38.80238810363617,-1.363617388481293,9.70464135021097,0.6397826379712889
5,"20MA, 50MA, RSI, MACD, Upper_BB, Williams_%R",16,3,0.2,0.001,32,60,30,150,"(16, 1)",Sigmoid,0.16155810942415852,36.84322528543626,-1.1848894641489545,5.9071729957805905,0.5917816249701524
6,"20MA, 50MA, RSI, MACD, Upper_BB, Williams_%R",16,2,0.30000000000000004,0.0005,64,60,30,100,"(16, 1)",Tanh,0.13258661051592727,29.303062402717245,-0.47153732528537184,11.814345991561181,0.890906553082568
7,"20MA, 50MA, RSI, MACD, Upper_BB, Williams_%R",32,2,0.5,0.0001,16,60,30,100,"(16, 1)",Tanh,0.14910267635729268,34.27987988809827,-0.8609847905876866,5.063291139240507,0.6457975262360203
8,"20MA, 50MA, RSI, MACD, Upper_BB, Williams_%R",128,3,0.6000000000000001,0.001,32,60,30,100,"(16, 1)",Sigmoid,0.19194978697278547,45.459545978567526,-2.0842332490044866,5.485232067510549,0.9103925012543699
9,"20MA, 50MA, RSI, MACD, Upper_BB, Williams_%R",32,2,0.2,0.0005,64,60,30,100,"(25, 1)",ReLU,0.13196991397149044,29.375502400581272,-0.4578801168624105,10.126582278481013,0.7688694420649552
10,"20MA, 50MA, RSI, MACD, Upper_BB, Williams_%R",64,2,0.8,0.001,64,60,30,50,"(25, 1)",ReLU,0.11763817502662006,26.005379476341684,-0.15842655037555597,9.70464135021097,0.6774904316115953
11,"20MA, 50MA, RSI, MACD, Upper_BB, Williams_%R",64,2,0.8,0.001,64,60,30,50,"(25, 1)",ReLU,0.1179906993198751,25.97242333306063,-0.1653798269592046,8.860759493670885,0.8123091324470412
12,"20MA, 50MA, RSI, MACD, Upper_BB, Williams_%R",64,2,0.8,0.001,64,60,30,50,"(25, 1)",ReLU,0.1605467466190269,37.25625338412471,-1.1576200256477454,6.751054852320674,0.6354452641043753
13,"20MA, 50MA, RSI, MACD, Upper_BB, Williams_%R",64,2,0.7,0.001,64,60,30,50,"(25, 1)",ReLU,0.14687321927817673,33.09142179600879,-0.805748131243393,7.172995780590717,0.6383347470256759
14,"20MA, 50MA, RSI, MACD, Upper_BB, Williams_%R",64,2,0.6000000000000001,0.001,64,60,30,50,"(25, 1)",ReLU,0.14010962577613845,31.77379686882864,-0.6432660846579723,7.172995780590717,0.6770634754359334
15,"20MA, 50MA, RSI, MACD, Upper_BB, Williams_%R",64,2,0.4,0.001,64,60,30,50,"(25, 1)",ReLU,0.1556101173094608,35.767343801015095,-1.026971330035782,4.641350210970464,0.6354452641043753
16,"20MA, 50MA, RSI, MACD, Upper_BB, Williams_%R",64,2,0.6000000000000001,0.001,16,60,30,50,"(25, 1)",ReLU,0.18371732980929836,43.89421327291341,-1.825349608580713,10.970464135021098,0.6503737615682835
17,"20MA, 50MA, RSI, MACD, Upper_BB, Williams_%R",64,3,0.8,0.001,64,60,30,50,"(25, 1)",ReLU,0.15760684433765373,35.918209608451804,-1.07932364793366,7.59493670886076,0.7023401488535127
18,"20MA, 50MA, RSI, MACD, Upper_BB, Williams_%R",32,2,0.7,0.0001,64,60,30,50,"(25, 1)",ReLU,0.13200788610721342,31.849716583448963,-0.4587191988059638,4.641350210970464,0.788956346090812
19,"20MA, 50MA, RSI, MACD, Upper_BB, Williams_%R",128,2,0.4,0.0005,16,60,30,150,"(25, 1)",Tanh,0.15640642590584497,36.77486692106738,-1.0477697800561074,9.70464135021097,0.6563554249086359
20,"20MA, 50MA, RSI, MACD, Upper_BB, Williams_%R",64,3,0.5,0.001,64,60,30,50,"(25, 1)",ReLU,0.11808244925341535,25.579145104343866,-0.1671929375572463,13.502109704641349,0.718956345914799
21,"20MA, 50MA, RSI, MACD, Upper_BB, Williams_%R",64,3,0.5,0.001,64,60,30,50,"(25, 1)",ReLU,0.1225999274922115,27.337803364379514,-0.2582077977793189,8.016877637130802,0.7676416124787164
22,"20MA, 50MA, RSI, MACD, Upper_BB, Williams_%R",64,3,0.4,0.001,64,60,30,50,"(25, 1)",ReLU,0.12113612396362378,26.6704448126104,-0.2283419734185641,10.970464135021098,0.7680352619342499
23,"20MA, 50MA, RSI, MACD, Upper_BB, Williams_%R",64,3,0.7,0.001,64,60,30,50,"(25, 1)",ReLU,0.11967929281564314,25.981596917736056,-0.1989745766553337,7.59493670886076,0.7069631275827817
24,"20MA, 50MA, RSI, MACD, Upper_BB, Williams_%R",64,3,0.30000000000000004,0.001,64,60,30,50,"(25, 1)",ReLU,0.1401763163022829,31.849212764549012,-0.6448308074386229,6.329113924050633,0.7104199404743519
0,"20MA, 50MA, RSI, MACD, Upper_BB, OBV",32,2,0.7,0.0001,64,60,1,50,"(25, 1)",Tanh,0.05938007218735934,11.145698528069364,0.7512300578698057,28.749999999999996,1.855992983898084
1,"20MA, 50MA, RSI, MACD, Upper_BB, OBV",128,3,0.6000000000000001,0.001,16,60,1,100,"(25, 1)",Sigmoid,0.20082749016446116,51.549939873254914,-1.8455274803322324,1.6666666666666667,0.6228863089572263
2,"20MA, 50MA, RSI, MACD, Upper_BB, OBV",128,3,0.4,0.0005,64,60,1,150,"(25, 1)",Sigmoid,0.02290013015911913,4.247910935520911,0.9630007974077768,67.91666666666667,0.7190279809740635
3,"20MA, 50MA, RSI, MACD, Upper_BB, OBV",128,3,0.2,0.001,16,60,1,150,"(25, 1)",ReLU,0.23251499183674557,54.941254599979175,-2.814331046404041,7.916666666666666,0.5533818149448864
4,"20MA, 50MA, RSI, MACD, Upper_BB, OBV",128,3,0.7,0.001,16,60,1,100,"(25, 1)",Sigmoid,0.1795282383935582,45.63882821957944,-1.2739557094272058,2.9166666666666665,0.6818012966627727
5,"20MA, 50MA, RSI, MACD, Upper_BB, OBV",64,2,0.8,0.001,64,60,1,50,"(25, 1)",ReLU,0.051946453780156075,11.138767537062739,0.8096169532451376,23.75,0.41876038222420364
6,"20MA, 50MA, RSI, MACD, Upper_BB, OBV",16,2,0.8,0.0001,16,60,1,150,"(16, 1)",Tanh,0.09840340493503165,22.401220751958174,0.3168175289142171,10.0,0.7221451893992278
7,"20MA, 50MA, RSI, MACD, Upper_BB, OBV",32,2,0.6000000000000001,0.001,64,60,1,50,"(25, 1)",Tanh,0.03365289760582315,6.847378369820611,0.9200973117667887,47.91666666666667,0.5250284157094897
8,"20MA, 50MA, RSI, MACD, Upper_BB, OBV",64,3,0.4,0.0005,64,60,1,100,"(25, 1)",ReLU,0.033171810811177635,6.408487561734118,0.9223654889181496,48.333333333333336,0.6985137096631318
9,"20MA, 50MA, RSI, MACD, Upper_BB, OBV",16,2,0.8,0.0001,32,60,1,150,"(16, 1)",Tanh,0.06843602042381476,13.522954759196454,0.669565064529965,18.75,0.8624055906133311
10,"20MA, 50MA, RSI, MACD, Upper_BB, OBV",128,3,0.30000000000000004,0.0005,32,60,1,150,"(16, 1)",Sigmoid,0.034250263684383664,7.543484931362597,0.9172354607988945,35.833333333333336,0.4433042788621439
11,"20MA, 50MA, RSI, MACD, Upper_BB, OBV",64,3,0.4,0.0005,64,60,1,100,"(25, 1)",ReLU,0.028687313023847156,5.54357346751191,0.941937436374833,58.333333333333336,0.5268571727591926
12,"20MA, 50MA, RSI, MACD, Upper_BB, OBV",64,3,0.4,0.0005,64,60,1,100,"(25, 1)",Sigmoid,0.06340071936456251,12.869614336861279,0.7164009094635364,26.666666666666668,0.5403595302551499
13,"20MA, 50MA, RSI, MACD, Upper_BB, OBV",64,3,0.4,0.0005,64,60,1,100,"(25, 1)",ReLU,0.03374805649793955,6.496019028995819,0.9196447979084397,49.166666666666664,0.6271775052506907
14,"20MA, 50MA, RSI, MACD, Upper_BB, OBV",128,3,0.5,0.0005,64,60,1,150,"(16, 1)",Sigmoid,0.026057534758251556,5.064572192373585,0.9520947496419011,56.666666666666664,0.4554707849575864
15,"20MA, 50MA, RSI, MACD, Upper_BB, OBV",128,3,0.5,0.0005,64,60,1,150,"(16, 1)",Sigmoid,0.025973717549312714,4.954419782921359,0.9524024400348757,62.5,0.7226818325668414
16,"20MA, 50MA, RSI, MACD, Upper_BB, OBV",128,3,0.5,0.0005,32,60,1,150,"(16, 1)",Sigmoid,0.03210908234233535,6.99729067997054,0.9272601752410292,39.58333333333333,0.4883681135029171
17,"20MA, 50MA, RSI, MACD, Upper_BB, OBV",128,3,0.2,0.0005,64,60,1,150,"(16, 1)",Sigmoid,0.14641874082145792,35.43965339279389,-0.5125502023246389,8.333333333333332,0.7818003810715921
18,"20MA, 50MA, RSI, MACD, Upper_BB, OBV",128,3,0.30000000000000004,0.0005,64,60,1,150,"(16, 1)",Sigmoid,0.026477863501947307,5.109894881994019,0.9505367850565769,61.66666666666667,0.6502210507576347
19,"20MA, 50MA, RSI, MACD, Upper_BB, OBV",32,3,0.6000000000000001,0.0005,32,60,1,150,"(16, 1)",Sigmoid,0.027280944478479296,5.1802149017017785,0.9474908163904574,58.75,0.325069084283457
20,"20MA, 50MA, RSI, MACD, Upper_BB, OBV",16,2,0.30000000000000004,0.0001,64,60,1,150,"(16, 1)",Sigmoid,0.07024119844050548,15.073669290110356,0.6519029936961706,17.083333333333332,0.4664505353624196
21,"20MA, 50MA, RSI, MACD, Upper_BB, OBV",128,3,0.5,0.0005,64,60,1,150,"(16, 1)",Sigmoid,0.03094356037968701,6.396946393802323,0.9324450732530561,43.333333333333336,0.4336464825525736
22,"20MA, 50MA, RSI, MACD, Upper_BB, OBV",128,3,0.5,0.0005,64,60,1,150,"(16, 1)",Sigmoid,0.03600819512864281,7.485110553649912,0.908521471624844,39.166666666666664,1.0
23,"20MA, 50MA, RSI, MACD, Upper_BB, OBV",128,3,0.5,0.0005,64,60,1,150,"(16, 1)",Sigmoid,0.026746071576318867,5.07442994277412,0.9495296324258327,61.66666666666667,0.38996609739457255
24,"20MA, 50MA, RSI, MACD, Upper_BB, OBV",128,3,0.6000000000000001,0.0005,64,60,1,150,"(16, 1)",Sigmoid,0.027988796329018815,5.4147612111730075,0.944730580094384,56.666666666666664,0.8652906440893195
0,"20MA, 50MA, RSI, MACD, Upper_BB, OBV",128,2,0.2,0.001,32,60,30,50,"(25, 1)",Tanh,0.15117596080370538,35.5165092014875,-0.9130988941320433,12.236286919831224,0.648514535760077
1,"20MA, 50MA, RSI, MACD, Upper_BB, OBV",16,3,0.6000000000000001,0.001,16,60,30,50,"(25, 1)",Tanh,0.21194350333691583,50.769563541408935,-2.76021054730645,6.751054852320674,0.7366951006215408
2,"20MA, 50MA, RSI, MACD, Upper_BB, OBV",16,3,0.6000000000000001,0.001,32,60,30,50,"(16, 1)",Sigmoid,0.13858666857894472,29.753283589415357,-0.6077364421608251,13.924050632911392,0.5935684604887195
3,"20MA, 50MA, RSI, MACD, Upper_BB, OBV",32,3,0.5,0.0005,16,60,30,150,"(16, 1)",Tanh,0.21202343630992143,51.607534222338856,-2.7630473550535286,10.548523206751055,0.6621832670324584
4,"20MA, 50MA, RSI, MACD, Upper_BB, OBV",16,2,0.4,0.0001,32,60,30,150,"(16, 1)",ReLU,0.11754845785311345,24.961152665807653,-0.15666026788757081,9.282700421940929,0.7502418825929043
5,"20MA, 50MA, RSI, MACD, Upper_BB, OBV",32,2,0.8,0.001,64,60,30,100,"(25, 1)",Tanh,0.1175934319784508,24.908220834002375,-0.15754551532023853,15.611814345991561,0.5711843518654339
6,"20MA, 50MA, RSI, MACD, Upper_BB, OBV",64,3,0.30000000000000004,0.0005,16,60,30,100,"(25, 1)",Tanh,0.23485480670223932,57.91022291330504,-3.6171167043120365,4.641350210970464,0.6562880973836089
7,"20MA, 50MA, RSI, MACD, Upper_BB, OBV",16,2,0.5,0.001,32,60,30,50,"(16, 1)",Sigmoid,0.11799415134343456,24.08130423198784,-0.165448018392772,15.18987341772152,0.7473797650797477
8,"20MA, 50MA, RSI, MACD, Upper_BB, OBV",64,2,0.8,0.0001,16,60,30,150,"(25, 1)",Tanh,0.142383093342437,32.36040965485192,-0.6970271625420561,9.282700421940929,0.699677369869874
9,"20MA, 50MA, RSI, MACD, Upper_BB, OBV",128,3,0.8,0.001,16,60,30,150,"(16, 1)",ReLU,0.1893544103363197,48.99009135635381,-2.0013925180159737,1.2658227848101267,0.8199188888254823
10,"20MA, 50MA, RSI, MACD, Upper_BB, OBV",16,2,0.30000000000000004,0.0001,64,60,30,150,"(16, 1)",ReLU,0.13694947476361735,29.306468959830887,-0.5699748222572067,5.063291139240507,0.9442310101231105
11,"20MA, 50MA, RSI, MACD, Upper_BB, OBV",32,2,0.4,0.0001,64,60,30,100,"(25, 1)",ReLU,0.12327177810753304,27.13058044855412,-0.27203560190150666,17.72151898734177,0.6482912742331972
12,"20MA, 50MA, RSI, MACD, Upper_BB, OBV",32,2,0.7,0.0001,64,60,30,100,"(25, 1)",ReLU,0.10774963503342568,22.89006985164059,0.0281403275312464,7.59493670886076,1.1987143535009277
13,"20MA, 50MA, RSI, MACD, Upper_BB, OBV",32,2,0.6000000000000001,0.0001,64,60,30,100,"(16, 1)",ReLU,0.10764450466063266,22.626367650880233,0.030035872244518425,10.970464135021098,1.082088996571522
14,"20MA, 50MA, RSI, MACD, Upper_BB, OBV",32,2,0.7,0.0001,64,60,30,100,"(25, 1)",ReLU,0.11053702485977235,23.56409289440975,-0.022792390373693516,18.9873417721519,0.850084898907356
15,"20MA, 50MA, RSI, MACD, Upper_BB, OBV",32,2,0.6000000000000001,0.0001,64,60,30,100,"(16, 1)",ReLU,0.10337777474373383,21.883369540955798,0.10540533309293365,11.814345991561181,1.09211564748121
16,"20MA, 50MA, RSI, MACD, Upper_BB, OBV",32,2,0.6000000000000001,0.0001,64,60,30,100,"(16, 1)",ReLU,0.11978407855788124,26.138456491663938,-0.20107503093308887,19.40928270042194,0.6810330528034367
17,"20MA, 50MA, RSI, MACD, Upper_BB, OBV",32,2,0.7,0.0001,64,60,30,100,"(16, 1)",ReLU,0.11215984049901344,24.488935721066383,-0.05304446995356815,18.143459915611814,0.7096879760264752
18,"20MA, 50MA, RSI, MACD, Upper_BB, OBV",32,2,0.6000000000000001,0.0005,64,60,30,100,"(16, 1)",Sigmoid,0.11917364263951595,25.92557931928396,-0.18886454089741078,12.658227848101266,0.6574059529089649
19,"20MA, 50MA, RSI, MACD, Upper_BB, OBV",128,2,0.4,0.0001,64,60,30,100,"(16, 1)",ReLU,0.10113002828997376,21.4720094088573,0.1438848091649011,13.924050632911392,1.161182804045592
20,"20MA, 50MA, RSI, MACD, Upper_BB, OBV",128,3,0.4,0.0001,64,60,30,100,"(16, 1)",ReLU,0.10866950009599607,23.19089746237659,0.011475849040666897,11.39240506329114,0.7645279922584234
21,"20MA, 50MA, RSI, MACD, Upper_BB, OBV",128,2,0.5,0.0001,64,60,30,100,"(16, 1)",ReLU,0.1039820417490791,22.048677817947365,0.09491654221180057,9.282700421940929,1.968288540140324
22,"20MA, 50MA, RSI, MACD, Upper_BB, OBV",128,2,0.5,0.0001,64,60,30,100,"(16, 1)",ReLU,0.11452509095781485,24.425965479387013,-0.09792642156202103,13.502109704641349,0.8201280948330281
23,"20MA, 50MA, RSI, MACD, Upper_BB, OBV",128,2,0.4,0.0001,64,60,30,100,"(16, 1)",ReLU,0.1085094642561698,23.66569636403718,0.014385272637166935,8.860759493670885,1.508266296977831
24,"20MA, 50MA, RSI, MACD, Upper_BB, OBV",128,2,0.5,0.0001,64,60,30,100,"(16, 1)",ReLU,0.11060421001289711,24.2480386817721,-0.02403608852126804,9.282700421940929,1.5382904861362974
0,"20MA, 50MA, RSI, MACD, Lower_BB, CCI",64,2,0.6000000000000001,0.0001,16,60,1,50,"(25, 1)",Sigmoid,0.15391726096739916,37.991909123466236,-0.6714412469237736,5.416666666666667,0.7095326469289412
1,"20MA, 50MA, RSI, MACD, Lower_BB, CCI",32,2,0.30000000000000004,0.0001,16,60,1,100,"(16, 1)",Sigmoid,0.050041493817120225,10.203477890859062,0.8233242295532847,27.916666666666668,0.563441049698925
2,"20MA, 50MA, RSI, MACD, Lower_BB, CCI",32,2,0.30000000000000004,0.001,32,60,1,100,"(16, 1)",ReLU,0.033596885804160544,6.66211011554266,0.9203630701022334,44.166666666666664,0.5072273725909573
3,"20MA, 50MA, RSI, MACD, Lower_BB, CCI",128,3,0.4,0.001,64,60,1,150,"(25, 1)",ReLU,0.023948896138188985,4.66238419514589,0.9595342621435979,61.25000000000001,0.6847965017060402
4,"20MA, 50MA, RSI, MACD, Lower_BB, CCI",64,3,0.7,0.0005,64,60,1,100,"(25, 1)",Sigmoid,0.038966278775382425,8.163702752836713,0.8928741380816761,33.75,0.4359014164984786
5,"20MA, 50MA, RSI, MACD, Lower_BB, CCI",32,2,0.4,0.0001,16,60,1,50,"(25, 1)",Tanh,0.061410204661331305,11.524979005298709,0.7339289936745137,32.5,0.6496660446493198
6,"20MA, 50MA, RSI, MACD, Lower_BB, CCI",128,2,0.2,0.001,32,60,1,100,"(16, 1)",ReLU,0.02683330043657429,5.176249925725207,0.9491998904167512,61.25000000000001,1.1308684282789583
7,"20MA, 50MA, RSI, MACD, Lower_BB, CCI",64,3,0.6000000000000001,0.0001,32,60,1,50,"(25, 1)",ReLU,0.06526778648421074,12.504691123113657,0.6994517310502735,29.166666666666668,0.48738958955023115
8,"20MA, 50MA, RSI, MACD, Lower_BB, CCI",128,2,0.5,0.0005,32,60,1,150,"(16, 1)",ReLU,0.03839058167252014,8.217493025379934,0.8960161609532971,30.416666666666664,0.44820515434124264
9,"20MA, 50MA, RSI, MACD, Lower_BB, CCI",16,3,0.8,0.0001,32,60,1,50,"(16, 1)",ReLU,0.059441504967277674,11.26916239918271,0.7507150522792488,32.916666666666664,0.7534910017053551
10,"20MA, 50MA, RSI, MACD, Lower_BB, CCI",128,3,0.4,0.001,64,60,1,150,"(25, 1)",Tanh,0.028865750080305373,6.268524789582565,0.9412128837138052,45.83333333333333,0.5256131843275071
11,"20MA, 50MA, RSI, MACD, Lower_BB, CCI",128,3,0.2,0.001,64,60,1,150,"(16, 1)",ReLU,0.024066341271722722,4.722457352461696,0.9591364018770324,60.83333333333333,0.6228437770753448
12,"20MA, 50MA, RSI, MACD, Lower_BB, CCI",128,3,0.2,0.001,64,60,1,150,"(16, 1)",ReLU,0.048010902361004734,10.4899562767661,0.8373716709350373,21.25,0.4503103906162381
13,"20MA, 50MA, RSI, MACD, Lower_BB, CCI",128,3,0.30000000000000004,0.001,64,60,1,150,"(25, 1)",ReLU,0.022426796322373235,4.255347509942845,0.9645144990627446,67.5,1.2454602924170395
14,"20MA, 50MA, RSI, MACD, Lower_BB, CCI",16,3,0.4,0.001,64,60,1,150,"(25, 1)",ReLU,0.025525589826831733,4.740320450890721,0.9540306846940719,64.16666666666667,0.4261512424789254
15,"20MA, 50MA, RSI, MACD, Lower_BB, CCI",128,3,0.5,0.001,64,60,1,150,"(25, 1)",Tanh,0.04108512178273436,8.614754409559715,0.8809071687847482,30.833333333333336,0.4384610050324708
16,"20MA, 50MA, RSI, MACD, Lower_BB, CCI",128,3,0.30000000000000004,0.001,64,60,1,150,"(25, 1)",ReLU,0.04722313765589282,10.086011227503972,0.8426647111041917,22.5,0.47122878614813196
17,"20MA, 50MA, RSI, MACD, Lower_BB, CCI",128,3,0.5,0.0005,64,60,1,150,"(25, 1)",ReLU,0.026431378865336818,4.82637236354337,0.9507103082156593,63.74999999999999,0.9411036212025558
18,"20MA, 50MA, RSI, MACD, Lower_BB, CCI",16,3,0.30000000000000004,0.001,64,60,1,150,"(25, 1)",Sigmoid,0.04004081679213306,8.669600230521523,0.8868844480973627,29.583333333333332,0.44484856832316655
19,"20MA, 50MA, RSI, MACD, Lower_BB, CCI",128,3,0.4,0.001,64,60,1,150,"(25, 1)",Tanh,0.02757121866289969,5.339724029322411,0.9463674572194314,53.333333333333336,0.4299980245819049
20,"20MA, 50MA, RSI, MACD, Lower_BB, CCI",128,3,0.6000000000000001,0.0005,16,60,1,150,"(25, 1)",ReLU,0.042213855350775716,9.287284155533795,0.8742735948768655,27.083333333333332,1.01532627178978
21,"20MA, 50MA, RSI, MACD, Lower_BB, CCI",128,3,0.2,0.001,64,60,1,150,"(16, 1)",ReLU,0.04855072072175635,10.456587222892532,0.8336940355292729,21.25,0.4491193529693248
22,"20MA, 50MA, RSI, MACD, Lower_BB, CCI",128,3,0.2,0.001,64,60,1,150,"(16, 1)",ReLU,0.0304454555171944,6.370102845520294,0.9346024595477569,44.166666666666664,0.4872923681669485
23,"20MA, 50MA, RSI, MACD, Lower_BB, CCI",128,3,0.30000000000000004,0.001,64,60,1,150,"(16, 1)",ReLU,0.04408470895012917,9.493911934945315,0.8628826477195622,24.583333333333332,0.4038004700365856
24,"20MA, 50MA, RSI, MACD, Lower_BB, CCI",128,3,0.4,0.001,64,60,1,150,"(25, 1)",ReLU,0.02225470045637059,4.371613976715582,0.9650570176395523,66.25,0.6306518432380142
0,"20MA, 50MA, RSI, MACD, Lower_BB, CCI",64,3,0.2,0.001,64,60,30,100,"(25, 1)",Sigmoid,0.12272945695998821,26.682516319662362,-0.26086784959221077,13.080168776371309,0.6426448592819787
1,"20MA, 50MA, RSI, MACD, Lower_BB, CCI",16,2,0.4,0.001,16,60,30,50,"(25, 1)",ReLU,0.18549921093587757,44.20878783115897,-1.8804217320881738,9.70464135021097,0.6562880973836089
2,"20MA, 50MA, RSI, MACD, Lower_BB, CCI",64,2,0.4,0.001,64,60,30,150,"(25, 1)",Tanh,0.11957880910018683,26.96785977602365,-0.1969620840937234,9.282700421940929,0.6610975142280475
3,"20MA, 50MA, RSI, MACD, Lower_BB, CCI",128,2,0.5,0.001,16,60,30,50,"(25, 1)",Sigmoid,0.25028724269365943,65.4517502529336,-4.24383929369522,2.5316455696202533,0.7137699562409618
4,"20MA, 50MA, RSI, MACD, Lower_BB, CCI",128,3,0.2,0.0005,32,60,30,50,"(25, 1)",Tanh,0.15364525638379015,35.799151610101866,-0.9761060995658442,8.860759493670885,0.6924956115039302
5,"20MA, 50MA, RSI, MACD, Lower_BB, CCI",16,3,0.5,0.0005,64,60,30,100,"(16, 1)",Tanh,0.1298401000732044,28.41456762814602,-0.4112034477913731,16.033755274261605,0.5374213471815051
6,"20MA, 50MA, RSI, MACD, Lower_BB, CCI",64,2,0.8,0.001,32,60,30,150,"(16, 1)",ReLU,0.17006243170634164,39.45097853237981,-1.4209661389311918,9.282700421940929,0.7285778601966797
7,"20MA, 50MA, RSI, MACD, Lower_BB, CCI",16,3,0.30000000000000004,0.0001,16,60,30,50,"(16, 1)",Tanh,0.15081443157878982,35.581991153904625,-0.9039596878020453,7.59493670886076,0.7044526365198372
8,"20MA, 50MA, RSI, MACD, Lower_BB, CCI",64,3,0.2,0.0005,16,60,30,50,"(16, 1)",Sigmoid,0.17830820200752098,39.98659227376331,-1.6614271766405277,14.345991561181433,0.7613369021841069
9,"20MA, 50MA, RSI, MACD, Lower_BB, CCI",64,3,0.4,0.0005,16,60,30,150,"(25, 1)",Tanh,0.20395730145726143,47.77441552065672,-2.4821739333644195,13.924050632911392,0.6503737615682835
10,"20MA, 50MA, RSI, MACD, Lower_BB, CCI",32,2,0.7,0.0001,64,60,30,150,"(25, 1)",Tanh,0.11837844795050136,26.132564088335368,-0.17305190491269995,13.502109704641349,0.5796131842622317
11,"20MA, 50MA, RSI, MACD, Lower_BB, CCI",32,2,0.7,0.0001,64,60,30,150,"(25, 1)",Tanh,0.1200457171646749,26.58896075152058,-0.2063276621591923,10.548523206751055,0.7151050098045152
12,"20MA, 50MA, RSI, MACD, Lower_BB, CCI",32,2,0.7,0.0001,64,60,30,150,"(25, 1)",Tanh,0.12023899518826045,26.412617385868366,-0.21021525310746614,14.767932489451477,0.791242682553662
13,"20MA, 50MA, RSI, MACD, Lower_BB, CCI",32,2,0.6000000000000001,0.0001,64,60,30,150,"(25, 1)",Tanh,0.11792185699045285,25.569756973185786,-0.16402032900161023,14.767932489451477,0.8778506354315898
14,"20MA, 50MA, RSI, MACD, Lower_BB, CCI",32,2,0.6000000000000001,0.0001,64,60,30,150,"(25, 1)",Tanh,0.11630495566272488,25.219337371036694,-0.13231793406176706,16.877637130801688,0.6084419090480777
15,"20MA, 50MA, RSI, MACD, Lower_BB, CCI",32,2,0.6000000000000001,0.0001,64,60,30,150,"(25, 1)",ReLU,0.12618061565918115,27.72402264408489,-0.33277620359036275,13.502109704641349,0.6211073279725209
16,"20MA, 50MA, RSI, MACD, Lower_BB, CCI",32,2,0.6000000000000001,0.0001,32,60,30,150,"(25, 1)",Tanh,0.12715698662601768,28.119629214530413,-0.3534817386828275,12.658227848101266,0.6025198406494079
17,"20MA, 50MA, RSI, MACD, Lower_BB, CCI",32,2,0.6000000000000001,0.0001,64,60,30,100,"(25, 1)",Tanh,0.12177309483816706,27.5524694482929,-0.24129393411183075,13.924050632911392,0.8018882114932896
18,"20MA, 50MA, RSI, MACD, Lower_BB, CCI",32,2,0.8,0.0001,64,60,30,150,"(16, 1)",Sigmoid,0.138633448422802,33.659404887692936,-0.6088220062195648,8.860759493670885,0.9603264679044278
19,"20MA, 50MA, RSI, MACD, Lower_BB, CCI",32,2,0.6000000000000001,0.0001,64,60,30,150,"(25, 1)",ReLU,0.12165523187722084,26.2756477635429,-0.2388922249941985,16.455696202531644,0.5807708965289867
20,"20MA, 50MA, RSI, MACD, Lower_BB, CCI",128,2,0.5,0.0001,32,60,30,100,"(25, 1)",Tanh,0.13000961415437912,29.730653242500416,-0.4148906755890973,7.59493670886076,0.6558383823639585
21,"20MA, 50MA, RSI, MACD, Lower_BB, CCI",32,2,0.7,0.0001,64,60,30,150,"(25, 1)",Tanh,0.11879382942881113,26.095262826698125,-0.181298658103191,13.080168776371309,0.6816429193384896
22,"20MA, 50MA, RSI, MACD, Lower_BB, CCI",32,2,0.7,0.0001,64,60,30,150,"(25, 1)",Tanh,0.11946725647366765,26.089411538925788,-0.1947298828483608,16.877637130801688,0.6075733767949597
23,"20MA, 50MA, RSI, MACD, Lower_BB, CCI",32,2,0.8,0.0001,64,60,30,150,"(25, 1)",Tanh,0.12229474759692083,27.134672522158127,-0.251951646994365,13.080168776371309,0.7088305364332328
24,"20MA, 50MA, RSI, MACD, Lower_BB, CCI",32,2,0.6000000000000001,0.0001,64,60,30,150,"(25, 1)",Tanh,0.12056335207997751,26.478082435294965,-0.21675341683164184,15.611814345991561,0.689154394757553
0,"20MA, 50MA, RSI, MACD, Lower_BB, ATR",64,3,0.5,0.0001,64,60,1,150,"(25, 1)",Tanh,0.045868728881705456,9.000649599357228,0.8515603666805575,32.5,0.6273799555122203
1,"20MA, 50MA, RSI, MACD, Lower_BB, ATR",32,3,0.6000000000000001,0.0001,64,60,1,150,"(25, 1)",ReLU,0.049751267398562,9.735027754209703,0.8253676251104765,28.749999999999996,0.5223206736520759
2,"20MA, 50MA, RSI, MACD, Lower_BB, ATR",64,2,0.8,0.0001,16,60,1,100,"(25, 1)",ReLU,0.03239517295133448,6.360447842848453,0.925958182896919,48.75,0.45714066997140174
3,"20MA, 50MA, RSI, MACD, Lower_BB, ATR",32,3,0.6000000000000001,0.001,16,60,1,150,"(16, 1)",Sigmoid,0.052789666745119146,12.020767729211045,0.803386061275693,22.083333333333332,1.0
4,"20MA, 50MA, RSI, MACD, Lower_BB, ATR",128,2,0.6000000000000001,0.0001,64,60,1,50,"(25, 1)",Sigmoid,0.07268638304416691,13.743663571909764,0.6272457708521957,25.416666666666664,0.4530325595693151
5,"20MA, 50MA, RSI, MACD, Lower_BB, ATR",64,2,0.4,0.0001,16,60,1,100,"(16, 1)",Tanh,0.034020400453831326,6.868458473850926,0.9183426455518167,45.0,0.49064061479760324
6,"20MA, 50MA, RSI, MACD, Lower_BB, ATR",128,2,0.2,0.0001,16,60,1,50,"(25, 1)",Sigmoid,0.06306624870429273,12.27587415551377,0.7193852721204614,29.166666666666668,0.6119883433482006
7,"20MA, 50MA, RSI, MACD, Lower_BB, ATR",32,2,0.6000000000000001,0.0001,16,60,1,100,"(16, 1)",Tanh,0.04302675351357645,8.726558859243205,0.8693848300300764,34.166666666666664,0.4442747397149834
8,"20MA, 50MA, RSI, MACD, Lower_BB, ATR",32,3,0.30000000000000004,0.0005,64,60,1,100,"(16, 1)",ReLU,0.0411066506737,8.232676583278598,0.8807823251320055,40.0,0.34032204555640544
9,"20MA, 50MA, RSI, MACD, Lower_BB, ATR",16,2,0.8,0.001,32,60,1,150,"(25, 1)",Tanh,0.027937340682663542,5.8092465320814215,0.9449336120150024,49.583333333333336,0.327599768281335
10,"20MA, 50MA, RSI, MACD, Lower_BB, ATR",16,2,0.8,0.001,32,60,1,150,"(25, 1)",Tanh,0.02543236494058563,4.803665435541579,0.954365850969883,64.16666666666667,0.6549396983606429
11,"20MA, 50MA, RSI, MACD, Lower_BB, ATR",16,2,0.8,0.001,32,60,1,150,"(25, 1)",Tanh,0.026048452782079786,4.889070823441794,0.9521281371842655,62.5,1.2167420612426256
12,"20MA, 50MA, RSI, MACD, Lower_BB, ATR",16,2,0.8,0.001,32,60,1,150,"(25, 1)",Tanh,0.030733942038911416,6.655050285282351,0.9333572363973317,43.75,0.5097732895198316
13,"20MA, 50MA, RSI, MACD, Lower_BB, ATR",16,2,0.7,0.001,32,60,1,150,"(25, 1)",Tanh,0.021621389706847724,3.983470289188064,0.9670174923416708,71.66666666666667,0.7345446240220788
14,"20MA, 50MA, RSI, MACD, Lower_BB, ATR",16,2,0.7,0.001,32,60,1,150,"(25, 1)",Tanh,0.030159286312348373,6.643200922357898,0.9358260778518701,44.583333333333336,0.4883681135029171
15,"20MA, 50MA, RSI, MACD, Lower_BB, ATR",16,2,0.7,0.0005,32,60,1,150,"(25, 1)",Tanh,0.02572841976463343,4.810499478826142,0.9532972248091328,64.16666666666667,0.7675219520629757
16,"20MA, 50MA, RSI, MACD, Lower_BB, ATR",16,2,0.7,0.001,32,60,1,50,"(25, 1)",Tanh,0.041239113941694536,8.14139711799177,0.8800127461564928,38.75,0.5393842920725729
17,"20MA, 50MA, RSI, MACD, Lower_BB, ATR",16,3,0.5,0.001,32,60,1,150,"(25, 1)",Tanh,0.025129280690691643,4.698541202388435,0.9554470385085438,62.083333333333336,0.5909115915673838
18,"20MA, 50MA, RSI, MACD, Lower_BB, ATR",16,3,0.4,0.001,32,60,1,150,"(16, 1)",Sigmoid,0.041318539552361436,9.617351476377904,0.8795501155449679,27.500000000000004,0.5094662632019491
19,"20MA, 50MA, RSI, MACD, Lower_BB, ATR",128,3,0.5,0.0005,32,60,1,50,"(25, 1)",ReLU,0.043141621335234095,8.799530227782277,0.868686496732954,31.666666666666664,0.2958790571975693
20,"20MA, 50MA, RSI, MACD, Lower_BB, ATR",16,3,0.5,0.001,32,60,1,150,"(25, 1)",Tanh,0.03713577655148175,7.563909582544251,0.9027025445636491,35.833333333333336,0.9829718293467847
21,"20MA, 50MA, RSI, MACD, Lower_BB, ATR",16,3,0.7,0.001,32,60,1,150,"(25, 1)",Tanh,0.032589826851230554,7.192004191446371,0.925065714813238,41.66666666666667,0.4504542457147584
22,"20MA, 50MA, RSI, MACD, Lower_BB, ATR",16,2,0.4,0.001,32,60,1,150,"(25, 1)",Tanh,0.02373774102582596,4.400689345899968,0.9602446814588506,66.66666666666666,0.8669933191835811
23,"20MA, 50MA, RSI, MACD, Lower_BB, ATR",16,2,0.4,0.001,32,60,1,150,"(25, 1)",Tanh,0.030841517017188368,6.668723163501738,0.9328898937783517,44.166666666666664,0.4572472247733483
24,"20MA, 50MA, RSI, MACD, Lower_BB, ATR",16,3,0.30000000000000004,0.001,32,60,1,150,"(25, 1)",Tanh,0.028660671191883428,6.161994875196306,0.9420452313965867,48.75,0.48017933238951765
0,"20MA, 50MA, RSI, MACD, Lower_BB, ATR",128,3,0.4,0.001,64,60,30,150,"(25, 1)",Tanh,0.10927425956657158,23.269776014315514,0.00044271073293633556,12.658227848101266,0.9730464041734571
1,"20MA, 50MA, RSI, MACD, Lower_BB, ATR",64,2,0.5,0.0005,64,60,30,50,"(25, 1)",Sigmoid,0.1407669910334532,30.698175159587365,-0.6587219839175327,16.877637130801688,0.5628084940201222
2,"20MA, 50MA, RSI, MACD, Lower_BB, ATR",16,3,0.8,0.001,16,60,30,150,"(25, 1)",ReLU,0.19610145919244462,45.34220333864043,-2.2190935380683796,11.814345991561181,0.6470141739264696
3,"20MA, 50MA, RSI, MACD, Lower_BB, ATR",16,3,0.6000000000000001,0.0005,32,60,30,50,"(25, 1)",ReLU,0.1440257543421974,31.622007857572964,-0.7364099382369129,18.143459915611814,0.4463960752849107
4,"20MA, 50MA, RSI, MACD, Lower_BB, ATR",128,3,0.8,0.0005,32,60,30,50,"(16, 1)",Tanh,0.15904090425880138,36.67391769360606,-1.1173352040075866,11.814345991561181,0.7558845965104461
5,"20MA, 50MA, RSI, MACD, Lower_BB, ATR",128,3,0.4,0.0005,16,60,30,150,"(16, 1)",Tanh,0.1873211692209764,43.840896554564765,-1.9372821464212349,12.658227848101266,0.7067641565250319
6,"20MA, 50MA, RSI, MACD, Lower_BB, ATR",128,2,0.5,0.0005,16,60,30,150,"(16, 1)",ReLU,0.1677955612467358,39.29443312994941,-1.356855095298707,9.70464135021097,0.6365015111691914
7,"20MA, 50MA, RSI, MACD, Lower_BB, ATR",64,3,0.7,0.0001,32,60,30,50,"(16, 1)",Tanh,0.1402214920688088,31.44846404204829,-0.645891164397232,10.970464135021098,0.7554550522494408
8,"20MA, 50MA, RSI, MACD, Lower_BB, ATR",16,2,0.2,0.0001,16,60,30,150,"(16, 1)",Sigmoid,0.14653530951527974,32.23268897277472,-0.7974487556537686,16.033755274261605,0.5351771564566354
9,"20MA, 50MA, RSI, MACD, Lower_BB, ATR",32,3,0.5,0.001,64,60,30,100,"(16, 1)",Sigmoid,0.12399271541312695,26.59241885268723,-0.2869577450619185,10.970464135021098,0.9761761209081251
10,"20MA, 50MA, RSI, MACD, Lower_BB, ATR",32,2,0.2,0.001,64,60,30,100,"(25, 1)",Tanh,0.12157298856342147,27.030973430737042,-0.23721771976173733,10.126582278481013,0.7567002673154525
11,"20MA, 50MA, RSI, MACD, Lower_BB, ATR",32,2,0.2,0.001,64,60,30,100,"(25, 1)",Tanh,0.11864500988539055,26.541822588473657,-0.1783407568311668,9.70464135021097,0.9266493760572841
12,"20MA, 50MA, RSI, MACD, Lower_BB, ATR",32,2,0.30000000000000004,0.001,64,60,30,100,"(25, 1)",Tanh,0.12266218795212257,27.417050562636653,-0.25948604465539993,9.282700421940929,0.812792128004657
13,"20MA, 50MA, RSI, MACD, Lower_BB, ATR",128,2,0.30000000000000004,0.001,64,60,30,100,"(25, 1)",Tanh,0.119499799899308,27.583026994971966,-0.19538087124262749,4.219409282700422,0.7045609940699864
14,"20MA, 50MA, RSI, MACD, Lower_BB, ATR",32,2,0.30000000000000004,0.001,64,60,30,150,"(25, 1)",Tanh,0.12313176833406753,27.713465879022465,-0.26914773447001017,11.39240506329114,0.9295327148275179
15,"20MA, 50MA, RSI, MACD, Lower_BB, ATR",32,3,0.4,0.001,64,60,30,100,"(25, 1)",Tanh,0.12343860971733243,26.96899128102214,-0.275480986612324,11.814345991561181,0.8903001774523511
16,"20MA, 50MA, RSI, MACD, Lower_BB, ATR",128,3,0.2,0.001,64,60,30,100,"(25, 1)",Tanh,0.14778192804734372,33.798271346592394,-0.8281616837570585,8.016877637130802,0.7671142913786477
17,"20MA, 50MA, RSI, MACD, Lower_BB, ATR",64,2,0.4,0.0001,64,60,30,150,"(25, 1)",Tanh,0.1255284582936155,27.574139623422745,-0.3190350491354934,12.658227848101266,0.6425351051753747
18,"20MA, 50MA, RSI, MACD, Lower_BB, ATR",32,3,0.6000000000000001,0.001,64,60,30,150,"(25, 1)",Sigmoid,0.11906650238481706,25.996038782280728,-0.18672786050338752,9.70464135021097,0.875628584005952
19,"20MA, 50MA, RSI, MACD, Lower_BB, ATR",128,2,0.30000000000000004,0.001,32,60,30,100,"(25, 1)",ReLU,0.1945051671409825,45.53091652823804,-2.1668991388096424,9.282700421940929,0.6418375653811826
20,"20MA, 50MA, RSI, MACD, Lower_BB, ATR",32,2,0.2,0.0001,64,60,30,100,"(25, 1)",Tanh,0.12401435948452813,27.24535966968094,-0.2874070849510493,14.345991561181433,0.6690584500592698
21,"20MA, 50MA, RSI, MACD, Lower_BB, ATR",32,3,0.6000000000000001,0.001,64,60,30,150,"(25, 1)",Sigmoid,0.11654799060562154,25.087571749169857,-0.13705514150401776,8.438818565400844,0.5996234421102584
22,"20MA, 50MA, RSI, MACD, Lower_BB, ATR",32,3,0.6000000000000001,0.001,64,60,30,150,"(25, 1)",Sigmoid,0.1325460319424134,30.176574553903677,-0.4706367253283108,8.438818565400844,0.7434250020761219
23,"20MA, 50MA, RSI, MACD, Lower_BB, ATR",32,3,0.7,0.001,64,60,30,150,"(25, 1)",Sigmoid,0.116171738042161,23.70784800502121,-0.12972546824583753,10.970464135021098,0.5927466647922404
24,"20MA, 50MA, RSI, MACD, Lower_BB, ATR",32,3,0.7,0.001,64,60,30,150,"(25, 1)",Sigmoid,0.12395429721625079,27.418679311514282,-0.2861603605357257,8.016877637130802,0.7615677525514268
0,"20MA, 50MA, RSI, MACD, Lower_BB, Williams_%R",16,3,0.2,0.0005,16,60,1,50,"(16, 1)",Sigmoid,0.037083685385468586,7.292118471649058,0.9029752930772447,41.66666666666667,0.4083104661321277
1,"20MA, 50MA, RSI, MACD, Lower_BB, Williams_%R",128,2,0.5,0.0005,32,60,1,50,"(25, 1)",Sigmoid,0.02980580804552921,5.662315734820568,0.9373215332510653,55.833333333333336,1.1523326745306228
2,"20MA, 50MA, RSI, MACD, Lower_BB, Williams_%R",16,2,0.6000000000000001,0.0005,64,60,1,50,"(25, 1)",ReLU,0.04129056600113825,7.716049410738307,0.8797131267339985,39.58333333333333,0.6809784054998109
3,"20MA, 50MA, RSI, MACD, Lower_BB, Williams_%R",32,3,0.30000000000000004,0.0005,16,60,1,100,"(16, 1)",Sigmoid,0.04011813343202352,9.083956899187946,0.8864471599556177,31.25,0.46332452579250993
4,"20MA, 50MA, RSI, MACD, Lower_BB, Williams_%R",128,3,0.5,0.0005,32,60,1,100,"(16, 1)",ReLU,0.023274814068428334,4.614362883641963,0.9617801477054012,62.916666666666664,0.6775931878064025
5,"20MA, 50MA, RSI, MACD, Lower_BB, Williams_%R",128,2,0.6000000000000001,0.0005,32,60,1,100,"(25, 1)",Tanh,0.026185643927843835,4.972106526267097,0.9516225380692727,62.5,1.118235593410839
6,"20MA, 50MA, RSI, MACD, Lower_BB, Williams_%R",16,2,0.2,0.0001,64,60,1,150,"(16, 1)",ReLU,0.04328008187866174,8.48812414991071,0.8678422271629089,33.33333333333333,0.8032537718922181
7,"20MA, 50MA, RSI, MACD, Lower_BB, Williams_%R",64,3,0.2,0.001,64,60,1,150,"(16, 1)",ReLU,0.02505041579100563,5.0538841476448875,0.9557262364564044,60.416666666666664,0.3765708783559554
8,"20MA, 50MA, RSI, MACD, Lower_BB, Williams_%R",16,3,0.4,0.0005,32,60,1,50,"(25, 1)",Tanh,0.047236018782514586,9.383444128527097,0.8425788295948657,30.416666666666664,0.4919108268649885
9,"20MA, 50MA, RSI, MACD, Lower_BB, Williams_%R",16,2,0.4,0.001,64,60,1,150,"(16, 1)",ReLU,0.036317719253024704,7.786919548588293,0.9069420035436093,33.75,0.3995939451352033
10,"20MA, 50MA, RSI, MACD, Lower_BB, Williams_%R",128,3,0.8,0.0001,32,60,1,100,"(16, 1)",ReLU,0.034199564053854214,6.751507818596939,0.9174802879356134,47.083333333333336,0.4548405517196111
11,"20MA, 50MA, RSI, MACD, Lower_BB, Williams_%R",64,3,0.8,0.001,64,60,1,150,"(16, 1)",ReLU,0.031175042954295705,6.50016282105923,0.931430547022616,42.916666666666664,0.33531564642086176
12,"20MA, 50MA, RSI, MACD, Lower_BB, Williams_%R",64,3,0.6000000000000001,0.001,64,60,1,150,"(16, 1)",ReLU,0.03499790227970072,7.187995184828858,0.9135827201115945,36.666666666666664,0.3440838142807753
13,"20MA, 50MA, RSI, MACD, Lower_BB, Williams_%R",64,3,0.30000000000000004,0.001,32,60,1,100,"(16, 1)",ReLU,0.026871766138011198,5.452214809259705,0.9490541296299276,58.75,0.47417393265610946
14,"20MA, 50MA, RSI, MACD, Lower_BB, Williams_%R",32,3,0.7,0.001,16,60,1,150,"(16, 1)",ReLU,0.02356966339322652,4.524531106118285,0.960805662836252,65.41666666666667,0.554602629478775
15,"20MA, 50MA, RSI, MACD, Lower_BB, Williams_%R",32,3,0.7,0.0001,16,60,1,100,"(16, 1)",Tanh,0.04571540167400108,9.479888869201842,0.8525510637412348,27.916666666666668,0.47071865470517305
16,"20MA, 50MA, RSI, MACD, Lower_BB, Williams_%R",32,3,0.7,0.001,16,60,1,100,"(16, 1)",ReLU,0.05253065895909786,12.099859685127038,0.8053106203753837,18.333333333333332,1.0
17,"20MA, 50MA, RSI, MACD, Lower_BB, Williams_%R",32,3,0.5,0.0005,16,60,1,150,"(16, 1)",ReLU,0.0288843089474511,5.650360822606384,0.9411372528564491,53.75,1.0221993960765339
18,"20MA, 50MA, RSI, MACD, Lower_BB, Williams_%R",128,3,0.7,0.001,16,60,1,100,"(25, 1)",Sigmoid,0.20454319792909004,52.54946417654106,-1.951798087540272,1.25,0.6228864305919091
19,"20MA, 50MA, RSI, MACD, Lower_BB, Williams_%R",32,3,0.4,0.0001,32,60,1,150,"(16, 1)",Tanh,0.04591726555315076,9.1320410890062,0.8512460186827404,32.083333333333336,0.48586240065003095
20,"20MA, 50MA, RSI, MACD, Lower_BB, Williams_%R",128,2,0.6000000000000001,0.001,32,60,1,150,"(16, 1)",ReLU,0.024777620896764874,4.607106451303466,0.9566852540551389,65.0,0.9404820778100637
21,"20MA, 50MA, RSI, MACD, Lower_BB, Williams_%R",128,2,0.6000000000000001,0.001,32,60,1,150,"(16, 1)",ReLU,0.035595976899710724,7.462190159375398,0.910603936306135,35.0,0.4105543366155338
22,"20MA, 50MA, RSI, MACD, Lower_BB, Williams_%R",128,2,0.5,0.001,32,60,1,150,"(16, 1)",ReLU,0.02560130276972126,5.457038509874993,0.9537575649482154,54.166666666666664,0.6068794933581906
23,"20MA, 50MA, RSI, MACD, Lower_BB, Williams_%R",128,2,0.7,0.001,32,60,1,150,"(16, 1)",ReLU,0.021790158484890108,4.221837501223475,0.9665005758444306,66.66666666666666,0.8631608019436134
24,"20MA, 50MA, RSI, MACD, Lower_BB, Williams_%R",128,2,0.8,0.001,32,60,1,150,"(16, 1)",ReLU,0.022395797696516208,4.204365484272878,0.9646125201254752,67.91666666666667,1.0058273018246746
0,"20MA, 50MA, RSI, MACD, Lower_BB, Williams_%R",128,3,0.2,0.0001,64,60,30,100,"(25, 1)",Tanh,0.13059425313188147,29.058765759977323,-0.42764473014463533,11.39240506329114,0.7456909384012549
1,"20MA, 50MA, RSI, MACD, Lower_BB, Williams_%R",16,2,0.30000000000000004,0.0005,16,60,30,100,"(16, 1)",Sigmoid,0.1719139313783371,40.529594884059875,-1.47396845971527,5.9071729957805905,0.6220464797141226
2,"20MA, 50MA, RSI, MACD, Lower_BB, Williams_%R",32,3,0.6000000000000001,0.0001,64,60,30,150,"(16, 1)",Tanh,0.12168573897742975,26.145788089009315,-0.23951384550660926,17.72151898734177,0.5706274762248916
3,"20MA, 50MA, RSI, MACD, Lower_BB, Williams_%R",16,2,0.5,0.001,16,60,30,150,"(25, 1)",Sigmoid,0.22961906505468901,53.777779175228034,-3.4135484975424424,13.080168776371309,0.6503734065966817
4,"20MA, 50MA, RSI, MACD, Lower_BB, Williams_%R",16,2,0.8,0.0005,64,60,30,50,"(25, 1)",Tanh,0.125712060939391,27.89421619339492,-0.32289662113143236,11.39240506329114,0.7455082795070388
5,"20MA, 50MA, RSI, MACD, Lower_BB, Williams_%R",64,2,0.8,0.0001,64,60,30,100,"(16, 1)",ReLU,0.12282161498672964,26.57753932634483,-0.26276234175789104,12.236286919831224,0.6297794310649155
6,"20MA, 50MA, RSI, MACD, Lower_BB, Williams_%R",64,2,0.30000000000000004,0.0001,16,60,30,100,"(25, 1)",Tanh,0.15701907200391033,36.577523634942594,-1.063843810142863,7.59493670886076,0.6280010569993716
7,"20MA, 50MA, RSI, MACD, Lower_BB, Williams_%R",64,2,0.5,0.0001,32,60,30,150,"(25, 1)",Tanh,0.1327120497139974,30.05551198576024,-0.474323296893034,6.329113924050633,0.7425939274786633
8,"20MA, 50MA, RSI, MACD, Lower_BB, Williams_%R",32,3,0.5,0.001,32,60,30,50,"(25, 1)",Tanh,0.17929954513069796,41.671602606675776,-1.6911034322055758,12.658227848101266,0.6488143441855294
9,"20MA, 50MA, RSI, MACD, Lower_BB, Williams_%R",16,2,0.4,0.001,16,60,30,150,"(25, 1)",Sigmoid,0.2294156220156309,54.28256216390746,-3.4057311331972597,10.970464135021098,0.6503734065966817
10,"20MA, 50MA, RSI, MACD, Lower_BB, Williams_%R",32,3,0.7,0.0001,64,60,30,150,"(16, 1)",ReLU,0.1274815843979745,27.730879170466128,-0.3604009277446545,12.658227848101266,0.6198618755098781
11,"20MA, 50MA, RSI, MACD, Lower_BB, Williams_%R",64,3,0.7,0.0001,64,60,30,100,"(16, 1)",ReLU,0.13117242123335543,28.69085310150799,-0.4403136765024569,8.860759493670885,0.7448346566342424
12,"20MA, 50MA, RSI, MACD, Lower_BB, Williams_%R",32,3,0.7,0.0001,64,60,30,150,"(16, 1)",ReLU,0.12649102709148524,27.893712049675795,-0.3393418908748731,10.126582278481013,0.7026915633729727
13,"20MA, 50MA, RSI, MACD, Lower_BB, Williams_%R",128,3,0.6000000000000001,0.0001,64,60,30,100,"(16, 1)",ReLU,0.142196057239125,32.02900406619663,-0.692571889442781,8.860759493670885,0.6917259118902204
14,"20MA, 50MA, RSI, MACD, Lower_BB, Williams_%R",64,2,0.8,0.0001,64,60,30,50,"(16, 1)",ReLU,0.13253159627686584,31.69010604150736,-0.4703166399208518,8.860759493670885,0.794579682862583
15,"20MA, 50MA, RSI, MACD, Lower_BB, Williams_%R",32,3,0.6000000000000001,0.0005,64,60,30,150,"(16, 1)",Tanh,0.12869491055055324,26.704205199916824,-0.38641982298361244,9.282700421940929,0.7690236869179151
16,"20MA, 50MA, RSI, MACD, Lower_BB, Williams_%R",64,2,0.8,0.0001,32,60,30,100,"(16, 1)",ReLU,0.13330778662007922,29.35180397372142,-0.4875893136667053,9.282700421940929,0.8335307198313452
17,"20MA, 50MA, RSI, MACD, Lower_BB, Williams_%R",32,3,0.6000000000000001,0.0001,64,60,30,150,"(16, 1)",ReLU,0.126766835072737,27.74838174459568,-0.3451890078276454,9.70464135021097,0.6193250765819226
18,"20MA, 50MA, RSI, MACD, Lower_BB, Williams_%R",128,2,0.7,0.001,64,60,30,100,"(16, 1)",Tanh,0.1202781291677624,27.894919211421005,-0.2110033465382739,5.9071729957805905,0.698477451524042
19,"20MA, 50MA, RSI, MACD, Lower_BB, Williams_%R",128,3,0.6000000000000001,0.001,32,60,30,50,"(16, 1)",Tanh,0.17972982752325983,43.52723288630331,-1.7040351306769002,9.282700421940929,0.7067639308582395
20,"20MA, 50MA, RSI, MACD, Lower_BB, Williams_%R",128,3,0.4,0.001,64,60,30,150,"(16, 1)",Tanh,0.122494413767249,28.04573245802171,-0.25604321469787106,5.9071729957805905,0.6273761517431174
21,"20MA, 50MA, RSI, MACD, Lower_BB, Williams_%R",128,3,0.4,0.001,64,60,30,150,"(16, 1)",Tanh,0.13376913156700215,30.238570080546108,-0.4979034801928446,6.329113924050633,0.522410876964541
22,"20MA, 50MA, RSI, MACD, Lower_BB, Williams_%R",128,3,0.4,0.001,64,60,30,150,"(16, 1)",Tanh,0.11726521009888098,26.622367573352513,-0.15109293016527392,8.860759493670885,0.7584619262258956
23,"20MA, 50MA, RSI, MACD, Lower_BB, Williams_%R",128,3,0.7,0.001,64,60,30,150,"(16, 1)",Tanh,0.11885455993869154,26.77166438833176,-0.18250697567822605,8.016877637130802,0.8216342585187438
24,"20MA, 50MA, RSI, MACD, Lower_BB, Williams_%R",128,3,0.7,0.001,64,60,30,150,"(16, 1)",Tanh,0.12049931478047021,27.288428026300558,-0.21546139400850417,6.329113924050633,0.6866453002776676
0,"20MA, 50MA, RSI, MACD, Lower_BB, OBV",64,3,0.5,0.0001,16,60,1,50,"(16, 1)",ReLU,0.05217887729577773,9.84323559373787,0.807909439164221,35.0,0.5311278061543414
1,"20MA, 50MA, RSI, MACD, Lower_BB, OBV",32,2,0.7,0.0001,32,60,1,150,"(16, 1)",Sigmoid,0.06301878927723896,11.521226463313768,0.7198073916325284,30.416666666666664,0.506588086977136
2,"20MA, 50MA, RSI, MACD, Lower_BB, OBV",32,2,0.8,0.0001,16,60,1,150,"(16, 1)",ReLU,0.031091427898714323,5.928344937509514,0.9317978760915083,48.333333333333336,0.446673227369557
3,"20MA, 50MA, RSI, MACD, Lower_BB, OBV",32,3,0.30000000000000004,0.0005,16,60,1,150,"(16, 1)",Tanh,0.025516078140827333,4.770768996594551,0.9540649270210723,62.916666666666664,0.7138411604706459
4,"20MA, 50MA, RSI, MACD, Lower_BB, OBV",32,3,0.7,0.0001,64,60,1,100,"(25, 1)",Sigmoid,0.06238244946604137,11.661331334146793,0.7254373798388709,33.75,0.6154176704197938
5,"20MA, 50MA, RSI, MACD, Lower_BB, OBV",16,2,0.2,0.0001,64,60,1,50,"(16, 1)",Sigmoid,0.12335991523396903,28.091584731788117,-0.07365484517382814,9.166666666666666,0.9134351216057824
6,"20MA, 50MA, RSI, MACD, Lower_BB, OBV",64,2,0.8,0.001,16,60,1,100,"(25, 1)",Sigmoid,0.03183283372706886,6.456428949462066,0.9285064001302862,46.666666666666664,0.8164536070706169
7,"20MA, 50MA, RSI, MACD, Lower_BB, OBV",32,2,0.2,0.001,64,60,1,150,"(25, 1)",Tanh,0.02427843772802696,4.606685187715027,0.958412957302266,65.41666666666667,0.8020207494284083
8,"20MA, 50MA, RSI, MACD, Lower_BB, OBV",16,3,0.30000000000000004,0.0005,64,60,1,100,"(25, 1)",ReLU,0.09316190754619778,21.50691497271741,0.3876590430839214,13.750000000000002,0.5203317965045837
9,"20MA, 50MA, RSI, MACD, Lower_BB, OBV",64,3,0.5,0.001,16,60,1,150,"(25, 1)",Tanh,0.02663594410849151,5.864378347084062,0.949944390536731,55.41666666666667,0.8009308372214887
10,"20MA, 50MA, RSI, MACD, Lower_BB, OBV",128,2,0.4,0.001,32,60,1,150,"(25, 1)",Tanh,0.029107959602255717,5.791600120825534,0.9402221775506174,54.166666666666664,0.7851508396454198
11,"20MA, 50MA, RSI, MACD, Lower_BB, OBV",32,3,0.2,0.0005,64,60,1,150,"(16, 1)",Tanh,0.033565005305832285,6.652688511438358,0.9205141168223574,46.25,0.42655206907632237
12,"20MA, 50MA, RSI, MACD, Lower_BB, OBV",32,2,0.30000000000000004,0.0005,64,60,1,150,"(25, 1)",Tanh,0.049387805508356114,9.439203971864767,0.827909846424053,36.25,0.6762094976259924
13,"20MA, 50MA, RSI, MACD, Lower_BB, OBV",128,3,0.30000000000000004,0.0005,16,60,1,150,"(16, 1)",Tanh,0.02848734851634943,5.614961356216854,0.9427440504740549,54.166666666666664,0.7524659527387623
14,"20MA, 50MA, RSI, MACD, Lower_BB, OBV",32,2,0.2,0.001,32,60,1,150,"(25, 1)",Tanh,0.041276399527748836,9.146710605314993,0.8797956515638868,29.166666666666668,1.0
15,"20MA, 50MA, RSI, MACD, Lower_BB, OBV",32,3,0.4,0.0005,16,60,1,50,"(16, 1)",Tanh,0.055775603449070885,12.069136943873875,0.7805148614983866,27.083333333333332,0.8887130212753537
16,"20MA, 50MA, RSI, MACD, Lower_BB, OBV",32,3,0.4,0.001,64,60,1,150,"(16, 1)",Tanh,0.025658898928084962,4.816252972444865,0.9535492644102321,63.74999999999999,0.6062587577126348
17,"20MA, 50MA, RSI, MACD, Lower_BB, OBV",16,2,0.30000000000000004,0.0005,16,60,1,150,"(25, 1)",Tanh,0.027774730876254348,5.349455795514444,0.9455727636386665,57.49999999999999,0.8990646498386546
18,"20MA, 50MA, RSI, MACD, Lower_BB, OBV",128,3,0.2,0.001,64,60,1,50,"(16, 1)",Tanh,0.02766969438183739,5.352145193991042,0.9459836433230367,58.333333333333336,0.5743816624287121
19,"20MA, 50MA, RSI, MACD, Lower_BB, OBV",32,2,0.5,0.001,32,60,1,100,"(25, 1)",ReLU,0.024665017391069653,4.7041330386847084,0.9570780528189287,64.58333333333334,0.6310390350945797
20,"20MA, 50MA, RSI, MACD, Lower_BB, OBV",32,2,0.6000000000000001,0.001,32,60,1,100,"(25, 1)",ReLU,0.02632177854348094,5.4627041455873036,0.9511182184854904,56.666666666666664,0.48940361094202517
21,"20MA, 50MA, RSI, MACD, Lower_BB, OBV",32,2,0.5,0.001,32,60,1,100,"(25, 1)",ReLU,0.03105261396185448,6.706794712790969,0.9319680542246902,43.75,0.41472536927454395
22,"20MA, 50MA, RSI, MACD, Lower_BB, OBV",32,2,0.6000000000000001,0.001,32,60,1,100,"(25, 1)",ReLU,0.026414500657392072,5.090884637054936,0.9507732262085529,61.25000000000001,0.7126403285956884
23,"20MA, 50MA, RSI, MACD, Lower_BB, OBV",32,2,0.4,0.001,32,60,1,100,"(25, 1)",ReLU,0.023187315774130413,4.4442418125882055,0.9620669715579337,66.25,0.6274018720861142
24,"20MA, 50MA, RSI, MACD, Lower_BB, OBV",32,2,0.6000000000000001,0.001,32,60,1,100,"(25, 1)",ReLU,0.02958178615303541,5.933924997509492,0.9382601812481783,52.5,0.7063504237704337
0,"20MA, 50MA, RSI, MACD, Lower_BB, OBV",64,2,0.6000000000000001,0.0001,16,60,30,100,"(16, 1)",Sigmoid,0.14471600212936378,31.39092910424684,-0.7530936928336738,15.18987341772152,0.584160244952229
1,"20MA, 50MA, RSI, MACD, Lower_BB, OBV",16,3,0.6000000000000001,0.0005,16,60,30,50,"(25, 1)",Tanh,0.19871916531598238,48.29188705511079,-2.305609311544892,8.016877637130802,0.681390291665748
2,"20MA, 50MA, RSI, MACD, Lower_BB, OBV",16,2,0.30000000000000004,0.0005,32,60,30,100,"(25, 1)",Sigmoid,0.13459777987567695,29.553095340657293,-0.5165188312543059,11.814345991561181,0.6654021911462453
3,"20MA, 50MA, RSI, MACD, Lower_BB, OBV",32,3,0.8,0.001,32,60,30,150,"(25, 1)",Tanh,0.17892500418971627,41.53205534747633,-1.6798722193851336,7.59493670886076,0.6729592141775095
4,"20MA, 50MA, RSI, MACD, Lower_BB, OBV",128,3,0.5,0.0001,32,60,30,150,"(25, 1)",ReLU,0.14874161270903438,32.79318550630528,-0.8519829600488849,11.39240506329114,0.6881576746786477
5,"20MA, 50MA, RSI, MACD, Lower_BB, OBV",64,2,0.7,0.0001,64,60,30,50,"(25, 1)",ReLU,0.10083660274297838,21.62823585808839,0.1488454488537111,13.080168776371309,0.8966866630177239
6,"20MA, 50MA, RSI, MACD, Lower_BB, OBV",64,2,0.8,0.001,16,60,30,50,"(16, 1)",Sigmoid,0.15012490366780853,33.17819361066246,-0.8865898693196237,14.345991561181433,0.7058546984909186
7,"20MA, 50MA, RSI, MACD, Lower_BB, OBV",16,2,0.2,0.0001,64,60,30,50,"(25, 1)",Tanh,0.12057028989713753,28.50237825652801,-0.21689364979435233,8.860759493670885,0.8992835092554217
8,"20MA, 50MA, RSI, MACD, Lower_BB, OBV",128,3,0.5,0.001,64,60,30,100,"(16, 1)",ReLU,0.1559178217604023,37.05014523642397,-1.034995870587263,9.282700421940929,0.6314431016356671
9,"20MA, 50MA, RSI, MACD, Lower_BB, OBV",128,3,0.6000000000000001,0.0001,16,60,30,150,"(25, 1)",ReLU,0.16952447574435833,38.710799936362065,-1.4056743327782004,8.860759493670885,0.7287472526624957
10,"20MA, 50MA, RSI, MACD, Lower_BB, OBV",64,2,0.7,0.0001,64,60,30,50,"(16, 1)",ReLU,0.10388266559405532,21.8181273079762,0.09664555794262963,8.016877637130802,0.9237963270836057
11,"20MA, 50MA, RSI, MACD, Lower_BB, OBV",64,2,0.7,0.0001,64,60,30,50,"(16, 1)",ReLU,0.10797684208248057,22.75426430700203,0.024037213702948867,11.39240506329114,0.6299532707388001
12,"20MA, 50MA, RSI, MACD, Lower_BB, OBV",64,2,0.7,0.0001,64,60,30,50,"(16, 1)",ReLU,0.10243373413986268,21.46967815779324,0.12166937783859633,11.814345991561181,0.8649975156111422
13,"20MA, 50MA, RSI, MACD, Lower_BB, OBV",64,2,0.4,0.0001,64,60,30,50,"(16, 1)",ReLU,0.0980949559652078,20.902122631136997,0.19450032841651987,6.751054852320674,1.605363967004611
14,"20MA, 50MA, RSI, MACD, Lower_BB, OBV",32,2,0.4,0.0001,64,60,30,50,"(25, 1)",ReLU,0.09709569878744718,20.173502672637326,0.21082740056782645,10.126582278481013,1.5453704118741176
15,"20MA, 50MA, RSI, MACD, Lower_BB, OBV",32,2,0.4,0.0005,64,60,30,50,"(16, 1)",ReLU,0.11420834436182478,24.79575400886795,-0.09186183545560556,5.063291139240507,0.9171572261463438
16,"20MA, 50MA, RSI, MACD, Lower_BB, OBV",32,2,0.4,0.0001,64,60,30,50,"(25, 1)",ReLU,0.10736580753799599,22.958086182907635,0.03505179088462351,16.455696202531644,0.865757468118403
17,"20MA, 50MA, RSI, MACD, Lower_BB, OBV",32,2,0.30000000000000004,0.0001,64,60,30,50,"(16, 1)",ReLU,0.09672676543847133,19.654277020334472,0.21681322589531393,12.658227848101266,1.5506181415815066
18,"20MA, 50MA, RSI, MACD, Lower_BB, OBV",32,2,0.2,0.001,64,60,30,150,"(16, 1)",Tanh,0.13476195073495353,31.036242821129743,-0.5202205272989757,8.438818565400844,0.5788532245620714
19,"20MA, 50MA, RSI, MACD, Lower_BB, OBV",32,2,0.30000000000000004,0.0005,32,60,30,100,"(25, 1)",Sigmoid,0.14956616335246609,33.42013987505145,-0.8725728451848545,7.172995780590717,0.71629844308309
20,"20MA, 50MA, RSI, MACD, Lower_BB, OBV",32,3,0.30000000000000004,0.0001,64,60,30,50,"(25, 1)",ReLU,0.12846661756662958,31.5012187687843,-0.381505422138944,4.219409282700422,0.8007989954830621
21,"20MA, 50MA, RSI, MACD, Lower_BB, OBV",32,2,0.4,0.0001,64,60,30,50,"(16, 1)",ReLU,0.10193222227938491,22.780852095835414,0.13024887381559358,19.831223628691983,1.1457427242852414
22,"20MA, 50MA, RSI, MACD, Lower_BB, OBV",32,2,0.4,0.0001,64,60,30,50,"(16, 1)",ReLU,0.1167037503989111,27.84052440478902,-0.14009657269828923,7.59493670886076,0.9197473728740131
23,"20MA, 50MA, RSI, MACD, Lower_BB, OBV",32,2,0.30000000000000004,0.0001,64,60,30,50,"(16, 1)",ReLU,0.09778948760083869,20.70494561105173,0.19950918043754784,8.016877637130802,1.3721440511355807
24,"20MA, 50MA, RSI, MACD, Lower_BB, OBV",32,2,0.30000000000000004,0.0001,64,60,30,50,"(16, 1)",ReLU,0.12326272817948232,29.077397911634662,-0.27184903871374066,10.970464135021098,1.0250151549367206
0,"20MA, 50MA, RSI, MACD, CCI, ATR",16,3,0.7,0.0005,32,60,1,50,"(25, 1)",ReLU,0.044144652261516884,8.274248939408576,0.8625094769945703,36.666666666666664,0.47565303097001643
1,"20MA, 50MA, RSI, MACD, CCI, ATR",32,2,0.7,0.0001,16,60,1,150,"(16, 1)",Sigmoid,0.03687264114615366,7.422988741913909,0.9040764910345976,40.0,0.3947263858205602
2,"20MA, 50MA, RSI, MACD, CCI, ATR",128,3,0.6000000000000001,0.0001,16,60,1,100,"(16, 1)",ReLU,0.046131033175545344,10.14215806329568,0.8498577476664367,20.416666666666668,0.4429151133180672
3,"20MA, 50MA, RSI, MACD, CCI, ATR",16,3,0.8,0.001,64,60,1,100,"(25, 1)",Sigmoid,0.07879211078233761,15.013060725618507,0.5619920089488701,20.0,0.5639075896683151
4,"20MA, 50MA, RSI, MACD, CCI, ATR",64,2,0.2,0.0005,16,60,1,50,"(16, 1)",Tanh,0.02793866121682522,5.24505102056613,0.9449283933518308,60.0,0.45312682157055567
5,"20MA, 50MA, RSI, MACD, CCI, ATR",128,3,0.30000000000000004,0.0001,64,60,1,50,"(25, 1)",Sigmoid,0.050355358873676585,9.912066970509489,0.8211009828298113,34.166666666666664,0.8270742638774118
6,"20MA, 50MA, RSI, MACD, CCI, ATR",32,3,0.7,0.0005,64,60,1,150,"(16, 1)",Tanh,0.026768359059523936,5.131832936891838,0.9494454717693951,59.583333333333336,0.5540653542826335
7,"20MA, 50MA, RSI, MACD, CCI, ATR",64,3,0.6000000000000001,0.0005,64,60,1,50,"(25, 1)",Sigmoid,0.04917779717027503,9.969393436125493,0.829370268817547,28.749999999999996,0.6043649445175278
8,"20MA, 50MA, RSI, MACD, CCI, ATR",64,2,0.5,0.001,64,60,1,50,"(25, 1)",Tanh,0.05106619093844378,10.702329531639876,0.8160145441111384,18.333333333333332,0.4775342158558039
9,"20MA, 50MA, RSI, MACD, CCI, ATR",32,2,0.5,0.0001,64,60,1,100,"(16, 1)",ReLU,0.04717426906265131,9.247057607918391,0.8429901411184706,29.583333333333332,0.7859514109678909
10,"20MA, 50MA, RSI, MACD, CCI, ATR",32,3,0.4,0.0005,32,60,1,150,"(16, 1)",Tanh,0.02484115587802273,4.631348914874405,0.9564628331910925,66.66666666666666,0.45710097223106816
11,"20MA, 50MA, RSI, MACD, CCI, ATR",32,3,0.4,0.0005,32,60,1,150,"(16, 1)",Tanh,0.026465294722296757,4.785941827581746,0.9505837218080215,62.916666666666664,0.757962081438432
12,"20MA, 50MA, RSI, MACD, CCI, ATR",32,3,0.4,0.0005,32,60,1,150,"(16, 1)",Tanh,0.025964560937688678,5.4390752753267835,0.9524359825417615,54.58333333333333,0.6143044249044742
13,"20MA, 50MA, RSI, MACD, CCI, ATR",32,3,0.30000000000000004,0.0005,32,60,1,150,"(16, 1)",Tanh,0.026457929229080704,4.818521853374548,0.9506112238341323,63.74999999999999,0.651140229158677
14,"20MA, 50MA, RSI, MACD, CCI, ATR",32,3,0.4,0.0005,32,60,1,150,"(16, 1)",Tanh,0.02280791043696715,4.47094030420155,0.9632981833285155,61.25000000000001,0.41302277563999185
15,"20MA, 50MA, RSI, MACD, CCI, ATR",32,3,0.4,0.0005,32,60,1,150,"(16, 1)",Tanh,0.029660158420869456,6.542561895299281,0.9379326081085491,45.0,0.5763942188269054
16,"20MA, 50MA, RSI, MACD, CCI, ATR",32,3,0.2,0.001,32,60,1,150,"(16, 1)",Tanh,0.025417529209792428,4.519797426895159,0.9544190653368809,63.74999999999999,1.0779889865605514
17,"20MA, 50MA, RSI, MACD, CCI, ATR",16,2,0.30000000000000004,0.0005,32,60,1,150,"(16, 1)",Tanh,0.027842994250150615,5.339891081065522,0.9453048976744324,53.333333333333336,0.3122963688552846
18,"20MA, 50MA, RSI, MACD, CCI, ATR",128,3,0.4,0.0005,32,60,1,150,"(16, 1)",Tanh,0.02574588580996445,4.558763796570112,0.9532337829284048,65.0,1.0322334520791407
19,"20MA, 50MA, RSI, MACD, CCI, ATR",32,3,0.5,0.001,32,60,1,150,"(16, 1)",ReLU,0.033030892307096285,6.244640364695223,0.9230236745382866,51.24999999999999,0.5689612341280438
20,"20MA, 50MA, RSI, MACD, CCI, ATR",32,2,0.6000000000000001,0.0005,32,60,1,100,"(16, 1)",Tanh,0.02528043145499393,4.686573139456404,0.9549094505841612,63.74999999999999,0.4931499824716342
21,"20MA, 50MA, RSI, MACD, CCI, ATR",32,2,0.6000000000000001,0.0005,32,60,1,100,"(16, 1)",Tanh,0.02988223056101964,6.355718495230445,0.9369997042329189,45.83333333333333,0.45871244496570307
22,"20MA, 50MA, RSI, MACD, CCI, ATR",32,2,0.5,0.0005,32,60,1,100,"(16, 1)",Tanh,0.0390618345894352,8.576553462665244,0.8923480658632796,26.666666666666668,0.4343533789047806
23,"20MA, 50MA, RSI, MACD, CCI, ATR",32,2,0.30000000000000004,0.0005,32,60,1,100,"(16, 1)",Tanh,0.02462494672038673,4.570771625814678,0.9572174011196821,69.16666666666667,0.6449009370360245
24,"20MA, 50MA, RSI, MACD, CCI, ATR",32,2,0.30000000000000004,0.0005,32,60,1,100,"(16, 1)",Tanh,0.03644284444501915,7.736991681292045,0.9062996747720102,38.75,0.46073745372060576
0,"20MA, 50MA, RSI, MACD, CCI, ATR",16,2,0.2,0.001,32,60,30,100,"(25, 1)",Tanh,0.17768288728229176,41.46988120425193,-1.6427934392733037,11.39240506329114,0.6817202265418416
1,"20MA, 50MA, RSI, MACD, CCI, ATR",128,2,0.30000000000000004,0.001,64,60,30,150,"(25, 1)",ReLU,0.1207479522611717,27.97194787896905,-0.22048251877970748,5.485232067510549,0.8970654174751469
2,"20MA, 50MA, RSI, MACD, CCI, ATR",128,2,0.6000000000000001,0.0005,64,60,30,150,"(25, 1)",ReLU,0.1306765669681857,29.089508634680968,-0.4294449923575472,8.860759493670885,0.7123842093060967
3,"20MA, 50MA, RSI, MACD, CCI, ATR",64,2,0.4,0.001,16,60,30,150,"(16, 1)",ReLU,0.18005280868793122,41.86114924568937,-1.7137623657296723,13.080168776371309,0.6498467892294322
4,"20MA, 50MA, RSI, MACD, CCI, ATR",64,3,0.2,0.0005,32,60,30,50,"(25, 1)",Sigmoid,0.16364956761912555,36.96301728894744,-1.2418251599489114,11.39240506329114,0.6649629243463341
5,"20MA, 50MA, RSI, MACD, CCI, ATR",16,3,0.4,0.001,32,60,30,50,"(25, 1)",Tanh,0.14165055193061085,32.27749006764545,-0.6796104060932833,8.438818565400844,0.6715066919496258
6,"20MA, 50MA, RSI, MACD, CCI, ATR",64,3,0.7,0.0005,64,60,30,150,"(25, 1)",Tanh,0.12878917159129505,27.7156607332946,-0.388451499828123,10.126582278481013,0.8145127222362742
7,"20MA, 50MA, RSI, MACD, CCI, ATR",16,2,0.4,0.0001,32,60,30,100,"(25, 1)",Sigmoid,0.1318270170398064,32.0186015291763,-0.4547248734764624,7.59493670886076,0.7811815224516105
8,"20MA, 50MA, RSI, MACD, CCI, ATR",32,2,0.30000000000000004,0.0005,64,60,30,50,"(16, 1)",Tanh,0.12341365180645965,27.18422472106925,-0.2749654646822788,13.924050632911392,0.6220495239610994
9,"20MA, 50MA, RSI, MACD, CCI, ATR",64,3,0.8,0.001,32,60,30,50,"(25, 1)",Sigmoid,0.15273020276788402,38.145757298308496,-0.9526386043976978,6.329113924050633,0.8645066201696207
10,"20MA, 50MA, RSI, MACD, CCI, ATR",128,2,0.5,0.0001,16,60,30,150,"(16, 1)",ReLU,0.1759630035611959,40.14467522804374,-1.5918791463761641,7.59493670886076,0.6411828191050742
11,"20MA, 50MA, RSI, MACD, CCI, ATR",32,2,0.30000000000000004,0.0005,64,60,30,50,"(16, 1)",Tanh,0.1251800495974034,27.555390052103977,-0.3117233609844121,10.548523206751055,0.7583265773793852
12,"20MA, 50MA, RSI, MACD, CCI, ATR",32,2,0.30000000000000004,0.001,64,60,30,150,"(16, 1)",ReLU,0.12608059109078154,28.29699213196423,-0.33066424329448374,8.860759493670885,0.6507146983323677
13,"20MA, 50MA, RSI, MACD, CCI, ATR",32,2,0.30000000000000004,0.0005,64,60,30,50,"(16, 1)",ReLU,0.13016773930489797,28.411458454046436,-0.4183347357338443,15.18987341772152,0.6080371822658022
14,"20MA, 50MA, RSI, MACD, CCI, ATR",128,2,0.5,0.0001,64,60,30,100,"(16, 1)",Tanh,0.11673368095148838,26.014719716183837,-0.1406814398698062,16.455696202531644,0.7339817562223683
15,"20MA, 50MA, RSI, MACD, CCI, ATR",128,2,0.6000000000000001,0.0001,64,60,30,100,"(16, 1)",Tanh,0.11573923670216786,25.736802021321203,-0.1213294859388454,12.236286919831224,0.7865365386931337
16,"20MA, 50MA, RSI, MACD, CCI, ATR",128,2,0.6000000000000001,0.0001,64,60,30,100,"(16, 1)",Tanh,0.12102972232501172,26.779651104808966,-0.22618525207668827,15.18987341772152,0.6470470722046346
17,"20MA, 50MA, RSI, MACD, CCI, ATR",128,3,0.6000000000000001,0.0001,16,60,30,100,"(16, 1)",Tanh,0.16725025751059575,39.701817034888236,-1.3415616939359487,9.282700421940929,0.7067639308582395
18,"20MA, 50MA, RSI, MACD, CCI, ATR",128,2,0.5,0.0001,64,60,30,100,"(16, 1)",Tanh,0.12410480025474162,27.46207307245467,-0.28928572564136235,9.70464135021097,0.776739481543463
19,"20MA, 50MA, RSI, MACD, CCI, ATR",128,2,0.7,0.0001,64,60,30,100,"(16, 1)",Tanh,0.11765643756210555,26.178089238735463,-0.1587864377511421,13.502109704641349,0.7574348324996926
20,"20MA, 50MA, RSI, MACD, CCI, ATR",128,3,0.7,0.0001,16,60,30,100,"(16, 1)",Tanh,0.16070285543372406,37.177008034913,-1.161818363676649,4.219409282700422,0.5778290668726308
21,"20MA, 50MA, RSI, MACD, CCI, ATR",128,2,0.7,0.0001,64,60,30,100,"(16, 1)",Tanh,0.11666554022708119,26.07758768465732,-0.13935013302977572,13.924050632911392,0.798509960722008
22,"20MA, 50MA, RSI, MACD, CCI, ATR",128,2,0.8,0.0001,64,60,30,100,"(16, 1)",Tanh,0.11621518445006944,25.885002568778642,-0.13057080459037063,18.143459915611814,0.7134941836825097
23,"20MA, 50MA, RSI, MACD, CCI, ATR",128,2,0.8,0.0001,64,60,30,100,"(16, 1)",Tanh,0.12990001909823276,28.966412897582078,-0.41250646549417014,9.70464135021097,0.8460388232379779
24,"20MA, 50MA, RSI, MACD, CCI, ATR",128,2,0.8,0.0001,64,60,30,100,"(16, 1)",Tanh,0.11546639971999337,25.577990271518793,-0.11604900269282648,14.767932489451477,0.7732976594530945
0,"20MA, 50MA, RSI, MACD, CCI, Williams_%R",16,3,0.4,0.0001,16,60,1,100,"(16, 1)",Sigmoid,0.07471723938192307,14.139379254932791,0.6061251973635866,25.416666666666664,0.7136897126669525
1,"20MA, 50MA, RSI, MACD, CCI, Williams_%R",64,3,0.30000000000000004,0.0001,16,60,1,100,"(25, 1)",ReLU,0.04134321944331694,8.624221008866373,0.8794061531674378,28.749999999999996,0.40836002166430513
2,"20MA, 50MA, RSI, MACD, CCI, Williams_%R",128,2,0.6000000000000001,0.0001,16,60,1,150,"(25, 1)",Tanh,0.03396681173886263,7.255948075380397,0.9185996762720646,35.41666666666667,0.41000239217722373
3,"20MA, 50MA, RSI, MACD, CCI, Williams_%R",128,2,0.2,0.0001,16,60,1,50,"(25, 1)",Tanh,0.043486013305231,9.147799786992685,0.866581592499328,26.666666666666668,0.4188167897347191
4,"20MA, 50MA, RSI, MACD, CCI, Williams_%R",32,3,0.7,0.0005,32,60,1,150,"(25, 1)",Sigmoid,0.04383546563674151,10.220933402368242,0.8644286839182452,23.333333333333332,0.48836831575764855
5,"20MA, 50MA, RSI, MACD, CCI, Williams_%R",128,3,0.5,0.0005,32,60,1,50,"(25, 1)",ReLU,0.03360822117401383,6.489853422047993,0.9203093045316979,52.5,0.5006221018418656
6,"20MA, 50MA, RSI, MACD, CCI, Williams_%R",16,3,0.2,0.0001,64,60,1,50,"(16, 1)",Sigmoid,0.1334445944605865,31.53327535742318,-0.2563728307147397,8.75,0.8086387033556144
7,"20MA, 50MA, RSI, MACD, CCI, Williams_%R",32,2,0.4,0.0001,64,60,1,50,"(16, 1)",Tanh,0.10053746181214321,24.964779810942915,0.28686394003277704,8.75,0.7073290090782894
8,"20MA, 50MA, RSI, MACD, CCI, Williams_%R",16,3,0.6000000000000001,0.001,16,60,1,50,"(25, 1)",Sigmoid,0.03859835580325712,7.580043225714027,0.8948875463237785,39.58333333333333,0.6907979857710121
9,"20MA, 50MA, RSI, MACD, CCI, Williams_%R",16,2,0.6000000000000001,0.0005,64,60,1,50,"(25, 1)",ReLU,0.04177739718748713,7.773012439617363,0.8768599510321916,41.25,0.663224250916847
10,"20MA, 50MA, RSI, MACD, CCI, Williams_%R",128,3,0.8,0.0005,32,60,1,100,"(16, 1)",ReLU,0.030121873154838108,5.985794575369656,0.9359851820945447,56.25,1.041790971143176
11,"20MA, 50MA, RSI, MACD, CCI, Williams_%R",128,3,0.8,0.0005,32,60,1,100,"(16, 1)",ReLU,0.03796600960017323,8.042414067235102,0.8983033914072763,40.833333333333336,1.0372850740641548
12,"20MA, 50MA, RSI, MACD, CCI, Williams_%R",128,3,0.8,0.0005,32,60,1,100,"(16, 1)",ReLU,0.034045753244083356,6.9482374557530715,0.9182208752687041,50.83333333333333,1.338946788865586
13,"20MA, 50MA, RSI, MACD, CCI, Williams_%R",128,3,0.5,0.0005,32,60,1,100,"(16, 1)",ReLU,0.02407594628330851,4.550585518072489,0.9591037680692618,63.74999999999999,0.9690213990884875
14,"20MA, 50MA, RSI, MACD, CCI, Williams_%R",64,3,0.5,0.001,32,60,1,100,"(16, 1)",ReLU,0.022701506537349876,4.3585746545541255,0.9636398285732671,67.91666666666667,1.420882809042333
15,"20MA, 50MA, RSI, MACD, CCI, Williams_%R",64,3,0.5,0.001,32,60,1,100,"(16, 1)",ReLU,0.03658874544856279,7.4898042369324305,0.9055479037207513,46.666666666666664,0.5199906921318683
16,"20MA, 50MA, RSI, MACD, CCI, Williams_%R",64,3,0.4,0.001,32,60,1,100,"(16, 1)",ReLU,0.021818985409826526,4.08974199082617,0.9664118822119484,70.41666666666667,1.7068935492584427
17,"20MA, 50MA, RSI, MACD, CCI, Williams_%R",64,2,0.4,0.001,32,60,1,100,"(16, 1)",ReLU,0.03129445606734258,6.870077393222782,0.9309042430996042,39.58333333333333,0.48836831575764855
18,"20MA, 50MA, RSI, MACD, CCI, Williams_%R",64,3,0.30000000000000004,0.001,32,60,1,150,"(16, 1)",ReLU,0.04112642285251849,8.920450626943003,0.8806675830736055,34.166666666666664,1.0
19,"20MA, 50MA, RSI, MACD, CCI, Williams_%R",64,3,0.30000000000000004,0.001,32,60,1,100,"(16, 1)",Tanh,0.02183009130694084,4.15441622779463,0.9663776807026794,69.58333333333333,0.7924389383180221
20,"20MA, 50MA, RSI, MACD, CCI, Williams_%R",64,2,0.30000000000000004,0.001,64,60,1,100,"(16, 1)",Tanh,0.03895272409664713,7.92507232437889,0.8929486290911699,33.75,0.38002213378179023
21,"20MA, 50MA, RSI, MACD, CCI, Williams_%R",64,3,0.4,0.001,32,60,1,100,"(16, 1)",Tanh,0.03752443405148847,7.933414512958549,0.9006552627412138,40.833333333333336,1.0127442209736204
22,"20MA, 50MA, RSI, MACD, CCI, Williams_%R",64,3,0.30000000000000004,0.001,32,60,1,100,"(16, 1)",Tanh,0.04005662428314282,8.510892635298818,0.8867950916063447,35.833333333333336,1.0851034746443244
23,"20MA, 50MA, RSI, MACD, CCI, Williams_%R",64,3,0.5,0.001,32,60,1,100,"(16, 1)",Tanh,0.034896096784208894,7.23932059821914,0.9140847478058444,46.666666666666664,1.0739851009734618
24,"20MA, 50MA, RSI, MACD, CCI, Williams_%R",64,3,0.4,0.001,32,60,1,100,"(16, 1)",ReLU,0.18286390383826068,46.59136712013373,-1.3592422535224653,2.083333333333333,0.6818013196894306
0,"20MA, 50MA, RSI, MACD, CCI, Williams_%R",64,3,0.30000000000000004,0.001,32,60,30,100,"(16, 1)",ReLU,0.15623126380648958,36.19081524891687,-1.0431860107698192,5.063291139240507,0.6354235764129413
1,"20MA, 50MA, RSI, MACD, CCI, Williams_%R",32,2,0.4,0.0005,16,60,30,100,"(25, 1)",ReLU,0.18476614077997722,43.85879084938233,-1.8577010217654846,7.172995780590717,0.6503734065966817
2,"20MA, 50MA, RSI, MACD, CCI, Williams_%R",16,2,0.5,0.001,32,60,30,50,"(16, 1)",ReLU,0.14717594367692122,34.51040568467639,-0.8131998432470455,5.9071729957805905,0.6218000283274432
3,"20MA, 50MA, RSI, MACD, CCI, Williams_%R",32,3,0.30000000000000004,0.001,64,60,30,150,"(16, 1)",ReLU,0.12288318152553718,26.424459398106702,-0.26402862362515367,11.814345991561181,0.8468936447126827
4,"20MA, 50MA, RSI, MACD, CCI, Williams_%R",16,2,0.4,0.001,16,60,30,150,"(25, 1)",Sigmoid,0.2044829135881608,48.224002635041,-2.5001452221688742,13.502109704641349,0.6503734065966817
5,"20MA, 50MA, RSI, MACD, CCI, Williams_%R",64,3,0.30000000000000004,0.0005,16,60,30,150,"(25, 1)",Tanh,0.18549053199294713,43.21464815069188,-1.8801526624033538,7.172995780590717,0.5820181174384317
6,"20MA, 50MA, RSI, MACD, CCI, Williams_%R",16,2,0.6000000000000001,0.0001,64,60,30,150,"(25, 1)",ReLU,0.1284054811258624,29.239103191059346,-0.3801908358449202,14.345991561181433,0.9027037550957527
7,"20MA, 50MA, RSI, MACD, CCI, Williams_%R",128,3,0.8,0.001,64,60,30,50,"(16, 1)",Tanh,0.11232837716289398,25.677429563507705,-0.05621172354565762,6.751054852320674,0.8256839666930821
8,"20MA, 50MA, RSI, MACD, CCI, Williams_%R",64,2,0.7,0.001,64,60,30,50,"(25, 1)",Tanh,0.14174926945728367,32.450307938614955,-0.681952292644129,6.751054852320674,0.5995797128095443
9,"20MA, 50MA, RSI, MACD, CCI, Williams_%R",16,3,0.30000000000000004,0.001,16,60,30,50,"(25, 1)",ReLU,0.2084081396908527,49.149246407970956,-2.6358115798120694,13.924050632911392,0.6406636434981108
10,"20MA, 50MA, RSI, MACD, CCI, Williams_%R",128,3,0.8,0.0001,64,60,30,50,"(16, 1)",Tanh,0.13360060085449846,30.369535169354815,-0.49413155289912414,9.282700421940929,0.6313792138002498
11,"20MA, 50MA, RSI, MACD, CCI, Williams_%R",128,3,0.2,0.001,64,60,30,150,"(16, 1)",Sigmoid,0.14424642412553154,35.47745688261588,-0.7417351888406305,8.860759493670885,0.9401764786269788
12,"20MA, 50MA, RSI, MACD, CCI, Williams_%R",32,3,0.8,0.001,64,60,30,150,"(16, 1)",Tanh,0.13729603499980472,31.516647944621095,-0.5779309885012767,3.79746835443038,0.6254353340202148
13,"20MA, 50MA, RSI, MACD, CCI, Williams_%R",32,3,0.6000000000000001,0.001,64,60,30,50,"(16, 1)",Tanh,0.1204970138806683,26.407189946264836,-0.21541497667932452,10.548523206751055,0.9043159888671999
14,"20MA, 50MA, RSI, MACD, CCI, Williams_%R",128,3,0.6000000000000001,0.0005,64,60,30,50,"(16, 1)",Tanh,0.13144982909279992,29.955152501668085,-0.44641216619496027,5.9071729957805905,0.710608501855912
15,"20MA, 50MA, RSI, MACD, CCI, Williams_%R",128,3,0.7,0.0001,64,60,30,50,"(16, 1)",Tanh,0.12889541278370217,28.80861296772353,-0.3907431767392253,9.282700421940929,0.7276038847231764
16,"20MA, 50MA, RSI, MACD, CCI, Williams_%R",32,3,0.7,0.001,32,60,30,50,"(16, 1)",Tanh,0.1651104096465767,38.72641056148438,-1.2820277664431101,8.438818565400844,0.7137980282564726
17,"20MA, 50MA, RSI, MACD, CCI, Williams_%R",32,3,0.6000000000000001,0.001,64,60,30,50,"(16, 1)",Tanh,0.12050336459253834,26.26096521115461,-0.21554309526876536,13.502109704641349,0.6249864434246115
18,"20MA, 50MA, RSI, MACD, CCI, Williams_%R",128,3,0.8,0.0001,64,60,30,100,"(16, 1)",Sigmoid,0.15456689096276804,35.70890533989423,-0.9998846975725673,9.282700421940929,0.8223880259360791
19,"20MA, 50MA, RSI, MACD, CCI, Williams_%R",32,3,0.5,0.0005,32,60,30,50,"(16, 1)",Tanh,0.15981974350995054,36.52762228149166,-1.1381239253241269,6.329113924050633,0.7023400830621123
20,"20MA, 50MA, RSI, MACD, CCI, Williams_%R",128,2,0.7,0.001,64,60,30,50,"(16, 1)",Tanh,0.14073518687013883,33.13459577002677,-0.6579728052035454,5.9071729957805905,0.6049896797303319
21,"20MA, 50MA, RSI, MACD, CCI, Williams_%R",32,3,0.6000000000000001,0.001,64,60,30,50,"(16, 1)",Tanh,0.11869788074669493,25.609187820515743,-0.17939136750397466,12.658227848101266,0.864992406259987
22,"20MA, 50MA, RSI, MACD, CCI, Williams_%R",32,3,0.5,0.001,64,60,30,50,"(16, 1)",Tanh,0.12031281140042338,25.756352499585468,-0.21170183354514216,10.126582278481013,0.6371272742658827
23,"20MA, 50MA, RSI, MACD, CCI, Williams_%R",32,3,0.5,0.001,64,60,30,50,"(16, 1)",Tanh,0.12011267698435538,26.539356275346833,-0.20767397416744382,10.970464135021098,0.6967785868704452
24,"20MA, 50MA, RSI, MACD, CCI, Williams_%R",32,3,0.4,0.001,64,60,30,50,"(16, 1)",Tanh,0.12055971339624186,26.408421808450473,-0.2166801658210642,11.39240506329114,0.7770880557980541
0,"20MA, 50MA, RSI, MACD, CCI, OBV",64,2,0.8,0.0005,16,60,1,50,"(25, 1)",ReLU,0.030640737655676282,5.525888445965235,0.933760812507924,55.00000000000001,0.49129769105205917
1,"20MA, 50MA, RSI, MACD, CCI, OBV",128,3,0.2,0.0005,16,60,1,50,"(25, 1)",Sigmoid,0.188880411328071,48.272358964108584,-1.5170416585171513,1.6666666666666667,0.6668160283990071
2,"20MA, 50MA, RSI, MACD, CCI, OBV",128,2,0.4,0.001,16,60,1,100,"(16, 1)",Sigmoid,0.17929366443755268,45.5714931915093,-1.2680177585689836,2.9166666666666665,0.6593432111800095
3,"20MA, 50MA, RSI, MACD, CCI, OBV",128,2,0.2,0.001,64,60,1,50,"(25, 1)",Sigmoid,0.030738125782672293,5.810185410159641,0.9333390757846387,54.58333333333333,0.5928787831049706
4,"20MA, 50MA, RSI, MACD, CCI, OBV",128,3,0.4,0.001,64,60,1,50,"(16, 1)",ReLU,0.17850753609016504,45.369386064585555,-1.2481727260834417,2.9166666666666665,0.6818013196894306
5,"20MA, 50MA, RSI, MACD, CCI, OBV",128,2,0.5,0.0001,32,60,1,100,"(16, 1)",ReLU,0.05260137361247518,10.452818639719572,0.7757833123031591,23.236514522821576,0.7413330086285115
6,"20MA, 50MA, RSI, MACD, CCI, OBV",32,2,0.7,0.0005,64,60,1,50,"(16, 1)",Sigmoid,0.1368053342269587,33.449893121497745,-0.32045202414833196,5.416666666666667,0.6593432111800095
7,"20MA, 50MA, RSI, MACD, CCI, OBV",64,2,0.4,0.0001,16,60,1,150,"(25, 1)",Sigmoid,0.032978387703938926,5.839694996157698,0.9232681971016076,52.5,0.45312606281015033
8,"20MA, 50MA, RSI, MACD, CCI, OBV",32,3,0.5,0.0005,32,60,1,50,"(25, 1)",Sigmoid,0.06811116171754397,13.05731830975931,0.672694623544417,25.416666666666664,0.504292150655348
9,"20MA, 50MA, RSI, MACD, CCI, OBV",128,3,0.7,0.0005,16,60,1,100,"(16, 1)",Tanh,0.02510872501391351,4.667858963178307,0.9555198867258989,65.0,0.9425134815097316
10,"20MA, 50MA, RSI, MACD, CCI, OBV",16,3,0.7,0.0005,16,60,1,100,"(16, 1)",Tanh,0.03654745312517003,7.748996995018404,0.9057609717391641,40.0,0.7551082898696869
11,"20MA, 50MA, RSI, MACD, CCI, OBV",64,3,0.8,0.0005,16,60,1,150,"(25, 1)",Tanh,0.03560154546164308,7.3205773423405285,0.9105759642430793,36.25,1.0
12,"20MA, 50MA, RSI, MACD, CCI, OBV",64,3,0.8,0.0005,16,60,1,100,"(25, 1)",Tanh,0.0258608659036817,5.26883679535061,0.9528151380850624,57.08333333333333,0.617900481016884
13,"20MA, 50MA, RSI, MACD, CCI, OBV",16,3,0.7,0.0005,16,60,1,100,"(16, 1)",Tanh,0.03171711655986297,6.080198324205964,0.9290252354969839,49.166666666666664,0.5006070389276098
14,"20MA, 50MA, RSI, MACD, CCI, OBV",64,3,0.6000000000000001,0.0005,16,60,1,100,"(25, 1)",Tanh,0.024187021262424686,4.64494463657594,0.9587255460352367,60.416666666666664,1.223197460972221
15,"20MA, 50MA, RSI, MACD, CCI, OBV",64,3,0.6000000000000001,0.0001,32,60,1,100,"(16, 1)",Tanh,0.0877184657395157,18.649926776133185,0.4571265309349286,12.916666666666668,0.6960613925156444
16,"20MA, 50MA, RSI, MACD, CCI, OBV",16,3,0.6000000000000001,0.0005,16,60,1,100,"(16, 1)",Tanh,0.04661607783276876,10.440269792684068,0.8466838079081567,25.833333333333336,0.8083715609162502
17,"20MA, 50MA, RSI, MACD, CCI, OBV",32,3,0.6000000000000001,0.0005,16,60,1,100,"(25, 1)",Tanh,0.03865490330729439,7.655232310226973,0.8945793362607865,32.5,0.29730806725918524
18,"20MA, 50MA, RSI, MACD, CCI, OBV",128,3,0.6000000000000001,0.001,64,60,1,150,"(25, 1)",Tanh,0.024392819095199924,4.8385582292656855,0.9580201817860695,56.666666666666664,0.378915525086084
19,"20MA, 50MA, RSI, MACD, CCI, OBV",64,3,0.5,0.001,64,60,1,150,"(25, 1)",Tanh,0.021663785618363022,4.067712736139981,0.966888011513983,69.58333333333333,0.4754823830042927
20,"20MA, 50MA, RSI, MACD, CCI, OBV",64,3,0.30000000000000004,0.001,64,60,1,150,"(25, 1)",Tanh,0.023251215129681684,4.356053857749165,0.9618576126162979,65.83333333333333,0.8645439920324203
21,"20MA, 50MA, RSI, MACD, CCI, OBV",64,3,0.30000000000000004,0.001,64,60,1,150,"(25, 1)",Tanh,0.022796947594806848,4.249913304493049,0.9633334570135886,68.33333333333333,0.660189969827304
22,"20MA, 50MA, RSI, MACD, CCI, OBV",64,3,0.30000000000000004,0.001,64,60,1,150,"(25, 1)",Tanh,0.025945834155968375,4.954658242507526,0.9525045683161387,61.25000000000001,0.9625564348927758
23,"20MA, 50MA, RSI, MACD, CCI, OBV",64,3,0.30000000000000004,0.001,64,60,1,150,"(25, 1)",Tanh,0.022187841738872508,4.241222935740089,0.9652666491930215,67.5,0.4674730879929223
24,"20MA, 50MA, RSI, MACD, CCI, OBV",64,3,0.30000000000000004,0.001,64,60,1,150,"(25, 1)",Tanh,0.026238954057301086,4.987676149602942,0.9514253587287765,62.083333333333336,0.9379111815820308
0,"20MA, 50MA, RSI, MACD, CCI, OBV",64,3,0.8,0.0005,32,60,30,50,"(25, 1)",ReLU,0.1479271103179297,32.99903116363506,-0.8317557427349986,15.18987341772152,0.7602852535777768
1,"20MA, 50MA, RSI, MACD, CCI, OBV",32,3,0.30000000000000004,0.0005,64,60,30,50,"(16, 1)",Tanh,0.14923567776799132,34.099939270206406,-0.8643066091057345,10.548523206751055,0.7222882055986282
2,"20MA, 50MA, RSI, MACD, CCI, OBV",64,2,0.6000000000000001,0.0005,64,60,30,150,"(25, 1)",Sigmoid,0.17946610945685582,42.050217893337205,-1.6961056761501494,6.329113924050633,0.7137980282564726
3,"20MA, 50MA, RSI, MACD, CCI, OBV",64,3,0.6000000000000001,0.0001,32,60,30,150,"(25, 1)",ReLU,0.1269227902673438,27.5255413990043,-0.34850088762984943,10.548523206751055,0.8525953398864998
4,"20MA, 50MA, RSI, MACD, CCI, OBV",128,2,0.5,0.001,16,60,30,150,"(16, 1)",ReLU,0.16809934209093644,42.834572796163314,-1.3653970015220214,4.219409282700422,0.7929114434614941
5,"20MA, 50MA, RSI, MACD, CCI, OBV",128,3,0.8,0.001,32,60,30,50,"(16, 1)",ReLU,0.17253599420166965,43.86808013460579,-1.4919047389703222,2.5316455696202533,0.713770017566602
6,"20MA, 50MA, RSI, MACD, CCI, OBV",64,3,0.5,0.0001,16,60,30,100,"(25, 1)",ReLU,0.15209563678097637,34.902104464146575,-0.9364466011182817,9.282700421940929,0.7737360417751855
7,"20MA, 50MA, RSI, MACD, CCI, OBV",128,3,0.2,0.0005,16,60,30,50,"(16, 1)",ReLU,0.2030292777524694,52.80642290419741,-2.450558175713691,1.6877637130801686,0.7490693320543934
8,"20MA, 50MA, RSI, MACD, CCI, OBV",128,3,0.30000000000000004,0.0001,64,60,30,100,"(25, 1)",Tanh,0.11433050937655279,24.19582999414835,-0.09419894414988761,13.924050632911392,0.9013607534605419
9,"20MA, 50MA, RSI, MACD, CCI, OBV",32,3,0.6000000000000001,0.0001,16,60,30,50,"(16, 1)",Tanh,0.14098915448496535,30.271995352989734,-0.6639620867220923,15.18987341772152,0.7211818959720515
10,"20MA, 50MA, RSI, MACD, CCI, OBV",16,2,0.30000000000000004,0.0001,64,60,30,100,"(25, 1)",Tanh,0.12543228474196372,30.7937029551124,-0.31701487625923574,6.751054852320674,0.8455021134386
11,"20MA, 50MA, RSI, MACD, CCI, OBV",16,2,0.30000000000000004,0.0001,64,60,30,100,"(25, 1)",Tanh,0.09918679303145483,20.413985254069615,0.17646945527232571,9.282700421940929,1.396135894336441
12,"20MA, 50MA, RSI, MACD, CCI, OBV",16,2,0.30000000000000004,0.0001,64,60,30,100,"(25, 1)",Tanh,0.11911023358291593,27.6726845419,-0.1875999405996236,11.39240506329114,0.9802869070121613
13,"20MA, 50MA, RSI, MACD, CCI, OBV",16,2,0.2,0.0001,64,60,30,100,"(25, 1)",Tanh,0.11754757016825713,27.60774434843413,-0.15664298182132153,10.970464135021098,0.8132719490133874
14,"20MA, 50MA, RSI, MACD, CCI, OBV",16,2,0.4,0.0001,64,60,30,100,"(25, 1)",Sigmoid,0.1366926838635856,33.27487821600709,-0.5640929405510693,4.641350210970464,0.8690204976747753
15,"20MA, 50MA, RSI, MACD, CCI, OBV",128,2,0.4,0.0001,64,60,30,100,"(25, 1)",Tanh,0.10641047655003014,22.6171476991361,0.052147432443326314,13.502109704641349,0.894540362791022
16,"20MA, 50MA, RSI, MACD, CCI, OBV",16,2,0.4,0.001,64,60,30,100,"(25, 1)",Tanh,0.11076941818908484,22.849743821000175,-0.027097716723156084,9.282700421940929,1.2210882924753268
17,"20MA, 50MA, RSI, MACD, CCI, OBV",128,2,0.4,0.0001,64,60,30,100,"(25, 1)",Tanh,0.11271524775761568,24.185326701713773,-0.06349965787019407,14.767932489451477,1.1711912323148321
18,"20MA, 50MA, RSI, MACD, CCI, OBV",32,2,0.2,0.0001,64,60,30,100,"(25, 1)",Sigmoid,0.11975046087828194,24.89889462628158,-0.20040114673634846,8.438818565400844,1.1656878786508686
19,"20MA, 50MA, RSI, MACD, CCI, OBV",16,2,0.4,0.001,32,60,30,100,"(25, 1)",Tanh,0.12208395075187906,25.647750497419274,-0.2476396396595557,12.236286919831224,0.7651085866237081
20,"20MA, 50MA, RSI, MACD, CCI, OBV",128,2,0.7,0.0001,64,60,30,150,"(25, 1)",Tanh,0.10832147404915714,22.639464653584426,0.017797269425764206,10.548523206751055,0.9290557542237119
21,"20MA, 50MA, RSI, MACD, CCI, OBV",128,2,0.7,0.0001,64,60,30,150,"(25, 1)",Tanh,0.11201545089734842,23.774868660013244,-0.050335096114974,11.39240506329114,0.7487785043111036
22,"20MA, 50MA, RSI, MACD, CCI, OBV",128,2,0.7,0.0001,64,60,30,150,"(25, 1)",Tanh,0.10968508648472165,22.73387208586341,-0.007087437531891672,10.548523206751055,1.0741570152267306
23,"20MA, 50MA, RSI, MACD, CCI, OBV",128,2,0.5,0.0001,64,60,30,150,"(25, 1)",Tanh,0.1130866760850126,24.328343905848875,-0.0705202650680179,14.767932489451477,0.867322842068988
24,"20MA, 50MA, RSI, MACD, CCI, OBV",128,2,0.5,0.0001,64,60,30,150,"(25, 1)",Tanh,0.10510682085306666,21.953442269182972,0.07522982433466086,10.970464135021098,1.1370930910609451
0,"20MA, 50MA, RSI, MACD, ATR, Williams_%R",128,2,0.8,0.0005,16,60,1,50,"(25, 1)",Sigmoid,0.03780640858147016,8.189411961277404,0.8991566160107737,36.25,0.4504227148511719
1,"20MA, 50MA, RSI, MACD, ATR, Williams_%R",16,3,0.5,0.0005,16,60,1,100,"(16, 1)",ReLU,0.05127311390509692,11.502198179398086,0.814520485198358,21.25,0.40253288668235243
2,"20MA, 50MA, RSI, MACD, ATR, Williams_%R",32,2,0.30000000000000004,0.001,16,60,1,150,"(25, 1)",ReLU,0.026689092689262985,4.915797279737732,0.94974443225341,61.25000000000001,0.9847091027862999
3,"20MA, 50MA, RSI, MACD, ATR, Williams_%R",128,3,0.2,0.0001,16,60,1,50,"(16, 1)",Tanh,0.04182266648996333,8.470791008890915,0.8765929413715572,34.583333333333336,0.44276174670793006
4,"20MA, 50MA, RSI, MACD, ATR, Williams_%R",64,2,0.30000000000000004,0.0005,16,60,1,150,"(16, 1)",Tanh,0.03615449098404015,7.541793936000837,0.9077766132770719,36.25,1.0
5,"20MA, 50MA, RSI, MACD, ATR, Williams_%R",32,3,0.5,0.001,64,60,1,150,"(16, 1)",ReLU,0.029762622735342664,6.042355484110056,0.9375030299651209,48.75,0.41315198201670794
6,"20MA, 50MA, RSI, MACD, ATR, Williams_%R",32,2,0.5,0.001,16,60,1,100,"(25, 1)",Sigmoid,0.049044854727024426,11.099406837569212,0.8302915493097828,19.583333333333332,1.0
7,"20MA, 50MA, RSI, MACD, ATR, Williams_%R",64,2,0.2,0.001,16,60,1,50,"(16, 1)",Sigmoid,0.16809105156130807,42.29054604794661,-0.9934518583148089,4.166666666666666,0.6593432111800095
8,"20MA, 50MA, RSI, MACD, ATR, Williams_%R",128,2,0.6000000000000001,0.001,64,60,1,150,"(16, 1)",ReLU,0.025825644112992645,4.913067390943917,0.9529435795364087,58.75,0.531334043364288
9,"20MA, 50MA, RSI, MACD, ATR, Williams_%R",32,3,0.2,0.001,64,60,1,50,"(25, 1)",ReLU,0.035273442386900944,6.6950343532116765,0.9122166290467076,45.416666666666664,0.42252291300302
10,"20MA, 50MA, RSI, MACD, ATR, Williams_%R",128,2,0.7,0.0001,32,60,1,150,"(16, 1)",ReLU,0.060652467331706296,11.641180749432039,0.7404544967488047,29.166666666666668,0.6788280864177174
11,"20MA, 50MA, RSI, MACD, ATR, Williams_%R",16,2,0.4,0.001,64,60,1,150,"(25, 1)",ReLU,0.03740064358415531,7.5816370934694,0.9013096441733378,34.583333333333336,0.2929665932151978
12,"20MA, 50MA, RSI, MACD, ATR, Williams_%R",128,2,0.7,0.001,32,60,1,150,"(25, 1)",ReLU,0.027252007190070163,5.707708392781828,0.9476021396036907,51.24999999999999,0.6881887604890786
13,"20MA, 50MA, RSI, MACD, ATR, Williams_%R",32,2,0.6000000000000001,0.001,64,60,1,150,"(25, 1)",ReLU,0.028831783814127907,5.654775386138504,0.9413511380149622,51.24999999999999,0.4304733084655113
14,"20MA, 50MA, RSI, MACD, ATR, Williams_%R",128,2,0.4,0.001,64,60,1,150,"(16, 1)",ReLU,0.024775917132330853,4.876757448972569,0.9566912106872673,57.49999999999999,0.4084081171826823
15,"20MA, 50MA, RSI, MACD, ATR, Williams_%R",128,2,0.6000000000000001,0.0001,64,60,1,150,"(16, 1)",Tanh,0.04607967865311334,8.76660505575134,0.8501918477876813,38.333333333333336,0.6814581482450977
16,"20MA, 50MA, RSI, MACD, ATR, Williams_%R",128,2,0.4,0.001,64,60,1,100,"(16, 1)",ReLU,0.02733100805354211,5.356381868427686,0.9472979068804432,54.58333333333333,0.7598330898632536
17,"20MA, 50MA, RSI, MACD, ATR, Williams_%R",128,3,0.6000000000000001,0.001,64,60,1,150,"(16, 1)",ReLU,0.03735426319312838,8.257322461374343,0.901554263447835,28.749999999999996,0.44330446681426794
18,"20MA, 50MA, RSI, MACD, ATR, Williams_%R",128,2,0.4,0.0001,64,60,1,150,"(16, 1)",Tanh,0.046497922007131084,8.669500253690844,0.8474600312276346,36.666666666666664,0.6374609588538346
19,"20MA, 50MA, RSI, MACD, ATR, Williams_%R",64,2,0.8,0.0005,32,60,1,100,"(16, 1)",Sigmoid,0.027737271544513855,5.570363934974902,0.9457194749107203,53.333333333333336,0.7444727530827877
20,"20MA, 50MA, RSI, MACD, ATR, Williams_%R",16,3,0.7,0.001,64,60,1,150,"(16, 1)",ReLU,0.03970580264025624,8.318199086198392,0.8887693377642604,34.166666666666664,0.40143207116758084
21,"20MA, 50MA, RSI, MACD, ATR, Williams_%R",32,2,0.30000000000000004,0.001,64,60,1,150,"(25, 1)",ReLU,0.03003179569898778,5.731876642449174,0.9363674737301295,51.66666666666667,0.3504893742431256
22,"20MA, 50MA, RSI, MACD, ATR, Williams_%R",32,2,0.30000000000000004,0.001,16,60,1,150,"(25, 1)",ReLU,0.024000032909455283,4.520751127771437,0.9593612596276575,63.33333333333333,0.76332377696382
23,"20MA, 50MA, RSI, MACD, ATR, Williams_%R",128,2,0.4,0.001,32,60,1,150,"(25, 1)",ReLU,0.025488964833111045,4.6647419056111055,0.9541624960953736,63.74999999999999,0.6286722203534775
24,"20MA, 50MA, RSI, MACD, ATR, Williams_%R",128,2,0.4,0.001,32,60,1,150,"(25, 1)",ReLU,0.03157190705065506,6.826337901263475,0.929673631034127,42.083333333333336,0.47241678100461487
0,"20MA, 50MA, RSI, MACD, ATR, Williams_%R",128,3,0.2,0.0001,64,60,30,150,"(16, 1)",Sigmoid,0.13210854481548895,28.046882259364224,-0.46094488476999507,10.126582278481013,1.1646949277828569
1,"20MA, 50MA, RSI, MACD, ATR, Williams_%R",128,2,0.2,0.0001,16,60,30,50,"(25, 1)",Tanh,0.155660418175985,36.588098692239726,-1.0282822974485524,8.438818565400844,0.6508738056724939
2,"20MA, 50MA, RSI, MACD, ATR, Williams_%R",128,2,0.8,0.001,64,60,30,100,"(25, 1)",ReLU,0.17206806454646917,40.350706725439366,-1.4784066286772206,6.751054852320674,0.5837020838609861
3,"20MA, 50MA, RSI, MACD, ATR, Williams_%R",16,3,0.4,0.0005,32,60,30,150,"(16, 1)",ReLU,0.13580466287508614,30.081856307459116,-0.5438367616951372,9.70464135021097,0.7653103093985316
4,"20MA, 50MA, RSI, MACD, ATR, Williams_%R",128,3,0.30000000000000004,0.001,32,60,30,50,"(16, 1)",Sigmoid,0.15538709705074694,38.969652429386436,-1.021165707368318,5.485232067510549,0.853267883412604
5,"20MA, 50MA, RSI, MACD, ATR, Williams_%R",128,2,0.7,0.0001,32,60,30,150,"(25, 1)",Sigmoid,0.13023327330722065,29.077896407172943,-0.4197632394531827,9.282700421940929,0.7829004812692465
6,"20MA, 50MA, RSI, MACD, ATR, Williams_%R",32,2,0.7,0.0001,16,60,30,150,"(16, 1)",Sigmoid,0.14798755024495133,32.98156543876463,-0.8332528827834014,9.70464135021097,0.6169499548012009
7,"20MA, 50MA, RSI, MACD, ATR, Williams_%R",32,3,0.2,0.0001,64,60,30,50,"(25, 1)",ReLU,0.13435706514707296,32.53353190799162,-0.51109939576512,8.860759493670885,0.9032478097075664
8,"20MA, 50MA, RSI, MACD, ATR, Williams_%R",64,2,0.4,0.0001,32,60,30,100,"(16, 1)",Sigmoid,0.1551171694854268,35.507802924117414,-1.0141497518955656,11.39240506329114,0.6678596534396023
9,"20MA, 50MA, RSI, MACD, ATR, Williams_%R",64,2,0.7,0.0001,32,60,30,50,"(25, 1)",Tanh,0.13126213825485397,28.9309858919616,-0.4422845914692859,10.126582278481013,0.9058229656881956
10,"20MA, 50MA, RSI, MACD, ATR, Williams_%R",16,2,0.6000000000000001,0.0005,32,60,30,150,"(25, 1)",Sigmoid,0.14662408798369264,32.78616793197918,-0.7996276704561986,7.59493670886076,0.6198571786980941
11,"20MA, 50MA, RSI, MACD, ATR, Williams_%R",64,2,0.6000000000000001,0.0001,32,60,30,50,"(25, 1)",Tanh,0.12209399650891319,27.471762384900313,-0.2478449737804116,8.016877637130802,0.7135162075598251
12,"20MA, 50MA, RSI, MACD, ATR, Williams_%R",64,2,0.6000000000000001,0.0001,32,60,30,150,"(25, 1)",Tanh,0.13422647460405118,30.64473369922226,-0.50816334787202,6.751054852320674,0.7180952446544576
13,"20MA, 50MA, RSI, MACD, ATR, Williams_%R",64,2,0.6000000000000001,0.0001,32,60,30,50,"(25, 1)",Tanh,0.13184299464961563,30.099139419422183,-0.43096310122109105,6.639004149377594,0.6518009178934704
14,"20MA, 50MA, RSI, MACD, ATR, Williams_%R",128,2,0.8,0.001,32,60,30,100,"(25, 1)",Tanh,0.16235101761281118,38.70622855391619,-1.206388802569076,10.126582278481013,0.6496842366629234
15,"20MA, 50MA, RSI, MACD, ATR, Williams_%R",64,2,0.5,0.0005,16,60,30,50,"(25, 1)",Sigmoid,0.19748348726431378,46.982260761772864,-2.2105237913196967,12.033195020746888,0.6876573891183206
16,"20MA, 50MA, RSI, MACD, ATR, Williams_%R",16,2,0.7,0.0001,32,60,30,150,"(25, 1)",Tanh,0.13289128618575913,29.74164731756021,-0.47830832993043093,8.438818565400844,0.8318306635479025
17,"20MA, 50MA, RSI, MACD, ATR, Williams_%R",32,3,0.5,0.0001,32,60,30,150,"(25, 1)",Tanh,0.1366441360132571,30.529344343571253,-0.5629821295908002,9.70464135021097,0.6582924623197834
18,"20MA, 50MA, RSI, MACD, ATR, Williams_%R",128,2,0.7,0.001,64,60,30,50,"(25, 1)",Sigmoid,0.12772147177029156,29.039161493257787,-0.3655255902904464,6.751054852320674,0.6361105841625427
19,"20MA, 50MA, RSI, MACD, ATR, Williams_%R",64,2,0.6000000000000001,0.001,64,60,30,50,"(25, 1)",ReLU,0.1548761377947752,35.59734224821309,-1.0078951671812222,5.063291139240507,0.6699279802103009
20,"20MA, 50MA, RSI, MACD, ATR, Williams_%R",128,3,0.8,0.001,64,60,30,50,"(25, 1)",Sigmoid,0.17127922098307571,43.84179358957667,-1.4557342796298833,3.375527426160337,0.7929114434614941
21,"20MA, 50MA, RSI, MACD, ATR, Williams_%R",128,2,0.7,0.001,64,60,30,50,"(25, 1)",Sigmoid,0.12217713859495229,27.47839989950745,-0.2495450370401131,8.860759493670885,0.8763390915758804
22,"20MA, 50MA, RSI, MACD, ATR, Williams_%R",128,2,0.7,0.001,64,60,30,50,"(25, 1)",Sigmoid,0.12508186799514281,27.94039469100159,-0.3096665380901886,9.282700421940929,0.6063409215866222
23,"20MA, 50MA, RSI, MACD, ATR, Williams_%R",128,2,0.6000000000000001,0.001,64,60,30,50,"(25, 1)",Sigmoid,0.12208122401881981,27.498451594721324,-0.24758390846411027,8.860759493670885,0.9714325762101629
24,"20MA, 50MA, RSI, MACD, ATR, Williams_%R",128,2,0.5,0.001,64,60,30,50,"(25, 1)",Sigmoid,0.12232456580431358,27.61983876476714,-0.2525624277601466,8.438818565400844,0.7645568582744219
0,"20MA, 50MA, RSI, MACD, ATR, OBV",16,2,0.30000000000000004,0.0001,64,60,1,150,"(25, 1)",Sigmoid,0.06308615976106687,12.310496470951586,0.7192079893933355,30.0,0.7337187530352065
1,"20MA, 50MA, RSI, MACD, ATR, OBV",128,2,0.6000000000000001,0.0005,64,60,1,150,"(16, 1)",ReLU,0.025389175014261252,4.7452119017233825,0.9545207030576242,62.5,0.6683884469085825
2,"20MA, 50MA, RSI, MACD, ATR, OBV",64,3,0.30000000000000004,0.001,16,60,1,100,"(25, 1)",Tanh,0.04192909043674324,8.93355188009052,0.8759640873378531,34.166666666666664,0.8681590063756462
3,"20MA, 50MA, RSI, MACD, ATR, OBV",128,3,0.2,0.0005,16,60,1,100,"(16, 1)",Tanh,0.03331148963787266,6.739493500846703,0.9217102922373371,42.916666666666664,1.0
4,"20MA, 50MA, RSI, MACD, ATR, OBV",32,2,0.30000000000000004,0.001,16,60,1,150,"(16, 1)",Tanh,0.047602639766904306,10.49922145585743,0.8401257068150245,26.25,0.8250109883203959
5,"20MA, 50MA, RSI, MACD, ATR, OBV",64,3,0.30000000000000004,0.0001,32,60,1,150,"(16, 1)",ReLU,0.07949444696196656,16.586241517075216,0.554148585914618,14.583333333333334,0.6283203539327523
6,"20MA, 50MA, RSI, MACD, ATR, OBV",16,3,0.30000000000000004,0.001,16,60,1,150,"(25, 1)",Tanh,0.0350748983310752,7.244792509289232,0.9132020625224456,40.0,0.8040530238718941
7,"20MA, 50MA, RSI, MACD, ATR, OBV",32,2,0.7,0.001,64,60,1,100,"(25, 1)",Sigmoid,0.029320144791742594,5.642243147718384,0.9393474890293905,55.00000000000001,0.4970556655089962
8,"20MA, 50MA, RSI, MACD, ATR, OBV",32,3,0.7,0.0001,16,60,1,150,"(16, 1)",Tanh,0.03428918245476429,6.566330850425363,0.9170472429920874,45.416666666666664,0.4999843385649528
9,"20MA, 50MA, RSI, MACD, ATR, OBV",16,3,0.2,0.0001,32,60,1,150,"(25, 1)",Tanh,0.10181672988611488,21.820918346582328,0.2686001741938897,10.0,0.7802412519113656
10,"20MA, 50MA, RSI, MACD, ATR, OBV",128,2,0.5,0.0005,64,60,1,50,"(16, 1)",ReLU,0.06557713193265968,13.718881882121014,0.6965959310365879,19.166666666666668,0.5061408137640206
11,"20MA, 50MA, RSI, MACD, ATR, OBV",32,2,0.8,0.0005,64,60,1,100,"(25, 1)",Sigmoid,0.057303467690738616,10.862852110111914,0.7683254268611391,29.166666666666668,0.5498647313499874
12,"20MA, 50MA, RSI, MACD, ATR, OBV",128,2,0.6000000000000001,0.001,64,60,1,50,"(25, 1)",Sigmoid,0.03372730713275175,6.370592300924787,0.9197435586606095,47.91666666666667,0.4626656920297233
13,"20MA, 50MA, RSI, MACD, ATR, OBV",128,2,0.5,0.0005,64,60,1,100,"(16, 1)",ReLU,0.026355206357818357,5.020139896426805,0.9509939830592941,60.83333333333333,0.7012763217199524
14,"20MA, 50MA, RSI, MACD, ATR, OBV",128,2,0.5,0.0005,64,60,1,100,"(16, 1)",ReLU,0.03423433378670523,6.587084040992027,0.9173124117106206,43.333333333333336,0.38958084918465496
15,"20MA, 50MA, RSI, MACD, ATR, OBV",128,2,0.5,0.0005,64,60,1,50,"(16, 1)",ReLU,0.044859961973883214,8.89657675895601,0.8580176480655756,34.166666666666664,0.48742696772142574
16,"20MA, 50MA, RSI, MACD, ATR, OBV",128,2,0.6000000000000001,0.0005,64,60,1,100,"(16, 1)",ReLU,0.02897277822021095,5.516664090543077,0.9407761211781502,57.91666666666667,0.5016822808987069
17,"20MA, 50MA, RSI, MACD, ATR, OBV",128,2,0.4,0.0005,32,60,1,100,"(16, 1)",ReLU,0.041902476009672965,8.920147608807765,0.8761215005809708,31.666666666666664,1.0
18,"20MA, 50MA, RSI, MACD, ATR, OBV",128,2,0.6000000000000001,0.0005,64,60,1,150,"(16, 1)",ReLU,0.02727879778405943,5.555359083857617,0.9474990675771032,53.75,0.5464809862505365
19,"20MA, 50MA, RSI, MACD, ATR, OBV",64,2,0.7,0.0005,64,60,1,50,"(16, 1)",ReLU,0.07477150243115253,15.659797221392255,0.6055528901170003,17.916666666666668,0.7419709127762674
20,"20MA, 50MA, RSI, MACD, ATR, OBV",128,2,0.4,0.0005,32,60,1,150,"(16, 1)",ReLU,0.028052193305689532,5.368551042465782,0.9444799038435122,55.41666666666667,0.92029443362614
21,"20MA, 50MA, RSI, MACD, ATR, OBV",128,2,0.6000000000000001,0.0005,64,60,1,150,"(16, 1)",ReLU,0.023973261646144082,4.60953791781986,0.9594518714727687,63.33333333333333,0.6468707235697608
22,"20MA, 50MA, RSI, MACD, ATR, OBV",128,2,0.6000000000000001,0.0005,64,60,1,150,"(16, 1)",ReLU,0.03272273285764577,6.6050093855337275,0.9244532653719815,47.91666666666667,0.752324218607669
23,"20MA, 50MA, RSI, MACD, ATR, OBV",128,2,0.8,0.0005,64,60,1,150,"(16, 1)",ReLU,0.026016696464105985,4.8071555506378205,0.952244778482798,62.916666666666664,0.5549308617789503
24,"20MA, 50MA, RSI, MACD, ATR, OBV",128,2,0.8,0.0005,64,60,1,150,"(16, 1)",ReLU,0.02431086113284452,4.735649742221164,0.9583018056776862,60.83333333333333,0.2934570720096471
0,"20MA, 50MA, RSI, MACD, ATR, OBV",128,3,0.6000000000000001,0.0005,16,60,30,100,"(16, 1)",ReLU,0.2653630497879186,64.7760988981448,-4.894580651500985,3.375527426160337,0.6503734065966817
1,"20MA, 50MA, RSI, MACD, ATR, OBV",32,3,0.7,0.001,64,60,30,100,"(25, 1)",Sigmoid,0.15761995432626222,36.45787409434975,-1.0796699147315256,7.172995780590717,0.6251457038307963
2,"20MA, 50MA, RSI, MACD, ATR, OBV",32,2,0.2,0.0001,64,60,30,100,"(16, 1)",Sigmoid,0.11367605462639778,23.815187358194954,-0.08170789294336789,7.172995780590717,1.3925405276614253
3,"20MA, 50MA, RSI, MACD, ATR, OBV",128,2,0.5,0.0005,16,60,30,150,"(25, 1)",Tanh,0.17885820820322976,43.10726892210971,-1.6778717019449774,10.970464135021098,0.6363420285508773
4,"20MA, 50MA, RSI, MACD, ATR, OBV",128,3,0.8,0.0001,32,60,30,50,"(25, 1)",ReLU,0.11041975659404535,23.61197755185266,-0.02062355092338164,14.345991561181433,0.7565893784379142
5,"20MA, 50MA, RSI, MACD, ATR, OBV",16,3,0.4,0.0001,64,60,30,100,"(25, 1)",Sigmoid,0.14273948280713217,35.961616732085346,-0.7055334921268888,5.485232067510549,0.7929114434614941
6,"20MA, 50MA, RSI, MACD, ATR, OBV",16,3,0.2,0.0001,32,60,30,100,"(16, 1)",Tanh,0.1291868764173536,26.600447018785555,-0.39703989978448284,6.329113924050633,0.8733549209874294
7,"20MA, 50MA, RSI, MACD, ATR, OBV",32,3,0.30000000000000004,0.0005,64,60,30,150,"(25, 1)",Tanh,0.12054109340718104,25.253740465516877,-0.2163043715978734,13.502109704641349,0.7425902322216237
8,"20MA, 50MA, RSI, MACD, ATR, OBV",64,3,0.6000000000000001,0.0001,32,60,30,100,"(25, 1)",Tanh,0.12696416186246506,27.41046208913664,-0.34938014225679015,10.126582278481013,0.6383887468219723
9,"20MA, 50MA, RSI, MACD, ATR, OBV",64,2,0.30000000000000004,0.0001,64,60,30,150,"(25, 1)",Sigmoid,0.12505874742590925,26.727759646963424,-0.30918241616588715,4.219409282700422,0.8524635510210085
10,"20MA, 50MA, RSI, MACD, ATR, OBV",128,2,0.8,0.001,32,60,30,50,"(16, 1)",ReLU,0.1551207982990049,37.71383601544851,-1.014243991101778,7.59493670886076,0.6409828812033025
11,"20MA, 50MA, RSI, MACD, ATR, OBV",32,2,0.8,0.0001,32,60,30,50,"(16, 1)",ReLU,0.11742602847237335,24.87156471690235,-0.15425232975100234,10.548523206751055,1.1373045937013655
12,"20MA, 50MA, RSI, MACD, ATR, OBV",32,2,0.2,0.0001,64,60,30,50,"(16, 1)",Sigmoid,0.14034882946565583,34.68916367366429,-0.6488821035524375,7.59493670886076,0.9032478097075664
13,"20MA, 50MA, RSI, MACD, ATR, OBV",128,2,0.5,0.0001,32,60,30,50,"(16, 1)",ReLU,0.11384047226240195,24.245563899548962,-0.08483925556822136,15.18987341772152,0.7626313409809193
14,"20MA, 50MA, RSI, MACD, ATR, OBV",128,3,0.4,0.0001,16,60,30,50,"(25, 1)",Sigmoid,0.15313283282883985,33.720701270760436,-0.9629473353671396,16.455696202531644,0.7281980613269384
15,"20MA, 50MA, RSI, MACD, ATR, OBV",32,2,0.7,0.001,64,60,30,100,"(16, 1)",ReLU,0.11898658933422211,25.563252500046644,-0.18513560679292995,11.814345991561181,0.724929642082962
16,"20MA, 50MA, RSI, MACD, ATR, OBV",64,2,0.30000000000000004,0.0001,32,60,30,50,"(16, 1)",Sigmoid,0.12922481960447024,27.72090010145874,-0.39786066319712887,6.751054852320674,1.1284271128700647
17,"20MA, 50MA, RSI, MACD, ATR, OBV",16,3,0.7,0.0001,32,60,30,100,"(25, 1)",ReLU,0.11726587005513266,25.43293710748119,-0.15110588666128089,10.126582278481013,0.4846514386452565
18,"20MA, 50MA, RSI, MACD, ATR, OBV",128,3,0.4,0.0005,64,60,30,50,"(16, 1)",Sigmoid,0.12573556057776455,27.147253797762254,-0.32339125144146963,13.924050632911392,0.6784502778159461
19,"20MA, 50MA, RSI, MACD, ATR, OBV",32,2,0.6000000000000001,0.001,16,60,30,150,"(25, 1)",ReLU,0.21635220831271418,53.173558301411305,-2.918272890160468,5.485232067510549,0.6562875849154423
20,"20MA, 50MA, RSI, MACD, ATR, OBV",32,2,0.8,0.0001,64,60,30,100,"(16, 1)",Sigmoid,0.11337224245234202,23.648702149206294,-0.0759336448985457,9.70464135021097,1.0607189270636166
21,"20MA, 50MA, RSI, MACD, ATR, OBV",32,2,0.8,0.0001,64,60,30,100,"(16, 1)",Sigmoid,0.13481838078853245,32.39253298659307,-0.5214939444071092,8.860759493670885,0.9991606263906604
22,"20MA, 50MA, RSI, MACD, ATR, OBV",32,2,0.7,0.0001,64,60,30,100,"(16, 1)",Sigmoid,0.12523446157840964,27.165734799917917,-0.3128639417522969,16.455696202531644,0.8328618095684568
23,"20MA, 50MA, RSI, MACD, ATR, OBV",32,2,0.8,0.0001,64,60,30,100,"(16, 1)",Sigmoid,0.13487684375571052,28.77183081190155,-0.5228137991107034,8.438818565400844,0.7263775725878527
24,"20MA, 50MA, RSI, MACD, ATR, OBV",32,2,0.6000000000000001,0.0001,64,60,30,100,"(16, 1)",Sigmoid,0.12199411344390795,24.907687818290388,-0.24580412653449435,9.70464135021097,1.2931969508126662
0,"20MA, 50MA, RSI, MACD, Williams_%R, OBV",64,3,0.2,0.001,16,60,1,100,"(16, 1)",ReLU,0.021185005287859344,3.9902906432582514,0.9683354210700525,69.58333333333333,1.308352978809525
1,"20MA, 50MA, RSI, MACD, Williams_%R, OBV",32,2,0.2,0.0005,16,60,1,150,"(16, 1)",Sigmoid,0.02597367502124202,4.801813949044621,0.9524025848259806,65.83333333333333,0.6822443794589995
2,"20MA, 50MA, RSI, MACD, Williams_%R, OBV",32,3,0.7,0.0001,64,60,1,150,"(16, 1)",Tanh,0.05254316787340768,10.20185244264288,0.8052178881395657,35.41666666666667,0.7337198876145807
3,"20MA, 50MA, RSI, MACD, Williams_%R, OBV",16,3,0.30000000000000004,0.0001,16,60,1,150,"(16, 1)",Sigmoid,0.05288191016272446,10.314689580803144,0.8026982979238431,26.666666666666668,0.3651213561604338
4,"20MA, 50MA, RSI, MACD, Williams_%R, OBV",64,2,0.2,0.0005,64,60,1,50,"(16, 1)",ReLU,0.08086606931037117,16.798909032725053,0.5386301280217933,15.0,0.6404877938159159
5,"20MA, 50MA, RSI, MACD, Williams_%R, OBV",128,2,0.7,0.0005,16,60,1,100,"(16, 1)",ReLU,0.14332875707824275,34.381348864777664,-0.44938323414575443,8.75,0.7985572093101068
6,"20MA, 50MA, RSI, MACD, Williams_%R, OBV",64,3,0.4,0.001,16,60,1,150,"(25, 1)",Tanh,0.03048598522590013,6.1703130376903,0.9344282108960813,44.166666666666664,0.45495794029464176
7,"20MA, 50MA, RSI, MACD, Williams_%R, OBV",128,3,0.30000000000000004,0.0005,16,60,1,100,"(16, 1)",Sigmoid,0.17312865003097133,43.787435481050956,-1.1147276758516265,3.3333333333333335,0.6593432111800095
8,"20MA, 50MA, RSI, MACD, Williams_%R, OBV",16,2,0.30000000000000004,0.001,16,60,1,50,"(16, 1)",Sigmoid,0.027737675876214327,5.337692234812394,0.9457178923832578,56.25,0.408479154479282
9,"20MA, 50MA, RSI, MACD, Williams_%R, OBV",128,3,0.6000000000000001,0.001,32,60,1,150,"(16, 1)",Tanh,0.04456805042157574,10.338316125046648,0.8598594436374563,22.083333333333332,0.48836831575764855
10,"20MA, 50MA, RSI, MACD, Williams_%R, OBV",64,3,0.5,0.001,32,60,1,100,"(25, 1)",ReLU,0.046135646912767905,9.704298820275271,0.8498277135878052,37.5,0.6452383503457855
11,"20MA, 50MA, RSI, MACD, Williams_%R, OBV",32,2,0.2,0.0005,16,60,1,100,"(25, 1)",ReLU,0.03172192956061916,6.091889301587003,0.9290036933424054,48.75,0.5407538517980405
12,"20MA, 50MA, RSI, MACD, Williams_%R, OBV",32,2,0.2,0.001,16,60,1,150,"(16, 1)",Sigmoid,0.04979007305476102,11.288274423518159,0.8250950539918904,31.25,0.955176890767144
13,"20MA, 50MA, RSI, MACD, Williams_%R, OBV",32,2,0.4,0.0005,32,60,1,100,"(16, 1)",Sigmoid,0.03701536508113213,7.56113436942795,0.9033324663875119,40.833333333333336,0.5988255870516093
14,"20MA, 50MA, RSI, MACD, Williams_%R, OBV",64,3,0.8,0.0001,64,60,1,50,"(25, 1)",ReLU,0.09964207620661397,22.20596693407538,0.2995097413639275,9.583333333333334,0.780132674939351
15,"20MA, 50MA, RSI, MACD, Williams_%R, OBV",32,2,0.4,0.001,16,60,1,150,"(16, 1)",Sigmoid,0.027335788066018656,5.401124747042347,0.9472794707736273,53.333333333333336,0.41305431256365394
16,"20MA, 50MA, RSI, MACD, Williams_%R, OBV",64,2,0.2,0.0005,16,60,1,100,"(16, 1)",ReLU,0.0254902856751383,4.5420531270787885,0.9541577453594625,65.83333333333333,0.48462548658162413
17,"20MA, 50MA, RSI, MACD, Williams_%R, OBV",64,3,0.5,0.0005,16,60,1,100,"(16, 1)",ReLU,0.02283976769721945,4.164172006921508,0.9631955841982535,70.0,1.0255021403317572
18,"20MA, 50MA, RSI, MACD, Williams_%R, OBV",64,3,0.5,0.001,32,60,1,100,"(25, 1)",ReLU,0.027022438087695468,5.648467146930292,0.9484812135185324,55.00000000000001,0.5609472594877828
19,"20MA, 50MA, RSI, MACD, Williams_%R, OBV",64,3,0.6000000000000001,0.0001,64,60,1,100,"(16, 1)",ReLU,0.057201303628438074,10.718685601233167,0.7691507771369241,35.41666666666667,0.6979662505501527
20,"20MA, 50MA, RSI, MACD, Williams_%R, OBV",64,3,0.5,0.001,16,60,1,100,"(16, 1)",ReLU,0.0420769230142711,9.197211914099054,0.8750878997666732,27.500000000000004,1.0038207000050188
21,"20MA, 50MA, RSI, MACD, Williams_%R, OBV",64,3,0.30000000000000004,0.0005,16,60,1,100,"(16, 1)",ReLU,0.028277430647355477,5.505042296725083,0.9435847579808355,56.666666666666664,0.9390384606582808
22,"20MA, 50MA, RSI, MACD, Williams_%R, OBV",64,3,0.30000000000000004,0.0005,16,60,1,100,"(16, 1)",ReLU,0.024261733361408754,4.484814161450961,0.9584701641318316,65.41666666666667,0.3918496028107333
23,"20MA, 50MA, RSI, MACD, Williams_%R, OBV",64,3,0.4,0.0005,16,60,1,100,"(16, 1)",ReLU,0.026535430804809232,5.71243744876534,0.9503214570820113,52.5,0.730619834321223
24,"20MA, 50MA, RSI, MACD, Williams_%R, OBV",16,3,0.30000000000000004,0.0005,16,60,1,100,"(16, 1)",ReLU,0.033916154673188925,6.5396557091784215,0.9188422911365087,43.333333333333336,0.4049370239640602
0,"20MA, 50MA, RSI, MACD, Williams_%R, OBV",32,2,0.8,0.0001,16,60,30,50,"(16, 1)",ReLU,0.12210682497501237,26.637993405988468,-0.2481072107188551,13.924050632911392,0.6113411117980736
1,"20MA, 50MA, RSI, MACD, Williams_%R, OBV",64,3,0.4,0.0005,16,60,30,50,"(16, 1)",Sigmoid,0.1941636296774705,46.28239580425061,-2.155787696689595,11.39240506329114,0.6967764749189576
2,"20MA, 50MA, RSI, MACD, Williams_%R, OBV",64,3,0.6000000000000001,0.0005,64,60,30,100,"(16, 1)",ReLU,0.12911269507131282,28.508141653727005,-0.39543595132152465,10.126582278481013,0.7823193367072869
3,"20MA, 50MA, RSI, MACD, Williams_%R, OBV",32,2,0.8,0.0001,64,60,30,100,"(16, 1)",Sigmoid,0.11223378050042948,22.19591394300841,-0.05443350800659119,12.658227848101266,1.0267790700738832
4,"20MA, 50MA, RSI, MACD, Williams_%R, OBV",32,3,0.7,0.0005,16,60,30,100,"(25, 1)",Tanh,0.20364614561344715,48.15546957795217,-2.471557827141351,8.860759493670885,0.6503734065966817
5,"20MA, 50MA, RSI, MACD, Williams_%R, OBV",32,3,0.7,0.0001,32,60,30,100,"(25, 1)",ReLU,0.11512488285545197,23.924962232787617,-0.10945685310039144,10.548523206751055,0.8363078694611756
6,"20MA, 50MA, RSI, MACD, Williams_%R, OBV",16,3,0.7,0.001,16,60,30,150,"(16, 1)",Sigmoid,0.19416252177628257,45.22948425427553,-2.155751682828823,16.033755274261605,0.6876573891183206
7,"20MA, 50MA, RSI, MACD, Williams_%R, OBV",128,2,0.2,0.0005,16,60,30,50,"(25, 1)",ReLU,0.17764515218731106,43.04401062343025,-1.641671041124603,8.016877637130802,0.6562875849154423
8,"20MA, 50MA, RSI, MACD, Williams_%R, OBV",128,2,0.5,0.0005,64,60,30,100,"(16, 1)",Sigmoid,0.1564994352465998,37.01861755706093,-1.050206300797346,6.329113924050633,0.6479328083321828
9,"20MA, 50MA, RSI, MACD, Williams_%R, OBV",64,3,0.30000000000000004,0.001,16,60,30,150,"(16, 1)",Tanh,0.1886477314739804,44.08116844109335,-1.9790321400445179,15.18987341772152,0.7060120889956369
10,"20MA, 50MA, RSI, MACD, Williams_%R, OBV",16,2,0.8,0.0001,64,60,30,100,"(25, 1)",Sigmoid,0.11798242597304351,27.54979586459919,-0.1652165876165248,11.39240506329114,1.0857236935029824
11,"20MA, 50MA, RSI, MACD, Williams_%R, OBV",32,2,0.6000000000000001,0.0001,32,60,30,100,"(25, 1)",ReLU,0.11151629434240441,22.93408895519564,-0.04099507190124263,9.282700421940929,0.8770326076983671
12,"20MA, 50MA, RSI, MACD, Williams_%R, OBV",32,2,0.5,0.0001,32,60,30,100,"(25, 1)",ReLU,0.14048200709344977,32.365485722578256,-0.6520128513450452,6.751054852320674,0.7078611181150006
13,"20MA, 50MA, RSI, MACD, Williams_%R, OBV",32,2,0.6000000000000001,0.0001,32,60,30,100,"(25, 1)",Sigmoid,0.11675481437256607,24.788913825771328,-0.14109449432167764,12.658227848101266,1.1266170272658071
14,"20MA, 50MA, RSI, MACD, Williams_%R, OBV",32,2,0.6000000000000001,0.0001,32,60,30,100,"(16, 1)",Tanh,0.11269036244568763,24.213417616128137,-0.0630301100545354,14.345991561181433,1.0893308667821033
15,"20MA, 50MA, RSI, MACD, Williams_%R, OBV",32,2,0.8,0.0001,64,60,30,150,"(25, 1)",ReLU,0.11565248177917295,24.158094611717846,-0.11964908097921101,11.39240506329114,1.11804529061403
16,"20MA, 50MA, RSI, MACD, Williams_%R, OBV",32,2,0.4,0.001,64,60,30,100,"(25, 1)",Sigmoid,0.14939994922494465,34.69588195258713,-0.8684131461135693,4.641350210970464,0.6109672105078339
17,"20MA, 50MA, RSI, MACD, Williams_%R, OBV",16,2,0.7,0.0001,32,60,30,100,"(16, 1)",ReLU,0.14808022763150563,35.46697593019375,-0.835549755542913,5.063291139240507,0.6404940819467966
18,"20MA, 50MA, RSI, MACD, Williams_%R, OBV",128,2,0.6000000000000001,0.0001,64,60,30,50,"(16, 1)",Sigmoid,0.12773589540029973,29.84796003276194,-0.3658340262603239,7.59493670886076,1.0525608191559899
19,"20MA, 50MA, RSI, MACD, Williams_%R, OBV",32,2,0.4,0.0001,32,60,30,150,"(25, 1)",Tanh,0.11348366111576126,23.592463441712315,-0.07804947136084928,10.970464135021098,1.0630422709156693
20,"20MA, 50MA, RSI, MACD, Williams_%R, OBV",32,2,0.5,0.001,64,60,30,100,"(16, 1)",Sigmoid,0.14596483108696576,32.36707481545001,-0.7834809409158419,10.126582278481013,0.6818591278651985
21,"20MA, 50MA, RSI, MACD, Williams_%R, OBV",32,2,0.6000000000000001,0.0001,32,60,30,100,"(16, 1)",Tanh,0.11819603357024523,25.53325524347753,-0.1694396645673124,13.502109704641349,0.7751017605774504
22,"20MA, 50MA, RSI, MACD, Williams_%R, OBV",32,2,0.6000000000000001,0.0001,32,60,30,100,"(16, 1)",Tanh,0.13492798529291,30.592905534877723,-0.5239688350852376,6.751054852320674,0.6591829315389008
23,"20MA, 50MA, RSI, MACD, Williams_%R, OBV",32,2,0.7,0.0001,32,60,30,100,"(16, 1)",Tanh,0.12330163668756257,26.849454721033567,-0.27265209669476964,11.39240506329114,0.7682477074870429
24,"20MA, 50MA, RSI, MACD, Williams_%R, OBV",32,2,0.8,0.0001,32,60,30,100,"(16, 1)",Tanh,0.1082931208713796,22.185107708126715,0.018311385840675376,12.236286919831224,1.2135266934137814
0,"20MA, 50MA, RSI, Upper_BB, Lower_BB, CCI",128,3,0.8,0.0001,16,60,1,150,"(25, 1)",Tanh,0.030391413870191855,5.912210646119777,0.9348344037401084,48.75,0.4379889175313403
1,"20MA, 50MA, RSI, Upper_BB, Lower_BB, CCI",32,3,0.6000000000000001,0.0001,32,60,1,150,"(16, 1)",Sigmoid,0.0636861419435961,12.603537514042007,0.7168155135779268,25.40983606557377,0.6280929299552994
2,"20MA, 50MA, RSI, Upper_BB, Lower_BB, CCI",16,3,0.7,0.001,64,60,1,50,"(25, 1)",Tanh,0.0498492795465863,9.559511687261049,0.8246788398912155,33.33333333333333,0.6815743525292077
3,"20MA, 50MA, RSI, Upper_BB, Lower_BB, CCI",16,2,0.7,0.001,16,60,1,50,"(16, 1)",Sigmoid,0.024052124766368088,4.678833745048798,0.9591846561317918,61.25000000000001,0.5720403376051313
4,"20MA, 50MA, RSI, Upper_BB, Lower_BB, CCI",64,2,0.4,0.0005,32,60,1,50,"(16, 1)",Tanh,0.038528156626985166,8.497272463386727,0.8952695365696686,31.25,0.4566086457946143
5,"20MA, 50MA, RSI, Upper_BB, Lower_BB, CCI",128,3,0.6000000000000001,0.0001,16,60,1,50,"(25, 1)",Tanh,0.03996035865640848,7.723818330564475,0.8873385546022464,39.58333333333333,0.5073207667461628
6,"20MA, 50MA, RSI, Upper_BB, Lower_BB, CCI",16,3,0.6000000000000001,0.0001,32,60,1,50,"(16, 1)",Sigmoid,0.11323174196125319,24.648465641244403,0.09540758704370245,16.25,0.6222234379459811
7,"20MA, 50MA, RSI, Upper_BB, Lower_BB, CCI",128,2,0.6000000000000001,0.001,64,60,1,150,"(25, 1)",ReLU,0.022167442443402807,4.41582428010007,0.9653304868734454,63.33333333333333,0.5640643969897606
8,"20MA, 50MA, RSI, Upper_BB, Lower_BB, CCI",64,2,0.8,0.001,16,60,1,100,"(16, 1)",Tanh,0.05699717617649782,13.311272731024776,0.7707954453579019,14.166666666666666,1.0
9,"20MA, 50MA, RSI, Upper_BB, Lower_BB, CCI",32,3,0.4,0.001,16,60,1,100,"(16, 1)",ReLU,0.03733408997496336,8.064479044091867,0.9016605662303853,34.583333333333336,1.0516293741355691
10,"20MA, 50MA, RSI, Upper_BB, Lower_BB, CCI",128,2,0.2,0.0005,64,60,1,150,"(25, 1)",ReLU,0.03114035243704017,6.412559748338849,0.9315830655818952,44.583333333333336,0.44975145389764465
11,"20MA, 50MA, RSI, Upper_BB, Lower_BB, CCI",16,2,0.5,0.001,64,60,1,150,"(25, 1)",ReLU,0.03538141978074939,7.3714782194502115,0.9116783698506972,35.833333333333336,0.48430449727983277
12,"20MA, 50MA, RSI, Upper_BB, Lower_BB, CCI",16,2,0.7,0.001,64,60,1,50,"(25, 1)",Sigmoid,0.0562783781025287,10.985281824861843,0.7765400436455693,29.166666666666668,0.5824892569724144
13,"20MA, 50MA, RSI, Upper_BB, Lower_BB, CCI",128,2,0.7,0.001,16,60,1,150,"(16, 1)",ReLU,0.023825556141680734,4.514154638562895,0.9599499873665026,69.16666666666667,1.3169779291263297
14,"20MA, 50MA, RSI, Upper_BB, Lower_BB, CCI",128,2,0.5,0.001,64,60,1,150,"(16, 1)",ReLU,0.025160134621377714,4.511791989916751,0.9553375559899941,68.75,0.5300529179073069
15,"20MA, 50MA, RSI, Upper_BB, Lower_BB, CCI",128,2,0.2,0.001,16,60,1,150,"(25, 1)",ReLU,0.03153172389539694,6.451476942596751,0.9298525329321499,45.0,0.9517680953092121
16,"20MA, 50MA, RSI, Upper_BB, Lower_BB, CCI",128,2,0.5,0.0005,64,60,1,150,"(25, 1)",ReLU,0.05478884847429065,10.735864811304284,0.7882122145346735,28.333333333333332,0.5525264112910137
17,"20MA, 50MA, RSI, Upper_BB, Lower_BB, CCI",128,2,0.8,0.001,16,60,1,150,"(16, 1)",ReLU,0.04412780828943449,9.262215495838081,0.862614379608319,26.666666666666668,1.0129545212356768
18,"20MA, 50MA, RSI, Upper_BB, Lower_BB, CCI",128,2,0.4,0.001,64,60,1,100,"(25, 1)",ReLU,0.038089881563633264,7.68386673524188,0.8976386963570879,36.666666666666664,0.42923405913972773
19,"20MA, 50MA, RSI, Upper_BB, Lower_BB, CCI",32,2,0.7,0.0005,32,60,1,150,"(16, 1)",ReLU,0.02490792750376242,4.562498775459202,0.9562284677362844,65.41666666666667,0.53575829206
20,"20MA, 50MA, RSI, Upper_BB, Lower_BB, CCI",64,2,0.30000000000000004,0.001,64,60,1,150,"(16, 1)",ReLU,0.024355343897371307,4.434844909062788,0.9581490716462115,66.66666666666666,0.7980266679856125
21,"20MA, 50MA, RSI, Upper_BB, Lower_BB, CCI",16,2,0.7,0.001,16,60,1,50,"(16, 1)",Sigmoid,0.03135761155043519,6.152338725518936,0.9306250767721739,47.083333333333336,0.4810348452643143
22,"20MA, 50MA, RSI, Upper_BB, Lower_BB, CCI",16,2,0.6000000000000001,0.001,16,60,1,50,"(16, 1)",Sigmoid,0.031394349879522915,6.194515683848078,0.9304624233261215,47.91666666666667,0.41120079416783956
23,"20MA, 50MA, RSI, Upper_BB, Lower_BB, CCI",128,2,0.7,0.001,16,60,1,100,"(16, 1)",Sigmoid,0.19261066514050804,49.305121262722004,-1.6174429571979507,1.6666666666666667,0.6668160283990071
24,"20MA, 50MA, RSI, Upper_BB, Lower_BB, CCI",128,2,0.6000000000000001,0.001,16,60,1,150,"(16, 1)",Sigmoid,0.19249764490578797,49.28569820860252,-1.614372128017743,1.6666666666666667,0.6668160283990071
0,"20MA, 50MA, RSI, Upper_BB, Lower_BB, CCI",128,2,0.30000000000000004,0.0001,64,60,30,50,"(16, 1)",Tanh,0.12171315504798655,27.009979759092968,-0.24007243893765717,12.658227848101266,0.6661112421083497
1,"20MA, 50MA, RSI, Upper_BB, Lower_BB, CCI",16,3,0.2,0.0001,32,60,30,50,"(16, 1)",ReLU,0.13412059999041342,32.857353878944714,-0.5057850802783519,5.485232067510549,0.7889143519134273
2,"20MA, 50MA, RSI, Upper_BB, Lower_BB, CCI",32,3,0.6000000000000001,0.0001,16,60,30,150,"(25, 1)",ReLU,0.15576074847076607,35.552435196540074,-1.0308977824272905,8.438818565400844,0.6462968937755683
3,"20MA, 50MA, RSI, Upper_BB, Lower_BB, CCI",32,2,0.5,0.001,16,60,30,50,"(16, 1)",Tanh,0.1981662226184209,47.83733140883555,-2.2872389691344868,7.172995780590717,0.6562875849154423
4,"20MA, 50MA, RSI, Upper_BB, Lower_BB, CCI",32,2,0.5,0.0005,16,60,30,100,"(16, 1)",ReLU,0.18157934804300754,43.14774292685241,-1.759973546029319,11.814345991561181,0.6485840936190983
5,"20MA, 50MA, RSI, Upper_BB, Lower_BB, CCI",64,3,0.2,0.001,64,60,30,50,"(25, 1)",ReLU,0.11569155945940796,25.034976390014847,-0.12040584261479736,13.080168776371309,0.6613186430105464
6,"20MA, 50MA, RSI, Upper_BB, Lower_BB, CCI",32,2,0.8,0.001,16,60,30,100,"(16, 1)",ReLU,0.18274549794042844,42.38168198963408,-1.7955379211958977,10.548523206751055,0.6562875849154423
7,"20MA, 50MA, RSI, Upper_BB, Lower_BB, CCI",64,2,0.8,0.0001,64,60,30,150,"(25, 1)",Sigmoid,0.13850657917394615,30.13694699611352,-0.6058790078215959,17.72151898734177,0.5928227325192919
8,"20MA, 50MA, RSI, Upper_BB, Lower_BB, CCI",16,2,0.2,0.0001,16,60,30,50,"(25, 1)",ReLU,0.14004061731657613,32.43598905762154,-0.6416480214737665,8.016877637130802,0.669415270044341
9,"20MA, 50MA, RSI, Upper_BB, Lower_BB, CCI",16,3,0.4,0.0001,16,60,30,100,"(16, 1)",Sigmoid,0.1567047185853614,34.15653916678988,-1.0555884189841938,17.72151898734177,0.5445921120609278
10,"20MA, 50MA, RSI, Upper_BB, Lower_BB, CCI",64,3,0.30000000000000004,0.001,64,60,30,50,"(25, 1)",Tanh,0.11842477023390918,25.848749598264366,-0.17397031674333485,13.924050632911392,0.6701054440403564
11,"20MA, 50MA, RSI, Upper_BB, Lower_BB, CCI",64,3,0.30000000000000004,0.001,64,60,30,50,"(25, 1)",Tanh,0.14322754331361506,30.75829300095425,-0.7172166875148558,18.143459915611814,0.591222844720939
12,"20MA, 50MA, RSI, Upper_BB, Lower_BB, CCI",64,3,0.30000000000000004,0.001,64,60,30,50,"(25, 1)",Tanh,0.1167885742648158,25.093726302702084,-0.14175448931917511,17.72151898734177,0.5706042348371633
13,"20MA, 50MA, RSI, Upper_BB, Lower_BB, CCI",64,3,0.2,0.001,64,60,30,50,"(25, 1)",Tanh,0.11967043980075419,26.38394474927852,-0.198797390087462,12.236286919831224,0.7270262942705993
14,"20MA, 50MA, RSI, Upper_BB, Lower_BB, CCI",64,3,0.4,0.0005,32,60,30,50,"(25, 1)",Sigmoid,0.15333929162139123,34.47280966882743,-0.9682439256143105,7.59493670886076,0.6448833191762295
15,"20MA, 50MA, RSI, Upper_BB, Lower_BB, CCI",64,3,0.4,0.001,64,60,30,150,"(25, 1)",ReLU,0.11677414192768047,25.10308980025886,-0.14147231843627672,14.345991561181433,0.4808231611156399
16,"20MA, 50MA, RSI, Upper_BB, Lower_BB, CCI",128,3,0.6000000000000001,0.001,64,60,30,150,"(25, 1)",ReLU,0.12267794491391211,27.080762647547946,-0.2598098476176818,13.080168776371309,0.470303656991428
17,"20MA, 50MA, RSI, Upper_BB, Lower_BB, CCI",64,3,0.4,0.001,64,60,30,150,"(25, 1)",ReLU,0.12384689903446625,27.990581102296957,-0.2839327840996302,10.548523206751055,0.5218203924294446
18,"20MA, 50MA, RSI, Upper_BB, Lower_BB, CCI",64,3,0.6000000000000001,0.0005,32,60,30,150,"(25, 1)",ReLU,0.15465230146245873,34.795805253056116,-1.002095498911093,9.282700421940929,0.6428569878528506
19,"20MA, 50MA, RSI, Upper_BB, Lower_BB, CCI",128,3,0.7,0.001,64,60,30,150,"(25, 1)",ReLU,0.1538793411833793,38.50418346326707,-0.9821323565927791,5.9071729957805905,0.8378841554169785
20,"20MA, 50MA, RSI, Upper_BB, Lower_BB, CCI",64,3,0.4,0.001,64,60,30,150,"(25, 1)",ReLU,0.12023211779203836,26.90589838016128,-0.2100770056852299,8.438818565400844,0.7207948161865168
21,"20MA, 50MA, RSI, Upper_BB, Lower_BB, CCI",64,3,0.30000000000000004,0.001,64,60,30,50,"(25, 1)",Tanh,0.11784355043587434,25.85663622810459,-0.16247508031044688,14.345991561181433,0.8002771089893446
22,"20MA, 50MA, RSI, Upper_BB, Lower_BB, CCI",64,3,0.2,0.001,64,60,30,50,"(25, 1)",Tanh,0.11617859476598741,25.365849855652396,-0.1298590091971823,14.767932489451477,0.7370612430715378
23,"20MA, 50MA, RSI, Upper_BB, Lower_BB, CCI",64,3,0.2,0.001,64,60,30,100,"(25, 1)",Sigmoid,0.12352790472669728,27.68267907740275,-0.27732721240371694,10.548523206751055,0.7144378498983979
24,"20MA, 50MA, RSI, Upper_BB, Lower_BB, CCI",64,3,0.2,0.001,64,60,30,50,"(25, 1)",ReLU,0.11855347195966229,25.511716800856377,-0.1765233993014621,18.9873417721519,0.6776492334702442
0,"20MA, 50MA, RSI, Upper_BB, Lower_BB, ATR",32,3,0.8,0.0001,64,60,1,50,"(16, 1)",Sigmoid,0.12472388448138202,28.4864498766138,-0.09752853502017489,10.0,0.85234837930167
1,"20MA, 50MA, RSI, Upper_BB, Lower_BB, ATR",64,3,0.4,0.0001,32,60,1,100,"(25, 1)",Sigmoid,0.08017866609895986,14.901654097015548,0.5464405527749954,27.083333333333332,0.5821109094862773
2,"20MA, 50MA, RSI, Upper_BB, Lower_BB, ATR",32,3,0.30000000000000004,0.0001,64,60,1,50,"(16, 1)",Sigmoid,0.059593638856961006,11.833732869176968,0.7494373271022758,27.500000000000004,0.7970119064514907
3,"20MA, 50MA, RSI, Upper_BB, Lower_BB, ATR",128,3,0.8,0.001,16,60,1,100,"(16, 1)",ReLU,0.19849483551449643,50.917400138260916,-1.7798091946893586,1.6666666666666667,0.6228864305919091
4,"20MA, 50MA, RSI, Upper_BB, Lower_BB, ATR",64,3,0.30000000000000004,0.001,16,60,1,150,"(16, 1)",Tanh,0.028104498904021624,5.89106021834471,0.9442726673397203,48.75,0.5789589825392297
5,"20MA, 50MA, RSI, Upper_BB, Lower_BB, ATR",16,2,0.2,0.0005,64,60,1,50,"(25, 1)",ReLU,0.04629243499413207,9.091510287036023,0.8488052836680811,34.166666666666664,0.646999512706181
6,"20MA, 50MA, RSI, Upper_BB, Lower_BB, ATR",128,2,0.8,0.0005,32,60,1,50,"(25, 1)",Tanh,0.03930715587829476,7.76199176138062,0.89099164002563,37.083333333333336,0.6694697585953715
7,"20MA, 50MA, RSI, Upper_BB, Lower_BB, ATR",64,2,0.2,0.0001,64,60,1,100,"(16, 1)",Sigmoid,0.12154705391233431,27.39674932121183,-0.042330479107283825,11.666666666666666,0.8868816454282774
8,"20MA, 50MA, RSI, Upper_BB, Lower_BB, ATR",64,3,0.5,0.0005,64,60,1,100,"(25, 1)",Tanh,0.03681253486339192,7.735509498137732,0.9043889669572658,38.75,0.33409129432410967
9,"20MA, 50MA, RSI, Upper_BB, Lower_BB, ATR",128,3,0.6000000000000001,0.0001,64,60,1,150,"(25, 1)",ReLU,0.07274284717735396,13.728385141165772,0.6266663342100395,25.833333333333336,0.4970040191569285
10,"20MA, 50MA, RSI, Upper_BB, Lower_BB, ATR",16,2,0.6000000000000001,0.001,16,60,1,150,"(16, 1)",Tanh,0.02503327624533589,4.718218992871661,0.9557868001293819,60.416666666666664,0.7439610512420476
11,"20MA, 50MA, RSI, Upper_BB, Lower_BB, ATR",16,2,0.6000000000000001,0.001,16,60,1,150,"(16, 1)",Tanh,0.030186379554335133,5.985077561615477,0.9357107113176255,50.0,0.9463086736639805
12,"20MA, 50MA, RSI, Upper_BB, Lower_BB, ATR",16,2,0.6000000000000001,0.001,16,60,1,150,"(16, 1)",Tanh,0.03381864024467094,6.7694976064090095,0.9193083033122742,42.916666666666664,1.0
13,"20MA, 50MA, RSI, Upper_BB, Lower_BB, ATR",64,2,0.4,0.001,16,60,1,150,"(16, 1)",Tanh,0.027010795320482135,4.97539628073703,0.9485255982641293,61.25000000000001,0.9836112466193976
14,"20MA, 50MA, RSI, Upper_BB, Lower_BB, ATR",16,2,0.5,0.001,16,60,1,150,"(16, 1)",Tanh,0.038136428661021536,7.887664256467722,0.8973883656846646,35.41666666666667,1.0
15,"20MA, 50MA, RSI, Upper_BB, Lower_BB, ATR",64,2,0.4,0.001,16,60,1,150,"(16, 1)",Tanh,0.029323641495553675,5.572578050299829,0.9393330213987379,53.75,1.0
16,"20MA, 50MA, RSI, Upper_BB, Lower_BB, ATR",16,2,0.7,0.001,16,60,1,150,"(16, 1)",Tanh,0.029947215143678395,5.806119032134186,0.9367253940831721,57.91666666666667,0.36167629734923973
17,"20MA, 50MA, RSI, Upper_BB, Lower_BB, ATR",32,2,0.4,0.001,16,60,1,150,"(16, 1)",Tanh,0.045260210821370876,10.031749821402755,0.8554727600908896,25.416666666666664,1.0
18,"20MA, 50MA, RSI, Upper_BB, Lower_BB, ATR",64,2,0.7,0.001,32,60,1,150,"(16, 1)",Tanh,0.03157368612211491,5.859367230861506,0.9296657050535505,52.5,0.8580563558008766
19,"20MA, 50MA, RSI, Upper_BB, Lower_BB, ATR",16,2,0.5,0.001,16,60,1,150,"(16, 1)",ReLU,0.029588710578036557,5.553021883495659,0.9382312740836254,50.83333333333333,0.9703171287224422
20,"20MA, 50MA, RSI, Upper_BB, Lower_BB, ATR",16,2,0.30000000000000004,0.0005,16,60,1,150,"(16, 1)",Tanh,0.027645852385077593,5.198256440925958,0.946637084850745,59.42622950819673,0.9775508307241051
21,"20MA, 50MA, RSI, Upper_BB, Lower_BB, ATR",16,2,0.30000000000000004,0.0005,16,60,1,150,"(16, 1)",Tanh,0.025172319753287167,4.597239023334925,0.9552942851917224,68.75,0.4809777451790732
22,"20MA, 50MA, RSI, Upper_BB, Lower_BB, ATR",16,2,0.4,0.0005,16,60,1,150,"(16, 1)",Tanh,0.027822409261271715,5.3234657327634265,0.9453857425621164,58.333333333333336,0.656183614820629
23,"20MA, 50MA, RSI, Upper_BB, Lower_BB, ATR",16,2,0.30000000000000004,0.0005,16,60,1,150,"(16, 1)",Tanh,0.02317938966116848,4.363729930760729,0.9620929003962555,68.33333333333333,0.3222498919937805
24,"20MA, 50MA, RSI, Upper_BB, Lower_BB, ATR",16,2,0.2,0.0005,16,60,1,150,"(16, 1)",Tanh,0.02413174879065144,4.401715074822073,0.9589139722488621,66.66666666666666,0.7332951003894839
0,"20MA, 50MA, RSI, Upper_BB, Lower_BB, ATR",16,2,0.30000000000000004,0.0005,64,60,30,50,"(16, 1)",Tanh,0.1262551185486554,27.352269914353077,-0.3343507454494432,16.455696202531644,0.6132616434904343
1,"20MA, 50MA, RSI, Upper_BB, Lower_BB, ATR",32,3,0.4,0.0005,16,60,30,150,"(16, 1)",Tanh,0.1659198722514274,36.573110470970974,-1.3044581411486265,4.641350210970464,0.6254286110666494
2,"20MA, 50MA, RSI, Upper_BB, Lower_BB, ATR",32,3,0.30000000000000004,0.0001,64,60,30,50,"(25, 1)",ReLU,0.13231716840227067,30.346395625100264,-0.46556272716719826,9.70464135021097,0.8456920314452112
3,"20MA, 50MA, RSI, Upper_BB, Lower_BB, ATR",32,3,0.30000000000000004,0.001,32,60,30,50,"(16, 1)",ReLU,0.16329264385489708,36.125501472033115,-1.2320568715100872,12.658227848101266,0.7361682089486249
4,"20MA, 50MA, RSI, Upper_BB, Lower_BB, ATR",32,3,0.7,0.0001,16,60,30,150,"(25, 1)",ReLU,0.15093407440663154,34.36925952197435,-0.906982054539254,9.70464135021097,0.758119097476898
5,"20MA, 50MA, RSI, Upper_BB, Lower_BB, ATR",16,3,0.2,0.001,32,60,30,100,"(16, 1)",Sigmoid,0.16297979870410392,36.176929758215785,-1.223512466295304,15.611814345991561,0.6734066971175018
6,"20MA, 50MA, RSI, Upper_BB, Lower_BB, ATR",16,2,0.8,0.0005,64,60,30,100,"(25, 1)",ReLU,0.12338569836354156,27.164499064273446,-0.27438796555493594,11.39240506329114,0.6300484131821921
7,"20MA, 50MA, RSI, Upper_BB, Lower_BB, ATR",16,3,0.5,0.0001,64,60,30,100,"(16, 1)",ReLU,0.1422573107828536,35.72417583255338,-0.6940304159086521,3.79746835443038,0.7564842864963202
8,"20MA, 50MA, RSI, Upper_BB, Lower_BB, ATR",16,3,0.8,0.0005,16,60,30,50,"(25, 1)",Sigmoid,0.1929742578585635,44.70963247315688,-2.117243825207942,12.658227848101266,0.7558843722806431
9,"20MA, 50MA, RSI, Upper_BB, Lower_BB, ATR",128,3,0.8,0.001,64,60,30,50,"(16, 1)",Sigmoid,0.13543376078963568,30.513469833189426,-0.53541539649128,8.438818565400844,0.7670143891131748
10,"20MA, 50MA, RSI, Upper_BB, Lower_BB, ATR",64,2,0.6000000000000001,0.0005,64,60,30,100,"(25, 1)",ReLU,0.1324885102392486,29.87345029710647,-0.4693607950918328,8.438818565400844,0.7163029914491336
11,"20MA, 50MA, RSI, Upper_BB, Lower_BB, ATR",16,2,0.5,0.0005,64,60,30,100,"(25, 1)",Tanh,0.12505874970737782,27.329005691684383,-0.30918246393317417,15.611814345991561,0.6268573455072174
12,"20MA, 50MA, RSI, Upper_BB, Lower_BB, ATR",16,2,0.6000000000000001,0.0005,64,60,30,100,"(25, 1)",Tanh,0.12102404056319126,26.468904733762873,-0.22607012780993418,11.39240506329114,0.7317797615281594
13,"20MA, 50MA, RSI, Upper_BB, Lower_BB, ATR",64,2,0.7,0.0005,64,60,30,100,"(25, 1)",Tanh,0.135675215140313,30.754010582288927,-0.5408950228522873,9.282700421940929,0.6373294742356126
14,"20MA, 50MA, RSI, Upper_BB, Lower_BB, ATR",128,2,0.7,0.0005,64,60,30,100,"(25, 1)",Tanh,0.1299862709288735,29.60301280067072,-0.41438285806797004,7.59493670886076,0.643064707589597
15,"20MA, 50MA, RSI, Upper_BB, Lower_BB, ATR",16,2,0.6000000000000001,0.0005,32,60,30,100,"(25, 1)",ReLU,0.14244133217294674,31.27420269230359,-0.6984159825890051,14.345991561181433,0.6869269140496009
16,"20MA, 50MA, RSI, Upper_BB, Lower_BB, ATR",16,2,0.6000000000000001,0.0005,64,60,30,100,"(25, 1)",Tanh,0.12047976687964009,25.993864555534252,-0.2150670715737928,14.345991561181433,0.5811251146849548
17,"20MA, 50MA, RSI, Upper_BB, Lower_BB, ATR",16,2,0.5,0.0005,64,60,30,150,"(25, 1)",Tanh,0.15324796344016636,31.78532096104703,-0.9659000696454196,10.548523206751055,0.716490249467299
18,"20MA, 50MA, RSI, Upper_BB, Lower_BB, ATR",128,2,0.6000000000000001,0.0001,32,60,30,100,"(25, 1)",Tanh,0.12521400346433473,28.010734720666196,-0.3124350418129902,11.814345991561181,0.5965329144267294
19,"20MA, 50MA, RSI, Upper_BB, Lower_BB, ATR",64,2,0.4,0.001,16,60,30,100,"(25, 1)",Tanh,0.18224919266498935,42.700715275170595,-1.7803741419581645,13.502109704641349,0.6562875849154423
20,"20MA, 50MA, RSI, Upper_BB, Lower_BB, ATR",16,2,0.6000000000000001,0.0005,64,60,30,150,"(25, 1)",Tanh,0.12366973367289727,27.4814939779468,-0.2802620306333081,11.39240506329114,0.6695529788701854
21,"20MA, 50MA, RSI, Upper_BB, Lower_BB, ATR",16,2,0.8,0.0005,64,60,30,100,"(25, 1)",Tanh,0.12310845647242978,26.67255475146742,-0.26866741942111827,11.39240506329114,0.8113345491821791
22,"20MA, 50MA, RSI, Upper_BB, Lower_BB, ATR",16,2,0.7,0.0005,64,60,30,100,"(25, 1)",Tanh,0.11920680918607847,25.80400927152097,-0.189526553859241,10.970464135021098,0.745312378467963
23,"20MA, 50MA, RSI, Upper_BB, Lower_BB, ATR",16,2,0.7,0.0005,64,60,30,100,"(25, 1)",Tanh,0.12264871712640528,26.878522276514836,-0.25920962451759344,12.236286919831224,0.6400805638001971
24,"20MA, 50MA, RSI, Upper_BB, Lower_BB, ATR",16,2,0.6000000000000001,0.0005,64,60,30,100,"(25, 1)",Tanh,0.1273728492782978,27.707043963943086,-0.3580812158749971,14.767932489451477,0.6222518886004971
0,"20MA, 50MA, RSI, Upper_BB, Lower_BB, Williams_%R",64,3,0.4,0.0005,16,60,1,100,"(16, 1)",Tanh,0.03934260577310454,8.32010806759543,0.8907949288991444,32.5,1.0
1,"20MA, 50MA, RSI, Upper_BB, Lower_BB, Williams_%R",64,3,0.6000000000000001,0.0001,16,60,1,150,"(16, 1)",Tanh,0.028025941052427377,5.377590244200818,0.9445837706325457,55.41666666666667,0.3409077795863169
2,"20MA, 50MA, RSI, Upper_BB, Lower_BB, Williams_%R",64,3,0.30000000000000004,0.0005,64,60,1,50,"(16, 1)",ReLU,0.06345662901627247,11.989136257013671,0.715900441531987,27.916666666666668,0.5700953687907794
3,"20MA, 50MA, RSI, Upper_BB, Lower_BB, Williams_%R",32,2,0.6000000000000001,0.0005,64,60,1,150,"(16, 1)",Sigmoid,0.04611549659416208,9.165511600584015,0.8499588641749791,33.33333333333333,0.48740994113449226
4,"20MA, 50MA, RSI, Upper_BB, Lower_BB, Williams_%R",64,2,0.30000000000000004,0.0005,32,60,1,50,"(16, 1)",ReLU,0.07767959311963435,16.285237616253312,0.5742737317272777,15.0,0.48410228409223627
5,"20MA, 50MA, RSI, Upper_BB, Lower_BB, Williams_%R",64,2,0.6000000000000001,0.0005,32,60,1,150,"(25, 1)",Sigmoid,0.025966508198701117,5.5231917469507374,0.9524288479685945,53.333333333333336,0.5884889961776495
6,"20MA, 50MA, RSI, Upper_BB, Lower_BB, Williams_%R",128,2,0.7,0.0001,32,60,1,100,"(16, 1)",ReLU,0.03877140553802846,7.95582016079899,0.8939429227947003,38.75,0.40954921079536594
7,"20MA, 50MA, RSI, Upper_BB, Lower_BB, Williams_%R",32,3,0.30000000000000004,0.0001,16,60,1,150,"(25, 1)",ReLU,0.03755860436397724,7.497821116940699,0.9004742507468976,37.5,0.30087594361569103
8,"20MA, 50MA, RSI, Upper_BB, Lower_BB, Williams_%R",64,3,0.5,0.001,16,60,1,50,"(16, 1)",Tanh,0.028231988885893195,5.4238316404384435,0.9437659306019811,55.833333333333336,0.9539303451627454
9,"20MA, 50MA, RSI, Upper_BB, Lower_BB, Williams_%R",128,3,0.30000000000000004,0.001,64,60,1,150,"(16, 1)",ReLU,0.03168039622992305,6.377580610152897,0.9291894817075721,45.416666666666664,0.322822243077837
10,"20MA, 50MA, RSI, Upper_BB, Lower_BB, Williams_%R",16,2,0.8,0.0005,32,60,1,150,"(25, 1)",Sigmoid,0.03449811795175204,7.394874321531144,0.9160332450819612,39.58333333333333,0.39513357728084053
11,"20MA, 50MA, RSI, Upper_BB, Lower_BB, Williams_%R",64,2,0.6000000000000001,0.0001,16,60,1,150,"(25, 1)",Tanh,0.027316094831537647,5.2074749350481095,0.947355405204942,56.25,0.5845215695283711
12,"20MA, 50MA, RSI, Upper_BB, Lower_BB, Williams_%R",16,2,0.6000000000000001,0.0001,32,60,1,150,"(25, 1)",Sigmoid,0.04546172001581411,8.556824943267998,0.8541829561030043,36.666666666666664,0.4734903681297937
13,"20MA, 50MA, RSI, Upper_BB, Lower_BB, Williams_%R",64,2,0.8,0.0001,16,60,1,150,"(25, 1)",Sigmoid,0.0403692630657399,8.131071185155308,0.8850210848239575,35.41666666666667,0.4093830511052223
14,"20MA, 50MA, RSI, Upper_BB, Lower_BB, Williams_%R",64,2,0.5,0.001,32,60,1,150,"(25, 1)",Tanh,0.024804199828323825,4.597692557844754,0.956592276835868,64.16666666666667,0.6509853809955394
15,"20MA, 50MA, RSI, Upper_BB, Lower_BB, Williams_%R",64,2,0.5,0.001,32,60,1,100,"(25, 1)",Tanh,0.05484235857973909,11.63780277848975,0.7877983229785852,16.666666666666664,0.35217806366915294
16,"20MA, 50MA, RSI, Upper_BB, Lower_BB, Williams_%R",16,2,0.4,0.001,32,60,1,150,"(25, 1)",Sigmoid,0.030090392058678885,5.683560114155828,0.9361189190325554,56.666666666666664,0.619434834636394
17,"20MA, 50MA, RSI, Upper_BB, Lower_BB, Williams_%R",32,2,0.7,0.001,32,60,1,150,"(25, 1)",Tanh,0.02680391255940245,5.072023720584738,0.9493110904239863,61.66666666666667,0.8750002354163847
18,"20MA, 50MA, RSI, Upper_BB, Lower_BB, Williams_%R",128,2,0.4,0.001,32,60,1,50,"(25, 1)",Sigmoid,0.0386887848120079,8.592813196381046,0.8943944502164319,31.666666666666664,0.33769344504054877
19,"20MA, 50MA, RSI, Upper_BB, Lower_BB, Williams_%R",64,2,0.2,0.0005,32,60,1,100,"(25, 1)",Tanh,0.025881826854975504,4.8383865413951295,0.9527386178000772,62.916666666666664,0.8042510618569032
20,"20MA, 50MA, RSI, Upper_BB, Lower_BB, Williams_%R",64,2,0.2,0.001,32,60,1,100,"(25, 1)",Tanh,0.03243120882919181,6.398176906375815,0.9257933481170514,51.24999999999999,0.9749550455717141
21,"20MA, 50MA, RSI, Upper_BB, Lower_BB, Williams_%R",64,2,0.2,0.0005,32,60,1,100,"(25, 1)",Tanh,0.0312323458866286,6.710092697220013,0.9311782399515565,43.333333333333336,0.39684493457944675
22,"20MA, 50MA, RSI, Upper_BB, Lower_BB, Williams_%R",64,2,0.7,0.0005,32,60,1,100,"(25, 1)",Tanh,0.02647455492467855,5.013966109820635,0.9505491342623525,61.66666666666667,0.748596669761996
23,"20MA, 50MA, RSI, Upper_BB, Lower_BB, Williams_%R",64,2,0.5,0.0005,32,60,1,100,"(25, 1)",Tanh,0.05184448279185023,11.10683380634508,0.8103636200679734,17.5,0.339780301074373
24,"20MA, 50MA, RSI, Upper_BB, Lower_BB, Williams_%R",64,2,0.5,0.0005,32,60,1,150,"(25, 1)",Sigmoid,0.03479286924252146,7.741987791043388,0.9145922946943096,35.0,0.44330446681426794
0,"20MA, 50MA, RSI, Upper_BB, Lower_BB, Williams_%R",32,2,0.7,0.001,16,60,30,100,"(25, 1)",ReLU,0.19379568576511483,45.18007076891609,-2.143838469434208,13.080168776371309,0.6503734065966817
1,"20MA, 50MA, RSI, Upper_BB, Lower_BB, Williams_%R",128,2,0.5,0.001,32,60,30,50,"(25, 1)",Tanh,0.14597948777666198,34.43975431125466,-0.7838391263626077,9.70464135021097,0.6802223716294746
2,"20MA, 50MA, RSI, Upper_BB, Lower_BB, Williams_%R",128,2,0.7,0.0005,16,60,30,100,"(16, 1)",Sigmoid,0.1475477487812698,36.548456289408804,-0.8223726535428548,8.016877637130802,0.9401764786269788
3,"20MA, 50MA, RSI, Upper_BB, Lower_BB, Williams_%R",64,2,0.30000000000000004,0.0001,16,60,30,150,"(25, 1)",Tanh,0.15402393558150007,36.24125216672152,-0.9858591712354303,5.9071729957805905,0.5871847219367471
4,"20MA, 50MA, RSI, Upper_BB, Lower_BB, Williams_%R",16,2,0.5,0.0001,32,60,30,50,"(16, 1)",Tanh,0.13346251578017387,32.3017399870988,-0.4910445810751902,5.063291139240507,0.8077931753319735
5,"20MA, 50MA, RSI, Upper_BB, Lower_BB, Williams_%R",64,2,0.5,0.0001,32,60,30,100,"(16, 1)",Sigmoid,0.13361800650783243,29.237028082515803,-0.49452089291328183,13.502109704641349,0.6054367368361052
6,"20MA, 50MA, RSI, Upper_BB, Lower_BB, Williams_%R",64,2,0.2,0.0001,16,60,30,100,"(16, 1)",Tanh,0.13905288612289596,32.09813359641861,-0.6185720224756539,6.751054852320674,0.6254961134688042
7,"20MA, 50MA, RSI, Upper_BB, Lower_BB, Williams_%R",32,2,0.30000000000000004,0.0001,64,60,30,100,"(25, 1)",Sigmoid,0.1294585914606444,28.926493259367795,-0.40292278765761735,12.658227848101266,0.6905617205698461
8,"20MA, 50MA, RSI, Upper_BB, Lower_BB, Williams_%R",128,3,0.5,0.001,16,60,30,150,"(16, 1)",Sigmoid,0.17469201997832667,44.787689921093964,-1.5545720009153534,3.375527426160337,0.7929114434614941
9,"20MA, 50MA, RSI, Upper_BB, Lower_BB, Williams_%R",128,2,0.8,0.0001,16,60,30,100,"(16, 1)",ReLU,0.16814982425023786,38.90754254037609,-1.3668179265167844,8.438818565400844,0.6411828191050742
10,"20MA, 50MA, RSI, Upper_BB, Lower_BB, Williams_%R",32,3,0.30000000000000004,0.0005,64,60,30,50,"(25, 1)",Sigmoid,0.15573927903288298,34.92762745802754,-1.0303379593751272,16.455696202531644,0.615166082098384
11,"20MA, 50MA, RSI, Upper_BB, Lower_BB, Williams_%R",16,3,0.4,0.0001,64,60,30,50,"(25, 1)",Tanh,0.1408792305613142,34.80594648448167,-0.6613684412983669,8.438818565400844,0.8645066201696207
12,"20MA, 50MA, RSI, Upper_BB, Lower_BB, Williams_%R",16,2,0.2,0.0001,64,60,30,50,"(25, 1)",Sigmoid,0.12671694139763084,29.75990656254489,-0.3441303205893642,10.548523206751055,0.9333693519020566
13,"20MA, 50MA, RSI, Upper_BB, Lower_BB, Williams_%R",16,2,0.2,0.0001,64,60,30,50,"(25, 1)",Sigmoid,0.13042516993822895,31.052965855132193,-0.42395031851933496,10.126582278481013,0.99647112174777
14,"20MA, 50MA, RSI, Upper_BB, Lower_BB, Williams_%R",32,3,0.30000000000000004,0.0001,64,60,30,150,"(25, 1)",Sigmoid,0.13945461578850302,30.460844205161436,-0.6279377779686648,12.658227848101266,0.6359504256226108
15,"20MA, 50MA, RSI, Upper_BB, Lower_BB, Williams_%R",16,2,0.2,0.0005,64,60,30,100,"(25, 1)",Sigmoid,0.12312756564329631,26.749247252184226,-0.26906130079573454,12.236286919831224,0.7098897564866841
16,"20MA, 50MA, RSI, Upper_BB, Lower_BB, Williams_%R",16,2,0.2,0.0005,64,60,30,50,"(25, 1)",Sigmoid,0.1268154514271702,26.026584013197184,-0.3462209926677997,13.502109704641349,0.7126685261352845
17,"20MA, 50MA, RSI, Upper_BB, Lower_BB, Williams_%R",16,3,0.4,0.0005,64,60,30,50,"(25, 1)",ReLU,0.11863263903147823,25.26331722505395,-0.1780952303045773,8.016877637130802,0.8851750277588795
18,"20MA, 50MA, RSI, Upper_BB, Lower_BB, Williams_%R",16,3,0.4,0.0005,64,60,30,100,"(25, 1)",ReLU,0.12963639841794863,28.640596045719246,-0.406779167284969,8.860759493670885,0.9328092501531304
19,"20MA, 50MA, RSI, Upper_BB, Lower_BB, Williams_%R",16,3,0.4,0.0005,64,60,30,150,"(25, 1)",ReLU,0.12528296232407568,26.429030015932277,-0.313881029370509,10.126582278481013,0.8033672813138627
20,"20MA, 50MA, RSI, Upper_BB, Lower_BB, Williams_%R",16,3,0.6000000000000001,0.0005,64,60,30,50,"(25, 1)",ReLU,0.13304487187451175,29.314402303593567,-0.4817273382255709,12.236286919831224,0.564700375123425
21,"20MA, 50MA, RSI, Upper_BB, Lower_BB, Williams_%R",16,3,0.4,0.0005,64,60,30,150,"(25, 1)",ReLU,0.1267077175688103,27.509470552409937,-0.34393464704135024,10.548523206751055,0.9707336594514246
22,"20MA, 50MA, RSI, Upper_BB, Lower_BB, Williams_%R",16,3,0.4,0.0005,64,60,30,150,"(25, 1)",ReLU,0.12225384976866654,25.756462354736165,-0.2511146295084934,10.970464135021098,0.7380914370262879
23,"20MA, 50MA, RSI, Upper_BB, Lower_BB, Williams_%R",16,3,0.6000000000000001,0.0005,64,60,30,150,"(25, 1)",ReLU,0.130120665029316,27.86725742179356,-0.4173090590547497,9.282700421940929,1.1546716560036805
24,"20MA, 50MA, RSI, Upper_BB, Lower_BB, Williams_%R",16,3,0.30000000000000004,0.0005,64,60,30,150,"(25, 1)",ReLU,0.13341071787817554,29.399622157260392,-0.48988743229440845,11.814345991561181,0.7937196796172616
0,"20MA, 50MA, RSI, Upper_BB, Lower_BB, OBV",16,3,0.2,0.001,32,60,1,50,"(25, 1)",Sigmoid,0.06119316908368508,12.980746855940525,0.7358063019413019,20.0,0.5357703999787884
1,"20MA, 50MA, RSI, Upper_BB, Lower_BB, OBV",128,2,0.4,0.0001,64,60,1,50,"(16, 1)",ReLU,0.05622197106176052,11.201783579668326,0.7769877608160751,24.166666666666668,1.0127212371912302
2,"20MA, 50MA, RSI, Upper_BB, Lower_BB, OBV",64,2,0.8,0.0005,16,60,1,100,"(25, 1)",ReLU,0.05435702873398807,11.72722528601427,0.7915374805307048,24.583333333333332,0.5600306418261051
3,"20MA, 50MA, RSI, Upper_BB, Lower_BB, OBV",32,3,0.8,0.001,32,60,1,100,"(25, 1)",Tanh,0.058113776903031815,13.541374327629537,0.7617270359338801,14.583333333333334,1.0
4,"20MA, 50MA, RSI, Upper_BB, Lower_BB, OBV",16,2,0.2,0.0005,32,60,1,150,"(25, 1)",Tanh,0.031960763400633196,6.299806100079287,0.9279306090314208,48.75,0.7726959432276531
5,"20MA, 50MA, RSI, Upper_BB, Lower_BB, OBV",128,3,0.2,0.0001,16,60,1,100,"(25, 1)",Sigmoid,0.040288844070429985,8.288404303258172,0.8854787240397295,38.333333333333336,0.6340800010153508
6,"20MA, 50MA, RSI, Upper_BB, Lower_BB, OBV",16,2,0.5,0.0005,16,60,1,150,"(25, 1)",ReLU,0.042312654314563644,9.225685402141009,0.8736843667700431,35.0,0.8254766225181038
7,"20MA, 50MA, RSI, Upper_BB, Lower_BB, OBV",128,2,0.4,0.001,64,60,1,100,"(25, 1)",Tanh,0.025400021274756383,4.975010420511395,0.9544818372286861,59.166666666666664,0.46102972424555483
8,"20MA, 50MA, RSI, Upper_BB, Lower_BB, OBV",16,2,0.7,0.0005,32,60,1,150,"(16, 1)",ReLU,0.027880895352406763,5.316733481620711,0.9451558895914761,56.666666666666664,0.5064054314338079
9,"20MA, 50MA, RSI, Upper_BB, Lower_BB, OBV",16,3,0.4,0.0005,64,60,1,100,"(16, 1)",ReLU,0.06574515414249882,13.098824973777463,0.6950391709424085,25.833333333333336,0.5877346010618381
10,"20MA, 50MA, RSI, Upper_BB, Lower_BB, OBV",128,2,0.6000000000000001,0.001,64,60,1,100,"(16, 1)",Tanh,0.026447491454080183,5.112774251324246,0.9506501843471326,58.333333333333336,0.4560293380883689
11,"20MA, 50MA, RSI, Upper_BB, Lower_BB, OBV",128,2,0.6000000000000001,0.001,64,60,1,100,"(16, 1)",Tanh,0.021948922642014923,4.24356404428778,0.9660106406016333,65.41666666666667,1.1630667416166147
12,"20MA, 50MA, RSI, Upper_BB, Lower_BB, OBV",128,2,0.4,0.001,64,60,1,100,"(16, 1)",Tanh,0.02194902807182065,4.22048019875185,0.9660103140707851,68.33333333333333,0.9122685490049607
13,"20MA, 50MA, RSI, Upper_BB, Lower_BB, OBV",128,2,0.6000000000000001,0.001,64,60,1,100,"(16, 1)",Tanh,0.028128014712803115,5.686198797068552,0.944179371134171,52.083333333333336,0.5557951747146872
14,"20MA, 50MA, RSI, Upper_BB, Lower_BB, OBV",32,2,0.5,0.001,64,60,1,100,"(16, 1)",Tanh,0.031968245279222596,6.172039686192099,0.927896862807003,47.91666666666667,0.44561521506562
15,"20MA, 50MA, RSI, Upper_BB, Lower_BB, OBV",64,2,0.30000000000000004,0.001,64,60,1,50,"(16, 1)",Tanh,0.03408019446571353,6.447395566065785,0.9180553334706283,47.5,0.7140258109136738
16,"20MA, 50MA, RSI, Upper_BB, Lower_BB, OBV",128,2,0.6000000000000001,0.001,64,60,1,100,"(16, 1)",Tanh,0.02548194548362151,4.821932634961522,0.9541877387961899,62.5,0.46238761815071777
17,"20MA, 50MA, RSI, Upper_BB, Lower_BB, OBV",128,3,0.7,0.0001,64,60,1,100,"(16, 1)",Sigmoid,0.07559390226030177,16.027017351811477,0.5968282503839353,19.166666666666668,0.6419246935079447
18,"20MA, 50MA, RSI, Upper_BB, Lower_BB, OBV",128,2,0.30000000000000004,0.001,64,60,1,150,"(16, 1)",Tanh,0.02324024760336383,4.328102897682822,0.9618935874221906,66.66666666666666,0.44925693812987755
19,"20MA, 50MA, RSI, Upper_BB, Lower_BB, OBV",64,2,0.5,0.001,16,60,1,50,"(16, 1)",Tanh,0.047070803546863424,10.071283343984366,0.8436781132469746,30.416666666666664,0.4364091825470855
20,"20MA, 50MA, RSI, Upper_BB, Lower_BB, OBV",32,3,0.7,0.0001,64,60,1,100,"(16, 1)",Sigmoid,0.07044380788934745,13.3600238099503,0.6498918571101346,29.583333333333332,0.6768870354022204
21,"20MA, 50MA, RSI, Upper_BB, Lower_BB, OBV",128,2,0.30000000000000004,0.001,64,60,1,150,"(16, 1)",Tanh,0.02228576574518878,4.185085695490078,0.9649593877288482,68.33333333333333,0.5914223567079114
22,"20MA, 50MA, RSI, Upper_BB, Lower_BB, OBV",128,2,0.30000000000000004,0.001,64,60,1,150,"(16, 1)",Tanh,0.02223048153261219,4.506319559736941,0.9651330223157483,62.5,0.552245920386809
23,"20MA, 50MA, RSI, Upper_BB, Lower_BB, OBV",128,2,0.4,0.001,64,60,1,150,"(16, 1)",Tanh,0.023705871596167265,4.467845536796673,0.9603513486699604,63.33333333333333,0.4101435579313904
24,"20MA, 50MA, RSI, Upper_BB, Lower_BB, OBV",128,2,0.30000000000000004,0.001,64,60,1,150,"(16, 1)",Tanh,0.025967632444657593,4.951464780672778,0.9524247285981594,61.25000000000001,0.8464174480638825
0,"20MA, 50MA, RSI, Upper_BB, Lower_BB, OBV",16,3,0.4,0.001,16,60,30,50,"(16, 1)",Sigmoid,0.21006456659018716,50.879353658361204,-2.693836082471652,7.59493670886076,0.681390291665748
1,"20MA, 50MA, RSI, Upper_BB, Lower_BB, OBV",16,2,0.2,0.0005,64,60,30,150,"(16, 1)",Sigmoid,0.11230560371486849,23.77441808672469,-0.05578349436463248,14.345991561181433,0.9795232454617264
2,"20MA, 50MA, RSI, Upper_BB, Lower_BB, OBV",128,3,0.4,0.001,64,60,30,150,"(16, 1)",Tanh,0.1754543199498195,43.020621651292394,-1.5769153108115588,7.172995780590717,0.6404940819467966
3,"20MA, 50MA, RSI, Upper_BB, Lower_BB, OBV",128,2,0.6000000000000001,0.0005,16,60,30,150,"(25, 1)",Tanh,0.19021993019997863,45.936274406702545,-2.0288938297970636,9.70464135021097,0.6503734065966817
4,"20MA, 50MA, RSI, Upper_BB, Lower_BB, OBV",128,3,0.4,0.0005,16,60,30,50,"(16, 1)",Tanh,0.21506588258115203,52.87863925982632,-2.871819081740341,5.063291139240507,0.6621829815865256
5,"20MA, 50MA, RSI, Upper_BB, Lower_BB, OBV",64,2,0.30000000000000004,0.0001,32,60,30,150,"(25, 1)",Sigmoid,0.13796835937262644,29.966345212187317,-0.5934227537976768,15.611814345991561,0.4823845363633825
6,"20MA, 50MA, RSI, Upper_BB, Lower_BB, OBV",64,3,0.5,0.0001,16,60,30,100,"(16, 1)",ReLU,0.14625257913367157,31.993055350912726,-0.7905196090033821,18.143459915611814,0.611718911756631
7,"20MA, 50MA, RSI, Upper_BB, Lower_BB, OBV",16,2,0.6000000000000001,0.001,16,60,30,150,"(25, 1)",Tanh,0.19565982748662844,46.31321651050269,-2.2046112066256764,11.814345991561181,0.6503734065966817
8,"20MA, 50MA, RSI, Upper_BB, Lower_BB, OBV",64,3,0.5,0.001,16,60,30,100,"(25, 1)",Tanh,0.21850961052917875,51.66862517660049,-2.9968062925222676,12.236286919831224,0.6503734065966817
9,"20MA, 50MA, RSI, Upper_BB, Lower_BB, OBV",32,3,0.5,0.001,16,60,30,100,"(25, 1)",Sigmoid,0.19025397839520505,43.37208113626743,-2.0299782334975576,15.18987341772152,0.6574414627160345
10,"20MA, 50MA, RSI, Upper_BB, Lower_BB, OBV",16,2,0.8,0.0005,64,60,30,150,"(16, 1)",ReLU,0.12322203760881956,26.890291146028268,-0.27100947071275305,13.502109704641349,0.6899453627220189
11,"20MA, 50MA, RSI, Upper_BB, Lower_BB, OBV",16,2,0.8,0.0005,64,60,30,150,"(16, 1)",ReLU,0.11295001933837392,24.054441747254586,-0.06793454181295888,13.924050632911392,0.7059656154134594
12,"20MA, 50MA, RSI, Upper_BB, Lower_BB, OBV",16,2,0.2,0.0005,64,60,30,150,"(16, 1)",ReLU,0.12916401809154462,27.955034310709877,-0.39654555904519784,16.455696202531644,0.562698508053482
13,"20MA, 50MA, RSI, Upper_BB, Lower_BB, OBV",16,2,0.8,0.0005,64,60,30,150,"(16, 1)",ReLU,0.10821816015578575,22.55442431447531,0.01966996912846175,11.814345991561181,1.0568053059018232
14,"20MA, 50MA, RSI, Upper_BB, Lower_BB, OBV",32,2,0.7,0.0005,64,60,30,150,"(16, 1)",Sigmoid,0.12854187621564553,28.39602419228945,-0.38312453047548334,12.236286919831224,0.4524558789485848
15,"20MA, 50MA, RSI, Upper_BB, Lower_BB, OBV",16,2,0.2,0.0005,32,60,30,50,"(16, 1)",ReLU,0.13776971575145328,30.986160620040494,-0.5888377111703684,10.126582278481013,0.6004229904464411
16,"20MA, 50MA, RSI, Upper_BB, Lower_BB, OBV",16,2,0.7,0.0005,64,60,30,150,"(16, 1)",Sigmoid,0.1156266970943945,24.43186037091011,-0.11914988580561614,5.485232067510549,1.1445287573369554
17,"20MA, 50MA, RSI, Upper_BB, Lower_BB, OBV",16,2,0.30000000000000004,0.0001,64,60,30,150,"(16, 1)",ReLU,0.10523805379517429,22.897271258319275,0.07291910704343818,10.126582278481013,1.3778458758459968
18,"20MA, 50MA, RSI, Upper_BB, Lower_BB, OBV",32,2,0.30000000000000004,0.0001,64,60,30,50,"(16, 1)",ReLU,0.10658373193454834,23.151196718326755,0.04905837097711929,9.282700421940929,1.4375531573908438
19,"20MA, 50MA, RSI, Upper_BB, Lower_BB, OBV",32,2,0.30000000000000004,0.0001,32,60,30,50,"(16, 1)",ReLU,0.10821757039542484,23.23895209933325,0.019680654178301338,7.59493670886076,1.219346647802134
20,"20MA, 50MA, RSI, Upper_BB, Lower_BB, OBV",32,2,0.30000000000000004,0.0001,64,60,30,50,"(16, 1)",ReLU,0.10708014807890885,24.10510779344027,0.04017967832977831,19.831223628691983,0.9300299766022189
21,"20MA, 50MA, RSI, Upper_BB, Lower_BB, OBV",32,2,0.30000000000000004,0.0001,64,60,30,50,"(16, 1)",ReLU,0.11003233326501642,25.137123767976437,-0.013474111292407942,13.924050632911392,0.9458980789055393
22,"20MA, 50MA, RSI, Upper_BB, Lower_BB, OBV",32,2,0.30000000000000004,0.0001,64,60,30,50,"(16, 1)",ReLU,0.10948940575007025,24.55591920990983,-0.0034973082015570256,18.9873417721519,0.89097840014552
23,"20MA, 50MA, RSI, Upper_BB, Lower_BB, OBV",32,2,0.4,0.0001,64,60,30,50,"(16, 1)",ReLU,0.1037769384567687,22.964512909462876,0.0984834098331352,16.877637130801688,0.880242219808373
24,"20MA, 50MA, RSI, Upper_BB, Lower_BB, OBV",32,2,0.4,0.0001,64,60,30,50,"(16, 1)",ReLU,0.10436477757627387,23.02398261716143,0.08824129526657243,20.253164556962027,0.7598909171718925
0,"20MA, 50MA, RSI, Upper_BB, CCI, ATR",32,2,0.8,0.0001,16,60,1,50,"(16, 1)",Sigmoid,0.056921828147074804,11.349051121831687,0.7714010436517147,27.500000000000004,0.5314361370963133
1,"20MA, 50MA, RSI, Upper_BB, CCI, ATR",128,3,0.5,0.0005,32,60,1,150,"(25, 1)",Tanh,0.03015566916593772,6.589450192082867,0.9358414553646676,49.583333333333336,0.5583160660940176
2,"20MA, 50MA, RSI, Upper_BB, CCI, ATR",32,3,0.5,0.001,32,60,1,50,"(16, 1)",ReLU,0.03306713110761389,6.529175669743157,0.9228546775945012,51.24999999999999,0.7110497371178736
3,"20MA, 50MA, RSI, Upper_BB, CCI, ATR",64,3,0.30000000000000004,0.0001,16,60,1,100,"(16, 1)",Sigmoid,0.047094273717553745,9.446228428979998,0.8435221857602379,30.0,0.5383254403519372
4,"20MA, 50MA, RSI, Upper_BB, CCI, ATR",128,2,0.7,0.001,64,60,1,100,"(25, 1)",Tanh,0.03762129869960274,7.8183594027316135,0.9001417086510061,36.25,0.4651205200898238
5,"20MA, 50MA, RSI, Upper_BB, CCI, ATR",128,2,0.2,0.0001,64,60,1,100,"(25, 1)",Tanh,0.047492133277925404,8.815073728053656,0.8408671211705134,38.333333333333336,0.7864310600850679
6,"20MA, 50MA, RSI, Upper_BB, CCI, ATR",64,3,0.8,0.0005,32,60,1,100,"(25, 1)",Sigmoid,0.025548226581151995,4.794146982359571,0.9539491042650433,64.16666666666667,0.5888078164371093
7,"20MA, 50MA, RSI, Upper_BB, CCI, ATR",128,2,0.6000000000000001,0.0005,64,60,1,50,"(16, 1)",Tanh,0.03125489573128091,5.974342939212569,0.9310788250533734,47.91666666666667,0.49707203282656076
8,"20MA, 50MA, RSI, Upper_BB, CCI, ATR",32,2,0.8,0.0001,16,60,1,150,"(16, 1)",ReLU,0.04461986643003751,9.334495802600365,0.8595333918848294,28.749999999999996,0.4249488136996127
9,"20MA, 50MA, RSI, Upper_BB, CCI, ATR",32,2,0.5,0.0001,64,60,1,150,"(25, 1)",Sigmoid,0.04583299394826094,8.839511322891111,0.851791531714398,32.5,0.7186156467612759
10,"20MA, 50MA, RSI, Upper_BB, CCI, ATR",64,3,0.7,0.0005,32,60,1,100,"(25, 1)",Sigmoid,0.02594912299590806,4.916502484957333,0.9524925267088551,59.583333333333336,0.47506636478863395
11,"20MA, 50MA, RSI, Upper_BB, CCI, ATR",64,3,0.7,0.0005,32,60,1,100,"(25, 1)",Sigmoid,0.03851434581719241,7.463643219910103,0.8953446065131027,40.0,0.7811672518244372
12,"20MA, 50MA, RSI, Upper_BB, CCI, ATR",16,3,0.7,0.0005,32,60,1,100,"(25, 1)",Sigmoid,0.03240751289266275,6.14958272842596,0.925901747019741,52.083333333333336,0.6766259739899181
13,"20MA, 50MA, RSI, Upper_BB, CCI, ATR",64,3,0.8,0.0005,32,60,1,100,"(25, 1)",Sigmoid,0.0260941851958294,4.696799325969903,0.9519598843288805,67.5,0.5688606999635852
14,"20MA, 50MA, RSI, Upper_BB, CCI, ATR",64,3,0.6000000000000001,0.0005,32,60,1,100,"(25, 1)",Sigmoid,0.027930950952683713,5.7569220782302555,0.9449587855055342,52.5,0.5689023661495218
15,"20MA, 50MA, RSI, Upper_BB, CCI, ATR",64,3,0.6000000000000001,0.0005,32,60,1,100,"(25, 1)",Sigmoid,0.030484282115975817,6.245970818281741,0.9344355370719974,47.5,0.5565169522082036
16,"20MA, 50MA, RSI, Upper_BB, CCI, ATR",16,3,0.4,0.001,32,60,1,100,"(25, 1)",ReLU,0.028133816167775938,5.325177143832815,0.9441563425440188,59.166666666666664,0.3842734931387697
17,"20MA, 50MA, RSI, Upper_BB, CCI, ATR",64,3,0.7,0.0005,32,60,1,100,"(25, 1)",Sigmoid,0.027613475284328413,5.133975892635231,0.9462029204683762,56.666666666666664,0.49006381228357143
18,"20MA, 50MA, RSI, Upper_BB, CCI, ATR",64,3,0.8,0.0005,32,60,1,50,"(25, 1)",Sigmoid,0.05533401335610531,11.553283050835962,0.7839765464092261,24.166666666666668,0.5655157071458639
19,"20MA, 50MA, RSI, Upper_BB, CCI, ATR",64,3,0.6000000000000001,0.0005,16,60,1,150,"(25, 1)",ReLU,0.024974181311245198,4.521713986083737,0.9559952979843904,65.41666666666667,0.945810433621165
20,"20MA, 50MA, RSI, Upper_BB, CCI, ATR",16,3,0.4,0.001,16,60,1,150,"(25, 1)",ReLU,0.03305544625629263,6.671039416693597,0.9229091892696243,43.333333333333336,0.7242188780929817
21,"20MA, 50MA, RSI, Upper_BB, CCI, ATR",64,3,0.6000000000000001,0.0005,16,60,1,150,"(25, 1)",ReLU,0.024095354151557,4.393164185546805,0.9590378077468554,70.0,0.3929815053552631
22,"20MA, 50MA, RSI, Upper_BB, CCI, ATR",64,3,0.6000000000000001,0.0005,16,60,1,150,"(25, 1)",ReLU,0.03953758472087146,8.443881760756264,0.8897098227193933,33.75,0.9835249890196659
23,"20MA, 50MA, RSI, Upper_BB, CCI, ATR",64,3,0.4,0.0005,16,60,1,150,"(25, 1)",ReLU,0.026035536763915127,4.837537344921182,0.9521755884175247,65.83333333333333,0.34045253607684944
24,"20MA, 50MA, RSI, Upper_BB, CCI, ATR",64,3,0.6000000000000001,0.0005,16,60,1,150,"(25, 1)",ReLU,0.04368034890656556,9.669598161634264,0.8653864550534813,21.25,1.0
0,"20MA, 50MA, RSI, Upper_BB, CCI, ATR",16,2,0.30000000000000004,0.0001,64,60,30,100,"(25, 1)",Sigmoid,0.1327794561362372,32.97265862616789,-0.475821338659131,5.063291139240507,0.8280353520743529
1,"20MA, 50MA, RSI, Upper_BB, CCI, ATR",64,2,0.30000000000000004,0.0001,16,60,30,100,"(16, 1)",Tanh,0.13761400648514488,31.57572631678633,-0.5852482873655955,8.016877637130802,0.6340716911922418
2,"20MA, 50MA, RSI, Upper_BB, CCI, ATR",16,2,0.30000000000000004,0.0001,64,60,30,150,"(16, 1)",Sigmoid,0.15279336245848948,35.70323116543228,-0.9542539175221381,4.219409282700422,0.7459393133903292
3,"20MA, 50MA, RSI, Upper_BB, CCI, ATR",64,2,0.8,0.0005,32,60,30,150,"(25, 1)",Sigmoid,0.13456366858419863,29.353565711993383,-0.5157502619527985,6.329113924050633,0.5026748155330932
4,"20MA, 50MA, RSI, Upper_BB, CCI, ATR",64,2,0.6000000000000001,0.001,32,60,30,50,"(25, 1)",Tanh,0.14977984540828632,34.74889082997857,-0.8779272788170631,12.658227848101266,0.6617371092615052
5,"20MA, 50MA, RSI, Upper_BB, CCI, ATR",32,3,0.4,0.0001,64,60,30,100,"(25, 1)",ReLU,0.13051264596813061,28.69769607755193,-0.42586104314930306,17.29957805907173,0.7763332286228328
6,"20MA, 50MA, RSI, Upper_BB, CCI, ATR",128,3,0.4,0.0001,16,60,30,150,"(25, 1)",Tanh,0.15285946529508995,35.59091411831309,-0.9559452170548695,9.282700421940929,0.6820936846755715
7,"20MA, 50MA, RSI, Upper_BB, CCI, ATR",64,3,0.6000000000000001,0.0005,64,60,30,150,"(25, 1)",ReLU,0.12350447460015437,27.416210164646788,-0.2768427048747959,9.282700421940929,0.7330043581830692
8,"20MA, 50MA, RSI, Upper_BB, CCI, ATR",128,2,0.8,0.001,32,60,30,100,"(25, 1)",Sigmoid,0.1720307737672866,40.929110345671724,-1.477332499091458,9.70464135021097,0.6393500296025344
9,"20MA, 50MA, RSI, Upper_BB, CCI, ATR",32,2,0.4,0.0005,16,60,30,50,"(25, 1)",Tanh,0.17712854344591478,42.02102627451707,-1.6263289281291584,8.860759493670885,0.6365012428646641
10,"20MA, 50MA, RSI, Upper_BB, CCI, ATR",64,3,0.6000000000000001,0.0005,64,60,30,150,"(16, 1)",ReLU,0.12898616271647406,28.64260738750511,-0.3927021957087107,9.282700421940929,0.765565980519061
11,"20MA, 50MA, RSI, Upper_BB, CCI, ATR",64,3,0.6000000000000001,0.0005,64,60,30,150,"(16, 1)",ReLU,0.1221026137235075,26.685830611486427,-0.24802112212006122,13.080168776371309,0.8718481621830891
12,"20MA, 50MA, RSI, Upper_BB, CCI, ATR",64,3,0.6000000000000001,0.0005,64,60,30,150,"(16, 1)",ReLU,0.12690000986633523,28.21818522461178,-0.3480168668464798,9.70464135021097,0.798764611148036
13,"20MA, 50MA, RSI, Upper_BB, CCI, ATR",64,3,0.6000000000000001,0.0005,64,60,30,150,"(16, 1)",ReLU,0.12151031363319903,26.440567808092077,-0.23594259040782473,10.970464135021098,0.7750484630402898
14,"20MA, 50MA, RSI, Upper_BB, CCI, ATR",64,3,0.7,0.0005,64,60,30,150,"(16, 1)",ReLU,0.12928839560679822,28.756412776807753,-0.39923643999092473,9.70464135021097,0.7220731453569644
15,"20MA, 50MA, RSI, Upper_BB, CCI, ATR",64,3,0.5,0.0005,64,60,30,150,"(16, 1)",ReLU,0.12469124977677574,28.055934446735847,-0.3014993942529389,8.438818565400844,0.6591837381687213
16,"20MA, 50MA, RSI, Upper_BB, CCI, ATR",32,3,0.7,0.0005,64,60,30,50,"(16, 1)",ReLU,0.13723187553851543,30.03544085601153,-0.5764565752415367,16.877637130801688,0.6453121974096528
17,"20MA, 50MA, RSI, Upper_BB, CCI, ATR",16,3,0.5,0.001,64,60,30,150,"(16, 1)",ReLU,0.12747483710626858,28.199518283403783,-0.36025692609879933,9.70464135021097,0.74830817902962
18,"20MA, 50MA, RSI, Upper_BB, CCI, ATR",128,3,0.7,0.0005,16,60,30,150,"(16, 1)",ReLU,0.2134149228186786,49.2110548649337,-2.8126029716867516,14.767932489451477,0.6470134227070211
19,"20MA, 50MA, RSI, Upper_BB, CCI, ATR",64,3,0.2,0.0005,32,60,30,50,"(16, 1)",ReLU,0.17077993841168979,39.31375402200052,-1.441438111569353,11.814345991561181,0.7558843722806431
20,"20MA, 50MA, RSI, Upper_BB, CCI, ATR",64,3,0.5,0.001,64,60,30,150,"(16, 1)",ReLU,0.12262221365558747,28.059546609270882,-0.25866547174624976,6.329113924050633,0.7669596386886915
21,"20MA, 50MA, RSI, Upper_BB, CCI, ATR",64,3,0.5,0.001,64,60,30,150,"(16, 1)",ReLU,0.11957520234497253,26.814192311390517,-0.19689006889038585,8.860759493670885,0.8198732732687315
22,"20MA, 50MA, RSI, Upper_BB, CCI, ATR",64,3,0.5,0.001,64,60,30,150,"(16, 1)",ReLU,0.1229267147637966,27.43514149692361,-0.26492438504145177,8.860759493670885,0.7394903738789054
23,"20MA, 50MA, RSI, Upper_BB, CCI, ATR",64,3,0.7,0.001,64,60,30,150,"(16, 1)",ReLU,0.14623752443336574,31.731063600548744,-0.7901510090251396,16.455696202531644,0.5454497705162262
24,"20MA, 50MA, RSI, Upper_BB, CCI, ATR",64,3,0.6000000000000001,0.001,64,60,30,150,"(16, 1)",ReLU,0.1296615210703446,29.144889617593776,-0.4073244685887829,10.126582278481013,0.6488065950926724
0,"20MA, 50MA, RSI, Upper_BB, CCI, Williams_%R",128,3,0.7,0.0005,64,60,1,150,"(25, 1)",Sigmoid,0.033676053629633586,6.8785772190126035,0.9199872957772548,42.5,0.4967822470084244
1,"20MA, 50MA, RSI, Upper_BB, CCI, Williams_%R",128,2,0.30000000000000004,0.0005,64,60,1,100,"(25, 1)",Sigmoid,0.045658252222179944,9.15878635720649,0.852919489193053,28.749999999999996,0.4957556473445318
2,"20MA, 50MA, RSI, Upper_BB, CCI, Williams_%R",128,2,0.30000000000000004,0.001,64,60,1,100,"(16, 1)",Sigmoid,0.030387844390648223,6.149065226453607,0.9348497102739801,45.416666666666664,0.3397502557955979
3,"20MA, 50MA, RSI, Upper_BB, CCI, Williams_%R",32,3,0.8,0.0005,16,60,1,150,"(16, 1)",Tanh,0.025474058555491882,4.618032767603704,0.9542160931536665,64.58333333333334,0.5908824172788676
4,"20MA, 50MA, RSI, Upper_BB, CCI, Williams_%R",64,2,0.6000000000000001,0.0005,64,60,1,100,"(16, 1)",Sigmoid,0.06343804679811336,11.607036278707378,0.7160668048290368,27.500000000000004,0.4827214178563445
5,"20MA, 50MA, RSI, Upper_BB, CCI, Williams_%R",16,3,0.2,0.001,32,60,1,150,"(16, 1)",Tanh,0.04136525009814891,9.574981865930278,0.8792775966927634,23.333333333333332,0.48836831575764855
6,"20MA, 50MA, RSI, Upper_BB, CCI, Williams_%R",32,2,0.4,0.0005,16,60,1,50,"(25, 1)",Sigmoid,0.07487684209595047,14.630063759475357,0.604440696463189,13.333333333333334,0.2888075111261304
7,"20MA, 50MA, RSI, Upper_BB, CCI, Williams_%R",32,3,0.7,0.001,16,60,1,100,"(16, 1)",Tanh,0.04108077795953593,8.990725023646977,0.8809323224963088,28.333333333333332,0.910523457905991
8,"20MA, 50MA, RSI, Upper_BB, CCI, Williams_%R",64,3,0.2,0.001,16,60,1,150,"(25, 1)",Sigmoid,0.1532384733001041,37.66524981547626,-0.6567317557341854,6.25,0.7188779727287355
9,"20MA, 50MA, RSI, Upper_BB, CCI, Williams_%R",16,2,0.2,0.0001,64,60,1,100,"(25, 1)",Sigmoid,0.12025103257784676,28.432323725796117,-0.02022084404903035,10.0,0.7259940662450313
10,"20MA, 50MA, RSI, Upper_BB, CCI, Williams_%R",32,3,0.8,0.0001,32,60,1,50,"(16, 1)",ReLU,0.054938392512040884,10.295999491232362,0.7870545036255825,31.25,0.7129843765375382
11,"20MA, 50MA, RSI, Upper_BB, CCI, Williams_%R",128,2,0.5,0.001,16,60,1,150,"(16, 1)",Tanh,0.02709036591416694,5.187258280530786,0.9482218766151486,60.0,0.7909193981452373
12,"20MA, 50MA, RSI, Upper_BB, CCI, Williams_%R",32,3,0.5,0.001,16,60,1,150,"(16, 1)",Tanh,0.03153956264994474,6.401735344403807,0.9298176514187427,45.0,0.8985876347672078
13,"20MA, 50MA, RSI, Upper_BB, CCI, Williams_%R",128,2,0.5,0.0005,16,60,1,150,"(16, 1)",Tanh,0.033367341137980636,6.875149899840999,0.9214475442597883,42.916666666666664,0.9334501920232277
14,"20MA, 50MA, RSI, Upper_BB, CCI, Williams_%R",128,3,0.8,0.0001,16,60,1,150,"(16, 1)",Tanh,0.038402661061094696,8.54775106893517,0.8959506905417755,28.749999999999996,0.48836831575764855
15,"20MA, 50MA, RSI, Upper_BB, CCI, Williams_%R",32,2,0.6000000000000001,0.001,16,60,1,150,"(16, 1)",ReLU,0.05194076508874865,11.925751886432407,0.809658604620444,25.416666666666664,0.6348745476856287
16,"20MA, 50MA, RSI, Upper_BB, CCI, Williams_%R",16,3,0.6000000000000001,0.0005,16,60,1,150,"(16, 1)",Tanh,0.02470826954258108,4.565931217412814,0.9569273864506757,69.16666666666667,0.533588009802301
17,"20MA, 50MA, RSI, Upper_BB, CCI, Williams_%R",16,3,0.7,0.0005,32,60,1,50,"(16, 1)",Tanh,0.05089615978749064,10.655930088620432,0.8172377086951575,26.25,0.6263703417036929
18,"20MA, 50MA, RSI, Upper_BB, CCI, Williams_%R",16,3,0.6000000000000001,0.0005,16,60,1,150,"(16, 1)",Tanh,0.030764465441466736,5.692307535810773,0.9332247826556849,47.91666666666667,0.510856613875135
19,"20MA, 50MA, RSI, Upper_BB, CCI, Williams_%R",16,3,0.8,0.0005,16,60,1,150,"(16, 1)",ReLU,0.025495557200325078,4.505314281185945,0.9541387825599732,67.08333333333333,0.39613908731680547
20,"20MA, 50MA, RSI, Upper_BB, CCI, Williams_%R",64,3,0.7,0.0005,32,60,1,50,"(16, 1)",Tanh,0.05527960540902793,12.301008260750452,0.7844011537555435,13.333333333333334,0.4544291504791055
21,"20MA, 50MA, RSI, Upper_BB, CCI, Williams_%R",16,3,0.8,0.0005,16,60,1,150,"(16, 1)",ReLU,0.026328712494036132,4.846180664961238,0.9510924612214415,59.166666666666664,0.5016216148416687
22,"20MA, 50MA, RSI, Upper_BB, CCI, Williams_%R",16,3,0.8,0.0005,16,60,1,150,"(16, 1)",ReLU,0.025817443602050738,5.297999140972265,0.9529734587853604,56.25,0.37202262035268335
23,"20MA, 50MA, RSI, Upper_BB, CCI, Williams_%R",16,3,0.7,0.0005,16,60,1,150,"(16, 1)",ReLU,0.026372666878695984,4.8996461463234,0.9509290278459389,62.916666666666664,0.6561455210744821
24,"20MA, 50MA, RSI, Upper_BB, CCI, Williams_%R",16,3,0.6000000000000001,0.0005,16,60,1,150,"(16, 1)",ReLU,0.034156555914598305,6.8092631309495335,0.9176877050654267,38.333333333333336,0.33511674982724327
0,"20MA, 50MA, RSI, Upper_BB, CCI, Williams_%R",64,3,0.4,0.0005,64,60,30,50,"(16, 1)",Sigmoid,0.15116280029034898,37.9107617422293,-0.9127661248177081,6.329113924050633,0.869782371410898
1,"20MA, 50MA, RSI, Upper_BB, CCI, Williams_%R",64,2,0.2,0.0005,16,60,30,50,"(25, 1)",ReLU,0.18550662656362704,44.500095915294054,-1.8806524920296366,11.39240506329114,0.6562875849154423
2,"20MA, 50MA, RSI, Upper_BB, CCI, Williams_%R",128,3,0.30000000000000004,0.0005,16,60,30,100,"(16, 1)",Sigmoid,0.17127993435791378,43.78321824995652,-1.4557547358496423,3.79746835443038,0.7929114434614941
3,"20MA, 50MA, RSI, Upper_BB, CCI, Williams_%R",64,2,0.8,0.001,16,60,30,100,"(25, 1)",Tanh,0.1846592188680819,43.94262347368824,-1.8543945453049595,4.219409282700422,0.5962362387240716
4,"20MA, 50MA, RSI, Upper_BB, CCI, Williams_%R",128,2,0.2,0.0005,64,60,30,150,"(16, 1)",Tanh,0.12254758034927841,28.11027775316477,-0.25713377899058365,5.9071729957805905,0.9259874700121848
5,"20MA, 50MA, RSI, Upper_BB, CCI, Williams_%R",64,2,0.8,0.0001,32,60,30,150,"(25, 1)",Tanh,0.13035742911937723,29.484561171413322,-0.4224715470395142,6.329113924050633,0.7345997958470901
6,"20MA, 50MA, RSI, Upper_BB, CCI, Williams_%R",64,3,0.5,0.0005,16,60,30,150,"(25, 1)",ReLU,0.17479105755717805,40.97512780749717,-1.557469332365843,3.79746835443038,0.5897447937472438
7,"20MA, 50MA, RSI, Upper_BB, CCI, Williams_%R",16,3,0.30000000000000004,0.0001,16,60,30,100,"(25, 1)",Tanh,0.14333597655973804,31.906627348061477,-0.7198177774992407,11.814345991561181,0.6710583762581538
8,"20MA, 50MA, RSI, Upper_BB, CCI, Williams_%R",64,2,0.8,0.001,32,60,30,50,"(25, 1)",Sigmoid,0.16898448458421175,39.14437257676864,-1.3903730150305331,7.172995780590717,0.6397822429453789
9,"20MA, 50MA, RSI, Upper_BB, CCI, Williams_%R",32,2,0.4,0.0001,16,60,30,100,"(16, 1)",ReLU,0.15309590966729295,35.82168214809875,-0.9620008435885647,7.172995780590717,0.6479328083321828
10,"20MA, 50MA, RSI, Upper_BB, CCI, Williams_%R",128,2,0.2,0.0005,64,60,30,150,"(16, 1)",Tanh,0.12474225458268005,28.719916101705227,-0.3025643655479424,5.9071729957805905,0.8649837517456727
11,"20MA, 50MA, RSI, Upper_BB, CCI, Williams_%R",128,2,0.2,0.0005,64,60,30,150,"(16, 1)",Tanh,0.12389901141476474,28.371733999998956,-0.28501351960463994,5.9071729957805905,0.84490434109408
12,"20MA, 50MA, RSI, Upper_BB, CCI, Williams_%R",128,2,0.6000000000000001,0.0005,64,60,30,150,"(16, 1)",Tanh,0.1220491936635981,28.169804950462467,-0.24692933911705084,5.9071729957805905,0.9484669608641245
13,"20MA, 50MA, RSI, Upper_BB, CCI, Williams_%R",128,2,0.6000000000000001,0.0005,64,60,30,150,"(16, 1)",Tanh,0.13444534059000532,31.04892426621118,-0.5130856968105535,6.329113924050633,0.6786925839953354
14,"20MA, 50MA, RSI, Upper_BB, CCI, Williams_%R",128,2,0.6000000000000001,0.0005,64,60,30,150,"(16, 1)",Tanh,0.1229899071552199,28.370716609209456,-0.2662252274591306,5.485232067510549,0.932840957269404
15,"20MA, 50MA, RSI, Upper_BB, CCI, Williams_%R",16,2,0.6000000000000001,0.001,64,60,30,150,"(16, 1)",Tanh,0.11790504482853716,25.881847922412028,-0.1636886274329521,9.70464135021097,1.0328176736398988
16,"20MA, 50MA, RSI, Upper_BB, CCI, Williams_%R",16,2,0.6000000000000001,0.001,64,60,30,150,"(16, 1)",Tanh,0.12975712315587756,29.374693623298754,-0.4094005317695055,8.860759493670885,0.6302359371000243
17,"20MA, 50MA, RSI, Upper_BB, CCI, Williams_%R",16,3,0.7,0.001,64,60,30,150,"(16, 1)",Tanh,0.12336592071771472,25.45076826569478,-0.27397945185940586,14.767932489451477,0.8033694126403376
18,"20MA, 50MA, RSI, Upper_BB, CCI, Williams_%R",32,2,0.7,0.001,32,60,30,150,"(16, 1)",ReLU,0.1478318540160353,34.09398945553186,-0.8293974177702901,6.751054852320674,0.5980973372645506
19,"20MA, 50MA, RSI, Upper_BB, CCI, Williams_%R",16,2,0.5,0.001,64,60,30,50,"(16, 1)",Sigmoid,0.12820006053690639,28.00499176331251,-0.37577836330391623,9.282700421940929,0.8689586754598642
20,"20MA, 50MA, RSI, Upper_BB, CCI, Williams_%R",16,3,0.7,0.001,64,60,30,150,"(16, 1)",Tanh,0.12375002660833664,26.53741881274575,-0.28192499801938564,11.814345991561181,0.6834419502576938
21,"20MA, 50MA, RSI, Upper_BB, CCI, Williams_%R",128,2,0.5,0.0005,64,60,30,150,"(16, 1)",Tanh,0.12579538615678018,28.750103946423174,-0.3246509027744646,7.59493670886076,0.8808650339867344
22,"20MA, 50MA, RSI, Upper_BB, CCI, Williams_%R",128,2,0.6000000000000001,0.0005,64,60,30,150,"(16, 1)",Tanh,0.131105040381297,30.198635365684147,-0.43883433144566575,5.9071729957805905,0.671388487327687
23,"20MA, 50MA, RSI, Upper_BB, CCI, Williams_%R",128,2,0.4,0.0001,64,60,30,150,"(16, 1)",Tanh,0.12931261689704435,29.055806664528188,-0.39976076371586244,8.016877637130802,0.7467045126780674
24,"20MA, 50MA, RSI, Upper_BB, CCI, Williams_%R",32,2,0.5,0.0005,64,60,30,150,"(16, 1)",Tanh,0.12340459538607561,26.881593637421492,-0.27477835086798996,13.502109704641349,0.7283050717805151
0,"20MA, 50MA, RSI, Upper_BB, CCI, OBV",16,3,0.8,0.0001,64,60,1,100,"(25, 1)",Tanh,0.13309806396708312,29.702508485737766,-0.2498561754707327,6.666666666666667,0.8844388299155674
1,"20MA, 50MA, RSI, Upper_BB, CCI, OBV",64,3,0.4,0.0001,64,60,1,50,"(25, 1)",ReLU,0.07647115738607564,15.009361938798587,0.5874164671800148,17.916666666666668,1.008554403572033
2,"20MA, 50MA, RSI, Upper_BB, CCI, OBV",64,3,0.7,0.0001,16,60,1,50,"(25, 1)",Sigmoid,0.06547705755056646,13.754156403547842,0.697521247714233,21.666666666666668,0.44688369792307814
3,"20MA, 50MA, RSI, Upper_BB, CCI, OBV",32,2,0.6000000000000001,0.0005,16,60,1,50,"(25, 1)",Sigmoid,0.041979701602835894,7.380935069128632,0.8756644676298728,41.66666666666667,0.4803484379703116
4,"20MA, 50MA, RSI, Upper_BB, CCI, OBV",32,2,0.6000000000000001,0.0001,64,60,1,150,"(25, 1)",ReLU,0.0807197465756939,16.824506726250597,0.5402982646112493,12.5,1.1174211422349618
5,"20MA, 50MA, RSI, Upper_BB, CCI, OBV",128,2,0.7,0.001,32,60,1,150,"(16, 1)",Tanh,0.022381173123723737,4.268606815116946,0.9646587214538257,70.0,0.7006937982681378
6,"20MA, 50MA, RSI, Upper_BB, CCI, OBV",128,2,0.5,0.0001,16,60,1,150,"(25, 1)",Tanh,0.024794088815537865,4.518325178509919,0.9566276584722588,65.0,0.6106897936613231
7,"20MA, 50MA, RSI, Upper_BB, CCI, OBV",32,3,0.30000000000000004,0.0001,64,60,1,100,"(16, 1)",Sigmoid,0.05449593050090234,10.806770421990871,0.7904707258082883,30.0,0.6549888328625767
8,"20MA, 50MA, RSI, Upper_BB, CCI, OBV",16,3,0.8,0.0001,16,60,1,150,"(25, 1)",ReLU,0.08227989507805696,16.392928644778173,0.5223563348604381,20.416666666666668,0.6029906476235072
9,"20MA, 50MA, RSI, Upper_BB, CCI, OBV",16,2,0.7,0.0001,32,60,1,150,"(16, 1)",ReLU,0.05380904738744578,10.611959230287859,0.7957193783237271,24.166666666666668,0.8513983980962144
10,"20MA, 50MA, RSI, Upper_BB, CCI, OBV",128,2,0.2,0.001,32,60,1,150,"(16, 1)",Tanh,0.03176667999534171,6.377898671554022,0.9288032416911598,49.583333333333336,0.6648938861279343
11,"20MA, 50MA, RSI, Upper_BB, CCI, OBV",128,2,0.5,0.001,32,60,1,150,"(16, 1)",Tanh,0.03346755970049344,6.713162256930865,0.9209749722000331,40.0,1.0
12,"20MA, 50MA, RSI, Upper_BB, CCI, OBV",128,2,0.5,0.001,16,60,1,150,"(16, 1)",Tanh,0.061840616581534634,15.366085756615586,0.7301861829886844,15.0,0.5588979541667338
13,"20MA, 50MA, RSI, Upper_BB, CCI, OBV",128,2,0.5,0.0005,32,60,1,150,"(16, 1)",Tanh,0.02645593248084772,4.786746893500429,0.9506186781764153,62.916666666666664,0.36968566456914165
14,"20MA, 50MA, RSI, Upper_BB, CCI, OBV",128,2,0.4,0.001,16,60,1,150,"(25, 1)",Tanh,0.07217551784161236,18.185198556016466,0.632466965090023,12.083333333333334,0.48836831575764855
15,"20MA, 50MA, RSI, Upper_BB, CCI, OBV",128,2,0.7,0.001,32,60,1,100,"(16, 1)",Tanh,0.03202769520226062,5.65418597342626,0.9276284394606338,54.58333333333333,0.3579601789313795
16,"20MA, 50MA, RSI, Upper_BB, CCI, OBV",128,2,0.6000000000000001,0.0005,32,60,1,150,"(16, 1)",Tanh,0.026790284105116895,5.52319686048484,0.9493626228906586,55.00000000000001,0.4932288217190647
17,"20MA, 50MA, RSI, Upper_BB, CCI, OBV",128,2,0.4,0.001,16,60,1,150,"(25, 1)",Tanh,0.037858267148875434,7.942467946792428,0.8988797751096903,38.333333333333336,0.7530138338995966
18,"20MA, 50MA, RSI, Upper_BB, CCI, OBV",64,2,0.30000000000000004,0.001,32,60,1,50,"(16, 1)",Tanh,0.03475998102668026,6.041899895306459,0.9147536829061866,51.24999999999999,0.41220469659895315
19,"20MA, 50MA, RSI, Upper_BB, CCI, OBV",128,2,0.6000000000000001,0.0005,16,60,1,100,"(25, 1)",Sigmoid,0.03470291135789365,5.878437729517112,0.915033371515081,51.24999999999999,0.4254425463323739
20,"20MA, 50MA, RSI, Upper_BB, CCI, OBV",128,3,0.8,0.001,16,60,1,150,"(25, 1)",Tanh,0.02690430404691534,5.784295915812619,0.9489306784444811,52.5,0.731972455649588
21,"20MA, 50MA, RSI, Upper_BB, CCI, OBV",128,2,0.5,0.0005,32,60,1,150,"(16, 1)",Tanh,0.028337323421510394,5.52843879242056,0.9433455252386534,55.00000000000001,1.0
22,"20MA, 50MA, RSI, Upper_BB, CCI, OBV",128,2,0.5,0.0005,32,60,1,150,"(16, 1)",Tanh,0.03035560807401431,5.82122740863934,0.9349878636330461,47.5,0.3627678129476332
23,"20MA, 50MA, RSI, Upper_BB, CCI, OBV",128,2,0.4,0.0005,32,60,1,150,"(16, 1)",Tanh,0.0270459300446255,4.8912599441176425,0.9483915988667092,59.583333333333336,0.3440642168111525
24,"20MA, 50MA, RSI, Upper_BB, CCI, OBV",128,2,0.5,0.0005,32,60,1,150,"(16, 1)",Tanh,0.025720346214536092,4.831508413055152,0.9533265199087878,64.58333333333334,0.9826855758052928
0,"20MA, 50MA, RSI, Upper_BB, CCI, OBV",16,2,0.8,0.0005,16,60,30,150,"(16, 1)",ReLU,0.20003401058260106,49.527804810676564,-2.3494978195161744,5.485232067510549,0.6423554726159638
1,"20MA, 50MA, RSI, Upper_BB, CCI, OBV",64,2,0.7,0.0001,32,60,30,150,"(25, 1)",ReLU,0.1129378418245561,23.85578378114625,-0.06770427914153787,15.611814345991561,0.7670700779457097
2,"20MA, 50MA, RSI, Upper_BB, CCI, OBV",64,3,0.2,0.0005,64,60,30,100,"(16, 1)",Sigmoid,0.1316405576220908,27.01154399745028,-0.45061258557728223,14.767932489451477,0.7406526329402527
3,"20MA, 50MA, RSI, Upper_BB, CCI, OBV",64,3,0.2,0.0005,64,60,30,50,"(25, 1)",Tanh,0.12335392822526584,26.665316966046248,-0.27373177492779366,13.502109704641349,0.6718512613921575
4,"20MA, 50MA, RSI, Upper_BB, CCI, OBV",32,3,0.7,0.001,32,60,30,100,"(25, 1)",ReLU,0.19277844838409766,46.35053299175488,-2.110920948726153,7.172995780590717,0.7067639308582395
5,"20MA, 50MA, RSI, Upper_BB, CCI, OBV",32,3,0.30000000000000004,0.0005,16,60,30,50,"(16, 1)",Tanh,0.18852755993545586,43.77244892070444,-1.9752379693048483,14.767932489451477,0.7130387036564826
6,"20MA, 50MA, RSI, Upper_BB, CCI, OBV",32,2,0.4,0.0001,16,60,30,50,"(25, 1)",ReLU,0.12497603640948082,26.65276368343926,-0.3074512617711227,12.236286919831224,0.6678851241490962
7,"20MA, 50MA, RSI, Upper_BB, CCI, OBV",128,3,0.8,0.0001,64,60,30,50,"(25, 1)",Sigmoid,0.11805655192127384,25.144148724824987,-0.1666812111291589,20.253164556962027,0.8477427774886362
8,"20MA, 50MA, RSI, Upper_BB, CCI, OBV",16,3,0.4,0.0001,64,60,30,150,"(16, 1)",Tanh,0.12326928758860886,27.88612737732286,-0.2719844048587208,12.658227848101266,0.8120862125174007
9,"20MA, 50MA, RSI, Upper_BB, CCI, OBV",16,3,0.2,0.0001,16,60,30,50,"(16, 1)",ReLU,0.11278344910494667,23.24875289663595,-0.0647870445323111,14.345991561181433,0.7784749429415134
10,"20MA, 50MA, RSI, Upper_BB, CCI, OBV",16,2,0.5,0.001,16,60,30,50,"(16, 1)",ReLU,0.17089600651981166,39.59535263764099,-1.4447578152834124,15.18987341772152,0.6876573891183206
11,"20MA, 50MA, RSI, Upper_BB, CCI, OBV",64,2,0.6000000000000001,0.0001,32,60,30,150,"(25, 1)",ReLU,0.1169939423627617,24.896903083611125,-0.14577348023736048,15.611814345991561,0.663625532911112
12,"20MA, 50MA, RSI, Upper_BB, CCI, OBV",128,2,0.6000000000000001,0.0001,32,60,30,150,"(25, 1)",ReLU,0.11930332324394119,25.895080418782037,-0.19145349932401778,13.924050632911392,0.7843395925592014
13,"20MA, 50MA, RSI, Upper_BB, CCI, OBV",16,2,0.6000000000000001,0.0001,32,60,30,150,"(16, 1)",ReLU,0.1296851413579588,29.467125881757784,-0.40783725659581016,7.172995780590717,0.6606265470257674
14,"20MA, 50MA, RSI, Upper_BB, CCI, OBV",64,3,0.4,0.0001,16,60,30,100,"(16, 1)",Sigmoid,0.1396097802607219,29.96522762885232,-0.6315624501475279,15.18987341772152,0.6076518016608833
15,"20MA, 50MA, RSI, Upper_BB, CCI, OBV",16,2,0.7,0.0001,32,60,30,50,"(25, 1)",ReLU,0.1109847507693161,24.08757945930253,-0.0310948953101009,11.814345991561181,0.7653429759025336
16,"20MA, 50MA, RSI, Upper_BB, CCI, OBV",16,3,0.30000000000000004,0.001,32,60,30,50,"(25, 1)",ReLU,0.1379215949051318,30.759880942032424,-0.592342753450301,8.860759493670885,0.627801886485715
17,"20MA, 50MA, RSI, Upper_BB, CCI, OBV",16,2,0.5,0.0001,16,60,30,50,"(16, 1)",ReLU,0.1180400874170457,27.98211470116158,-0.16635581642701092,8.860759493670885,0.8733576631703279
18,"20MA, 50MA, RSI, Upper_BB, CCI, OBV",16,3,0.7,0.0001,16,60,30,50,"(16, 1)",Sigmoid,0.11794154689979784,27.61860369790886,-0.1644092686993628,11.39240506329114,1.040865115854297
19,"20MA, 50MA, RSI, Upper_BB, CCI, OBV",16,2,0.2,0.001,32,60,30,50,"(25, 1)",Tanh,0.14677307177388466,33.05709941698206,-0.8032867086143558,9.282700421940929,0.6210017447530068
20,"20MA, 50MA, RSI, Upper_BB, CCI, OBV",128,3,0.30000000000000004,0.0001,16,60,30,50,"(16, 1)",ReLU,0.14485957831685298,31.817544612509565,-0.7565739903135047,17.29957805907173,0.6576266780969308
21,"20MA, 50MA, RSI, Upper_BB, CCI, OBV",64,2,0.7,0.0001,32,60,30,150,"(25, 1)",ReLU,0.12489509584563492,27.44330150606772,-0.3057582720366889,11.39240506329114,0.7065365090192121
22,"20MA, 50MA, RSI, Upper_BB, CCI, OBV",64,2,0.8,0.0001,32,60,30,150,"(25, 1)",ReLU,0.1318166087181785,28.911524564026347,-0.4544951687168557,12.658227848101266,0.6620015505270745
23,"20MA, 50MA, RSI, Upper_BB, CCI, OBV",16,2,0.7,0.0001,32,60,30,100,"(25, 1)",ReLU,0.11847478029590339,25.341134918048922,-0.17496204718471842,13.502109704641349,0.6225901508694995
24,"20MA, 50MA, RSI, Upper_BB, CCI, OBV",16,2,0.6000000000000001,0.0001,32,60,30,50,"(25, 1)",ReLU,0.13012146822717807,32.06965392559125,-0.4173265564002999,5.063291139240507,0.7469342113691733
0,"20MA, 50MA, RSI, Upper_BB, ATR, Williams_%R",64,2,0.7,0.0001,16,60,1,150,"(25, 1)",Sigmoid,0.04221688006903406,8.409025236710965,0.8742555478062293,33.33333333333333,0.43725348273972875
1,"20MA, 50MA, RSI, Upper_BB, ATR, Williams_%R",64,3,0.6000000000000001,0.0001,32,60,1,50,"(25, 1)",ReLU,0.0656216560239305,12.533922874508018,0.6961837941831424,26.25,0.5699659135010724
2,"20MA, 50MA, RSI, Upper_BB, ATR, Williams_%R",32,2,0.30000000000000004,0.0001,16,60,1,150,"(16, 1)",Sigmoid,0.04985606237338743,9.822849995862597,0.8246311259030561,28.749999999999996,0.4126006799169349
3,"20MA, 50MA, RSI, Upper_BB, ATR, Williams_%R",128,3,0.30000000000000004,0.001,32,60,1,50,"(25, 1)",Tanh,0.03080340177509396,5.392647814107454,0.933055650677812,57.91666666666667,0.7819150454846722
4,"20MA, 50MA, RSI, Upper_BB, ATR, Williams_%R",128,3,0.6000000000000001,0.0001,64,60,1,100,"(25, 1)",Tanh,0.05098827919533215,9.363592710624804,0.8165755294571693,39.166666666666664,0.7232828356276274
5,"20MA, 50MA, RSI, Upper_BB, ATR, Williams_%R",64,3,0.30000000000000004,0.0005,32,60,1,100,"(25, 1)",ReLU,0.02793685520551437,5.401995228486311,0.9449355130007714,60.0,0.6842314670431091
6,"20MA, 50MA, RSI, Upper_BB, ATR, Williams_%R",128,2,0.2,0.0001,64,60,1,100,"(25, 1)",Sigmoid,0.04552270573259311,8.645749870122682,0.8537914741424095,35.0,0.8329590635140461
7,"20MA, 50MA, RSI, Upper_BB, ATR, Williams_%R",16,3,0.6000000000000001,0.0005,16,60,1,50,"(25, 1)",Tanh,0.05033499257299362,9.935528572561585,0.8212456655188146,30.0,0.374788716171644
8,"20MA, 50MA, RSI, Upper_BB, ATR, Williams_%R",16,3,0.7,0.0001,64,60,1,50,"(16, 1)",Sigmoid,0.12262350912726487,28.24362646503443,-0.06087458226196629,10.833333333333334,0.8295632392982291
9,"20MA, 50MA, RSI, Upper_BB, ATR, Williams_%R",64,2,0.4,0.0001,16,60,1,100,"(25, 1)",Tanh,0.03597122654111913,7.257473605764115,0.9087091907519596,44.166666666666664,0.3851478129328411
10,"20MA, 50MA, RSI, Upper_BB, ATR, Williams_%R",32,3,0.4,0.0005,32,60,1,100,"(16, 1)",ReLU,0.03382441020617491,6.373248358336898,0.9192807665634093,47.5,0.752545794810909
11,"20MA, 50MA, RSI, Upper_BB, ATR, Williams_%R",128,3,0.30000000000000004,0.001,32,60,1,50,"(25, 1)",ReLU,0.030712981877312234,5.534941330977248,0.933448088965655,53.333333333333336,0.48421624135812874
12,"20MA, 50MA, RSI, Upper_BB, ATR, Williams_%R",128,3,0.2,0.001,32,60,1,50,"(25, 1)",ReLU,0.03286961349787316,5.844480408122883,0.9237735387381244,57.49999999999999,0.8130304105154045
13,"20MA, 50MA, RSI, Upper_BB, ATR, Williams_%R",64,3,0.4,0.0005,32,60,1,100,"(25, 1)",ReLU,0.04390631840911916,9.125461584686377,0.8639900725612744,32.916666666666664,1.0605958799297253
14,"20MA, 50MA, RSI, Upper_BB, ATR, Williams_%R",128,3,0.30000000000000004,0.001,32,60,1,150,"(16, 1)",ReLU,0.029102691530681155,5.208827060932972,0.9402438132375135,58.333333333333336,0.5518227311650019
15,"20MA, 50MA, RSI, Upper_BB, ATR, Williams_%R",64,3,0.5,0.0005,32,60,1,150,"(16, 1)",ReLU,0.03786888273176241,7.53165667738117,0.8988230582703206,40.0,1.2611355612043695
16,"20MA, 50MA, RSI, Upper_BB, ATR, Williams_%R",16,3,0.2,0.001,32,60,1,150,"(16, 1)",ReLU,0.03147706521973441,6.21116361340281,0.930095516442612,49.583333333333336,0.5449118817778499
17,"20MA, 50MA, RSI, Upper_BB, ATR, Williams_%R",32,2,0.8,0.0005,32,60,1,150,"(16, 1)",ReLU,0.03794720062868722,8.220730566662017,0.8984041307166384,32.916666666666664,0.43075220954338295
18,"20MA, 50MA, RSI, Upper_BB, ATR, Williams_%R",64,3,0.5,0.001,32,60,1,150,"(16, 1)",ReLU,0.02533342723966584,4.461090410822124,0.9547202043096082,68.33333333333333,0.706008806055764
19,"20MA, 50MA, RSI, Upper_BB, ATR, Williams_%R",64,3,0.5,0.0005,64,60,1,100,"(16, 1)",ReLU,0.0670295833423418,13.469453081148414,0.683007050092087,20.0,0.4535722889893374
20,"20MA, 50MA, RSI, Upper_BB, ATR, Williams_%R",64,2,0.4,0.001,32,60,1,150,"(16, 1)",ReLU,0.02800077670155195,5.94545572262229,0.9446832418598706,52.083333333333336,0.6453057495263266
21,"20MA, 50MA, RSI, Upper_BB, ATR, Williams_%R",64,2,0.4,0.001,32,60,1,150,"(16, 1)",ReLU,0.029629072248505257,5.474565410896835,0.9380626429191647,57.49999999999999,0.4196686457455772
22,"20MA, 50MA, RSI, Upper_BB, ATR, Williams_%R",64,2,0.5,0.001,32,60,1,150,"(16, 1)",ReLU,0.030240729912811824,5.708603323254632,0.9354789981059086,55.41666666666667,0.37116211852196035
23,"20MA, 50MA, RSI, Upper_BB, ATR, Williams_%R",64,2,0.5,0.001,32,60,1,150,"(16, 1)",ReLU,0.028276987553612163,5.99605298350629,0.9435865259664231,49.166666666666664,0.5981234468742055
24,"20MA, 50MA, RSI, Upper_BB, ATR, Williams_%R",64,2,0.4,0.001,32,60,1,150,"(16, 1)",ReLU,0.033416487035872175,7.254443084968592,0.9212159780710825,40.416666666666664,0.45088982214861756
0,"20MA, 50MA, RSI, Upper_BB, ATR, Williams_%R",128,2,0.30000000000000004,0.0001,32,60,30,150,"(16, 1)",Tanh,0.13169639237489425,30.030194972039144,-0.4518433882013366,6.751054852320674,0.6431775876110905
1,"20MA, 50MA, RSI, Upper_BB, ATR, Williams_%R",128,3,0.30000000000000004,0.0001,64,60,30,150,"(16, 1)",Tanh,0.134933226796405,30.203150315714456,-0.5240872396268814,8.860759493670885,0.7252460326544581
2,"20MA, 50MA, RSI, Upper_BB, ATR, Williams_%R",16,3,0.6000000000000001,0.0001,16,60,30,150,"(16, 1)",Sigmoid,0.14574279940117937,33.15710775191833,-0.7780592499362846,9.282700421940929,0.7264886848838467
3,"20MA, 50MA, RSI, Upper_BB, ATR, Williams_%R",16,3,0.4,0.001,64,60,30,150,"(25, 1)",Tanh,0.12620256482411796,27.295028685531776,-0.3332401289845721,10.970464135021098,0.7411922837464449
4,"20MA, 50MA, RSI, Upper_BB, ATR, Williams_%R",32,3,0.5,0.001,32,60,30,150,"(16, 1)",Tanh,0.1401329461945899,32.143616192794624,-0.6438134144636951,6.329113924050633,0.6236122230730604
5,"20MA, 50MA, RSI, Upper_BB, ATR, Williams_%R",16,3,0.4,0.0001,16,60,30,50,"(16, 1)",ReLU,0.15682738887778597,39.55724772021676,-1.0588079561046855,3.79746835443038,0.713770017566602
6,"20MA, 50MA, RSI, Upper_BB, ATR, Williams_%R",32,2,0.4,0.0001,16,60,30,50,"(25, 1)",ReLU,0.1533576726624603,35.98246591560669,-0.9687158273745129,5.485232067510549,0.7101131249349334
7,"20MA, 50MA, RSI, Upper_BB, ATR, Williams_%R",32,3,0.5,0.001,16,60,30,50,"(16, 1)",Tanh,0.2123072623103077,49.40547222953292,-2.773129532270701,13.502109704641349,0.6372431895874644
8,"20MA, 50MA, RSI, Upper_BB, ATR, Williams_%R",64,2,0.7,0.0005,16,60,30,100,"(16, 1)",Tanh,0.17144712052864375,40.45069360763856,-1.4605511950460555,9.70464135021097,0.6503734065966817
9,"20MA, 50MA, RSI, Upper_BB, ATR, Williams_%R",128,2,0.30000000000000004,0.0001,32,60,30,100,"(25, 1)",Tanh,0.12232283318558695,27.61513674164085,-0.2525269451449452,7.172995780590717,0.799922452430031
10,"20MA, 50MA, RSI, Upper_BB, ATR, Williams_%R",128,2,0.2,0.0005,32,60,30,100,"(25, 1)",Sigmoid,0.14646159485439808,33.40697194787193,-0.7956410800182976,4.641350210970464,0.7395071532202598
11,"20MA, 50MA, RSI, Upper_BB, ATR, Williams_%R",16,2,0.2,0.001,64,60,30,100,"(25, 1)",Tanh,0.12559004206472407,26.40293925573185,-0.3203298026780177,7.59493670886076,0.9201106565273083
12,"20MA, 50MA, RSI, Upper_BB, ATR, Williams_%R",64,2,0.2,0.001,64,60,30,100,"(25, 1)",Tanh,0.12768448373828134,29.329964332382197,-0.36473479466318137,6.751054852320674,0.8142701189003894
13,"20MA, 50MA, RSI, Upper_BB, ATR, Williams_%R",16,2,0.2,0.001,32,60,30,100,"(25, 1)",Tanh,0.1538128989816609,34.50008530468544,-0.9804210312821415,5.485232067510549,0.6311657863809551
14,"20MA, 50MA, RSI, Upper_BB, ATR, Williams_%R",128,2,0.8,0.0005,64,60,30,100,"(25, 1)",Sigmoid,0.1259394743681298,27.437828111906697,-0.32768719680747793,10.970464135021098,0.791439654251612
15,"20MA, 50MA, RSI, Upper_BB, ATR, Williams_%R",16,2,0.30000000000000004,0.0001,32,60,30,100,"(25, 1)",ReLU,0.13614945677283855,30.427786502229647,-0.5516859948125525,15.611814345991561,0.642772191413794
16,"20MA, 50MA, RSI, Upper_BB, ATR, Williams_%R",128,2,0.30000000000000004,0.001,64,60,30,100,"(25, 1)",Tanh,0.1337614800611392,30.85000645930173,-0.4977321269166506,7.172995780590717,0.6190110413773481
17,"20MA, 50MA, RSI, Upper_BB, ATR, Williams_%R",64,2,0.2,0.0001,64,60,30,100,"(25, 1)",Tanh,0.1163963526561882,25.721288464745484,-0.13409845264265896,14.345991561181433,0.8379015844826556
18,"20MA, 50MA, RSI, Upper_BB, ATR, Williams_%R",64,2,0.4,0.0001,32,60,30,100,"(25, 1)",Sigmoid,0.15600945876582917,36.13445204097363,-1.0373886147316322,10.548523206751055,0.7130977691901801
19,"20MA, 50MA, RSI, Upper_BB, ATR, Williams_%R",64,2,0.6000000000000001,0.0001,64,60,30,100,"(25, 1)",ReLU,0.12463790011685201,27.799587234291113,-0.3003859288530675,10.970464135021098,0.7215076091624419
20,"20MA, 50MA, RSI, Upper_BB, ATR, Williams_%R",64,2,0.30000000000000004,0.0001,32,60,30,50,"(25, 1)",Tanh,0.12106959929144523,27.066556180034134,-0.22699339411709096,8.438818565400844,0.639226466471541
21,"20MA, 50MA, RSI, Upper_BB, ATR, Williams_%R",64,2,0.30000000000000004,0.0001,32,60,30,50,"(25, 1)",Tanh,0.12606048586884602,28.07206373296355,-0.33023989301792667,8.860759493670885,0.7907310604702084
22,"20MA, 50MA, RSI, Upper_BB, ATR, Williams_%R",64,2,0.2,0.0001,32,60,30,50,"(25, 1)",Tanh,0.12039318410431572,27.06057037085089,-0.21332128338701395,8.438818565400844,0.7340383775945113
23,"20MA, 50MA, RSI, Upper_BB, ATR, Williams_%R",64,2,0.2,0.0001,32,60,30,50,"(25, 1)",Tanh,0.12824004991811394,29.030412102165993,-0.3766367888902311,6.751054852320674,0.6796226884398201
24,"20MA, 50MA, RSI, Upper_BB, ATR, Williams_%R",64,2,0.2,0.0001,32,60,30,50,"(25, 1)",Tanh,0.1224575750350222,27.436945622520398,-0.2552878483020109,7.59493670886076,0.7862775326074545
0,"20MA, 50MA, RSI, Upper_BB, ATR, OBV",128,3,0.4,0.0001,64,60,1,50,"(16, 1)",Tanh,0.07081207883944374,13.68612124019291,0.6462216499195119,23.333333333333332,1.699114689030802
1,"20MA, 50MA, RSI, Upper_BB, ATR, OBV",16,2,0.2,0.0005,16,60,1,50,"(16, 1)",ReLU,0.055497329834929325,10.964603921035536,0.7826994926844917,27.083333333333332,0.34872378299825507
2,"20MA, 50MA, RSI, Upper_BB, ATR, OBV",64,3,0.5,0.0005,64,60,1,150,"(25, 1)",Sigmoid,0.03979168133920161,8.768223063198898,0.8882876613248127,31.25,0.5721840040734388
3,"20MA, 50MA, RSI, Upper_BB, ATR, OBV",64,3,0.30000000000000004,0.0005,32,60,1,100,"(25, 1)",Sigmoid,0.043972276449097236,8.93244745415817,0.8635811252007565,32.5,0.6811398074598536
4,"20MA, 50MA, RSI, Upper_BB, ATR, OBV",32,2,0.8,0.001,64,60,1,50,"(16, 1)",Sigmoid,0.07248823600284655,13.195318488080906,0.629275211188949,25.833333333333336,0.4089374027981702
5,"20MA, 50MA, RSI, Upper_BB, ATR, OBV",32,3,0.8,0.0005,32,60,1,150,"(16, 1)",ReLU,0.06727391745314898,15.381419631327367,0.680691852837001,19.583333333333332,0.9119053316672217
6,"20MA, 50MA, RSI, Upper_BB, ATR, OBV",64,3,0.30000000000000004,0.0001,16,60,1,150,"(16, 1)",Sigmoid,0.04498270025914003,9.343252311262214,0.8572396487268306,32.916666666666664,0.589375939010048
7,"20MA, 50MA, RSI, Upper_BB, ATR, OBV",64,3,0.30000000000000004,0.001,64,60,1,100,"(16, 1)",Tanh,0.03468449785612979,6.807366729925422,0.9151235148505268,44.583333333333336,0.35480994281724176
8,"20MA, 50MA, RSI, Upper_BB, ATR, OBV",32,3,0.8,0.0005,16,60,1,150,"(16, 1)",Sigmoid,0.05733500549821962,13.218279083068682,0.7680703456591598,22.083333333333332,0.824999573378443
9,"20MA, 50MA, RSI, Upper_BB, ATR, OBV",64,3,0.4,0.001,32,60,1,150,"(16, 1)",Sigmoid,0.06763545659136423,15.779945474291965,0.6772506203875275,14.166666666666666,0.8642823164939557
10,"20MA, 50MA, RSI, Upper_BB, ATR, OBV",128,2,0.6000000000000001,0.001,64,60,1,100,"(25, 1)",Tanh,0.02374645486303037,4.419483492822501,0.960215479451536,68.75,0.6349148943601624
11,"20MA, 50MA, RSI, Upper_BB, ATR, OBV",128,2,0.6000000000000001,0.001,64,60,1,100,"(25, 1)",Tanh,0.02852305665047311,5.216512966973079,0.9426004228922154,57.49999999999999,0.9524645493270698
12,"20MA, 50MA, RSI, Upper_BB, ATR, OBV",128,2,0.6000000000000001,0.001,64,60,1,100,"(25, 1)",Tanh,0.029336059306815085,5.372961145867959,0.9392816286955068,55.41666666666667,0.4567779666797287
13,"20MA, 50MA, RSI, Upper_BB, ATR, OBV",128,2,0.6000000000000001,0.001,64,60,1,100,"(25, 1)",Tanh,0.024264470651831665,4.5199013135363755,0.9584607925314492,67.91666666666667,1.0679412047529022
14,"20MA, 50MA, RSI, Upper_BB, ATR, OBV",128,2,0.6000000000000001,0.001,64,60,1,100,"(25, 1)",Tanh,0.02423863260632181,4.474625142067614,0.9585492115619256,66.25,1.2305882038337146
15,"20MA, 50MA, RSI, Upper_BB, ATR, OBV",128,2,0.7,0.001,64,60,1,100,"(25, 1)",Tanh,0.024945951688426726,4.590429155025458,0.9560947233903678,67.5,0.5802567668943455
16,"20MA, 50MA, RSI, Upper_BB, ATR, OBV",16,2,0.5,0.001,64,60,1,100,"(25, 1)",Tanh,0.02975288099305034,5.915584604901687,0.9375439356166261,51.24999999999999,0.39068262041924867
17,"20MA, 50MA, RSI, Upper_BB, ATR, OBV",128,2,0.7,0.0001,64,60,1,100,"(25, 1)",Tanh,0.05261131617045179,10.044317191849256,0.8047122971002276,35.0,0.5182998004093498
18,"20MA, 50MA, RSI, Upper_BB, ATR, OBV",128,2,0.7,0.001,16,60,1,100,"(25, 1)",ReLU,0.07217614134000284,17.024021664990556,0.6324606150906777,12.916666666666668,1.0
19,"20MA, 50MA, RSI, Upper_BB, ATR, OBV",128,2,0.6000000000000001,0.001,32,60,1,100,"(25, 1)",Tanh,0.03624876953422453,6.926631530659755,0.9072950120517753,41.25,1.0
20,"20MA, 50MA, RSI, Upper_BB, ATR, OBV",16,2,0.5,0.0001,64,60,1,50,"(25, 1)",Tanh,0.0721207757647957,14.627634428982846,0.6330242701798416,16.25,1.0738582275716138
21,"20MA, 50MA, RSI, Upper_BB, ATR, OBV",128,2,0.6000000000000001,0.001,64,60,1,100,"(25, 1)",Tanh,0.024202391735294187,4.488909085131746,0.9586730708299509,63.33333333333333,0.8901237957276781
22,"20MA, 50MA, RSI, Upper_BB, ATR, OBV",128,2,0.7,0.001,64,60,1,100,"(25, 1)",Tanh,0.023504400967419424,4.382720296815537,0.9610224140175307,68.33333333333333,1.0287005534735538
23,"20MA, 50MA, RSI, Upper_BB, ATR, OBV",128,2,0.7,0.001,64,60,1,100,"(25, 1)",Tanh,0.029529434884360526,5.874582127161357,0.9384785113940993,50.0,0.4966116020848017
24,"20MA, 50MA, RSI, Upper_BB, ATR, OBV",128,2,0.7,0.001,64,60,1,100,"(25, 1)",Tanh,0.026800902984062562,5.027849227869855,0.9493224726076553,62.5,0.5447909382193747
0,"20MA, 50MA, RSI, Upper_BB, ATR, OBV",32,3,0.7,0.001,64,60,30,150,"(25, 1)",ReLU,0.1466334646535834,33.988378124374414,-0.7998578516548032,9.282700421940929,0.6675913759625594
1,"20MA, 50MA, RSI, Upper_BB, ATR, OBV",64,2,0.7,0.0005,64,60,30,150,"(16, 1)",ReLU,0.1329014528585302,30.506653286515462,-0.47853453064504037,8.016877637130802,0.7119080448776239
2,"20MA, 50MA, RSI, Upper_BB, ATR, OBV",64,3,0.6000000000000001,0.0001,64,60,30,50,"(25, 1)",Sigmoid,0.1250378690916553,26.86139252185355,-0.30874532132840926,7.59493670886076,1.1194096319004443
3,"20MA, 50MA, RSI, Upper_BB, ATR, OBV",32,3,0.2,0.0001,64,60,30,50,"(25, 1)",Tanh,0.12229315403220127,29.754438381712557,-0.25191921838444364,5.485232067510549,0.8517545227110083
4,"20MA, 50MA, RSI, Upper_BB, ATR, OBV",64,3,0.8,0.001,16,60,30,50,"(16, 1)",ReLU,0.203276342819738,52.87745912320803,-2.4589612110370216,1.6877637130801686,0.7490693320543934
5,"20MA, 50MA, RSI, Upper_BB, ATR, OBV",32,2,0.7,0.001,16,60,30,150,"(25, 1)",ReLU,0.19549676827102008,44.77961389049007,-2.199272107043358,14.345991561181433,0.685162070389359
6,"20MA, 50MA, RSI, Upper_BB, ATR, OBV",16,2,0.7,0.0005,64,60,30,100,"(16, 1)",Sigmoid,0.11201923133995983,23.037227400632318,-0.05040599345148422,12.236286919831224,1.0009418934989738
7,"20MA, 50MA, RSI, Upper_BB, ATR, OBV",16,3,0.4,0.0001,32,60,30,50,"(25, 1)",Sigmoid,0.13708572870510405,33.78360867790306,-0.5731006281630071,8.016877637130802,0.8645066201696207
8,"20MA, 50MA, RSI, Upper_BB, ATR, OBV",64,2,0.8,0.001,32,60,30,50,"(25, 1)",ReLU,0.1510757819569009,34.63647242723064,-0.9105645539009144,14.345991561181433,0.7223107045237344
9,"20MA, 50MA, RSI, Upper_BB, ATR, OBV",32,3,0.4,0.001,32,60,30,150,"(25, 1)",ReLU,0.1693194614731573,38.72317359707069,-1.3998592509866183,10.548523206751055,0.7156576917381751
10,"20MA, 50MA, RSI, Upper_BB, ATR, OBV",16,2,0.5,0.0005,64,60,30,100,"(16, 1)",Sigmoid,0.13548331767322902,30.038104835392755,-0.5365392569354703,16.455696202531644,0.6981212365209531
11,"20MA, 50MA, RSI, Upper_BB, ATR, OBV",128,2,0.2,0.0001,64,60,30,100,"(16, 1)",Tanh,0.09728504840442577,20.46996905070545,0.20774641479609024,11.814345991561181,0.9569287018147056
12,"20MA, 50MA, RSI, Upper_BB, ATR, OBV",128,2,0.2,0.0005,64,60,30,100,"(16, 1)",Tanh,0.11378530537305535,24.662360182662656,-0.08378808799913307,12.658227848101266,0.745478204522627
13,"20MA, 50MA, RSI, Upper_BB, ATR, OBV",128,2,0.30000000000000004,0.0005,64,60,30,100,"(16, 1)",Tanh,0.1315031033938491,29.96071610075862,-0.4475848145362473,7.172995780590717,0.6579446748968021
14,"20MA, 50MA, RSI, Upper_BB, ATR, OBV",16,2,0.5,0.0001,64,60,30,100,"(16, 1)",Tanh,0.11246011275601055,26.320518673319032,-0.0586905676548799,10.970464135021098,1.0446822856068751
15,"20MA, 50MA, RSI, Upper_BB, ATR, OBV",128,2,0.6000000000000001,0.0005,16,60,30,100,"(16, 1)",Sigmoid,0.15745397850113985,39.60713740989764,-1.0752923827781724,5.485232067510549,0.869782371410898
16,"20MA, 50MA, RSI, Upper_BB, ATR, OBV",128,2,0.30000000000000004,0.0001,64,60,30,100,"(16, 1)",Sigmoid,0.13518753504745504,28.715666102928644,-0.5298375386822858,11.814345991561181,0.6243154444255209
17,"20MA, 50MA, RSI, Upper_BB, ATR, OBV",16,2,0.6000000000000001,0.0005,64,60,30,100,"(16, 1)",Tanh,0.10979287647600824,23.295955138794717,-0.009067784884376762,10.126582278481013,1.0816491716007546
18,"20MA, 50MA, RSI, Upper_BB, ATR, OBV",16,2,0.4,0.0001,32,60,30,100,"(16, 1)",Tanh,0.11748147642592179,25.661266984237724,-0.15534265088077737,18.565400843881857,0.623180092746814
19,"20MA, 50MA, RSI, Upper_BB, ATR, OBV",128,2,0.5,0.0005,16,60,30,100,"(16, 1)",Tanh,0.19120242125506526,47.460730294433404,-2.6445279960952934,5.785123966942149,0.6268936159817214
20,"20MA, 50MA, RSI, Upper_BB, ATR, OBV",16,2,0.6000000000000001,0.0001,64,60,30,100,"(16, 1)",Tanh,0.11268886023245472,26.474008237433182,-0.06300176890414866,10.126582278481013,0.9061171914225411
21,"20MA, 50MA, RSI, Upper_BB, ATR, OBV",16,2,0.6000000000000001,0.0005,64,60,30,100,"(16, 1)",Tanh,0.11627435931986307,25.19549187994641,-0.13172243400979067,14.345991561181433,0.604318381298709
22,"20MA, 50MA, RSI, Upper_BB, ATR, OBV",16,2,0.7,0.0005,64,60,30,100,"(16, 1)",Sigmoid,0.12551441242667122,27.30662345462647,-0.3187400906744702,8.016877637130802,0.6225901508694995
23,"20MA, 50MA, RSI, Upper_BB, ATR, OBV",16,2,0.8,0.0005,64,60,30,100,"(16, 1)",Tanh,0.1320890961658525,30.003923122763666,-0.4605147640117835,12.236286919831224,0.6876189022417594
24,"20MA, 50MA, RSI, Upper_BB, ATR, OBV",128,2,0.30000000000000004,0.0005,64,60,30,100,"(16, 1)",Tanh,0.12925264673364265,29.14040097116251,-0.3984627555433715,7.59493670886076,0.6559405383458359
0,"20MA, 50MA, RSI, Upper_BB, Williams_%R, OBV",32,2,0.4,0.0001,16,60,1,50,"(25, 1)",Sigmoid,0.06273421191592113,12.785538617288223,0.7223322398216575,22.5,0.567607138286247
1,"20MA, 50MA, RSI, Upper_BB, Williams_%R, OBV",64,2,0.6000000000000001,0.0005,32,60,1,100,"(25, 1)",Sigmoid,0.033887801458935086,6.480143464540911,0.9189779268004645,46.25,0.5285140454984805
2,"20MA, 50MA, RSI, Upper_BB, Williams_%R, OBV",32,2,0.4,0.0005,32,60,1,50,"(16, 1)",ReLU,0.058945805486449995,10.928895721174797,0.754855374076967,30.0,1.1896448372372723
3,"20MA, 50MA, RSI, Upper_BB, Williams_%R, OBV",128,2,0.30000000000000004,0.0001,16,60,1,50,"(16, 1)",Sigmoid,0.04119345433076417,7.770234808176581,0.8802782690260641,37.916666666666664,0.5935854137869375
4,"20MA, 50MA, RSI, Upper_BB, Williams_%R, OBV",128,3,0.5,0.0005,64,60,1,50,"(25, 1)",Sigmoid,0.04816386673433459,10.39642720686819,0.8363337032255899,24.166666666666668,0.42128577703988457
5,"20MA, 50MA, RSI, Upper_BB, Williams_%R, OBV",16,3,0.2,0.001,32,60,1,100,"(16, 1)",ReLU,0.047538114047214905,10.758573249022522,0.8405588345646401,20.0,0.4006146455306399
6,"20MA, 50MA, RSI, Upper_BB, Williams_%R, OBV",16,3,0.4,0.001,64,60,1,150,"(16, 1)",ReLU,0.04571804824304673,8.658884111758598,0.852533990935485,35.0,0.5457270193520475
7,"20MA, 50MA, RSI, Upper_BB, Williams_%R, OBV",128,2,0.8,0.0005,32,60,1,150,"(25, 1)",Tanh,0.029835137050112825,5.970455823786076,0.937198120963053,55.00000000000001,0.9580991948413144
8,"20MA, 50MA, RSI, Upper_BB, Williams_%R, OBV",32,2,0.2,0.0005,16,60,1,150,"(25, 1)",Tanh,0.0268841681590048,4.988654377779571,0.9490070930820477,61.66666666666667,0.6189044980843134
9,"20MA, 50MA, RSI, Upper_BB, Williams_%R, OBV",32,3,0.2,0.0005,16,60,1,100,"(16, 1)",ReLU,0.029790737914657275,5.644115641764677,0.9373848990153725,51.24999999999999,0.6172691518686559
10,"20MA, 50MA, RSI, Upper_BB, Williams_%R, OBV",64,2,0.7,0.0001,16,60,1,150,"(25, 1)",Tanh,0.027088123345295447,4.958285757395051,0.9482304487549265,62.5,0.8617441707075428
11,"20MA, 50MA, RSI, Upper_BB, Williams_%R, OBV",64,2,0.7,0.0001,16,60,1,150,"(25, 1)",Tanh,0.03836530874517405,7.205825545444651,0.8961529990526351,39.58333333333333,0.2792489018566245
12,"20MA, 50MA, RSI, Upper_BB, Williams_%R, OBV",64,2,0.8,0.0001,16,60,1,150,"(25, 1)",Tanh,0.032997334521222846,5.934593906084724,0.9231800035192291,51.24999999999999,0.4924451007911096
13,"20MA, 50MA, RSI, Upper_BB, Williams_%R, OBV",64,2,0.6000000000000001,0.0001,16,60,1,150,"(25, 1)",Tanh,0.029716492896277695,5.481546254832996,0.9376966110884941,55.833333333333336,0.7214589253360043
14,"20MA, 50MA, RSI, Upper_BB, Williams_%R, OBV",32,2,0.6000000000000001,0.001,16,60,1,150,"(25, 1)",Tanh,0.02283225989713248,4.340585049338106,0.9632197766317638,63.33333333333333,0.484856492941716
15,"20MA, 50MA, RSI, Upper_BB, Williams_%R, OBV",32,2,0.5,0.001,16,60,1,150,"(25, 1)",Tanh,0.023653694669635357,4.4444561699448615,0.9605256909709646,64.58333333333334,0.6176145432685369
16,"20MA, 50MA, RSI, Upper_BB, Williams_%R, OBV",32,2,0.5,0.001,64,60,1,150,"(25, 1)",Tanh,0.03357748772154159,6.563529633388747,0.9204549861702486,50.0,0.33129549341048903
17,"20MA, 50MA, RSI, Upper_BB, Williams_%R, OBV",32,3,0.6000000000000001,0.001,16,60,1,150,"(25, 1)",Tanh,0.0274190988946779,5.314522084305741,0.9469576301176758,60.416666666666664,0.9119717516861078
18,"20MA, 50MA, RSI, Upper_BB, Williams_%R, OBV",32,2,0.7,0.001,16,60,1,150,"(25, 1)",Tanh,0.03995763476103978,8.541209276368727,0.8873539131996419,27.500000000000004,1.0
19,"20MA, 50MA, RSI, Upper_BB, Williams_%R, OBV",32,2,0.5,0.001,64,60,1,100,"(25, 1)",Tanh,0.027659268920781504,5.285588288011893,0.9460243405077206,58.333333333333336,0.5804619600275328
20,"20MA, 50MA, RSI, Upper_BB, Williams_%R, OBV",16,3,0.6000000000000001,0.001,16,60,1,150,"(25, 1)",Tanh,0.03878954829026778,8.518945797423719,0.8938436425417831,33.33333333333333,0.8895246875382747
21,"20MA, 50MA, RSI, Upper_BB, Williams_%R, OBV",32,2,0.30000000000000004,0.001,16,60,1,150,"(25, 1)",Tanh,0.030003774982391228,5.983895703831938,0.9364861610832647,55.833333333333336,0.6170691871956396
22,"20MA, 50MA, RSI, Upper_BB, Williams_%R, OBV",32,2,0.30000000000000004,0.0005,16,60,1,150,"(25, 1)",Tanh,0.02253371111341944,4.1698677415750955,0.9641753456949151,70.0,0.884404326460778
23,"20MA, 50MA, RSI, Upper_BB, Williams_%R, OBV",32,2,0.30000000000000004,0.001,16,60,1,150,"(25, 1)",Tanh,0.02821302277559237,5.989452631766165,0.9438414607616527,51.66666666666667,0.4828428041340644
24,"20MA, 50MA, RSI, Upper_BB, Williams_%R, OBV",32,2,0.4,0.001,16,60,1,150,"(25, 1)",Tanh,0.026247889938935343,5.341078566543809,0.9513922681448548,56.666666666666664,0.6673821820737462
0,"20MA, 50MA, RSI, Upper_BB, Williams_%R, OBV",64,3,0.5,0.0005,32,60,30,100,"(25, 1)",Tanh,0.15986771946081424,35.999575152439796,-1.139407795796504,4.641350210970464,0.645779202923971
1,"20MA, 50MA, RSI, Upper_BB, Williams_%R, OBV",64,2,0.6000000000000001,0.0001,32,60,30,50,"(16, 1)",ReLU,0.11249902209784148,23.52028478679982,-0.0594232732910589,13.924050632911392,0.8428511136187071
2,"20MA, 50MA, RSI, Upper_BB, Williams_%R, OBV",16,3,0.5,0.001,32,60,30,100,"(16, 1)",ReLU,0.14688773802182548,33.38642788257592,-0.8061054394634075,7.172995780590717,0.7125914458551841
3,"20MA, 50MA, RSI, Upper_BB, Williams_%R, OBV",64,2,0.5,0.001,64,60,30,150,"(25, 1)",ReLU,0.1424154550218352,33.41658495324798,-0.6977989401312652,5.485232067510549,0.5696553445866922
4,"20MA, 50MA, RSI, Upper_BB, Williams_%R, OBV",16,2,0.8,0.0005,64,60,30,150,"(25, 1)",ReLU,0.12250725901673148,26.406973538820132,-0.2563066558443663,10.548523206751055,1.4079995101207667
5,"20MA, 50MA, RSI, Upper_BB, Williams_%R, OBV",64,3,0.8,0.0001,64,60,30,100,"(25, 1)",Sigmoid,0.13644296299841774,29.591734540603742,-0.5583833465303236,12.236286919831224,0.6994333026578077
6,"20MA, 50MA, RSI, Upper_BB, Williams_%R, OBV",64,2,0.8,0.001,32,60,30,150,"(16, 1)",Sigmoid,0.1545876075694643,35.84903926540347,-1.0004208227536706,5.485232067510549,0.6656584587748605
7,"20MA, 50MA, RSI, Upper_BB, Williams_%R, OBV",128,3,0.30000000000000004,0.0005,32,60,30,50,"(25, 1)",Sigmoid,0.15831068796552322,36.71557871488827,-1.0979372151860725,6.751054852320674,0.6295862057693151
8,"20MA, 50MA, RSI, Upper_BB, Williams_%R, OBV",16,2,0.30000000000000004,0.0001,64,60,30,150,"(16, 1)",Tanh,0.13495596029818543,32.33837660102944,-0.5246008382345206,6.329113924050633,0.9578987018585824
9,"20MA, 50MA, RSI, Upper_BB, Williams_%R, OBV",16,3,0.7,0.0005,32,60,30,50,"(25, 1)",Tanh,0.12207584764369107,25.664402003908265,-0.2474740253685903,13.080168776371309,0.6900055648021892
10,"20MA, 50MA, RSI, Upper_BB, Williams_%R, OBV",32,2,0.6000000000000001,0.0001,16,60,30,50,"(16, 1)",ReLU,0.13072664681327117,29.314446290001012,-0.4305408292415964,12.236286919831224,0.6503316969998787
11,"20MA, 50MA, RSI, Upper_BB, Williams_%R, OBV",32,3,0.6000000000000001,0.0005,32,60,30,50,"(16, 1)",Tanh,0.14198562202827728,31.101469323410203,-0.6875659395269524,10.548523206751055,0.6981153506455444
12,"20MA, 50MA, RSI, Upper_BB, Williams_%R, OBV",128,2,0.7,0.0001,16,60,30,50,"(25, 1)",Tanh,0.15342388895780326,35.87047429436609,-0.9704162863063022,8.016877637130802,0.5871847219367471
13,"20MA, 50MA, RSI, Upper_BB, Williams_%R, OBV",16,3,0.6000000000000001,0.0005,32,60,30,50,"(16, 1)",ReLU,0.13656819929049152,30.297747439077966,-0.5612454321344402,9.282700421940929,0.6596136498554688
14,"20MA, 50MA, RSI, Upper_BB, Williams_%R, OBV",64,3,0.7,0.0001,32,60,30,50,"(25, 1)",Tanh,0.1086008778178188,22.281733180874074,0.012723758749165093,13.080168776371309,1.0719406969969298
15,"20MA, 50MA, RSI, Upper_BB, Williams_%R, OBV",64,2,0.4,0.0001,32,60,30,50,"(16, 1)",ReLU,0.12156180085943805,26.125333800783107,-0.23699021732709347,12.236286919831224,0.7568052699840119
16,"20MA, 50MA, RSI, Upper_BB, Williams_%R, OBV",64,3,0.7,0.0001,16,60,30,50,"(25, 1)",Tanh,0.15636756194349014,35.8644753828372,-1.0467525686512018,8.438818565400844,0.6766761867987672
17,"20MA, 50MA, RSI, Upper_BB, Williams_%R, OBV",64,2,0.4,0.0001,32,60,30,50,"(16, 1)",Tanh,0.10367343815180462,21.687747273410363,0.10028074003271026,13.924050632911392,1.5368152230791674
18,"20MA, 50MA, RSI, Upper_BB, Williams_%R, OBV",64,3,0.2,0.0001,32,60,30,50,"(16, 1)",Tanh,0.11876544767076445,25.073435956874434,-0.18073445007645583,18.143459915611814,0.827772648430662
19,"20MA, 50MA, RSI, Upper_BB, Williams_%R, OBV",32,2,0.4,0.0001,16,60,30,100,"(25, 1)",Tanh,0.13499891168084233,30.733650244244643,-0.525571438337743,7.172995780590717,0.6890039609548412
20,"20MA, 50MA, RSI, Upper_BB, Williams_%R, OBV",128,3,0.4,0.0001,32,60,30,50,"(16, 1)",Tanh,0.11185214145949135,24.73298782279357,-0.04727472195067528,13.080168776371309,0.9221592997996515
21,"20MA, 50MA, RSI, Upper_BB, Williams_%R, OBV",128,3,0.4,0.0001,32,60,30,50,"(16, 1)",Tanh,0.11798315697958416,26.57481421984726,-0.16523102677690926,13.080168776371309,0.796315863386589
22,"20MA, 50MA, RSI, Upper_BB, Williams_%R, OBV",128,3,0.30000000000000004,0.0001,32,60,30,50,"(16, 1)",Tanh,0.10114083534963426,21.770287709058664,0.14370168961872387,16.877637130801688,1.1103973934046587
23,"20MA, 50MA, RSI, Upper_BB, Williams_%R, OBV",128,3,0.2,0.0001,32,60,30,50,"(16, 1)",Tanh,0.11561619468481078,25.13630199337419,-0.11894658956033188,12.658227848101266,0.7876709948646967
24,"20MA, 50MA, RSI, Upper_BB, Williams_%R, OBV",128,3,0.30000000000000004,0.0001,32,60,30,50,"(16, 1)",Tanh,0.13085118241478425,29.655294956209165,-0.43326771201692305,8.438818565400844,0.6474145102017371
0,"20MA, 50MA, RSI, Lower_BB, CCI, ATR",16,3,0.30000000000000004,0.0001,64,60,1,50,"(25, 1)",Tanh,0.13209378621763618,32.312440930028195,-0.23106601116386738,8.333333333333332,0.7188779727287355
1,"20MA, 50MA, RSI, Lower_BB, CCI, ATR",32,2,0.5,0.0001,16,60,1,150,"(25, 1)",ReLU,0.033142045087217395,6.440218550299981,0.9225047343481346,47.5,0.4860874090781198
2,"20MA, 50MA, RSI, Lower_BB, CCI, ATR",32,2,0.2,0.0005,16,60,1,100,"(16, 1)",Sigmoid,0.026874655994945176,5.096447202706832,0.9490431713480989,55.41666666666667,0.7356282788751579
3,"20MA, 50MA, RSI, Lower_BB, CCI, ATR",32,3,0.7,0.0001,64,60,1,150,"(25, 1)",Sigmoid,0.05543510455461966,10.750924235117616,0.7831865072711341,26.666666666666668,0.6913646232394225
4,"20MA, 50MA, RSI, Lower_BB, CCI, ATR",16,3,0.2,0.0005,32,60,1,100,"(16, 1)",ReLU,0.034429098299436016,6.850755538680886,0.9163688899954342,45.0,0.5943474183103847
5,"20MA, 50MA, RSI, Lower_BB, CCI, ATR",128,2,0.5,0.0005,16,60,1,50,"(16, 1)",Sigmoid,0.051370958286626384,12.076493107368863,0.8138119093757741,27.500000000000004,0.6145379163030592
6,"20MA, 50MA, RSI, Lower_BB, CCI, ATR",32,2,0.6000000000000001,0.0005,64,60,1,50,"(25, 1)",Sigmoid,0.057042845578944214,10.576792850235025,0.7704279945687444,33.75,0.433340311114481
7,"20MA, 50MA, RSI, Lower_BB, CCI, ATR",16,2,0.30000000000000004,0.0005,16,60,1,50,"(16, 1)",Tanh,0.029524490365950756,5.688703284911676,0.9384991124429511,57.49999999999999,0.36717907647314973
8,"20MA, 50MA, RSI, Lower_BB, CCI, ATR",64,2,0.30000000000000004,0.001,16,60,1,100,"(25, 1)",Sigmoid,0.026940832734474097,5.076963721056121,0.9487919079560184,61.25000000000001,0.706954761607132
9,"20MA, 50MA, RSI, Lower_BB, CCI, ATR",32,2,0.8,0.001,16,60,1,150,"(25, 1)",Sigmoid,0.040932100490300924,8.859712897128597,0.881792610325013,33.33333333333333,0.7055771771382578
10,"20MA, 50MA, RSI, Lower_BB, CCI, ATR",64,3,0.2,0.0005,32,60,1,100,"(16, 1)",Tanh,0.024674583036473772,4.803943711885907,0.9570447541809768,61.66666666666667,0.5666295209895591
11,"20MA, 50MA, RSI, Lower_BB, CCI, ATR",64,3,0.2,0.0005,32,60,1,100,"(16, 1)",Tanh,0.02839970738975294,5.303840208637418,0.943095803606445,58.75,0.6271654921463411
12,"20MA, 50MA, RSI, Lower_BB, CCI, ATR",64,3,0.4,0.0005,32,60,1,100,"(16, 1)",Tanh,0.02816209252126147,5.263240741547053,0.944044032964949,57.91666666666667,0.5879059584335912
13,"20MA, 50MA, RSI, Lower_BB, CCI, ATR",128,3,0.2,0.0005,32,60,1,100,"(16, 1)",Tanh,0.027249881419920186,5.909115534000277,0.9476103137878891,52.5,0.5963464703467972
14,"20MA, 50MA, RSI, Lower_BB, CCI, ATR",64,2,0.4,0.0005,32,60,1,100,"(16, 1)",ReLU,0.02559034642606877,4.815775336666747,0.9537971363404738,62.5,0.5869309178251542
15,"20MA, 50MA, RSI, Lower_BB, CCI, ATR",64,3,0.4,0.001,32,60,1,100,"(16, 1)",ReLU,0.02922111846173948,5.235241668049771,0.9397564947078129,59.166666666666664,0.8773104966695524
16,"20MA, 50MA, RSI, Lower_BB, CCI, ATR",64,3,0.4,0.0005,32,60,1,100,"(16, 1)",ReLU,0.04463133174181335,9.700390751740299,0.8594611953276708,30.833333333333336,0.7348489699142813
17,"20MA, 50MA, RSI, Lower_BB, CCI, ATR",64,2,0.6000000000000001,0.0005,32,60,1,100,"(16, 1)",ReLU,0.02690710275604246,4.872078624724517,0.9489200529616493,59.166666666666664,1.0825799954154431
18,"20MA, 50MA, RSI, Lower_BB, CCI, ATR",64,3,0.30000000000000004,0.0001,32,60,1,100,"(16, 1)",ReLU,0.04981616900431494,9.949242448347984,0.824911663750028,31.25,0.5596647670396458
19,"20MA, 50MA, RSI, Lower_BB, CCI, ATR",64,2,0.5,0.001,32,60,1,150,"(16, 1)",Tanh,0.026630656984044505,5.854136360079095,0.9499642602263082,53.75,0.6466495633638043
20,"20MA, 50MA, RSI, Lower_BB, CCI, ATR",128,2,0.4,0.0005,32,60,1,100,"(16, 1)",Tanh,0.02288277523715984,4.248699781446563,0.9630568474403198,66.66666666666666,0.6657454867594949
21,"20MA, 50MA, RSI, Lower_BB, CCI, ATR",128,2,0.4,0.0005,32,60,1,100,"(16, 1)",Tanh,0.02897207702148858,5.395649823320901,0.9407789878142264,57.08333333333333,1.3034992218940609
22,"20MA, 50MA, RSI, Lower_BB, CCI, ATR",128,2,0.6000000000000001,0.0005,32,60,1,100,"(16, 1)",Tanh,0.022626666821190525,4.410496640583943,0.9638791694698611,63.74999999999999,1.340792483316995
23,"20MA, 50MA, RSI, Lower_BB, CCI, ATR",128,2,0.6000000000000001,0.0005,32,60,1,100,"(16, 1)",Tanh,0.02364722254125616,4.652811930334787,0.9605472899513064,60.0,0.8363124579005352
24,"20MA, 50MA, RSI, Lower_BB, CCI, ATR",128,2,0.6000000000000001,0.0005,32,60,1,100,"(16, 1)",Tanh,0.024236078011442057,5.1056793956780915,0.9585579483907366,59.166666666666664,0.6388647822820022
0,"20MA, 50MA, RSI, Lower_BB, CCI, ATR",64,3,0.6000000000000001,0.001,64,60,30,150,"(16, 1)",ReLU,0.12205952125151576,27.83790792851604,-0.24714037397664268,7.172995780590717,0.9124560546271514
1,"20MA, 50MA, RSI, Lower_BB, CCI, ATR",64,2,0.8,0.001,64,60,30,50,"(16, 1)",ReLU,0.15462928210774687,35.54603959369124,-1.0014995360176209,11.814345991561181,0.7558843722806431
2,"20MA, 50MA, RSI, Lower_BB, CCI, ATR",32,2,0.2,0.0001,32,60,30,50,"(16, 1)",Sigmoid,0.14140778812608984,35.20463892586977,-0.6738582335459484,5.063291139240507,0.7490693320543934
3,"20MA, 50MA, RSI, Lower_BB, CCI, ATR",16,3,0.2,0.001,32,60,30,100,"(16, 1)",ReLU,0.1738770981504478,39.03323906274186,-1.5307939160431316,13.080168776371309,0.6550505000759281
4,"20MA, 50MA, RSI, Lower_BB, CCI, ATR",16,2,0.5,0.0001,64,60,30,100,"(16, 1)",ReLU,0.12970036670997506,31.314141418467322,-0.40816784305835707,4.641350210970464,0.7628166382793248
5,"20MA, 50MA, RSI, Lower_BB, CCI, ATR",32,3,0.5,0.001,64,60,30,100,"(16, 1)",Tanh,0.1257823925280873,28.274966183249838,-0.32437726582204496,8.438818565400844,0.7948087064081099
6,"20MA, 50MA, RSI, Lower_BB, CCI, ATR",128,3,0.6000000000000001,0.0005,32,60,30,100,"(16, 1)",Sigmoid,0.15007281565331632,33.91086444149328,-0.8852809369549854,8.438818565400844,0.6408514045923832
7,"20MA, 50MA, RSI, Lower_BB, CCI, ATR",32,3,0.2,0.001,16,60,30,50,"(16, 1)",ReLU,0.18682247676916156,43.23748914871071,-1.9216639729249732,13.924050632911392,0.7135009642653936
8,"20MA, 50MA, RSI, Lower_BB, CCI, ATR",64,3,0.2,0.0001,64,60,30,50,"(25, 1)",ReLU,0.12723487234778383,27.493155561706285,-0.3551405203247422,17.72151898734177,0.571638141036506
9,"20MA, 50MA, RSI, Lower_BB, CCI, ATR",32,3,0.4,0.001,32,60,30,150,"(25, 1)",Sigmoid,0.17522880826293766,40.45749000349483,-1.5702953420496182,8.016877637130802,0.7149094343925462
10,"20MA, 50MA, RSI, Lower_BB, CCI, ATR",64,2,0.8,0.0005,16,60,30,150,"(25, 1)",Tanh,0.1713708343822821,40.70102970668694,-1.4583620161584667,7.172995780590717,0.6437632148154199
11,"20MA, 50MA, RSI, Lower_BB, CCI, ATR",128,3,0.6000000000000001,0.001,64,60,30,150,"(16, 1)",Tanh,0.12054121347628537,27.848694241597816,-0.2163067946827335,5.9071729957805905,0.7955715861143757
12,"20MA, 50MA, RSI, Lower_BB, CCI, ATR",128,3,0.7,0.001,64,60,30,150,"(16, 1)",Tanh,0.1110041239251352,25.445597285256845,-0.0314548962177732,6.751054852320674,0.8303403756351349
13,"20MA, 50MA, RSI, Lower_BB, CCI, ATR",128,3,0.7,0.001,64,60,30,150,"(16, 1)",Tanh,0.1257592998798286,28.8090809524332,-0.32389102016692406,5.9071729957805905,0.6014338514939982
14,"20MA, 50MA, RSI, Lower_BB, CCI, ATR",128,3,0.7,0.001,64,60,30,150,"(25, 1)",Tanh,0.12715624451747531,29.80906972250833,-0.35346615489633737,9.282700421940929,0.7737243807880609
15,"20MA, 50MA, RSI, Lower_BB, CCI, ATR",128,3,0.6000000000000001,0.0005,64,60,30,150,"(16, 1)",Tanh,0.15526547584127015,35.0756706572043,-1.018003019829543,6.329113924050633,0.6914235415164987
16,"20MA, 50MA, RSI, Lower_BB, CCI, ATR",128,3,0.4,0.001,16,60,30,150,"(16, 1)",Tanh,0.19778515914399533,45.9628191091689,-2.2746087408478135,12.658227848101266,0.6503734065966817
17,"20MA, 50MA, RSI, Lower_BB, CCI, ATR",128,2,0.7,0.001,64,60,30,150,"(16, 1)",Tanh,0.13076902656494335,28.981401512139627,-0.43146850226960676,6.329113924050633,0.6082277332530339
18,"20MA, 50MA, RSI, Lower_BB, CCI, ATR",128,3,0.4,0.0001,64,60,30,150,"(25, 1)",Tanh,0.12836477818704167,28.775276638692915,-0.3793159679058795,10.548523206751055,0.7100468642137334
19,"20MA, 50MA, RSI, Lower_BB, CCI, ATR",128,3,0.5,0.0005,16,60,30,150,"(16, 1)",Tanh,0.20523563529242367,48.506573685173535,-2.525961408041747,10.548523206751055,0.6503734065966817
20,"20MA, 50MA, RSI, Lower_BB, CCI, ATR",16,2,0.8,0.001,64,60,30,150,"(16, 1)",Tanh,0.11936768210879174,26.4494647789304,-0.19273931895665486,10.548523206751055,0.6910520785972389
21,"20MA, 50MA, RSI, Lower_BB, CCI, ATR",16,2,0.8,0.001,64,60,30,150,"(16, 1)",Tanh,0.12392265890308371,27.003019001062768,-0.2855040843270975,10.126582278481013,0.9307191106409766
22,"20MA, 50MA, RSI, Lower_BB, CCI, ATR",16,2,0.7,0.001,64,60,30,150,"(16, 1)",Tanh,0.12323935354840329,27.43510313464452,-0.2713667163813813,10.970464135021098,0.6181331162877486
23,"20MA, 50MA, RSI, Lower_BB, CCI, ATR",16,2,0.8,0.001,64,60,30,150,"(16, 1)",Tanh,0.12487306105422835,27.27929534357986,-0.3052975722329532,10.126582278481013,0.756932547635041
24,"20MA, 50MA, RSI, Lower_BB, CCI, ATR",16,2,0.6000000000000001,0.001,64,60,30,150,"(16, 1)",Tanh,0.1262621364542323,28.31789007479505,-0.3344990896576596,9.70464135021097,0.9517912642249288
0,"20MA, 50MA, RSI, Lower_BB, CCI, Williams_%R",128,2,0.5,0.0001,32,60,1,100,"(16, 1)",Tanh,0.041867671143998204,8.878077437427946,0.8763272060337917,29.166666666666668,0.4949470650378653
1,"20MA, 50MA, RSI, Lower_BB, CCI, Williams_%R",64,2,0.5,0.001,16,60,1,150,"(16, 1)",Sigmoid,0.037703329325996154,8.061020500352683,0.8997057657726826,34.583333333333336,0.945402186661837
2,"20MA, 50MA, RSI, Lower_BB, CCI, Williams_%R",64,3,0.5,0.0001,16,60,1,100,"(25, 1)",Tanh,0.0385349749109295,7.812814355981233,0.8952324652283457,37.916666666666664,0.44505236716207003
3,"20MA, 50MA, RSI, Lower_BB, CCI, Williams_%R",128,3,0.4,0.0001,64,60,1,50,"(16, 1)",Tanh,0.05647703943953348,10.32369184562891,0.7749596425020053,33.75,0.7477454728858068
4,"20MA, 50MA, RSI, Lower_BB, CCI, Williams_%R",64,2,0.30000000000000004,0.0001,64,60,1,50,"(16, 1)",Sigmoid,0.04950396345892726,9.92942367635373,0.8270993974994965,33.33333333333333,0.798525424092358
5,"20MA, 50MA, RSI, Lower_BB, CCI, Williams_%R",128,2,0.2,0.001,64,60,1,100,"(25, 1)",ReLU,0.05334203611744773,11.323422470258032,0.799249913085033,17.916666666666668,0.43316402314082714
6,"20MA, 50MA, RSI, Lower_BB, CCI, Williams_%R",64,3,0.30000000000000004,0.0005,64,60,1,100,"(16, 1)",Tanh,0.042679070417333896,8.730906599527488,0.871487176043314,29.583333333333332,0.3473893553513488
7,"20MA, 50MA, RSI, Lower_BB, CCI, Williams_%R",32,3,0.30000000000000004,0.0001,64,60,1,50,"(16, 1)",Tanh,0.05173183329406799,9.935982270368871,0.8111868218160256,26.25,0.933662958715298
8,"20MA, 50MA, RSI, Lower_BB, CCI, Williams_%R",32,3,0.8,0.001,32,60,1,100,"(25, 1)",ReLU,0.030581953079173666,5.988640575172365,0.9340147298541315,51.66666666666667,0.8048356808454158
9,"20MA, 50MA, RSI, Lower_BB, CCI, Williams_%R",64,2,0.6000000000000001,0.0001,64,60,1,150,"(25, 1)",Tanh,0.0344407549800095,6.612913546027553,0.9163122503381007,49.583333333333336,0.6817750854454816
10,"20MA, 50MA, RSI, Lower_BB, CCI, Williams_%R",32,3,0.8,0.001,32,60,1,100,"(25, 1)",ReLU,0.026936194849042545,5.803545827494649,0.9488095374646337,51.66666666666667,0.4720135955097999
11,"20MA, 50MA, RSI, Lower_BB, CCI, Williams_%R",32,3,0.8,0.001,32,60,1,100,"(25, 1)",ReLU,0.05700639775427773,13.842853918004453,0.7707212733110766,13.333333333333334,0.48836831575764855
12,"20MA, 50MA, RSI, Lower_BB, CCI, Williams_%R",16,3,0.8,0.001,32,60,1,100,"(25, 1)",ReLU,0.03326139163544039,6.544624936255435,0.921945598955566,48.75,0.6993488231844662
13,"20MA, 50MA, RSI, Lower_BB, CCI, Williams_%R",32,3,0.7,0.001,32,60,1,100,"(25, 1)",ReLU,0.024550879363076417,4.733613525198444,0.9574743786064586,62.083333333333336,1.0965243516440146
14,"20MA, 50MA, RSI, Lower_BB, CCI, Williams_%R",32,3,0.7,0.0005,32,60,1,100,"(25, 1)",ReLU,0.02891055543655456,5.603092157157122,0.9410302298786961,53.75,0.8004833850020977
15,"20MA, 50MA, RSI, Lower_BB, CCI, Williams_%R",32,3,0.7,0.001,32,60,1,150,"(25, 1)",ReLU,0.030509453014541325,6.086362030861848,0.9343272191018742,50.416666666666664,0.9365610581857648
16,"20MA, 50MA, RSI, Lower_BB, CCI, Williams_%R",16,3,0.7,0.001,32,60,1,100,"(25, 1)",ReLU,0.027606969069706624,5.306163377172948,0.946228268535362,55.00000000000001,0.9196021682954572
17,"20MA, 50MA, RSI, Lower_BB, CCI, Williams_%R",32,3,0.6000000000000001,0.001,32,60,1,100,"(25, 1)",ReLU,0.03281175726197009,6.655350658344876,0.9240416462281407,51.66666666666667,1.0442296518259
18,"20MA, 50MA, RSI, Lower_BB, CCI, Williams_%R",32,3,0.6000000000000001,0.0005,16,60,1,50,"(25, 1)",Sigmoid,0.02871156486599037,5.453097644349483,0.9418392108304655,56.666666666666664,0.4250207812379469
19,"20MA, 50MA, RSI, Lower_BB, CCI, Williams_%R",32,3,0.7,0.001,32,60,1,150,"(25, 1)",ReLU,0.02546399966354826,4.785069872127099,0.9542522432194575,61.66666666666667,1.5711520597982107
20,"20MA, 50MA, RSI, Lower_BB, CCI, Williams_%R",16,2,0.7,0.001,32,60,1,150,"(25, 1)",ReLU,0.026125996734138953,5.5367619061605495,0.9518426810895683,53.333333333333336,0.45992257620237514
21,"20MA, 50MA, RSI, Lower_BB, CCI, Williams_%R",16,2,0.7,0.001,32,60,1,150,"(25, 1)",ReLU,0.026568384851830933,5.07895955589603,0.9501979900386606,59.583333333333336,0.5577073634036699
22,"20MA, 50MA, RSI, Lower_BB, CCI, Williams_%R",16,2,0.6000000000000001,0.001,32,60,1,150,"(25, 1)",ReLU,0.024570195980870447,4.705760481193541,0.9574074340118136,63.74999999999999,0.8215370361876064
23,"20MA, 50MA, RSI, Lower_BB, CCI, Williams_%R",16,2,0.6000000000000001,0.001,32,60,1,150,"(25, 1)",ReLU,0.02455818925050744,4.80742159475467,0.9574490513032066,62.083333333333336,0.6493658596993414
24,"20MA, 50MA, RSI, Lower_BB, CCI, Williams_%R",16,2,0.6000000000000001,0.001,32,60,1,150,"(25, 1)",ReLU,0.024122922208348798,4.777589012137115,0.958944022527119,62.916666666666664,0.6480520307505381
0,"20MA, 50MA, RSI, Lower_BB, CCI, Williams_%R",64,3,0.7,0.0001,32,60,30,50,"(16, 1)",ReLU,0.15257034129249725,35.29429295650112,-0.94855312137979,6.329113924050633,0.7412293837096893
1,"20MA, 50MA, RSI, Lower_BB, CCI, Williams_%R",32,2,0.7,0.0001,32,60,30,50,"(25, 1)",Sigmoid,0.16076901788506529,41.28652734831591,-1.1635988005626698,2.5316455696202533,0.7811815224516105
2,"20MA, 50MA, RSI, Lower_BB, CCI, Williams_%R",64,3,0.8,0.0005,16,60,30,50,"(25, 1)",ReLU,0.20672746386536225,49.29960445264368,-2.577407128328159,12.236286919831224,0.6562875849154423
3,"20MA, 50MA, RSI, Lower_BB, CCI, Williams_%R",16,2,0.4,0.0005,32,60,30,150,"(16, 1)",ReLU,0.13061226779770088,29.255564722360788,-0.4280386267512952,9.282700421940929,0.7983013716928784
4,"20MA, 50MA, RSI, Lower_BB, CCI, Williams_%R",64,3,0.2,0.001,64,60,30,50,"(16, 1)",ReLU,0.16137403031047898,36.63516954597187,-1.179913725213138,7.59493670886076,0.6935051102112912
5,"20MA, 50MA, RSI, Lower_BB, CCI, Williams_%R",128,2,0.2,0.001,32,60,30,150,"(25, 1)",Sigmoid,0.15238444386187408,35.02252597088198,-0.9438076336566106,6.329113924050633,0.6153834935404539
6,"20MA, 50MA, RSI, Lower_BB, CCI, Williams_%R",32,3,0.5,0.0005,16,60,30,150,"(16, 1)",Sigmoid,0.1877794340497913,43.81885438454608,-1.9516718003723454,8.438818565400844,0.6512946243511524
7,"20MA, 50MA, RSI, Lower_BB, CCI, Williams_%R",16,3,0.7,0.0001,64,60,30,100,"(25, 1)",ReLU,0.12112572865411411,27.779489065433804,-0.22813135644930815,14.767932489451477,0.8915096066273385
8,"20MA, 50MA, RSI, Lower_BB, CCI, Williams_%R",64,3,0.2,0.0001,32,60,30,50,"(16, 1)",Tanh,0.14648176262550222,33.34910688746761,-0.7961356338522012,7.59493670886076,0.7060982810083722
9,"20MA, 50MA, RSI, Lower_BB, CCI, Williams_%R",16,2,0.2,0.0005,32,60,30,50,"(25, 1)",Sigmoid,0.15533685675361925,35.58412406322487,-1.019858937992543,10.970464135021098,0.6808495548556914
10,"20MA, 50MA, RSI, Lower_BB, CCI, Williams_%R",16,3,0.6000000000000001,0.0001,64,60,30,100,"(25, 1)",Tanh,0.1218424558816057,27.856106979569155,-0.24270859719294502,10.970464135021098,0.6750567900459266
11,"20MA, 50MA, RSI, Lower_BB, CCI, Williams_%R",16,3,0.6000000000000001,0.0001,64,60,30,100,"(25, 1)",Tanh,0.13257539087234874,32.564632431382385,-0.471288522299506,5.9071729957805905,0.8065107854913114
12,"20MA, 50MA, RSI, Lower_BB, CCI, Williams_%R",16,3,0.5,0.0001,64,60,30,100,"(25, 1)",Tanh,0.13048151530302,32.301449922952884,-0.42518091428589666,4.641350210970464,0.7469342113691733
13,"20MA, 50MA, RSI, Lower_BB, CCI, Williams_%R",16,3,0.8,0.0001,64,60,30,100,"(25, 1)",Tanh,0.13557746130582057,32.59402705820176,-0.5386753966208335,9.70464135021097,0.8995141526765031
14,"20MA, 50MA, RSI, Lower_BB, CCI, Williams_%R",128,3,0.6000000000000001,0.0001,64,60,30,100,"(25, 1)",ReLU,0.14316742983637037,32.17927913787098,-0.7157755372835868,10.970464135021098,0.7367984607857021
15,"20MA, 50MA, RSI, Lower_BB, CCI, Williams_%R",16,3,0.4,0.0001,64,60,30,100,"(25, 1)",Tanh,0.14366459791461883,36.15572746318879,-0.7277127489243627,3.79746835443038,0.7910436547763069
16,"20MA, 50MA, RSI, Lower_BB, CCI, Williams_%R",16,3,0.7,0.001,64,60,30,100,"(25, 1)",ReLU,0.12356005571623828,26.17181238481804,-0.27799220673513125,9.70464135021097,0.8043927657476773
17,"20MA, 50MA, RSI, Lower_BB, CCI, Williams_%R",16,2,0.6000000000000001,0.0001,64,60,30,100,"(25, 1)",Tanh,0.1416211314124328,35.01822915627358,-0.6789127755353357,7.59493670886076,0.8378841554169785
18,"20MA, 50MA, RSI, Lower_BB, CCI, Williams_%R",128,3,0.4,0.0001,16,60,30,100,"(25, 1)",ReLU,0.17647757998839883,41.97291112679908,-1.6070604062096563,8.016877637130802,0.6837841289358643
19,"20MA, 50MA, RSI, Lower_BB, CCI, Williams_%R",32,3,0.5,0.001,64,60,30,100,"(25, 1)",Tanh,0.12267513564789916,27.13149137594409,-0.2597521501975324,10.970464135021098,0.7887321667757429
20,"20MA, 50MA, RSI, Lower_BB, CCI, Williams_%R",16,2,0.8,0.0001,64,60,30,100,"(25, 1)",ReLU,0.12772462233940565,30.348663993568092,-0.3655929593201279,11.39240506329114,0.8886454894780225
21,"20MA, 50MA, RSI, Lower_BB, CCI, Williams_%R",32,3,0.5,0.001,64,60,30,100,"(25, 1)",Tanh,0.1198840680896795,25.907353514758725,-0.2030812486569804,11.814345991561181,0.7132765991260702
22,"20MA, 50MA, RSI, Lower_BB, CCI, Williams_%R",32,3,0.6000000000000001,0.001,64,60,30,100,"(25, 1)",Tanh,0.12017791594745666,25.934743146220065,-0.20898622190727356,13.924050632911392,1.0460277217994474
23,"20MA, 50MA, RSI, Lower_BB, CCI, Williams_%R",32,3,0.7,0.001,64,60,30,100,"(25, 1)",Tanh,0.12217113974717426,26.91692582791969,-0.24942233574698958,10.548523206751055,0.6347134662523888
24,"20MA, 50MA, RSI, Lower_BB, CCI, Williams_%R",32,3,0.5,0.001,64,60,30,100,"(25, 1)",Tanh,0.11919383198474964,25.756032937733046,-0.1892675772884007,13.080168776371309,0.9454270491110381
0,"20MA, 50MA, RSI, Lower_BB, CCI, OBV",32,3,0.2,0.0001,16,60,1,50,"(25, 1)",Sigmoid,0.05899255612100087,11.329985448907443,0.7544663655115204,24.166666666666668,0.5052885170690535
1,"20MA, 50MA, RSI, Lower_BB, CCI, OBV",128,2,0.30000000000000004,0.0005,16,60,1,100,"(25, 1)",Sigmoid,0.03654568576175551,7.688359490844881,0.9057700859492882,42.5,0.7100058399141003
2,"20MA, 50MA, RSI, Lower_BB, CCI, OBV",32,2,0.5,0.0005,64,60,1,100,"(25, 1)",Tanh,0.029367020224563996,5.5547328198752455,0.9391533982136955,53.333333333333336,0.5997600162168759
3,"20MA, 50MA, RSI, Lower_BB, CCI, OBV",64,3,0.6000000000000001,0.001,64,60,1,150,"(16, 1)",Tanh,0.030468435680255937,6.069870214869441,0.9345036832074268,49.583333333333336,0.5383353462172984
4,"20MA, 50MA, RSI, Lower_BB, CCI, OBV",16,3,0.2,0.001,64,60,1,50,"(25, 1)",Tanh,0.06753104676833695,15.299084883806326,0.6782463169379221,16.25,0.4758786886334673
5,"20MA, 50MA, RSI, Lower_BB, CCI, OBV",64,2,0.8,0.0001,16,60,1,150,"(16, 1)",ReLU,0.029587676409693776,5.636418021365063,0.9382355918212579,53.75,0.44123709303877606
6,"20MA, 50MA, RSI, Lower_BB, CCI, OBV",128,3,0.6000000000000001,0.0001,64,60,1,50,"(16, 1)",ReLU,0.07182518194304628,13.648798485849731,0.6360262750318466,20.416666666666668,1.315140527199817
7,"20MA, 50MA, RSI, Lower_BB, CCI, OBV",128,2,0.6000000000000001,0.0005,32,60,1,150,"(25, 1)",ReLU,0.027961444642884085,5.403019627084792,0.9448385371151341,57.91666666666667,0.9873757124931463
8,"20MA, 50MA, RSI, Lower_BB, CCI, OBV",16,2,0.7,0.0001,32,60,1,150,"(25, 1)",Sigmoid,0.09112834956486066,18.43696174893534,0.4140998983763041,9.166666666666666,0.9065135696058021
9,"20MA, 50MA, RSI, Lower_BB, CCI, OBV",16,3,0.5,0.0001,64,60,1,150,"(16, 1)",Sigmoid,0.08786490237647741,17.89936535869897,0.45531247912817185,20.0,0.5046719115017245
10,"20MA, 50MA, RSI, Lower_BB, CCI, OBV",128,2,0.4,0.0005,32,60,1,150,"(25, 1)",ReLU,0.026119154825523263,4.827410667097954,0.9518679007843538,59.583333333333336,0.7175081229639171
11,"20MA, 50MA, RSI, Lower_BB, CCI, OBV",128,2,0.4,0.0005,32,60,1,150,"(25, 1)",ReLU,0.02332262873340285,4.4592356440378715,0.9616229523301455,64.58333333333334,0.6317707001100127
12,"20MA, 50MA, RSI, Lower_BB, CCI, OBV",128,2,0.4,0.0005,32,60,1,150,"(25, 1)",ReLU,0.030147644588739454,6.766322140452543,0.9358755966526661,47.083333333333336,0.6083697417048459
13,"20MA, 50MA, RSI, Lower_BB, CCI, OBV",128,2,0.4,0.0005,32,60,1,150,"(25, 1)",ReLU,0.02728203566823539,5.853218054647178,0.9474866035361038,52.5,0.537706310217604
14,"20MA, 50MA, RSI, Lower_BB, CCI, OBV",128,2,0.4,0.0005,32,60,1,150,"(25, 1)",ReLU,0.029781033324732503,5.9641011379764235,0.9374256871895794,51.24999999999999,1.0
15,"20MA, 50MA, RSI, Lower_BB, CCI, OBV",128,2,0.30000000000000004,0.0005,32,60,1,100,"(25, 1)",ReLU,0.047630105110014226,10.870369380942345,0.8399411679289961,21.25,1.0
